image_id,image_path,subfolder,label,m2_logit,m2_prob,pred_cdr,disc_height,cup_height,m5a_logit,m5a_prob
V0001,REFUGE/Refuge/REFUGE-Validation400/REFUGE-Validation400/V0001.jpg,REFUGE-Validation400,0,-1.1945393085479736,0.2324480563402176,0.8043478260869565,46,37,1.1247568130493164,0.7548699900301781
V0002,REFUGE/Refuge/REFUGE-Validation400/REFUGE-Validation400/V0002.jpg,REFUGE-Validation400,0,7.502241611480713,0.9994484782218933,0.42857142857142855,42,18,1.627225399017334,0.8357891916473671
V0003,REFUGE/Refuge/REFUGE-Validation400/REFUGE-Validation400/V0003.jpg,REFUGE-Validation400,0,3.5769193172454834,0.9727988839149475,0.813953488372093,43,35,3.7030980587005615,0.9759458146510125
V0004,REFUGE/Refuge/REFUGE-Validation400/REFUGE-Validation400/V0004.jpg,REFUGE-Validation400,0,0.7356846928596497,0.6760514974594116,0.9230769230769231,39,36,-0.44132110476493835,0.3914262214950112
V0005,REFUGE/Refuge/REFUGE-Validation400/REFUGE-Validation400/V0005.jpg,REFUGE-Validation400,0,-0.7562069296836853,0.3194703459739685,0.7317073170731707,41,30,-0.5056583285331726,0.37621186488165187
V0006,REFUGE/Refuge/REFUGE-Validation400/REFUGE-Validation400/V0006.jpg,REFUGE-Validation400,1,1.6046921014785767,0.8326731324195862,0.8571428571428571,42,36,2.909846782684326,0.948331057514076
V0007,REFUGE/Refuge/REFUGE-Validation400/REFUGE-Validation400/V0007.jpg,REFUGE-Validation400,0,-8.001625061035156,0.000334805779857561,0.8545454545454545,55,47,0.1852797120809555,0.5461878732460159
V0008,REFUGE/Refuge/REFUGE-Validation400/REFUGE-Validation400/V0008.jpg,REFUGE-Validation400,0,1.8822603225708008,0.8678705096244812,0.851063829787234,47,40,0.8659820556640625,0.7039089601360105
V0009,REFUGE/Refuge/REFUGE-Validation400/REFUGE-Validation400/V0009.jpg,REFUGE-Validation400,0,-3.94438099861145,0.018995387479662895,0.8666666666666667,45,39,-0.7198576331138611,0.3274243338615261
V0010,REFUGE/Refuge/REFUGE-Validation400/REFUGE-Validation400/V0010.jpg,REFUGE-Validation400,0,-3.5692224502563477,0.027405528351664543,0.7317073170731707,41,30,-0.5122142434120178,0.3746745988050622
V0011,REFUGE/Refuge/REFUGE-Validation400/REFUGE-Validation400/V0011.jpg,REFUGE-Validation400,0,-1.32779860496521,0.2095237374305725,0.7872340425531915,47,37,0.9088772535324097,0.712770359165435
V0012,REFUGE/Refuge/REFUGE-Validation400/REFUGE-Validation400/V0012.jpg,REFUGE-Validation400,0,0.20336276292800903,0.5506662130355835,0.8863636363636364,44,39,-0.40285488963127136,0.40062661563905266
V0013,REFUGE/Refuge/REFUGE-Validation400/REFUGE-Validation400/V0013.jpg,REFUGE-Validation400,0,-3.796416997909546,0.021958088502287865,0.7906976744186046,43,34,0.9294173121452332,0.7169570558084749
V0014,REFUGE/Refuge/REFUGE-Validation400/REFUGE-Validation400/V0014.jpg,REFUGE-Validation400,0,2.43576717376709,0.9195143580436707,0.7906976744186046,43,34,2.2242207527160645,0.9024035550934165
V0015,REFUGE/Refuge/REFUGE-Validation400/REFUGE-Validation400/V0015.jpg,REFUGE-Validation400,0,-0.7710959315299988,0.3162420988082886,0.8222222222222222,45,37,0.37044310569763184,0.5915660440504439
V0016,REFUGE/Refuge/REFUGE-Validation400/REFUGE-Validation400/V0016.jpg,REFUGE-Validation400,0,1.6734951734542847,0.8420412540435791,0.6363636363636364,44,28,2.1852211952209473,0.8989144967589006
V0017,REFUGE/Refuge/REFUGE-Validation400/REFUGE-Validation400/V0017.jpg,REFUGE-Validation400,0,6.491089820861816,0.9984853863716125,0.574468085106383,47,27,3.976886034011841,0.9816009537142406
V0018,REFUGE/Refuge/REFUGE-Validation400/REFUGE-Validation400/V0018.jpg,REFUGE-Validation400,0,-7.619711875915527,0.000490442558657378,0.7446808510638298,47,35,-1.7174766063690186,0.15219647829254163
V0019,REFUGE/Refuge/REFUGE-Validation400/REFUGE-Validation400/V0019.jpg,REFUGE-Validation400,0,-6.23678731918335,0.0019523109076544642,0.675,40,27,-1.4620343446731567,0.18815637467728816
V0020,REFUGE/Refuge/REFUGE-Validation400/REFUGE-Validation400/V0020.jpg,REFUGE-Validation400,0,4.507289409637451,0.9890919923782349,0.8695652173913043,46,40,2.637362241744995,0.9332277836942279
V0021,REFUGE/Refuge/REFUGE-Validation400/REFUGE-Validation400/V0021.jpg,REFUGE-Validation400,0,-2.071826219558716,0.11186546832323074,0.7,50,35,1.2813221216201782,0.782674746729122
V0022,REFUGE/Refuge/REFUGE-Validation400/REFUGE-Validation400/V0022.jpg,REFUGE-Validation400,0,1.3619904518127441,0.7960830330848694,0.7317073170731707,41,30,2.833616018295288,0.9444655686329746
V0023,REFUGE/Refuge/REFUGE-Validation400/REFUGE-Validation400/V0023.jpg,REFUGE-Validation400,0,0.3531981110572815,0.5873929262161255,0.8333333333333334,42,35,1.8192501068115234,0.8604761214718263
V0024,REFUGE/Refuge/REFUGE-Validation400/REFUGE-Validation400/V0024.jpg,REFUGE-Validation400,0,1.5669512748718262,0.8273485898971558,0.75,48,36,-0.19355832040309906,0.45176093162424036
V0025,REFUGE/Refuge/REFUGE-Validation400/REFUGE-Validation400/V0025.jpg,REFUGE-Validation400,0,6.047330379486084,0.9976414442062378,0.6808510638297872,47,32,3.230875015258789,0.961979769283497
V0026,REFUGE/Refuge/REFUGE-Validation400/REFUGE-Validation400/V0026.jpg,REFUGE-Validation400,1,-1.7082948684692383,0.1533850133419037,0.868421052631579,38,33,0.5449979901313782,0.6329743097522628
V0027,REFUGE/Refuge/REFUGE-Validation400/REFUGE-Validation400/V0027.jpg,REFUGE-Validation400,0,-0.7987951636314392,0.3102833032608032,0.9302325581395349,43,40,0.5703532695770264,0.6388446862635171
V0028,REFUGE/Refuge/REFUGE-Validation400/REFUGE-Validation400/V0028.jpg,REFUGE-Validation400,1,-1.8842023611068726,0.1319069266319275,0.9142857142857143,35,32,0.9584511518478394,0.7228115927786716
V0029,REFUGE/Refuge/REFUGE-Validation400/REFUGE-Validation400/V0029.jpg,REFUGE-Validation400,0,-5.291430950164795,0.005009331274777651,0.8461538461538461,52,44,-1.066603183746338,0.25604960123537523
V0030,REFUGE/Refuge/REFUGE-Validation400/REFUGE-Validation400/V0030.jpg,REFUGE-Validation400,0,2.7579457759857178,0.9403604865074158,0.7659574468085106,47,36,0.3623419404029846,0.5896072333378567
V0031,REFUGE/Refuge/REFUGE-Validation400/REFUGE-Validation400/V0031.jpg,REFUGE-Validation400,0,-1.8001573085784912,0.1418319195508957,0.8043478260869565,46,37,-0.6481155157089233,0.34341432711739994
V0032,REFUGE/Refuge/REFUGE-Validation400/REFUGE-Validation400/V0032.jpg,REFUGE-Validation400,1,-0.37240904569625854,0.40795907378196716,0.7,40,28,-0.053206879645586014,0.4867014172669113
V0033,REFUGE/Refuge/REFUGE-Validation400/REFUGE-Validation400/V0033.jpg,REFUGE-Validation400,0,1.3891968727111816,0.8004639744758606,0.7954545454545454,44,35,3.2339510917663574,0.9620921160937392
V0034,REFUGE/Refuge/REFUGE-Validation400/REFUGE-Validation400/V0034.jpg,REFUGE-Validation400,0,-0.6851257681846619,0.33511823415756226,0.8235294117647058,51,42,1.2966344356536865,0.7852680191924857
V0035,REFUGE/Refuge/REFUGE-Validation400/REFUGE-Validation400/V0035.jpg,REFUGE-Validation400,0,-1.5440118312835693,0.17595282196998596,0.6176470588235294,34,21,-0.7777976989746094,0.31479472633646366
V0036,REFUGE/Refuge/REFUGE-Validation400/REFUGE-Validation400/V0036.jpg,REFUGE-Validation400,0,1.331013560295105,0.7910082936286926,0.75,40,30,1.360100507736206,0.7957760323708857
V0037,REFUGE/Refuge/REFUGE-Validation400/REFUGE-Validation400/V0037.jpg,REFUGE-Validation400,0,1.0164971351623535,0.7342897057533264,0.7777777777777778,45,35,1.1249852180480957,0.7549122519249795
V0038,REFUGE/Refuge/REFUGE-Validation400/REFUGE-Validation400/V0038.jpg,REFUGE-Validation400,0,-2.60918927192688,0.06854934990406036,0.7954545454545454,44,35,0.058003704994916916,0.5144968620037521
V0039,REFUGE/Refuge/REFUGE-Validation400/REFUGE-Validation400/V0039.jpg,REFUGE-Validation400,0,3.197672128677368,0.9607465863227844,0.5769230769230769,52,30,1.7357803583145142,0.8501502990688518
V0040,REFUGE/Refuge/REFUGE-Validation400/REFUGE-Validation400/V0040.jpg,REFUGE-Validation400,0,-1.276376485824585,0.21816766262054443,0.8695652173913043,46,40,0.3484841287136078,0.5862499358776543
V0041,REFUGE/Refuge/REFUGE-Validation400/REFUGE-Validation400/V0041.jpg,REFUGE-Validation400,1,4.669327259063721,0.990708589553833,0.7804878048780488,41,32,3.3697166442871094,0.9667445826222748
V0042,REFUGE/Refuge/REFUGE-Validation400/REFUGE-Validation400/V0042.jpg,REFUGE-Validation400,0,-0.31103724241256714,0.42286157608032227,0.7906976744186046,43,34,1.2821096181869507,0.7828086661297504
V0043,REFUGE/Refuge/REFUGE-Validation400/REFUGE-Validation400/V0043.jpg,REFUGE-Validation400,0,-6.806993007659912,0.0011047918815165758,0.7959183673469388,49,39,-1.996500849723816,0.11957080016531166
V0044,REFUGE/Refuge/REFUGE-Validation400/REFUGE-Validation400/V0044.jpg,REFUGE-Validation400,0,3.613703966140747,0.9737555384635925,0.4,10,4,-0.09351472556591034,0.47663834094429564
V0045,REFUGE/Refuge/REFUGE-Validation400/REFUGE-Validation400/V0045.jpg,REFUGE-Validation400,0,-0.6482931971549988,0.34337425231933594,0.7916666666666666,48,38,0.48113957047462463,0.6180169316106895
V0046,REFUGE/Refuge/REFUGE-Validation400/REFUGE-Validation400/V0046.jpg,REFUGE-Validation400,1,5.5003790855407715,0.9959314465522766,0.8809523809523809,42,37,3.080634355545044,0.9560868256062227
V0047,REFUGE/Refuge/REFUGE-Validation400/REFUGE-Validation400/V0047.jpg,REFUGE-Validation400,0,3.3463022708892822,0.9659835696220398,0.9019607843137255,51,46,1.811052680015564,0.8594890520432581
V0048,REFUGE/Refuge/REFUGE-Validation400/REFUGE-Validation400/V0048.jpg,REFUGE-Validation400,0,3.19685697555542,0.9607157707214355,0.9069767441860465,43,39,1.0810093879699707,0.7466849531089683
V0049,REFUGE/Refuge/REFUGE-Validation400/REFUGE-Validation400/V0049.jpg,REFUGE-Validation400,1,1.0978260040283203,0.7498525381088257,0.8181818181818182,44,36,1.1210089921951294,0.7541758261737527
V0050,REFUGE/Refuge/REFUGE-Validation400/REFUGE-Validation400/V0050.jpg,REFUGE-Validation400,0,-3.6032729148864746,0.02651238813996315,0.7857142857142857,42,33,-1.0362911224365234,0.26186625803616703
V0051,REFUGE/Refuge/REFUGE-Validation400/REFUGE-Validation400/V0051.jpg,REFUGE-Validation400,0,1.4676294326782227,0.8126968145370483,0.6585365853658537,41,27,0.4621889293193817,0.6135333223836461
V0052,REFUGE/Refuge/REFUGE-Validation400/REFUGE-Validation400/V0052.jpg,REFUGE-Validation400,0,-1.0762243270874023,0.2542211711406708,0.803921568627451,51,41,0.8877385854721069,0.7084232756355076
V0053,REFUGE/Refuge/REFUGE-Validation400/REFUGE-Validation400/V0053.jpg,REFUGE-Validation400,0,-2.708348274230957,0.06248253956437111,0.7948717948717948,39,31,-0.158098503947258,0.46055749570827786
V0054,REFUGE/Refuge/REFUGE-Validation400/REFUGE-Validation400/V0054.jpg,REFUGE-Validation400,1,-6.305713176727295,0.001822515856474638,0.8181818181818182,44,36,-0.6127475500106812,0.3514326996674087
V0055,REFUGE/Refuge/REFUGE-Validation400/REFUGE-Validation400/V0055.jpg,REFUGE-Validation400,0,-3.7076900005340576,0.023946620523929596,0.8333333333333334,42,35,-0.8575161695480347,0.29785855010868567
V0056,REFUGE/Refuge/REFUGE-Validation400/REFUGE-Validation400/V0056.jpg,REFUGE-Validation400,0,-2.278285026550293,0.0929374173283577,0.8666666666666667,45,39,0.7546483278274536,0.6801907018380413
V0057,REFUGE/Refuge/REFUGE-Validation400/REFUGE-Validation400/V0057.jpg,REFUGE-Validation400,0,-0.4243857264518738,0.39546775817871094,0.825,40,33,0.35689643025398254,0.5882889402734116
V0058,REFUGE/Refuge/REFUGE-Validation400/REFUGE-Validation400/V0058.jpg,REFUGE-Validation400,0,-1.3983370065689087,0.1980801522731781,0.7906976744186046,43,34,1.107191801071167,0.75160520575857
V0059,REFUGE/Refuge/REFUGE-Validation400/REFUGE-Validation400/V0059.jpg,REFUGE-Validation400,0,-4.200020790100098,0.01477373018860817,0.7777777777777778,45,35,0.356926292181015,0.5882961729642613
V0060,REFUGE/Refuge/REFUGE-Validation400/REFUGE-Validation400/V0060.jpg,REFUGE-Validation400,0,-4.10565185546875,0.016212109476327896,0.7555555555555555,45,34,-1.281233787536621,0.2173402788308976
V0061,REFUGE/Refuge/REFUGE-Validation400/REFUGE-Validation400/V0061.jpg,REFUGE-Validation400,0,-3.637401819229126,0.025645630434155464,0.6585365853658537,41,27,-0.12316872179508209,0.46924668840461076
V0062,REFUGE/Refuge/REFUGE-Validation400/REFUGE-Validation400/V0062.jpg,REFUGE-Validation400,0,-1.7416257858276367,0.14910656213760376,0.8518518518518519,54,46,-0.5360108613967896,0.369116044543255
V0063,REFUGE/Refuge/REFUGE-Validation400/REFUGE-Validation400/V0063.jpg,REFUGE-Validation400,0,-6.913458347320557,0.0009933254914358258,0.7441860465116279,43,32,-1.5439993143081665,0.17595464407171468
V0064,REFUGE/Refuge/REFUGE-Validation400/REFUGE-Validation400/V0064.jpg,REFUGE-Validation400,0,4.683876991271973,0.9908415079116821,0.8,45,36,0.3569878041744232,0.5883110713210175
V0065,REFUGE/Refuge/REFUGE-Validation400/REFUGE-Validation400/V0065.jpg,REFUGE-Validation400,0,-2.482231378555298,0.07711325585842133,0.75,32,24,-0.6713976860046387,0.33818394619878234
V0066,REFUGE/Refuge/REFUGE-Validation400/REFUGE-Validation400/V0066.jpg,REFUGE-Validation400,0,-1.6077090501785278,0.1669069081544876,0.8536585365853658,41,35,-1.08790922164917,0.2520121900082393
V0067,REFUGE/Refuge/REFUGE-Validation400/REFUGE-Validation400/V0067.jpg,REFUGE-Validation400,0,-2.2322676181793213,0.09689003229141235,0.7446808510638298,47,35,0.08719871938228607,0.5217858773063234
V0068,REFUGE/Refuge/REFUGE-Validation400/REFUGE-Validation400/V0068.jpg,REFUGE-Validation400,0,-4.822599411010742,0.007981626316905022,0.9122807017543859,57,52,0.12940172851085663,0.5323053657761646
V0069,REFUGE/Refuge/REFUGE-Validation400/REFUGE-Validation400/V0069.jpg,REFUGE-Validation400,0,-2.5149526596069336,0.07481656968593597,0.7659574468085106,47,36,-0.5664433240890503,0.362057913627126
V0070,REFUGE/Refuge/REFUGE-Validation400/REFUGE-Validation400/V0070.jpg,REFUGE-Validation400,0,-6.46709680557251,0.0015513196121901274,0.8222222222222222,45,37,-1.7140897512435913,0.15263400836347715
V0071,REFUGE/Refuge/REFUGE-Validation400/REFUGE-Validation400/V0071.jpg,REFUGE-Validation400,0,-0.6248828768730164,0.34867173433303833,0.8611111111111112,36,31,0.723341166973114,0.673342340062829
V0072,REFUGE/Refuge/REFUGE-Validation400/REFUGE-Validation400/V0072.jpg,REFUGE-Validation400,0,1.4650408029556274,0.8123024106025696,0.7090909090909091,55,39,1.2571475505828857,0.7785346837023607
V0073,REFUGE/Refuge/REFUGE-Validation400/REFUGE-Validation400/V0073.jpg,REFUGE-Validation400,0,-1.000549554824829,0.26883336901664734,0.8541666666666666,48,41,-0.32844388484954834,0.4186192980463895
V0074,REFUGE/Refuge/REFUGE-Validation400/REFUGE-Validation400/V0074.jpg,REFUGE-Validation400,0,-3.2822322845458984,0.03618578240275383,0.8809523809523809,42,37,-1.1572041511535645,0.23917567658827027
V0075,REFUGE/Refuge/REFUGE-Validation400/REFUGE-Validation400/V0075.jpg,REFUGE-Validation400,1,-3.5348706245422363,0.0283361729234457,0.8888888888888888,45,40,1.1141712665557861,0.7529059463423965
V0076,REFUGE/Refuge/REFUGE-Validation400/REFUGE-Validation400/V0076.jpg,REFUGE-Validation400,0,1.5772526264190674,0.8288150429725647,0.6923076923076923,39,27,0.21222363412380219,0.5528576698101021
V0077,REFUGE/Refuge/REFUGE-Validation400/REFUGE-Validation400/V0077.jpg,REFUGE-Validation400,0,2.1804535388946533,0.8984804749488831,0.6086956521739131,46,28,1.9111098051071167,0.8711437773475009
V0078,REFUGE/Refuge/REFUGE-Validation400/REFUGE-Validation400/V0078.jpg,REFUGE-Validation400,0,-5.702714920043945,0.0033257955219596624,0.9333333333333333,45,42,-0.4180959165096283,0.39697247024869564
V0079,REFUGE/Refuge/REFUGE-Validation400/REFUGE-Validation400/V0079.jpg,REFUGE-Validation400,0,-4.636795997619629,0.0095957200974226,0.7948717948717948,39,31,-0.0958137959241867,0.4760648591660884
V0080,REFUGE/Refuge/REFUGE-Validation400/REFUGE-Validation400/V0080.jpg,REFUGE-Validation400,0,1.004154920578003,0.7318747043609619,0.8409090909090909,44,37,-1.1218960285186768,0.24565975911829324
V0081,REFUGE/Refuge/REFUGE-Validation400/REFUGE-Validation400/V0081.jpg,REFUGE-Validation400,0,-3.850271463394165,0.020830808207392693,0.8571428571428571,42,36,-1.464193344116211,0.18782680186027054
V0082,REFUGE/Refuge/REFUGE-Validation400/REFUGE-Validation400/V0082.jpg,REFUGE-Validation400,0,-2.75626802444458,0.05973363295197487,0.9090909090909091,44,40,0.1552344113588333,0.5387308569391921
V0083,REFUGE/Refuge/REFUGE-Validation400/REFUGE-Validation400/V0083.jpg,REFUGE-Validation400,0,5.762938976287842,0.9968679547309875,0.8,40,32,0.40027913451194763,0.59875472333062
V0084,REFUGE/Refuge/REFUGE-Validation400/REFUGE-Validation400/V0084.jpg,REFUGE-Validation400,0,0.7429695725440979,0.6776449084281921,0.8095238095238095,42,34,0.5945829153060913,0.6444159869994477
V0085,REFUGE/Refuge/REFUGE-Validation400/REFUGE-Validation400/V0085.jpg,REFUGE-Validation400,0,-10.146225929260254,3.922229734598659e-05,0.8,50,40,-2.5706939697265625,0.07104848802903456
V0086,REFUGE/Refuge/REFUGE-Validation400/REFUGE-Validation400/V0086.jpg,REFUGE-Validation400,0,2.154741048812866,0.896111011505127,0.813953488372093,43,35,-0.33935782313346863,0.41596547793210004
V0087,REFUGE/Refuge/REFUGE-Validation400/REFUGE-Validation400/V0087.jpg,REFUGE-Validation400,0,-5.647316932678223,0.0035145713482052088,0.8163265306122449,49,40,-1.0321661233901978,0.2626643715320515
V0088,REFUGE/Refuge/REFUGE-Validation400/REFUGE-Validation400/V0088.jpg,REFUGE-Validation400,0,-9.747346878051758,5.844611587235704e-05,0.9148936170212766,47,43,-3.4920718669891357,0.02953865386075788
V0089,REFUGE/Refuge/REFUGE-Validation400/REFUGE-Validation400/V0089.jpg,REFUGE-Validation400,0,-0.11934936046600342,0.4701980650424957,0.8571428571428571,42,36,0.023786885663866997,0.5059464410360223
V0090,REFUGE/Refuge/REFUGE-Validation400/REFUGE-Validation400/V0090.jpg,REFUGE-Validation400,0,-1.2756174802780151,0.21829713881015778,0.8541666666666666,48,41,0.8070249557495117,0.6914751783344952
V0091,REFUGE/Refuge/REFUGE-Validation400/REFUGE-Validation400/V0091.jpg,REFUGE-Validation400,0,-4.5886616706848145,0.010064139030873775,0.8636363636363636,44,38,-0.7224831581115723,0.3268464091348739
V0092,REFUGE/Refuge/REFUGE-Validation400/REFUGE-Validation400/V0092.jpg,REFUGE-Validation400,0,5.413149833679199,0.9955621957778931,0.7804878048780488,41,32,1.879744291305542,0.8675817524695701
V0093,REFUGE/Refuge/REFUGE-Validation400/REFUGE-Validation400/V0093.jpg,REFUGE-Validation400,0,0.4588809609413147,0.6127486824989319,0.8666666666666667,45,39,0.6631407737731934,0.6599655664025302
V0094,REFUGE/Refuge/REFUGE-Validation400/REFUGE-Validation400/V0094.jpg,REFUGE-Validation400,0,-6.8432440757751465,0.0010655010119080544,0.75,60,45,-0.3213336169719696,0.42035076960266593
V0095,REFUGE/Refuge/REFUGE-Validation400/REFUGE-Validation400/V0095.jpg,REFUGE-Validation400,1,-0.20848506689071655,0.44806671142578125,0.8,45,36,2.167771577835083,0.8973178246931744
V0096,REFUGE/Refuge/REFUGE-Validation400/REFUGE-Validation400/V0096.jpg,REFUGE-Validation400,0,-3.2890756130218506,0.03594787046313286,0.5434782608695652,46,25,-1.32936692237854,0.20926410295589415
V0097,REFUGE/Refuge/REFUGE-Validation400/REFUGE-Validation400/V0097.jpg,REFUGE-Validation400,0,-2.6996166706085205,0.06299597769975662,0.8461538461538461,52,44,-0.12374581396579742,0.4691029637109284
V0098,REFUGE/Refuge/REFUGE-Validation400/REFUGE-Validation400/V0098.jpg,REFUGE-Validation400,1,0.681483805179596,0.6640697717666626,0.9090909090909091,44,40,1.320616364479065,0.789284235231389
V0099,REFUGE/Refuge/REFUGE-Validation400/REFUGE-Validation400/V0099.jpg,REFUGE-Validation400,0,-4.420368194580078,0.011886806227266788,0.9069767441860465,43,39,-0.4570154845714569,0.38769407223906693
V0100,REFUGE/Refuge/REFUGE-Validation400/REFUGE-Validation400/V0100.jpg,REFUGE-Validation400,1,3.8247671127319336,0.9786425828933716,0.8292682926829268,41,34,2.477879047393799,0.9225764357260943
V0101,REFUGE/Refuge/REFUGE-Validation400/REFUGE-Validation400/V0101.jpg,REFUGE-Validation400,0,0.2600110173225403,0.5646390318870544,0.7435897435897436,39,29,0.6339536905288696,0.6533854081869679
V0102,REFUGE/Refuge/REFUGE-Validation400/REFUGE-Validation400/V0102.jpg,REFUGE-Validation400,0,-2.3123040199279785,0.09010906517505646,0.5581395348837209,43,24,-0.8739452362060547,0.29443404405550233
V0103,REFUGE/Refuge/REFUGE-Validation400/REFUGE-Validation400/V0103.jpg,REFUGE-Validation400,0,-0.5679163336753845,0.36171776056289673,0.7209302325581395,43,31,1.1667360067367554,0.762554526952806
V0104,REFUGE/Refuge/REFUGE-Validation400/REFUGE-Validation400/V0104.jpg,REFUGE-Validation400,0,1.3258635997772217,0.7901555895805359,0.7804878048780488,41,32,1.6226176023483276,0.8351558128687464
V0105,REFUGE/Refuge/REFUGE-Validation400/REFUGE-Validation400/V0105.jpg,REFUGE-Validation400,0,-2.360557794570923,0.08623023331165314,0.7045454545454546,44,31,0.5857020616531372,0.6423783925696585
V0106,REFUGE/Refuge/REFUGE-Validation400/REFUGE-Validation400/V0106.jpg,REFUGE-Validation400,0,-0.5699570775032043,0.3612467050552368,0.8541666666666666,48,41,-0.2452559918165207,0.4389915035477844
V0107,REFUGE/Refuge/REFUGE-Validation400/REFUGE-Validation400/V0107.jpg,REFUGE-Validation400,0,-0.8346886038780212,0.30265459418296814,0.8095238095238095,42,34,0.2575439214706421,0.5640324377395379
V0108,REFUGE/Refuge/REFUGE-Validation400/REFUGE-Validation400/V0108.jpg,REFUGE-Validation400,0,-2.581697702407837,0.07032565772533417,0.9,50,45,0.624778687953949,0.6513046048528619
V0109,REFUGE/Refuge/REFUGE-Validation400/REFUGE-Validation400/V0109.jpg,REFUGE-Validation400,0,-4.128635883331299,0.015849579125642776,0.875,40,35,-0.26050126552581787,0.43524049002264475
V0110,REFUGE/Refuge/REFUGE-Validation400/REFUGE-Validation400/V0110.jpg,REFUGE-Validation400,0,-10.422773361206055,2.9746381187578663e-05,0.9512195121951219,41,39,-1.9006304740905762,0.13003713378145632
V0111,REFUGE/Refuge/REFUGE-Validation400/REFUGE-Validation400/V0111.jpg,REFUGE-Validation400,0,-2.264519214630127,0.09410440176725388,0.8095238095238095,42,34,-1.02496337890625,0.26406172270310785
V0112,REFUGE/Refuge/REFUGE-Validation400/REFUGE-Validation400/V0112.jpg,REFUGE-Validation400,0,-0.5378648638725281,0.3686843812465668,0.0,28,0,0.41253045201301575,0.6016944782810904
V0113,REFUGE/Refuge/REFUGE-Validation400/REFUGE-Validation400/V0113.jpg,REFUGE-Validation400,0,-0.7891055941581726,0.3123607337474823,0.8571428571428571,49,42,0.7347398996353149,0.6758445478839032
V0114,REFUGE/Refuge/REFUGE-Validation400/REFUGE-Validation400/V0114.jpg,REFUGE-Validation400,0,0.8215780854225159,0.6945711970329285,0.85,40,34,0.09414009749889374,0.5235176584473228
V0115,REFUGE/Refuge/REFUGE-Validation400/REFUGE-Validation400/V0115.jpg,REFUGE-Validation400,0,-5.124676704406738,0.005912968888878822,0.9024390243902439,41,37,-0.707263171672821,0.33020386098503374
V0116,REFUGE/Refuge/REFUGE-Validation400/REFUGE-Validation400/V0116.jpg,REFUGE-Validation400,0,2.6210925579071045,0.9322067499160767,0.7631578947368421,38,29,1.3523342609405518,0.7945109892894483
V0117,REFUGE/Refuge/REFUGE-Validation400/REFUGE-Validation400/V0117.jpg,REFUGE-Validation400,0,-2.4739863872528076,0.07770206779241562,0.8809523809523809,42,37,-0.9397398233413696,0.28095290005198936
V0118,REFUGE/Refuge/REFUGE-Validation400/REFUGE-Validation400/V0118.jpg,REFUGE-Validation400,0,-4.207151889801025,0.014670290052890778,0.9047619047619048,42,38,-0.40317365527153015,0.40055007448707436
V0119,REFUGE/Refuge/REFUGE-Validation400/REFUGE-Validation400/V0119.jpg,REFUGE-Validation400,0,-1.4494434595108032,0.1900872439146042,0.8095238095238095,42,34,0.465111643075943,0.614226097208874
V0120,REFUGE/Refuge/REFUGE-Validation400/REFUGE-Validation400/V0120.jpg,REFUGE-Validation400,0,-3.0119991302490234,0.04688672721385956,0.6486486486486487,37,24,-2.2809767723083496,0.09271075875872803
V0121,REFUGE/Refuge/REFUGE-Validation400/REFUGE-Validation400/V0121.jpg,REFUGE-Validation400,0,10.8705415725708,0.9999810457229614,0.8285714285714286,35,29,2.1573867797851562,0.8963570288265755
V0122,REFUGE/Refuge/REFUGE-Validation400/REFUGE-Validation400/V0122.jpg,REFUGE-Validation400,0,-0.4203699231147766,0.3964281976222992,0.8478260869565217,46,39,0.6546683311462402,0.6580616879954045
V0123,REFUGE/Refuge/REFUGE-Validation400/REFUGE-Validation400/V0123.jpg,REFUGE-Validation400,0,0.13064247369766235,0.5326142311096191,0.55,40,22,2.1884407997131348,0.8992066777682036
V0124,REFUGE/Refuge/REFUGE-Validation400/REFUGE-Validation400/V0124.jpg,REFUGE-Validation400,0,-6.817140102386475,0.0010936502367258072,0.8297872340425532,47,39,-0.635905921459198,0.3461725968734459
V0125,REFUGE/Refuge/REFUGE-Validation400/REFUGE-Validation400/V0125.jpg,REFUGE-Validation400,1,-1.3948311805725098,0.19863761961460114,0.8,35,28,-0.12010695040225983,0.47000930674508534
V0126,REFUGE/Refuge/REFUGE-Validation400/REFUGE-Validation400/V0126.jpg,REFUGE-Validation400,0,2.2752716541290283,0.9068081974983215,0.6666666666666666,33,22,1.7783583402633667,0.8554940357990322
V0127,REFUGE/Refuge/REFUGE-Validation400/REFUGE-Validation400/V0127.jpg,REFUGE-Validation400,0,-4.543074131011963,0.01052861474454403,0.8,40,32,0.34559813141822815,0.5855497318293927
V0128,REFUGE/Refuge/REFUGE-Validation400/REFUGE-Validation400/V0128.jpg,REFUGE-Validation400,1,1.101144790649414,0.7504745721817017,0.7560975609756098,41,31,3.013596534729004,0.9531846068883411
V0129,REFUGE/Refuge/REFUGE-Validation400/REFUGE-Validation400/V0129.jpg,REFUGE-Validation400,0,-1.0073902606964111,0.2674908936023712,0.8936170212765957,47,42,1.3536100387573242,0.7947191986978944
V0130,REFUGE/Refuge/REFUGE-Validation400/REFUGE-Validation400/V0130.jpg,REFUGE-Validation400,0,-0.9839388728141785,0.2721109092235565,0.7083333333333334,48,34,0.48849740624427795,0.6197523958263863
V0131,REFUGE/Refuge/REFUGE-Validation400/REFUGE-Validation400/V0131.jpg,REFUGE-Validation400,0,0.4013379216194153,0.5990090370178223,0.7560975609756098,41,31,0.5522237420082092,0.6346513620950023
V0132,REFUGE/Refuge/REFUGE-Validation400/REFUGE-Validation400/V0132.jpg,REFUGE-Validation400,0,2.8732640743255615,0.9465088844299316,0.9047619047619048,42,38,1.8720297813415527,0.8666929654292975
V0133,REFUGE/Refuge/REFUGE-Validation400/REFUGE-Validation400/V0133.jpg,REFUGE-Validation400,0,-2.281662702560425,0.09265308082103729,0.6511627906976745,43,28,-0.8549717664718628,0.2983909571471831
V0134,REFUGE/Refuge/REFUGE-Validation400/REFUGE-Validation400/V0134.jpg,REFUGE-Validation400,0,0.3534861207008362,0.5874627232551575,0.8723404255319149,47,41,-0.6688790321350098,0.33874788967889036
V0135,REFUGE/Refuge/REFUGE-Validation400/REFUGE-Validation400/V0135.jpg,REFUGE-Validation400,0,0.7286749482154846,0.6745144128799438,0.8536585365853658,41,35,0.26564666628837585,0.5660238573292132
V0136,REFUGE/Refuge/REFUGE-Validation400/REFUGE-Validation400/V0136.jpg,REFUGE-Validation400,0,0.35357409715652466,0.5874840021133423,0.45,40,18,-0.5433510541915894,0.3674083865603251
V0137,REFUGE/Refuge/REFUGE-Validation400/REFUGE-Validation400/V0137.jpg,REFUGE-Validation400,0,-2.394068479537964,0.08362612128257751,0.8085106382978723,47,38,-0.10920266807079315,0.47272643121205293
V0138,REFUGE/Refuge/REFUGE-Validation400/REFUGE-Validation400/V0138.jpg,REFUGE-Validation400,0,-2.2495319843292236,0.09538984298706055,0.6388888888888888,36,23,-1.127910852432251,0.24454685172627247
V0139,REFUGE/Refuge/REFUGE-Validation400/REFUGE-Validation400/V0139.jpg,REFUGE-Validation400,0,-4.793752670288086,0.008213304914534092,0.775,40,31,-1.3635531663894653,0.2036634264846879
V0140,REFUGE/Refuge/REFUGE-Validation400/REFUGE-Validation400/V0140.jpg,REFUGE-Validation400,0,-0.19395583868026733,0.45166248083114624,0.875,40,35,1.406935453414917,0.8032821341869064
V0141,REFUGE/Refuge/REFUGE-Validation400/REFUGE-Validation400/V0141.jpg,REFUGE-Validation400,0,-1.3073663711547852,0.21292784810066223,0.6666666666666666,45,30,-1.0154602527618408,0.26591263103177853
V0142,REFUGE/Refuge/REFUGE-Validation400/REFUGE-Validation400/V0142.jpg,REFUGE-Validation400,0,5.96000862121582,0.9974266886711121,0.9375,32,30,1.2068493366241455,0.7697410007648077
V0143,REFUGE/Refuge/REFUGE-Validation400/REFUGE-Validation400/V0143.jpg,REFUGE-Validation400,0,-1.7693030834197998,0.14562901854515076,0.8679245283018868,53,46,-0.25694015622138977,0.43611603377830904
V0144,REFUGE/Refuge/REFUGE-Validation400/REFUGE-Validation400/V0144.jpg,REFUGE-Validation400,0,-4.711802005767822,0.00890849158167839,0.6818181818181818,44,30,-2.5808024406433105,0.07038420887956329
V0145,REFUGE/Refuge/REFUGE-Validation400/REFUGE-Validation400/V0145.jpg,REFUGE-Validation400,0,-1.7294716835021973,0.15065516531467438,0.8461538461538461,39,33,0.0851929634809494,0.5212853686087741
V0146,REFUGE/Refuge/REFUGE-Validation400/REFUGE-Validation400/V0146.jpg,REFUGE-Validation400,0,-3.022120952606201,0.04643646627664566,0.5897435897435898,39,23,-2.5330593585968018,0.07357284883972587
V0147,REFUGE/Refuge/REFUGE-Validation400/REFUGE-Validation400/V0147.jpg,REFUGE-Validation400,0,-0.4545397162437439,0.3882819414138794,0.8863636363636364,44,39,-0.6117419004440308,0.3516619493498412
V0148,REFUGE/Refuge/REFUGE-Validation400/REFUGE-Validation400/V0148.jpg,REFUGE-Validation400,0,-3.6060664653778076,0.02644038386642933,0.9375,48,45,-1.9256973266601562,0.12722758628567093
V0149,REFUGE/Refuge/REFUGE-Validation400/REFUGE-Validation400/V0149.jpg,REFUGE-Validation400,1,4.170447826385498,0.9847895503044128,0.7380952380952381,42,31,3.453826665878296,0.9693450553124524
V0150,REFUGE/Refuge/REFUGE-Validation400/REFUGE-Validation400/V0150.jpg,REFUGE-Validation400,0,-2.4249393939971924,0.08129061013460159,0.8205128205128205,39,32,1.0159785747528076,0.7341885347525929
V0151,REFUGE/Refuge/REFUGE-Validation400/REFUGE-Validation400/V0151.jpg,REFUGE-Validation400,0,-1.944062352180481,0.1252022385597229,0.8723404255319149,47,41,1.8592517375946045,0.8652097081320452
V0152,REFUGE/Refuge/REFUGE-Validation400/REFUGE-Validation400/V0152.jpg,REFUGE-Validation400,0,-2.4921715259552,0.07640881836414337,0.7954545454545454,44,35,-1.1720199584960938,0.2364900613756919
V0153,REFUGE/Refuge/REFUGE-Validation400/REFUGE-Validation400/V0153.jpg,REFUGE-Validation400,0,1.2359064817428589,0.7748506665229797,0.9069767441860465,43,39,1.1365435123443604,0.7570444586082494
V0154,REFUGE/Refuge/REFUGE-Validation400/REFUGE-Validation400/V0154.jpg,REFUGE-Validation400,0,0.6241939663887024,0.6511718034744263,0.7837837837837838,37,29,0.9382961392402649,0.7187553570333963
V0155,REFUGE/Refuge/REFUGE-Validation400/REFUGE-Validation400/V0155.jpg,REFUGE-Validation400,0,-0.6054021716117859,0.3531087338924408,0.7435897435897436,39,29,0.8109407424926758,0.6923099345868722
V0156,REFUGE/Refuge/REFUGE-Validation400/REFUGE-Validation400/V0156.jpg,REFUGE-Validation400,0,-1.0586111545562744,0.2575749456882477,0.323943661971831,71,23,-2.783782958984375,0.058206831366327434
V0157,REFUGE/Refuge/REFUGE-Validation400/REFUGE-Validation400/V0157.jpg,REFUGE-Validation400,0,-10.74817180633545,2.1484189346665516e-05,0.7446808510638298,47,35,-2.2877209186553955,0.09214502779664382
V0158,REFUGE/Refuge/REFUGE-Validation400/REFUGE-Validation400/V0158.jpg,REFUGE-Validation400,0,-3.947728157043457,0.018933115527033806,0.8085106382978723,47,38,-1.5611457824707031,0.1734822961683368
V0159,REFUGE/Refuge/REFUGE-Validation400/REFUGE-Validation400/V0159.jpg,REFUGE-Validation400,1,2.5279924869537354,0.9260810613632202,0.8823529411764706,34,30,4.297013282775879,0.986573577096238
V0160,REFUGE/Refuge/REFUGE-Validation400/REFUGE-Validation400/V0160.jpg,REFUGE-Validation400,1,-1.1917507648468018,0.23294596374034882,0.7872340425531915,47,37,0.07974667847156525,0.5199261106742596
V0161,REFUGE/Refuge/REFUGE-Validation400/REFUGE-Validation400/V0161.jpg,REFUGE-Validation400,0,-1.8982096910476685,0.13031123578548431,0.7872340425531915,47,37,0.09816284477710724,0.5245210240876856
V0162,REFUGE/Refuge/REFUGE-Validation400/REFUGE-Validation400/V0162.jpg,REFUGE-Validation400,0,-3.194173574447632,0.03938557580113411,0.7435897435897436,39,29,1.2335538864135742,0.7744399821529473
V0163,REFUGE/Refuge/REFUGE-Validation400/REFUGE-Validation400/V0163.jpg,REFUGE-Validation400,0,-7.2208333015441895,0.0007306585903279483,0.5833333333333334,48,28,-2.6464552879333496,0.066207822307868
V0164,REFUGE/Refuge/REFUGE-Validation400/REFUGE-Validation400/V0164.jpg,REFUGE-Validation400,0,3.0599141120910645,0.9552086591720581,0.7142857142857143,42,30,1.4302918910980225,0.8069467917065115
V0165,REFUGE/Refuge/REFUGE-Validation400/REFUGE-Validation400/V0165.jpg,REFUGE-Validation400,0,2.8786275386810303,0.9467797875404358,0.7258064516129032,62,45,1.5290043354034424,0.8218605898927299
V0166,REFUGE/Refuge/REFUGE-Validation400/REFUGE-Validation400/V0166.jpg,REFUGE-Validation400,0,-2.2306301593780518,0.09703341126441956,0.717391304347826,46,33,0.08390654623508453,0.5209643383842687
V0167,REFUGE/Refuge/REFUGE-Validation400/REFUGE-Validation400/V0167.jpg,REFUGE-Validation400,0,3.4476613998413086,0.969161331653595,0.75,44,33,2.2936785221099854,0.9083521419664211
V0168,REFUGE/Refuge/REFUGE-Validation400/REFUGE-Validation400/V0168.jpg,REFUGE-Validation400,0,-9.056357383728027,0.00011663349869195372,0.7142857142857143,42,30,-3.0008883476257324,0.047385756730337354
V0169,REFUGE/Refuge/REFUGE-Validation400/REFUGE-Validation400/V0169.jpg,REFUGE-Validation400,0,-5.104586124420166,0.00603224104270339,0.78,50,39,-0.9442369937896729,0.2800452846318814
V0170,REFUGE/Refuge/REFUGE-Validation400/REFUGE-Validation400/V0170.jpg,REFUGE-Validation400,0,-3.129321813583374,0.04191383719444275,0.8571428571428571,49,42,-0.6551786661148071,0.34182348747946245
V0171,REFUGE/Refuge/REFUGE-Validation400/REFUGE-Validation400/V0171.jpg,REFUGE-Validation400,1,-0.11012059450149536,0.4724976420402527,0.8157894736842105,38,31,1.0028975009918213,0.7316278803600617
V0172,REFUGE/Refuge/REFUGE-Validation400/REFUGE-Validation400/V0172.jpg,REFUGE-Validation400,0,8.190505981445312,0.9997227787971497,0.9019607843137255,51,46,1.9584375619888306,0.8763637613039971
V0173,REFUGE/Refuge/REFUGE-Validation400/REFUGE-Validation400/V0173.jpg,REFUGE-Validation400,0,-9.390655517578125,8.349373820237815e-05,0.7169811320754716,53,38,-1.1037230491638184,0.24904295729421988
V0174,REFUGE/Refuge/REFUGE-Validation400/REFUGE-Validation400/V0174.jpg,REFUGE-Validation400,0,-3.789950132369995,0.022097397595643997,0.6511627906976745,43,28,-1.0448095798492432,0.2602230488711412
V0175,REFUGE/Refuge/REFUGE-Validation400/REFUGE-Validation400/V0175.jpg,REFUGE-Validation400,1,3.516289234161377,0.9711477160453796,0.6756756756756757,37,25,2.8894495964050293,0.9473224217276985
V0176,REFUGE/Refuge/REFUGE-Validation400/REFUGE-Validation400/V0176.jpg,REFUGE-Validation400,0,-2.572552442550659,0.07092592865228653,0.6875,48,33,0.34749463200569153,0.5860099021517239
V0177,REFUGE/Refuge/REFUGE-Validation400/REFUGE-Validation400/V0177.jpg,REFUGE-Validation400,0,-1.9769830703735352,0.12164082378149033,0.8409090909090909,44,37,-2.1341872215270996,0.10581813957171465
V0178,REFUGE/Refuge/REFUGE-Validation400/REFUGE-Validation400/V0178.jpg,REFUGE-Validation400,0,-5.850430965423584,0.002870395313948393,0.8297872340425532,47,39,-2.0540761947631836,0.11364115199487539
V0179,REFUGE/Refuge/REFUGE-Validation400/REFUGE-Validation400/V0179.jpg,REFUGE-Validation400,0,2.0008623600006104,0.8808875679969788,0.9090909090909091,44,40,2.240206003189087,0.9038023704475279
V0180,REFUGE/Refuge/REFUGE-Validation400/REFUGE-Validation400/V0180.jpg,REFUGE-Validation400,0,-3.2061805725097656,0.03893379867076874,0.9047619047619048,42,38,-0.7802789211273193,0.3142597752863625
V0181,REFUGE/Refuge/REFUGE-Validation400/REFUGE-Validation400/V0181.jpg,REFUGE-Validation400,1,-1.3887227773666382,0.19961173832416534,0.68,50,34,0.45247960090637207,0.611228619287085
V0182,REFUGE/Refuge/REFUGE-Validation400/REFUGE-Validation400/V0182.jpg,REFUGE-Validation400,0,-4.504605770111084,0.010937008075416088,0.8636363636363636,44,38,0.8291022777557373,0.6961650777230318
V0183,REFUGE/Refuge/REFUGE-Validation400/REFUGE-Validation400/V0183.jpg,REFUGE-Validation400,0,-6.297215938568115,0.0018380398396402597,0.9512195121951219,41,39,-1.9105231761932373,0.12892208743372974
V0184,REFUGE/Refuge/REFUGE-Validation400/REFUGE-Validation400/V0184.jpg,REFUGE-Validation400,0,3.0574722290039062,0.9551040530204773,0.35714285714285715,28,10,1.816685676574707,0.8601679590571192
V0185,REFUGE/Refuge/REFUGE-Validation400/REFUGE-Validation400/V0185.jpg,REFUGE-Validation400,0,-0.6991373896598816,0.33200350403785706,0.7727272727272727,44,34,-1.2292286157608032,0.22631646452994625
V0186,REFUGE/Refuge/REFUGE-Validation400/REFUGE-Validation400/V0186.jpg,REFUGE-Validation400,0,0.027536211535334587,0.5068836212158203,0.8085106382978723,47,38,1.507078766822815,0.8186278766697309
V0187,REFUGE/Refuge/REFUGE-Validation400/REFUGE-Validation400/V0187.jpg,REFUGE-Validation400,0,2.2264580726623535,0.9026004672050476,0.6923076923076923,39,27,0.5587418079376221,0.6361613689651905
V0188,REFUGE/Refuge/REFUGE-Validation400/REFUGE-Validation400/V0188.jpg,REFUGE-Validation400,0,-3.9164512157440186,0.019522899761795998,0.875,40,35,1.2289738655090332,0.7736389262731306
V0189,REFUGE/Refuge/REFUGE-Validation400/REFUGE-Validation400/V0189.jpg,REFUGE-Validation400,0,-1.819493055343628,0.13949470221996307,0.9285714285714286,42,39,0.6341071724891663,0.6534201668758014
V0190,REFUGE/Refuge/REFUGE-Validation400/REFUGE-Validation400/V0190.jpg,REFUGE-Validation400,0,1.231666922569275,0.7741101980209351,0.8297872340425532,47,39,-0.4355076849460602,0.3928119170417685
V0191,REFUGE/Refuge/REFUGE-Validation400/REFUGE-Validation400/V0191.jpg,REFUGE-Validation400,0,5.660813808441162,0.9965323209762573,0.47368421052631576,38,18,0.09748519957065582,0.5243520174391634
V0192,REFUGE/Refuge/REFUGE-Validation400/REFUGE-Validation400/V0192.jpg,REFUGE-Validation400,0,3.1625895500183105,0.9594019651412964,0.6428571428571429,42,27,2.624783754348755,0.9324396875411778
V0193,REFUGE/Refuge/REFUGE-Validation400/REFUGE-Validation400/V0193.jpg,REFUGE-Validation400,0,5.163388252258301,0.9943102598190308,0.0,26,0,0.7142684459686279,0.6713436433891079
V0194,REFUGE/Refuge/REFUGE-Validation400/REFUGE-Validation400/V0194.jpg,REFUGE-Validation400,0,-0.16148561239242554,0.4597161114215851,0.38461538461538464,26,10,-0.5007479786872864,0.3773649071374155
V0195,REFUGE/Refuge/REFUGE-Validation400/REFUGE-Validation400/V0195.jpg,REFUGE-Validation400,0,-4.854422092437744,0.007733562029898167,0.8260869565217391,46,38,-0.003998356405645609,0.49900041223027686
V0196,REFUGE/Refuge/REFUGE-Validation400/REFUGE-Validation400/V0196.jpg,REFUGE-Validation400,0,3.625889539718628,0.9740651249885559,0.8478260869565217,46,39,1.4029051065444946,0.8026444804261458
V0197,REFUGE/Refuge/REFUGE-Validation400/REFUGE-Validation400/V0197.jpg,REFUGE-Validation400,0,-2.19323992729187,0.10035920143127441,0.8666666666666667,45,39,0.21690045297145844,0.5540135199627075
V0198,REFUGE/Refuge/REFUGE-Validation400/REFUGE-Validation400/V0198.jpg,REFUGE-Validation400,0,-4.6663899421691895,0.009318513795733452,0.7954545454545454,44,35,-1.4906567335128784,0.1838231757752545
V0199,REFUGE/Refuge/REFUGE-Validation400/REFUGE-Validation400/V0199.jpg,REFUGE-Validation400,0,-0.8447036147117615,0.3005450665950775,0.7708333333333334,48,37,-0.3485545814037323,0.4137329751548493
V0200,REFUGE/Refuge/REFUGE-Validation400/REFUGE-Validation400/V0200.jpg,REFUGE-Validation400,0,-1.814184308052063,0.14013317227363586,0.8913043478260869,46,41,-0.39176496863365173,0.4032924927366365
V0201,REFUGE/Refuge/REFUGE-Validation400/REFUGE-Validation400/V0201.jpg,REFUGE-Validation400,0,-2.2886199951171875,0.0920698419213295,0.9090909090909091,44,40,0.5779079794883728,0.6405858905151967
V0202,REFUGE/Refuge/REFUGE-Validation400/REFUGE-Validation400/V0202.jpg,REFUGE-Validation400,0,0.2900267243385315,0.572002649307251,0.9111111111111111,45,41,1.1230950355529785,0.7545623623606106
V0203,REFUGE/Refuge/REFUGE-Validation400/REFUGE-Validation400/V0203.jpg,REFUGE-Validation400,0,-1.0463587045669556,0.2599249482154846,0.5714285714285714,42,24,0.06179548427462578,0.5154439567516054
V0204,REFUGE/Refuge/REFUGE-Validation400/REFUGE-Validation400/V0204.jpg,REFUGE-Validation400,0,-0.5351881384849548,0.36930766701698303,0.6046511627906976,43,26,-1.128474473953247,0.2444427411997373
V0205,REFUGE/Refuge/REFUGE-Validation400/REFUGE-Validation400/V0205.jpg,REFUGE-Validation400,1,-1.0135822296142578,0.2662793695926666,0.78,50,39,0.9951927661895752,0.7301123699153927
V0206,REFUGE/Refuge/REFUGE-Validation400/REFUGE-Validation400/V0206.jpg,REFUGE-Validation400,0,-4.61770486831665,0.009778865613043308,0.68,50,34,-2.516603946685791,0.07470234806701719
V0207,REFUGE/Refuge/REFUGE-Validation400/REFUGE-Validation400/V0207.jpg,REFUGE-Validation400,0,-0.7274470925331116,0.32575520873069763,0.9523809523809523,42,40,-0.2403779774904251,0.4401932062254827
V0208,REFUGE/Refuge/REFUGE-Validation400/REFUGE-Validation400/V0208.jpg,REFUGE-Validation400,1,1.7580410242080688,0.8529641628265381,0.8297872340425532,47,39,0.14041157066822052,0.5350453338196612
V0209,REFUGE/Refuge/REFUGE-Validation400/REFUGE-Validation400/V0209.jpg,REFUGE-Validation400,0,-4.8692402839660645,0.007620676886290312,0.8627450980392157,51,44,-1.2235339879989624,0.22731513235401224
V0210,REFUGE/Refuge/REFUGE-Validation400/REFUGE-Validation400/V0210.jpg,REFUGE-Validation400,0,1.3908231258392334,0.8007236123085022,0.55,40,22,1.0355596542358398,0.7379923301517994
V0211,REFUGE/Refuge/REFUGE-Validation400/REFUGE-Validation400/V0211.jpg,REFUGE-Validation400,0,-7.583326816558838,0.0005086067249067128,0.7631578947368421,38,29,-0.5147665143013,0.3740768097495612
V0212,REFUGE/Refuge/REFUGE-Validation400/REFUGE-Validation400/V0212.jpg,REFUGE-Validation400,0,0.3250451683998108,0.5805533528327942,0.8666666666666667,45,39,-0.5570632219314575,0.3642272454186704
V0213,REFUGE/Refuge/REFUGE-Validation400/REFUGE-Validation400/V0213.jpg,REFUGE-Validation400,0,-4.362732887268066,0.012583158910274506,0.3793103448275862,29,11,0.6806408762931824,0.6638817193397732
V0214,REFUGE/Refuge/REFUGE-Validation400/REFUGE-Validation400/V0214.jpg,REFUGE-Validation400,1,-2.522662401199341,0.07428465038537979,0.8378378378378378,37,31,0.5371360778808594,0.6311459453216187
V0215,REFUGE/Refuge/REFUGE-Validation400/REFUGE-Validation400/V0215.jpg,REFUGE-Validation400,0,3.6826233863830566,0.9754604697227478,0.5945945945945946,37,22,2.546696662902832,0.9273512798270284
V0216,REFUGE/Refuge/REFUGE-Validation400/REFUGE-Validation400/V0216.jpg,REFUGE-Validation400,1,7.31011438369751,0.9993316531181335,0.75,44,33,3.597759246826172,0.9733449326551571
V0217,REFUGE/Refuge/REFUGE-Validation400/REFUGE-Validation400/V0217.jpg,REFUGE-Validation400,0,2.854414463043213,0.9455464482307434,0.8461538461538461,39,33,1.152180790901184,0.7599090218526413
V0218,REFUGE/Refuge/REFUGE-Validation400/REFUGE-Validation400/V0218.jpg,REFUGE-Validation400,0,-6.028809547424316,0.0024025728926062584,0.8695652173913043,46,40,-1.7609091997146606,0.14667650552412806
V0219,REFUGE/Refuge/REFUGE-Validation400/REFUGE-Validation400/V0219.jpg,REFUGE-Validation400,0,-3.8098275661468506,0.021671922877430916,0.8461538461538461,39,33,0.5121849179267883,0.625318530397828
V0220,REFUGE/Refuge/REFUGE-Validation400/REFUGE-Validation400/V0220.jpg,REFUGE-Validation400,0,-0.9482919573783875,0.27922844886779785,0.875,48,42,1.6821949481964111,0.8431949597241497
V0221,REFUGE/Refuge/REFUGE-Validation400/REFUGE-Validation400/V0221.jpg,REFUGE-Validation400,0,-0.7525069117546082,0.32027530670166016,0.8461538461538461,52,44,0.11496870219707489,0.5287105583063754
V0222,REFUGE/Refuge/REFUGE-Validation400/REFUGE-Validation400/V0222.jpg,REFUGE-Validation400,0,-2.214134454727173,0.09848837554454803,0.7906976744186046,43,34,0.9158833622932434,0.7142025703797774
V0223,REFUGE/Refuge/REFUGE-Validation400/REFUGE-Validation400/V0223.jpg,REFUGE-Validation400,0,-3.072892189025879,0.04423937946557999,0.8222222222222222,45,37,-0.7822683453559875,0.31383121173573564
V0224,REFUGE/Refuge/REFUGE-Validation400/REFUGE-Validation400/V0224.jpg,REFUGE-Validation400,0,2.066270589828491,0.8875814080238342,0.7209302325581395,43,31,2.754309892654419,0.9401562953821244
V0225,REFUGE/Refuge/REFUGE-Validation400/REFUGE-Validation400/V0225.jpg,REFUGE-Validation400,0,-2.387331247329712,0.08414386957883835,0.8717948717948718,39,34,-0.631976842880249,0.3470624299130397
V0226,REFUGE/Refuge/REFUGE-Validation400/REFUGE-Validation400/V0226.jpg,REFUGE-Validation400,1,-0.5309616923332214,0.37029263377189636,0.8717948717948718,39,34,1.9540646076202393,0.8758891699660497
V0227,REFUGE/Refuge/REFUGE-Validation400/REFUGE-Validation400/V0227.jpg,REFUGE-Validation400,1,2.9059972763061523,0.9481421709060669,0.7142857142857143,49,35,2.2928946018218994,0.9082868608620979
V0228,REFUGE/Refuge/REFUGE-Validation400/REFUGE-Validation400/V0228.jpg,REFUGE-Validation400,0,0.5338342785835266,0.6303769946098328,0.9069767441860465,43,39,-1.1139845848083496,0.24712878530492055
V0229,REFUGE/Refuge/REFUGE-Validation400/REFUGE-Validation400/V0229.jpg,REFUGE-Validation400,0,0.128024160861969,0.5319623947143555,0.6111111111111112,36,22,-1.4988971948623657,0.18259006088791535
V0230,REFUGE/Refuge/REFUGE-Validation400/REFUGE-Validation400/V0230.jpg,REFUGE-Validation400,0,0.7960856556892395,0.6891365051269531,0.0,22,0,-0.4658718705177307,0.3855937807253058
V0231,REFUGE/Refuge/REFUGE-Validation400/REFUGE-Validation400/V0231.jpg,REFUGE-Validation400,0,-3.3794143199920654,0.032945048063993454,0.5,42,21,-2.0289077758789062,0.11620104468472998
V0232,REFUGE/Refuge/REFUGE-Validation400/REFUGE-Validation400/V0232.jpg,REFUGE-Validation400,0,1.737900972366333,0.8504202365875244,0.8260869565217391,46,38,0.40100154280662537,0.5989282677323143
V0233,REFUGE/Refuge/REFUGE-Validation400/REFUGE-Validation400/V0233.jpg,REFUGE-Validation400,0,-4.296273231506348,0.013436228968203068,0.925,40,37,-1.251288652420044,0.22247714663821636
V0234,REFUGE/Refuge/REFUGE-Validation400/REFUGE-Validation400/V0234.jpg,REFUGE-Validation400,0,-0.45814913511276245,0.3874249756336212,0.7435897435897436,39,29,1.262374997138977,0.7794346793645455
V0235,REFUGE/Refuge/REFUGE-Validation400/REFUGE-Validation400/V0235.jpg,REFUGE-Validation400,0,2.0417420864105225,0.8851105570793152,0.85,40,34,-0.9241034388542175,0.2841225286573282
V0236,REFUGE/Refuge/REFUGE-Validation400/REFUGE-Validation400/V0236.jpg,REFUGE-Validation400,0,5.220102310180664,0.9946223497390747,0.7837837837837838,37,29,1.4043710231781006,0.8028765878668586
V0237,REFUGE/Refuge/REFUGE-Validation400/REFUGE-Validation400/V0237.jpg,REFUGE-Validation400,0,-1.7797811031341553,0.14433017373085022,0.8541666666666666,48,41,-1.2905752658843994,0.21575545701941937
V0238,REFUGE/Refuge/REFUGE-Validation400/REFUGE-Validation400/V0238.jpg,REFUGE-Validation400,0,2.8569376468658447,0.9456761479377747,0.975609756097561,41,40,1.349025011062622,0.793970183728126
V0239,REFUGE/Refuge/REFUGE-Validation400/REFUGE-Validation400/V0239.jpg,REFUGE-Validation400,0,-5.407168865203857,0.004464298486709595,0.813953488372093,43,35,-0.4584716558456421,0.38734845214014113
V0240,REFUGE/Refuge/REFUGE-Validation400/REFUGE-Validation400/V0240.jpg,REFUGE-Validation400,0,1.500063419342041,0.8175839185714722,0.6129032258064516,31,19,-0.0769691914319992,0.4807671962097447
V0241,REFUGE/Refuge/REFUGE-Validation400/REFUGE-Validation400/V0241.jpg,REFUGE-Validation400,0,-0.9536618590354919,0.27814897894859314,0.7317073170731707,41,30,1.1979320049285889,0.7681566944009148
V0242,REFUGE/Refuge/REFUGE-Validation400/REFUGE-Validation400/V0242.jpg,REFUGE-Validation400,1,4.033190727233887,0.9825907349586487,0.95,40,38,2.3244102001190186,0.9108786046356685
V0243,REFUGE/Refuge/REFUGE-Validation400/REFUGE-Validation400/V0243.jpg,REFUGE-Validation400,0,2.3095638751983643,0.9096660017967224,0.36666666666666664,30,11,1.1622915267944336,0.7617488478215344
V0244,REFUGE/Refuge/REFUGE-Validation400/REFUGE-Validation400/V0244.jpg,REFUGE-Validation400,0,-1.2825382947921753,0.21711845695972443,0.8260869565217391,46,38,1.6718742847442627,0.841825552011505
V0245,REFUGE/Refuge/REFUGE-Validation400/REFUGE-Validation400/V0245.jpg,REFUGE-Validation400,0,-0.7920919060707092,0.311719685792923,0.8292682926829268,41,34,2.236238956451416,0.9034569079975722
V0246,REFUGE/Refuge/REFUGE-Validation400/REFUGE-Validation400/V0246.jpg,REFUGE-Validation400,0,-3.7819206714630127,0.022271575406193733,0.8536585365853658,41,35,0.6702733635902405,0.6615643671814047
V0247,REFUGE/Refuge/REFUGE-Validation400/REFUGE-Validation400/V0247.jpg,REFUGE-Validation400,1,1.080493450164795,0.7465873956680298,0.7906976744186046,43,34,1.5203802585601807,0.8205944687733745
V0248,REFUGE/Refuge/REFUGE-Validation400/REFUGE-Validation400/V0248.jpg,REFUGE-Validation400,0,-5.403143405914307,0.004482225049287081,0.7777777777777778,45,35,-1.7786719799041748,0.14446719513994127
V0249,REFUGE/Refuge/REFUGE-Validation400/REFUGE-Validation400/V0249.jpg,REFUGE-Validation400,0,-2.370265245437622,0.08546840399503708,0.6956521739130435,46,32,-1.0324938297271729,0.26260090899253036
V0250,REFUGE/Refuge/REFUGE-Validation400/REFUGE-Validation400/V0250.jpg,REFUGE-Validation400,0,0.5957775712013245,0.644689679145813,0.9111111111111111,45,41,1.885448694229126,0.8682357220890897
V0251,REFUGE/Refuge/REFUGE-Validation400/REFUGE-Validation400/V0251.jpg,REFUGE-Validation400,0,1.6033778190612793,0.8324899077415466,0.8809523809523809,42,37,0.9318188428878784,0.7174441435468096
V0252,REFUGE/Refuge/REFUGE-Validation400/REFUGE-Validation400/V0252.jpg,REFUGE-Validation400,1,3.66414213180542,0.9750140905380249,0.8571428571428571,35,30,2.041226387023926,0.8850580875644893
V0253,REFUGE/Refuge/REFUGE-Validation400/REFUGE-Validation400/V0253.jpg,REFUGE-Validation400,0,-3.7663257122039795,0.022613709792494774,0.6444444444444445,45,29,-0.7809609770774841,0.3141128104650333
V0254,REFUGE/Refuge/REFUGE-Validation400/REFUGE-Validation400/V0254.jpg,REFUGE-Validation400,0,-7.767016887664795,0.0004232953942846507,0.5238095238095238,42,22,-1.3768210411071777,0.20152003978119035
V0255,REFUGE/Refuge/REFUGE-Validation400/REFUGE-Validation400/V0255.jpg,REFUGE-Validation400,0,0.17214041948318481,0.5429291129112244,0.9047619047619048,42,38,0.6416834592819214,0.6551339096724488
V0256,REFUGE/Refuge/REFUGE-Validation400/REFUGE-Validation400/V0256.jpg,REFUGE-Validation400,0,-7.77491569519043,0.00041996643994934857,0.6097560975609756,41,25,-2.5726723670959473,0.0709180233744965
V0257,REFUGE/Refuge/REFUGE-Validation400/REFUGE-Validation400/V0257.jpg,REFUGE-Validation400,0,-6.288381099700928,0.0018543199403211474,0.825,40,33,-3.197755813598633,0.03925026289663406
V0258,REFUGE/Refuge/REFUGE-Validation400/REFUGE-Validation400/V0258.jpg,REFUGE-Validation400,0,-1.466172456741333,0.18752509355545044,0.36,25,9,-1.6639313697814941,0.15923496296897585
V0259,REFUGE/Refuge/REFUGE-Validation400/REFUGE-Validation400/V0259.jpg,REFUGE-Validation400,0,-3.5081188678741455,0.029082104563713074,0.782608695652174,46,36,-0.42783403396606445,0.3946436626888189
V0260,REFUGE/Refuge/REFUGE-Validation400/REFUGE-Validation400/V0260.jpg,REFUGE-Validation400,0,-4.9826226234436035,0.006809372920542955,0.8627450980392157,51,44,-0.2834462821483612,0.4296090773681521
V0261,REFUGE/Refuge/REFUGE-Validation400/REFUGE-Validation400/V0261.jpg,REFUGE-Validation400,0,-3.7525763511657715,0.022919604554772377,0.7441860465116279,43,32,-1.2934274673461914,0.21527324142763093
V0262,REFUGE/Refuge/REFUGE-Validation400/REFUGE-Validation400/V0262.jpg,REFUGE-Validation400,0,-3.18754506111145,0.03963712230324745,0.8695652173913043,46,40,-1.4562788009643555,0.1890371328096715
V0263,REFUGE/Refuge/REFUGE-Validation400/REFUGE-Validation400/V0263.jpg,REFUGE-Validation400,0,0.7700422406196594,0.6835300326347351,0.7954545454545454,44,35,0.4978042542934418,0.6219431842306103
V0264,REFUGE/Refuge/REFUGE-Validation400/REFUGE-Validation400/V0264.jpg,REFUGE-Validation400,0,-4.270535469055176,0.013781708665192127,0.88,50,44,-0.14993812143802643,0.4625855376409154
V0265,REFUGE/Refuge/REFUGE-Validation400/REFUGE-Validation400/V0265.jpg,REFUGE-Validation400,0,-1.520390510559082,0.17940402030944824,0.8367346938775511,49,41,-2.173891067504883,0.10211970376393936
V0266,REFUGE/Refuge/REFUGE-Validation400/REFUGE-Validation400/V0266.jpg,REFUGE-Validation400,0,-2.4619197845458984,0.07857124507427216,0.8888888888888888,36,32,-0.3142279088497162,0.422083091164656
V0267,REFUGE/Refuge/REFUGE-Validation400/REFUGE-Validation400/V0267.jpg,REFUGE-Validation400,0,2.6477315425872803,0.9338710904121399,0.8421052631578947,38,32,0.2568874955177307,0.5638710159190296
V0268,REFUGE/Refuge/REFUGE-Validation400/REFUGE-Validation400/V0268.jpg,REFUGE-Validation400,0,0.33724266290664673,0.5835205912590027,0.7708333333333334,48,37,1.4232338666915894,0.8058448841422642
V0269,REFUGE/Refuge/REFUGE-Validation400/REFUGE-Validation400/V0269.jpg,REFUGE-Validation400,0,-1.8926087617874146,0.1309473067522049,0.7407407407407407,54,40,0.655268132686615,0.658196640442087
V0270,REFUGE/Refuge/REFUGE-Validation400/REFUGE-Validation400/V0270.jpg,REFUGE-Validation400,1,0.43580085039138794,0.6072579622268677,0.8536585365853658,41,35,0.7067339420318604,0.6696790791645899
V0271,REFUGE/Refuge/REFUGE-Validation400/REFUGE-Validation400/V0271.jpg,REFUGE-Validation400,1,2.9629628658294678,0.950872540473938,0.8260869565217391,46,38,3.54470157623291,0.9719332513275866
V0272,REFUGE/Refuge/REFUGE-Validation400/REFUGE-Validation400/V0272.jpg,REFUGE-Validation400,0,5.381478309631348,0.9954200983047485,0.0,21,0,-0.2377324253320694,0.44084523429989286
V0273,REFUGE/Refuge/REFUGE-Validation400/REFUGE-Validation400/V0273.jpg,REFUGE-Validation400,0,-0.011473597958683968,0.4971316158771515,0.7045454545454546,44,31,-1.1400984525680542,0.24230228544487592
V0274,REFUGE/Refuge/REFUGE-Validation400/REFUGE-Validation400/V0274.jpg,REFUGE-Validation400,0,-0.7247844934463501,0.3263402581214905,0.7692307692307693,39,30,0.4152638614177704,0.6023493798968448
V0275,REFUGE/Refuge/REFUGE-Validation400/REFUGE-Validation400/V0275.jpg,REFUGE-Validation400,0,-7.294666290283203,0.0006786906160414219,0.5555555555555556,45,25,-2.794964551925659,0.05759688934118244
V0276,REFUGE/Refuge/REFUGE-Validation400/REFUGE-Validation400/V0276.jpg,REFUGE-Validation400,0,-1.4401261806488037,0.19152580201625824,0.8076923076923077,52,42,1.7063331604003906,0.8463600731926465
V0277,REFUGE/Refuge/REFUGE-Validation400/REFUGE-Validation400/V0277.jpg,REFUGE-Validation400,0,-3.0933544635772705,0.04338221251964569,0.88,50,44,-0.07669742405414581,0.480835037881434
V0278,REFUGE/Refuge/REFUGE-Validation400/REFUGE-Validation400/V0278.jpg,REFUGE-Validation400,0,0.7850669026374817,0.6867710947990417,0.8857142857142857,35,31,1.7548521757125854,0.8525637585796205
V0279,REFUGE/Refuge/REFUGE-Validation400/REFUGE-Validation400/V0279.jpg,REFUGE-Validation400,0,-1.147322654724121,0.2409784346818924,0.9047619047619048,42,38,0.551447331905365,0.6344713178389448
V0280,REFUGE/Refuge/REFUGE-Validation400/REFUGE-Validation400/V0280.jpg,REFUGE-Validation400,0,0.44720226526260376,0.6099738478660583,0.3333333333333333,24,8,-1.4916527271270752,0.18367379170127332
V0281,REFUGE/Refuge/REFUGE-Validation400/REFUGE-Validation400/V0281.jpg,REFUGE-Validation400,0,-0.23093372583389282,0.4425218105316162,0.8775510204081632,49,43,1.0907907485961914,0.7485305954760003
V0282,REFUGE/Refuge/REFUGE-Validation400/REFUGE-Validation400/V0282.jpg,REFUGE-Validation400,0,-4.153484344482422,0.015466609969735146,0.75,40,30,-0.7100174427032471,0.3295949860027922
V0283,REFUGE/Refuge/REFUGE-Validation400/REFUGE-Validation400/V0283.jpg,REFUGE-Validation400,0,3.0430383682250977,0.9544810056686401,0.8378378378378378,37,31,3.144412040710449,0.9586879751405306
V0284,REFUGE/Refuge/REFUGE-Validation400/REFUGE-Validation400/V0284.jpg,REFUGE-Validation400,0,-1.3816219568252563,0.20074863731861115,0.7619047619047619,42,32,1.2288602590560913,0.7736190306951648
V0285,REFUGE/Refuge/REFUGE-Validation400/REFUGE-Validation400/V0285.jpg,REFUGE-Validation400,1,4.886230945587158,0.9925066828727722,0.9230769230769231,39,36,0.9567238092422485,0.7224653778987646
V0286,REFUGE/Refuge/REFUGE-Validation400/REFUGE-Validation400/V0286.jpg,REFUGE-Validation400,0,-3.9972786903381348,0.01803433895111084,0.8536585365853658,41,35,0.14485208690166473,0.5361498354483727
V0287,REFUGE/Refuge/REFUGE-Validation400/REFUGE-Validation400/V0287.jpg,REFUGE-Validation400,0,0.5481550693511963,0.6337074637413025,0.8333333333333334,42,35,2.170332670211792,0.8975535600159082
V0288,REFUGE/Refuge/REFUGE-Validation400/REFUGE-Validation400/V0288.jpg,REFUGE-Validation400,0,2.5016629695892334,0.924258291721344,0.5813953488372093,43,25,0.27703142166137695,0.5688182876595762
V0289,REFUGE/Refuge/REFUGE-Validation400/REFUGE-Validation400/V0289.jpg,REFUGE-Validation400,0,0.1043737530708313,0.5260698199272156,0.7435897435897436,39,29,1.4685641527175903,0.8128390462125699
V0290,REFUGE/Refuge/REFUGE-Validation400/REFUGE-Validation400/V0290.jpg,REFUGE-Validation400,0,-1.1293764114379883,0.24427621066570282,0.8095238095238095,42,34,-1.839071273803711,0.13716116841326315
V0291,REFUGE/Refuge/REFUGE-Validation400/REFUGE-Validation400/V0291.jpg,REFUGE-Validation400,0,-7.727417469024658,0.0004403864440973848,0.8913043478260869,46,41,-0.6191542744636536,0.34997382292377743
V0292,REFUGE/Refuge/REFUGE-Validation400/REFUGE-Validation400/V0292.jpg,REFUGE-Validation400,0,1.9730656147003174,0.8779399991035461,0.0,21,0,-0.05730457976460457,0.48567777413920654
V0293,REFUGE/Refuge/REFUGE-Validation400/REFUGE-Validation400/V0293.jpg,REFUGE-Validation400,0,-11.312686920166016,1.2216791219543666e-05,0.7674418604651163,43,33,-1.5866003036499023,0.16986274815159955
V0294,REFUGE/Refuge/REFUGE-Validation400/REFUGE-Validation400/V0294.jpg,REFUGE-Validation400,0,0.09912121295928955,0.5247600078582764,0.7872340425531915,47,37,1.5453040599822998,0.8242344570367687
V0295,REFUGE/Refuge/REFUGE-Validation400/REFUGE-Validation400/V0295.jpg,REFUGE-Validation400,0,2.4567818641662598,0.9210560321807861,0.9347826086956522,46,43,0.12182214856147766,0.5304179279923145
V0296,REFUGE/Refuge/REFUGE-Validation400/REFUGE-Validation400/V0296.jpg,REFUGE-Validation400,0,-1.0943057537078857,0.25080835819244385,0.7380952380952381,42,31,0.8825281858444214,0.7073458492389646
V0297,REFUGE/Refuge/REFUGE-Validation400/REFUGE-Validation400/V0297.jpg,REFUGE-Validation400,0,-2.4138834476470947,0.08212012052536011,0.88,50,44,0.9245190620422363,0.7159620002324408
V0298,REFUGE/Refuge/REFUGE-Validation400/REFUGE-Validation400/V0298.jpg,REFUGE-Validation400,0,-0.2323428988456726,0.44217416644096375,0.47058823529411764,34,16,-0.9140110015869141,0.2861797639841977
V0299,REFUGE/Refuge/REFUGE-Validation400/REFUGE-Validation400/V0299.jpg,REFUGE-Validation400,0,-5.132774829864502,0.005865557584911585,0.7659574468085106,47,36,-0.24868382513523102,0.4381474810736057
V0300,REFUGE/Refuge/REFUGE-Validation400/REFUGE-Validation400/V0300.jpg,REFUGE-Validation400,0,-4.815004825592041,0.008041984401643276,0.7755102040816326,49,38,-0.4887441098690033,0.3801894678722259
V0301,REFUGE/Refuge/REFUGE-Validation400/REFUGE-Validation400/V0301.jpg,REFUGE-Validation400,0,-0.009901465848088264,0.4975246489048004,0.9555555555555556,45,43,-0.15080325305461884,0.4623704727590615
V0302,REFUGE/Refuge/REFUGE-Validation400/REFUGE-Validation400/V0302.jpg,REFUGE-Validation400,0,2.440908670425415,0.9198940992355347,0.6551724137931034,29,19,1.1435880661010742,0.7583378030327457
V0303,REFUGE/Refuge/REFUGE-Validation400/REFUGE-Validation400/V0303.jpg,REFUGE-Validation400,0,0.6440618634223938,0.6556710600852966,0.7560975609756098,41,31,0.5209927558898926,0.627379876525923
V0304,REFUGE/Refuge/REFUGE-Validation400/REFUGE-Validation400/V0304.jpg,REFUGE-Validation400,0,3.4377527236938477,0.968863844871521,0.8421052631578947,38,32,1.6460877656936646,0.8383615995018388
V0305,REFUGE/Refuge/REFUGE-Validation400/REFUGE-Validation400/V0305.jpg,REFUGE-Validation400,0,-0.6934848427772522,0.3332583010196686,0.5897435897435898,39,23,0.8888822793960571,0.7086594604273007
V0306,REFUGE/Refuge/REFUGE-Validation400/REFUGE-Validation400/V0306.jpg,REFUGE-Validation400,0,-5.331711292266846,0.004812515340745449,0.9166666666666666,48,44,0.45346811413764954,0.6114634920576144
V0307,REFUGE/Refuge/REFUGE-Validation400/REFUGE-Validation400/V0307.jpg,REFUGE-Validation400,0,0.1549375057220459,0.5386570692062378,0.7954545454545454,44,35,1.0279746055603027,0.7365230424993539
V0308,REFUGE/Refuge/REFUGE-Validation400/REFUGE-Validation400/V0308.jpg,REFUGE-Validation400,0,3.737124443054199,0.9767317771911621,0.6842105263157895,38,26,2.280736207962036,0.9072690040745366
V0309,REFUGE/Refuge/REFUGE-Validation400/REFUGE-Validation400/V0309.jpg,REFUGE-Validation400,0,-1.9515548944473267,0.12438391149044037,0.9069767441860465,43,39,-0.47308796644210815,0.38388562426652195
V0310,REFUGE/Refuge/REFUGE-Validation400/REFUGE-Validation400/V0310.jpg,REFUGE-Validation400,0,0.9809120297431946,0.7272891402244568,0.0,0,0,-1.3757551908493042,0.20169160000371641
V0311,REFUGE/Refuge/REFUGE-Validation400/REFUGE-Validation400/V0311.jpg,REFUGE-Validation400,0,0.9215747714042664,0.7153628468513489,0.9333333333333333,45,42,1.6005170345306396,0.8320906354360316
V0312,REFUGE/Refuge/REFUGE-Validation400/REFUGE-Validation400/V0312.jpg,REFUGE-Validation400,0,-2.295795440673828,0.09147178381681442,0.7692307692307693,39,30,0.34905993938446045,0.5863895981201747
V0313,REFUGE/Refuge/REFUGE-Validation400/REFUGE-Validation400/V0313.jpg,REFUGE-Validation400,0,0.6056216359138489,0.6469413638114929,0.8372093023255814,43,36,-0.062472034245729446,0.4843870688954684
V0314,REFUGE/Refuge/REFUGE-Validation400/REFUGE-Validation400/V0314.jpg,REFUGE-Validation400,0,-6.030627727508545,0.0023982191924005747,0.5714285714285714,70,40,-2.462569236755371,0.07852423045880738
V0315,REFUGE/Refuge/REFUGE-Validation400/REFUGE-Validation400/V0315.jpg,REFUGE-Validation400,0,2.293729782104492,0.9083564281463623,0.9318181818181818,44,41,0.8514652252197266,0.7008744165467827
V0316,REFUGE/Refuge/REFUGE-Validation400/REFUGE-Validation400/V0316.jpg,REFUGE-Validation400,0,-5.6641387939453125,0.003456146689131856,0.6285714285714286,35,22,-1.5537126064300537,0.17455069911618748
V0317,REFUGE/Refuge/REFUGE-Validation400/REFUGE-Validation400/V0317.jpg,REFUGE-Validation400,0,7.5695977210998535,0.9994843006134033,0.0,12,0,1.697033166885376,0.8451468521102306
V0318,REFUGE/Refuge/REFUGE-Validation400/REFUGE-Validation400/V0318.jpg,REFUGE-Validation400,0,-1.9262900352478027,0.12716178596019745,0.717948717948718,39,28,0.8278284072875977,0.6958955622688943
V0319,REFUGE/Refuge/REFUGE-Validation400/REFUGE-Validation400/V0319.jpg,REFUGE-Validation400,1,2.6640539169311523,0.9348719716072083,0.6111111111111112,18,11,0.6226508617401123,0.6508212053544485
V0320,REFUGE/Refuge/REFUGE-Validation400/REFUGE-Validation400/V0320.jpg,REFUGE-Validation400,0,-1.8969594240188599,0.13045300543308258,0.8936170212765957,47,42,-0.03061370737850666,0.4923471708314087
V0321,REFUGE/Refuge/REFUGE-Validation400/REFUGE-Validation400/V0321.jpg,REFUGE-Validation400,0,-1.2332487106323242,0.2256133109331131,0.8297872340425532,47,39,0.32268381118774414,0.579978177893682
V0322,REFUGE/Refuge/REFUGE-Validation400/REFUGE-Validation400/V0322.jpg,REFUGE-Validation400,0,-0.8245052695274353,0.3048081398010254,0.7924528301886793,53,42,0.2509102523326874,0.5624005323139443
V0323,REFUGE/Refuge/REFUGE-Validation400/REFUGE-Validation400/V0323.jpg,REFUGE-Validation400,0,-2.3187456130981445,0.08958230912685394,0.4722222222222222,36,17,-1.7797220945358276,0.14433745317708754
V0324,REFUGE/Refuge/REFUGE-Validation400/REFUGE-Validation400/V0324.jpg,REFUGE-Validation400,0,-2.477302312850952,0.07746477425098419,0.8043478260869565,46,37,-0.13088630139827728,0.46732505814929104
V0325,REFUGE/Refuge/REFUGE-Validation400/REFUGE-Validation400/V0325.jpg,REFUGE-Validation400,0,-1.2687733173370361,0.21946731209754944,0.7105263157894737,38,27,1.6240689754486084,0.8353555270635972
V0326,REFUGE/Refuge/REFUGE-Validation400/REFUGE-Validation400/V0326.jpg,REFUGE-Validation400,0,3.3699662685394287,0.9667525887489319,0.7435897435897436,39,29,0.7262710332870483,0.6739864437057616
V0327,REFUGE/Refuge/REFUGE-Validation400/REFUGE-Validation400/V0327.jpg,REFUGE-Validation400,0,-2.974755048751831,0.04857947304844856,0.9,40,36,-1.5406063795089722,0.17644714233253705
V0328,REFUGE/Refuge/REFUGE-Validation400/REFUGE-Validation400/V0328.jpg,REFUGE-Validation400,0,1.0240411758422852,0.7357590198516846,0.6153846153846154,39,24,1.3406555652618408,0.7925977282362661
V0329,REFUGE/Refuge/REFUGE-Validation400/REFUGE-Validation400/V0329.jpg,REFUGE-Validation400,0,1.0825135707855225,0.7469694018363953,0.6904761904761905,42,29,-0.09234492480754852,0.476930160636815
V0330,REFUGE/Refuge/REFUGE-Validation400/REFUGE-Validation400/V0330.jpg,REFUGE-Validation400,0,-7.3303093910217285,0.0006549415993504226,0.8055555555555556,36,29,-1.8866074085235596,0.1316317747046194
V0331,REFUGE/Refuge/REFUGE-Validation400/REFUGE-Validation400/V0331.jpg,REFUGE-Validation400,0,-7.533812046051025,0.0005344102974049747,0.7209302325581395,43,31,-1.5811021327972412,0.17063944977092171
V0332,REFUGE/Refuge/REFUGE-Validation400/REFUGE-Validation400/V0332.jpg,REFUGE-Validation400,0,-7.9066643714904785,0.0003681453817989677,0.6862745098039216,51,35,-0.29563966393470764,0.4266237479954767
V0333,REFUGE/Refuge/REFUGE-Validation400/REFUGE-Validation400/V0333.jpg,REFUGE-Validation400,1,4.405386924743652,0.9879360198974609,0.8421052631578947,38,32,0.9380120038986206,0.7186979166140935
V0334,REFUGE/Refuge/REFUGE-Validation400/REFUGE-Validation400/V0334.jpg,REFUGE-Validation400,0,-3.698176145553589,0.024170001968741417,0.8292682926829268,41,34,-0.6956368684768677,0.3327802991178963
V0335,REFUGE/Refuge/REFUGE-Validation400/REFUGE-Validation400/V0335.jpg,REFUGE-Validation400,0,-2.3569860458374023,0.08651208132505417,0.8636363636363636,44,38,0.7519014477729797,0.6795928738923509
V0336,REFUGE/Refuge/REFUGE-Validation400/REFUGE-Validation400/V0336.jpg,REFUGE-Validation400,0,-5.218380451202393,0.005386917851865292,0.8780487804878049,41,36,-0.32416775822639465,0.41966037039179405
V0337,REFUGE/Refuge/REFUGE-Validation400/REFUGE-Validation400/V0337.jpg,REFUGE-Validation400,0,-0.25614815950393677,0.4363108277320862,0.78,50,39,-1.098628044128418,0.24999704586282823
V0338,REFUGE/Refuge/REFUGE-Validation400/REFUGE-Validation400/V0338.jpg,REFUGE-Validation400,0,8.140668869018555,0.9997085928916931,0.7272727272727273,33,24,1.3180391788482666,0.78885529199698
V0339,REFUGE/Refuge/REFUGE-Validation400/REFUGE-Validation400/V0339.jpg,REFUGE-Validation400,0,1.3225266933441162,0.7896018028259277,0.7555555555555555,45,34,-1.3535423278808594,0.20529184791514546
V0340,REFUGE/Refuge/REFUGE-Validation400/REFUGE-Validation400/V0340.jpg,REFUGE-Validation400,0,-3.572263479232788,0.027324587106704712,0.7446808510638298,47,35,-1.356410264968872,0.2048243477353047
V0341,REFUGE/Refuge/REFUGE-Validation400/REFUGE-Validation400/V0341.jpg,REFUGE-Validation400,0,-4.079135894775391,0.016640491783618927,0.8043478260869565,46,37,0.6494351625442505,0.6568831665577977
V0342,REFUGE/Refuge/REFUGE-Validation400/REFUGE-Validation400/V0342.jpg,REFUGE-Validation400,1,1.6283397674560547,0.8359420299530029,0.813953488372093,43,35,2.017580270767212,0.8826305720608011
V0343,REFUGE/Refuge/REFUGE-Validation400/REFUGE-Validation400/V0343.jpg,REFUGE-Validation400,0,-2.003173828125,0.11887010186910629,0.6666666666666666,42,28,-0.550072431564331,0.36584760447593795
V0344,REFUGE/Refuge/REFUGE-Validation400/REFUGE-Validation400/V0344.jpg,REFUGE-Validation400,1,2.781654119491577,0.9416763186454773,0.75,36,27,2.448258638381958,0.9204340151132557
V0345,REFUGE/Refuge/REFUGE-Validation400/REFUGE-Validation400/V0345.jpg,REFUGE-Validation400,0,-0.4373937249183655,0.39236220717430115,0.8444444444444444,45,38,1.1352651119232178,0.7568092475288833
V0346,REFUGE/Refuge/REFUGE-Validation400/REFUGE-Validation400/V0346.jpg,REFUGE-Validation400,0,-0.48457151651382446,0.38117319345474243,0.6046511627906976,43,26,-0.6113020777702332,0.3517622336233826
V0347,REFUGE/Refuge/REFUGE-Validation400/REFUGE-Validation400/V0347.jpg,REFUGE-Validation400,1,2.8255021572113037,0.9440385103225708,0.9591836734693877,49,47,3.7679824829101562,0.9774228820608546
V0348,REFUGE/Refuge/REFUGE-Validation400/REFUGE-Validation400/V0348.jpg,REFUGE-Validation400,0,1.6458609104156494,0.838330864906311,0.8653846153846154,52,45,1.2672343254089355,0.7802689424485435
V0349,REFUGE/Refuge/REFUGE-Validation400/REFUGE-Validation400/V0349.jpg,REFUGE-Validation400,0,-0.6774755120277405,0.3368249535560608,0.7714285714285715,35,27,0.7745696306228638,0.6845085666018059
V0350,REFUGE/Refuge/REFUGE-Validation400/REFUGE-Validation400/V0350.jpg,REFUGE-Validation400,0,-7.084871768951416,0.0008369810529984534,0.75,44,33,-1.2138392925262451,0.2290224374459641
V0351,REFUGE/Refuge/REFUGE-Validation400/REFUGE-Validation400/V0351.jpg,REFUGE-Validation400,0,4.187535762786865,0.9850434064865112,0.7441860465116279,43,32,3.477579355239868,0.9700430573912202
V0352,REFUGE/Refuge/REFUGE-Validation400/REFUGE-Validation400/V0352.jpg,REFUGE-Validation400,0,-5.016279220581055,0.006585490424185991,0.8837209302325582,43,38,-2.2130565643310547,0.09858411723978464
V0353,REFUGE/Refuge/REFUGE-Validation400/REFUGE-Validation400/V0353.jpg,REFUGE-Validation400,0,-1.5754001140594482,0.17144791781902313,0.7380952380952381,42,31,-2.329472541809082,0.08871129456991117
V0354,REFUGE/Refuge/REFUGE-Validation400/REFUGE-Validation400/V0354.jpg,REFUGE-Validation400,0,-0.5713831782341003,0.36091768741607666,0.8421052631578947,38,32,0.2534772753715515,0.5630321910032667
V0355,REFUGE/Refuge/REFUGE-Validation400/REFUGE-Validation400/V0355.jpg,REFUGE-Validation400,0,-5.336923122406006,0.0047876182943582535,0.8444444444444444,45,38,-0.22478483617305756,0.4440392259635376
V0356,REFUGE/Refuge/REFUGE-Validation400/REFUGE-Validation400/V0356.jpg,REFUGE-Validation400,0,-1.1444041728973389,0.24151268601417542,0.725,40,29,1.8084224462509155,0.8591711045187357
V0357,REFUGE/Refuge/REFUGE-Validation400/REFUGE-Validation400/V0357.jpg,REFUGE-Validation400,0,-0.2999357581138611,0.4255731701850891,0.9534883720930233,43,41,1.2100398540496826,0.7703060006855358
V0358,REFUGE/Refuge/REFUGE-Validation400/REFUGE-Validation400/V0358.jpg,REFUGE-Validation400,0,-3.843738317489624,0.020964480936527252,0.8181818181818182,44,36,-0.7276431918144226,0.32571212567087227
V0359,REFUGE/Refuge/REFUGE-Validation400/REFUGE-Validation400/V0359.jpg,REFUGE-Validation400,0,4.192385196685791,0.9851146936416626,0.625,32,20,2.1280062198638916,0.8935955834043282
V0360,REFUGE/Refuge/REFUGE-Validation400/REFUGE-Validation400/V0360.jpg,REFUGE-Validation400,0,-2.881624937057495,0.05306941643357277,0.5609756097560976,41,23,0.8545651435852051,0.7015239078307347
V0361,REFUGE/Refuge/REFUGE-Validation400/REFUGE-Validation400/V0361.jpg,REFUGE-Validation400,0,-0.8956610560417175,0.2899429500102997,0.7804878048780488,41,32,0.8569973707199097,0.7020329375318589
V0362,REFUGE/Refuge/REFUGE-Validation400/REFUGE-Validation400/V0362.jpg,REFUGE-Validation400,0,-2.435014009475708,0.08054137974977493,0.7674418604651163,43,33,-0.7472065091133118,0.32143029292920117
V0363,REFUGE/Refuge/REFUGE-Validation400/REFUGE-Validation400/V0363.jpg,REFUGE-Validation400,0,2.2522857189178467,0.9048475027084351,0.7142857142857143,35,25,2.59141206741333,0.9303068256249534
V0364,REFUGE/Refuge/REFUGE-Validation400/REFUGE-Validation400/V0364.jpg,REFUGE-Validation400,0,8.237515449523926,0.9997355341911316,0.7272727272727273,44,32,2.601137161254883,0.9309347295725567
V0365,REFUGE/Refuge/REFUGE-Validation400/REFUGE-Validation400/V0365.jpg,REFUGE-Validation400,0,1.8795855045318604,0.8675635457038879,0.8297872340425532,47,39,1.406874418258667,0.8032724892362122
V0366,REFUGE/Refuge/REFUGE-Validation400/REFUGE-Validation400/V0366.jpg,REFUGE-Validation400,0,-0.8858231902122498,0.2919725179672241,0.7391304347826086,46,34,-0.7912350296974182,0.31190354612862886
V0367,REFUGE/Refuge/REFUGE-Validation400/REFUGE-Validation400/V0367.jpg,REFUGE-Validation400,0,-0.1954546570777893,0.4512912929058075,0.926829268292683,41,38,0.4884816110134125,0.6197486735252904
V0368,REFUGE/Refuge/REFUGE-Validation400/REFUGE-Validation400/V0368.jpg,REFUGE-Validation400,0,-2.1954545974731445,0.1001594141125679,0.8367346938775511,49,41,-2.6076412200927734,0.06864826055657551
V0369,REFUGE/Refuge/REFUGE-Validation400/REFUGE-Validation400/V0369.jpg,REFUGE-Validation400,0,-3.038450002670288,0.04571874812245369,0.7045454545454546,44,31,1.1214659214019775,0.754260528565012
V0370,REFUGE/Refuge/REFUGE-Validation400/REFUGE-Validation400/V0370.jpg,REFUGE-Validation400,0,-3.771625280380249,0.022496871650218964,0.8292682926829268,41,34,0.7636418342590332,0.6821438926812584
V0371,REFUGE/Refuge/REFUGE-Validation400/REFUGE-Validation400/V0371.jpg,REFUGE-Validation400,0,-1.9633405208587646,0.1231059804558754,0.6571428571428571,35,23,0.07214726507663727,0.5180289965279448
V0372,REFUGE/Refuge/REFUGE-Validation400/REFUGE-Validation400/V0372.jpg,REFUGE-Validation400,0,-0.5704049468040466,0.3611433804035187,0.8863636363636364,44,39,-0.5021997094154358,0.377023868341235
V0373,REFUGE/Refuge/REFUGE-Validation400/REFUGE-Validation400/V0373.jpg,REFUGE-Validation400,0,-3.9088990688323975,0.019667984917759895,0.8478260869565217,46,39,0.3620978891849518,0.5895481788407753
V0374,REFUGE/Refuge/REFUGE-Validation400/REFUGE-Validation400/V0374.jpg,REFUGE-Validation400,0,2.766043186187744,0.9408130645751953,0.9487179487179487,39,37,1.300125002861023,0.7858560200676884
V0375,REFUGE/Refuge/REFUGE-Validation400/REFUGE-Validation400/V0375.jpg,REFUGE-Validation400,0,0.5710969567298889,0.6390162706375122,0.7575757575757576,33,25,0.22337277233600616,0.555612152617732
V0376,REFUGE/Refuge/REFUGE-Validation400/REFUGE-Validation400/V0376.jpg,REFUGE-Validation400,0,-3.2511544227600098,0.03728543221950531,0.7631578947368421,38,29,-0.7265805006027222,0.32594556109950207
V0377,REFUGE/Refuge/REFUGE-Validation400/REFUGE-Validation400/V0377.jpg,REFUGE-Validation400,0,-0.5375415682792664,0.3687596619129181,0.8235294117647058,34,28,-0.9432379603385925,0.2802467539340844
V0378,REFUGE/Refuge/REFUGE-Validation400/REFUGE-Validation400/V0378.jpg,REFUGE-Validation400,0,-1.9770557880401611,0.12163303047418594,0.8536585365853658,41,35,0.37428030371665955,0.5924928444057158
V0379,REFUGE/Refuge/REFUGE-Validation400/REFUGE-Validation400/V0379.jpg,REFUGE-Validation400,0,-2.939277410507202,0.0502457469701767,0.86,50,43,-0.7833880186080933,0.3135901502478846
V0380,REFUGE/Refuge/REFUGE-Validation400/REFUGE-Validation400/V0380.jpg,REFUGE-Validation400,0,-4.553966999053955,0.010415738448500633,0.8823529411764706,51,45,-0.6816307902336121,0.3358974243568411
V0381,REFUGE/Refuge/REFUGE-Validation400/REFUGE-Validation400/V0381.jpg,REFUGE-Validation400,0,0.7621849179267883,0.6818279027938843,0.8863636363636364,44,39,0.4937661588191986,0.6209932409292545
V0382,REFUGE/Refuge/REFUGE-Validation400/REFUGE-Validation400/V0382.jpg,REFUGE-Validation400,0,1.071932315826416,0.7449641823768616,0.8571428571428571,49,42,-0.8332543969154358,0.3029573851108413
V0383,REFUGE/Refuge/REFUGE-Validation400/REFUGE-Validation400/V0383.jpg,REFUGE-Validation400,1,3.8238203525543213,0.9786227941513062,0.925,40,37,1.2672796249389648,0.7802767089235539
V0384,REFUGE/Refuge/REFUGE-Validation400/REFUGE-Validation400/V0384.jpg,REFUGE-Validation400,0,-2.426189661026001,0.08119728416204453,0.6785714285714286,28,19,-2.4001612663269043,0.08316039995691961
V0385,REFUGE/Refuge/REFUGE-Validation400/REFUGE-Validation400/V0385.jpg,REFUGE-Validation400,1,0.3197987675666809,0.5792751908302307,0.8055555555555556,36,29,2.3333821296691895,0.9116042549751936
V0386,REFUGE/Refuge/REFUGE-Validation400/REFUGE-Validation400/V0386.jpg,REFUGE-Validation400,0,3.0004358291625977,0.9525938630104065,0.9285714285714286,42,39,2.108438491821289,0.8917206541237255
V0387,REFUGE/Refuge/REFUGE-Validation400/REFUGE-Validation400/V0387.jpg,REFUGE-Validation400,1,0.8764117360115051,0.7060781121253967,0.7317073170731707,41,30,2.574540615081787,0.9292049743422353
V0388,REFUGE/Refuge/REFUGE-Validation400/REFUGE-Validation400/V0388.jpg,REFUGE-Validation400,0,7.4662394523620605,0.9994282126426697,0.8235294117647058,34,28,0.7854655981063843,0.6868568782944947
V0389,REFUGE/Refuge/REFUGE-Validation400/REFUGE-Validation400/V0389.jpg,REFUGE-Validation400,0,0.19161516427993774,0.5477578043937683,0.8378378378378378,37,31,0.33725816011428833,0.5835243438847617
V0390,REFUGE/Refuge/REFUGE-Validation400/REFUGE-Validation400/V0390.jpg,REFUGE-Validation400,0,-3.601500988006592,0.02655816078186035,0.7878787878787878,33,26,1.2111157178878784,0.7704963029337821
V0391,REFUGE/Refuge/REFUGE-Validation400/REFUGE-Validation400/V0391.jpg,REFUGE-Validation400,0,0.35149985551834106,0.5869812369346619,0.8636363636363636,44,38,1.7354097366333008,0.8501030776782
V0392,REFUGE/Refuge/REFUGE-Validation400/REFUGE-Validation400/V0392.jpg,REFUGE-Validation400,0,2.340708017349243,0.9121928215026855,0.8095238095238095,42,34,-0.8049089908599854,0.30897641860715497
V0393,REFUGE/Refuge/REFUGE-Validation400/REFUGE-Validation400/V0393.jpg,REFUGE-Validation400,0,-0.5531983971595764,0.3651226758956909,0.30303030303030304,33,10,0.2608812749385834,0.5648529163495186
V0394,REFUGE/Refuge/REFUGE-Validation400/REFUGE-Validation400/V0394.jpg,REFUGE-Validation400,0,5.999392986297607,0.9975258708000183,0.6410256410256411,39,25,0.6101723909378052,0.6479801257811351
V0395,REFUGE/Refuge/REFUGE-Validation400/REFUGE-Validation400/V0395.jpg,REFUGE-Validation400,0,-0.8171624541282654,0.30636632442474365,0.8979591836734694,49,44,-1.4846951961517334,0.18471928485725433
V0396,REFUGE/Refuge/REFUGE-Validation400/REFUGE-Validation400/V0396.jpg,REFUGE-Validation400,0,-1.2741820812225342,0.2185421884059906,0.875,40,35,-1.5118242502212524,0.1806685967094322
V0397,REFUGE/Refuge/REFUGE-Validation400/REFUGE-Validation400/V0397.jpg,REFUGE-Validation400,0,6.288356304168701,0.9981456995010376,0.42857142857142855,42,18,0.8820583820343018,0.7072485867606116
V0398,REFUGE/Refuge/REFUGE-Validation400/REFUGE-Validation400/V0398.jpg,REFUGE-Validation400,0,-6.65156888961792,0.0012903265887871385,0.8043478260869565,46,37,-2.178131580352783,0.10173154125188548
V0399,REFUGE/Refuge/REFUGE-Validation400/REFUGE-Validation400/V0399.jpg,REFUGE-Validation400,0,5.971751689910889,0.9974567294120789,0.7058823529411765,51,36,2.75825834274292,0.9403780591020092
V0400,REFUGE/Refuge/REFUGE-Validation400/REFUGE-Validation400/V0400.jpg,REFUGE-Validation400,0,3.359614610671997,0.9664182662963867,0.75,44,33,3.048875093460083,0.9547339362383074
T0001,REFUGE/Refuge/Test400/T0001.jpg,Test400,0,-1.9978753328323364,0.1194261834025383,0.8260869565217391,46,38,-0.9408854842185974,0.28072151360387754
T0002,REFUGE/Refuge/Test400/T0002.jpg,Test400,0,0.2783433794975281,0.5691400170326233,0.6739130434782609,46,31,-1.0150071382522583,0.26600108977153786
T0003,REFUGE/Refuge/Test400/T0003.jpg,Test400,0,1.2910656929016113,0.784327507019043,0.75,36,27,-0.16338114440441132,0.4592453303116221
T0004,REFUGE/Refuge/Test400/T0004.jpg,Test400,0,0.07938796281814575,0.5198365449905396,0.8,45,36,2.4460954666137695,0.9202754505639265
T0005,REFUGE/Refuge/Test400/T0005.jpg,Test400,0,-5.332740306854248,0.004807589575648308,0.7681159420289855,69,53,-0.7903888821601868,0.31208517497629706
T0006,REFUGE/Refuge/Test400/T0006.jpg,Test400,0,-5.468494415283203,0.0041998643428087234,0.8085106382978723,47,38,-0.1871066838502884,0.4533593196619949
T0007,REFUGE/Refuge/Test400/T0007.jpg,Test400,0,2.2353808879852295,0.9033820629119873,0.6739130434782609,46,31,1.0060793161392212,0.7322521644489562
T0008,REFUGE/Refuge/Test400/T0008.jpg,Test400,0,-7.317080497741699,0.0006636574980802834,0.8222222222222222,45,37,-2.576234817504883,0.07068365679691975
T0009,REFUGE/Refuge/Test400/T0009.jpg,Test400,0,-4.920324802398682,0.00724390335381031,0.7916666666666666,48,38,0.9809955358505249,0.7273057077463603
T0010,REFUGE/Refuge/Test400/T0010.jpg,Test400,1,1.4570953845977783,0.8110880255699158,0.9210526315789473,38,35,2.952073097229004,0.9503613773939306
T0011,REFUGE/Refuge/Test400/T0011.jpg,Test400,0,-7.009852409362793,0.0009021272417157888,0.8048780487804879,41,33,-1.2657556533813477,0.21998467992639542
T0012,REFUGE/Refuge/Test400/T0012.jpg,Test400,0,2.4698214530944824,0.921998918056488,0.9038461538461539,52,47,1.831590175628662,0.8619510530375742
T0013,REFUGE/Refuge/Test400/T0013.jpg,Test400,0,-0.07054901123046875,0.4823700487613678,0.8611111111111112,36,31,-0.5274160504341125,0.3711197546156883
T0014,REFUGE/Refuge/Test400/T0014.jpg,Test400,0,-1.657311201095581,0.16012325882911682,0.5476190476190477,42,23,0.15342281758785248,0.5382806445648917
T0015,REFUGE/Refuge/Test400/T0015.jpg,Test400,0,-3.7177064418792725,0.023713618516921997,0.5116279069767442,43,22,-0.4089770019054413,0.399157442251953
T0016,REFUGE/Refuge/Test400/T0016.jpg,Test400,0,-2.1111900806427,0.10801395028829575,0.813953488372093,43,35,-2.586515188217163,0.07001133839690894
T0017,REFUGE/Refuge/Test400/T0017.jpg,Test400,1,0.2838175892829895,0.5704818964004517,0.9444444444444444,36,34,1.6068847179412842,0.8329784211266118
T0018,REFUGE/Refuge/Test400/T0018.jpg,Test400,0,-2.2219016551971436,0.09780088812112808,0.9024390243902439,41,37,-3.1535720825195312,0.04095075869813542
T0019,REFUGE/Refuge/Test400/T0019.jpg,Test400,0,-4.183069229125977,0.015022506937384605,0.9215686274509803,51,47,0.2583959996700287,0.5642419521944085
T0020,REFUGE/Refuge/Test400/T0020.jpg,Test400,0,1.3826298713684082,0.7994130253791809,0.8604651162790697,43,37,1.5369136333465576,0.8230156103278026
T0021,REFUGE/Refuge/Test400/T0021.jpg,Test400,0,4.790502071380615,0.9917601943016052,0.8367346938775511,49,41,1.7037744522094727,0.8460270573930704
T0022,REFUGE/Refuge/Test400/T0022.jpg,Test400,0,3.5004193782806396,0.970699667930603,0.8461538461538461,39,33,1.4552971124649048,0.8108123263431863
T0023,REFUGE/Refuge/Test400/T0023.jpg,Test400,0,-0.6500707268714905,0.34297361969947815,0.8888888888888888,45,40,1.3117953538894653,0.7878134284706796
T0024,REFUGE/Refuge/Test400/T0024.jpg,Test400,0,-11.108476638793945,1.498453912063269e-05,0.696969696969697,33,23,-1.1333295106887817,0.24354717502215975
T0025,REFUGE/Refuge/Test400/T0025.jpg,Test400,0,-1.8842225074768066,0.13190461695194244,0.7567567567567568,37,28,-0.7702740430831909,0.3164198282231966
T0026,REFUGE/Refuge/Test400/T0026.jpg,Test400,0,3.433436393737793,0.9687333703041077,0.717948717948718,39,28,3.1675567626953125,0.9595949605270492
T0027,REFUGE/Refuge/Test400/T0027.jpg,Test400,0,-2.462743043899536,0.07851165533065796,0.8043478260869565,46,37,0.0609440915286541,0.5152313088524996
T0028,REFUGE/Refuge/Test400/T0028.jpg,Test400,1,-0.9175998568534851,0.28544721007347107,0.7441860465116279,43,32,0.7134215831756592,0.6711567633282519
T0029,REFUGE/Refuge/Test400/T0029.jpg,Test400,0,-1.5483171939849854,0.17532944679260254,0.8913043478260869,46,41,0.8309206962585449,0.6965495710046388
T0030,REFUGE/Refuge/Test400/T0030.jpg,Test400,0,-7.346838474273682,0.0006442118901759386,0.9024390243902439,41,37,-1.5290110111236572,0.17813843274547403
T0031,REFUGE/Refuge/Test400/T0031.jpg,Test400,1,4.074440002441406,0.9832825064659119,0.8666666666666667,45,39,2.455014944076538,0.9209274113663678
T0032,REFUGE/Refuge/Test400/T0032.jpg,Test400,0,0.06218463182449341,0.515541136264801,0.775,40,31,-1.5100438594818115,0.18093229327025295
T0033,REFUGE/Refuge/Test400/T0033.jpg,Test400,0,-1.013188123703003,0.26635637879371643,0.95,40,38,-0.4342080354690552,0.39312194051239335
T0034,REFUGE/Refuge/Test400/T0034.jpg,Test400,0,-4.044792175292969,0.017211904749274254,0.8181818181818182,44,36,-0.666325032711029,0.3393202152152149
T0035,REFUGE/Refuge/Test400/T0035.jpg,Test400,0,-2.5821900367736816,0.07029346376657486,0.8297872340425532,47,39,0.02723638527095318,0.506808675421588
T0036,REFUGE/Refuge/Test400/T0036.jpg,Test400,0,-4.197177410125732,0.014815171249210835,0.9047619047619048,42,38,-1.1976418495178223,0.23189498397338204
T0037,REFUGE/Refuge/Test400/T0037.jpg,Test400,0,-0.9288179278373718,0.2831645905971527,0.7894736842105263,38,30,-0.03927852585911751,0.4901816308198832
T0038,REFUGE/Refuge/Test400/T0038.jpg,Test400,0,-1.2689356803894043,0.21943949162960052,0.7631578947368421,38,29,-1.3579576015472412,0.20457244606500086
T0039,REFUGE/Refuge/Test400/T0039.jpg,Test400,0,0.7686223387718201,0.683222770690918,0.6666666666666666,42,28,-0.1391672044992447,0.4652642428830913
T0040,REFUGE/Refuge/Test400/T0040.jpg,Test400,0,-2.838874340057373,0.05525927245616913,0.8205128205128205,39,32,-1.0444464683532715,0.2602929564666639
T0041,REFUGE/Refuge/Test400/T0041.jpg,Test400,0,0.19197970628738403,0.5478480458259583,0.9130434782608695,46,42,0.8295007348060608,0.6962493524760545
T0042,REFUGE/Refuge/Test400/T0042.jpg,Test400,0,-3.1752188205718994,0.04010900855064392,0.851063829787234,47,40,-0.3938486576080322,0.402791159069188
T0043,REFUGE/Refuge/Test400/T0043.jpg,Test400,0,-6.1256585121154785,0.0021812827326357365,0.8541666666666666,48,41,-0.08413909375667572,0.4789776272239705
T0044,REFUGE/Refuge/Test400/T0044.jpg,Test400,0,-3.9040451049804688,0.019761795178055763,0.851063829787234,47,40,-1.486987829208374,0.18437426827923148
T0045,REFUGE/Refuge/Test400/T0045.jpg,Test400,0,-8.657962799072266,0.00017370771092828363,0.8936170212765957,47,42,-0.8216532468795776,0.3054128342039263
T0046,REFUGE/Refuge/Test400/T0046.jpg,Test400,0,-1.2360819578170776,0.2251187264919281,0.7619047619047619,42,32,-1.1634838581085205,0.23803482643963497
T0047,REFUGE/Refuge/Test400/T0047.jpg,Test400,0,2.792529821395874,0.9422707557678223,0.8421052631578947,38,32,2.2449092864990234,0.9042105151453408
T0048,REFUGE/Refuge/Test400/T0048.jpg,Test400,0,0.12977200746536255,0.5323975682258606,0.6842105263157895,38,26,-0.3182973861694336,0.42109074383743667
T0049,REFUGE/Refuge/Test400/T0049.jpg,Test400,1,2.0520410537719727,0.8861536979675293,0.8108108108108109,37,30,4.364749908447266,0.9874418767437532
T0050,REFUGE/Refuge/Test400/T0050.jpg,Test400,0,-4.391132831573486,0.012235136702656746,0.8103448275862069,58,47,0.672143816947937,0.6619830293519555
T0051,REFUGE/Refuge/Test400/T0051.jpg,Test400,1,-5.916260242462158,0.0026880160439759493,0.8444444444444444,45,38,-0.8976413607597351,0.28953543952375826
T0052,REFUGE/Refuge/Test400/T0052.jpg,Test400,0,-8.255970001220703,0.0002596360573079437,0.6744186046511628,43,29,-2.6204113960266113,0.06783627452346096
T0053,REFUGE/Refuge/Test400/T0053.jpg,Test400,1,1.9202039241790771,0.8721611499786377,0.7317073170731707,41,30,1.287326693534851,0.7836943606184573
T0054,REFUGE/Refuge/Test400/T0054.jpg,Test400,0,-0.25089067220687866,0.43760427832603455,0.8095238095238095,42,34,0.44562622904777527,0.6095988289122029
T0055,REFUGE/Refuge/Test400/T0055.jpg,Test400,0,0.9502678513526917,0.7211690545082092,0.8444444444444444,45,38,0.8771278858184814,0.7062266951273883
T0056,REFUGE/Refuge/Test400/T0056.jpg,Test400,0,2.455580472946167,0.9209685325622559,0.8695652173913043,46,40,1.7338106632232666,0.849899197118398
T0057,REFUGE/Refuge/Test400/T0057.jpg,Test400,0,4.616748332977295,0.9902119040489197,0.6764705882352942,34,23,1.3147066831588745,0.7882996884680884
T0058,REFUGE/Refuge/Test400/T0058.jpg,Test400,0,-1.9516379833221436,0.12437485158443451,0.7916666666666666,48,38,-0.9122487306594849,0.2865398978956147
T0059,REFUGE/Refuge/Test400/T0059.jpg,Test400,1,3.4628026485443115,0.9696106910705566,0.8571428571428571,42,36,4.452281951904297,0.9884822567131758
T0060,REFUGE/Refuge/Test400/T0060.jpg,Test400,0,2.631800413131714,0.9328804016113281,0.7551020408163265,49,37,0.5630600452423096,0.6371602796352686
T0061,REFUGE/Refuge/Test400/T0061.jpg,Test400,0,1.6070201396942139,0.8329972624778748,0.8478260869565217,46,39,-0.09719128906726837,0.4757212864157863
T0062,REFUGE/Refuge/Test400/T0062.jpg,Test400,0,-0.922079861164093,0.2845343053340912,0.75,40,30,-0.18068672716617584,0.4549508142374079
T0063,REFUGE/Refuge/Test400/T0063.jpg,Test400,1,4.385678768157959,0.9876987934112549,0.8604651162790697,43,37,2.130490779876709,0.8938315907075555
T0064,REFUGE/Refuge/Test400/T0064.jpg,Test400,0,-7.355933666229248,0.000638382975012064,0.8125,48,39,-0.6785593032836914,0.33658292699048675
T0065,REFUGE/Refuge/Test400/T0065.jpg,Test400,0,-1.8142883777618408,0.14012065529823303,0.8409090909090909,44,37,0.7824205160140991,0.686201555945337
T0066,REFUGE/Refuge/Test400/T0066.jpg,Test400,0,-0.40621060132980347,0.39982110261917114,0.7804878048780488,41,32,1.057716965675354,0.7422540127967555
T0067,REFUGE/Refuge/Test400/T0067.jpg,Test400,0,2.8548941612243652,0.9455711245536804,0.7333333333333333,45,33,1.7355737686157227,0.8501239787182369
T0068,REFUGE/Refuge/Test400/T0068.jpg,Test400,0,-0.9560450911521912,0.2776707112789154,0.627906976744186,43,27,-1.7249302864074707,0.15123720104265012
T0069,REFUGE/Refuge/Test400/T0069.jpg,Test400,0,4.939304828643799,0.9928913116455078,0.6976744186046512,43,30,3.2002711296081543,0.9608444790152703
T0070,REFUGE/Refuge/Test400/T0070.jpg,Test400,0,0.2695242166519165,0.5669761300086975,0.8409090909090909,44,37,2.639049530029297,0.9333328480241222
T0071,REFUGE/Refuge/Test400/T0071.jpg,Test400,0,-0.6130903363227844,0.35135456919670105,0.8974358974358975,39,35,0.6488008499145508,0.6567401860872194
T0072,REFUGE/Refuge/Test400/T0072.jpg,Test400,0,5.576812267303467,0.9962295889854431,0.8333333333333334,42,35,1.0479652881622314,0.7403839872848682
T0073,REFUGE/Refuge/Test400/T0073.jpg,Test400,0,-5.4603705406188965,0.0042339772917330265,0.7619047619047619,42,32,-0.6892747282981873,0.3341944329655146
T0074,REFUGE/Refuge/Test400/T0074.jpg,Test400,0,0.7849165797233582,0.6867387294769287,0.875,48,42,1.028430461883545,0.7366114950031349
T0075,REFUGE/Refuge/Test400/T0075.jpg,Test400,0,-3.9688403606414795,0.018544919788837433,0.7380952380952381,42,31,-0.7011876106262207,0.33154897188164373
T0076,REFUGE/Refuge/Test400/T0076.jpg,Test400,0,4.910389423370361,0.9926843047142029,0.7076923076923077,65,46,-0.3251493275165558,0.41942133243459784
T0077,REFUGE/Refuge/Test400/T0077.jpg,Test400,0,-3.6011154651641846,0.026568131521344185,0.7555555555555555,45,34,-1.6529350280761719,0.160712666599041
T0078,REFUGE/Refuge/Test400/T0078.jpg,Test400,0,-4.706087589263916,0.008959085680544376,0.7555555555555555,45,34,-1.8591006994247437,0.13480790719326588
T0079,REFUGE/Refuge/Test400/T0079.jpg,Test400,0,-3.4374704360961914,0.031144725158810616,0.8947368421052632,38,34,0.5092884302139282,0.6246396510914406
T0080,REFUGE/Refuge/Test400/T0080.jpg,Test400,0,1.333115577697754,0.7913554906845093,0.8235294117647058,51,42,0.7291060090065002,0.6746090617627702
T0081,REFUGE/Refuge/Test400/T0081.jpg,Test400,0,0.08144396543502808,0.5203497409820557,0.8292682926829268,41,34,1.554864764213562,0.8256152447064999
T0082,REFUGE/Refuge/Test400/T0082.jpg,Test400,0,1.7537572383880615,0.8524260520935059,0.7631578947368421,38,29,-0.3317815065383911,0.4178072184166508
T0083,REFUGE/Refuge/Test400/T0083.jpg,Test400,0,5.071526050567627,0.9937663078308105,0.3870967741935484,31,12,-0.12209759652614594,0.4695134654501
T0084,REFUGE/Refuge/Test400/T0084.jpg,Test400,0,1.482130527496338,0.8148941993713379,0.9545454545454546,44,42,0.5919320583343506,0.6438083266969418
T0085,REFUGE/Refuge/Test400/T0085.jpg,Test400,0,-6.1670308113098145,0.0020930643659085035,0.851063829787234,47,40,-0.5737672448158264,0.3603680079760855
T0086,REFUGE/Refuge/Test400/T0086.jpg,Test400,0,-5.41021728515625,0.004450770560652018,0.8666666666666667,45,39,-1.8179590702056885,0.1396789486120666
T0087,REFUGE/Refuge/Test400/T0087.jpg,Test400,0,-2.357694149017334,0.08645614236593246,0.7872340425531915,47,37,-1.7882760763168335,0.14328421163578514
T0088,REFUGE/Refuge/Test400/T0088.jpg,Test400,0,-5.593878269195557,0.003706779330968857,0.65,40,26,-0.549467921257019,0.365987864132535
T0089,REFUGE/Refuge/Test400/T0089.jpg,Test400,0,-3.1036951541900635,0.04295509308576584,0.8222222222222222,45,37,0.25737589597702026,0.5639911198519327
T0090,REFUGE/Refuge/Test400/T0090.jpg,Test400,0,0.22869259119033813,0.5569252371788025,0.8409090909090909,44,37,1.272627830505371,0.7811922572787228
T0091,REFUGE/Refuge/Test400/T0091.jpg,Test400,0,2.234403610229492,0.9032967686653137,0.8125,32,26,2.685844659805298,0.9361861844307136
T0092,REFUGE/Refuge/Test400/T0092.jpg,Test400,0,-6.024339199066162,0.002413311507552862,0.75,40,30,-2.5451762676239014,0.07275121712329857
T0093,REFUGE/Refuge/Test400/T0093.jpg,Test400,0,2.0326595306396484,0.8841837048530579,0.8108108108108109,37,30,0.9436089992523193,0.7198280816699388
T0094,REFUGE/Refuge/Test400/T0094.jpg,Test400,1,8.32126235961914,0.9997567534446716,0.8484848484848485,33,28,4.88607931137085,0.9925056203174287
T0095,REFUGE/Refuge/Test400/T0095.jpg,Test400,0,-2.8506925106048584,0.05464552715420723,0.6444444444444445,45,29,-0.911781907081604,0.2866353423824416
T0096,REFUGE/Refuge/Test400/T0096.jpg,Test400,0,0.8039291501045227,0.6908143162727356,0.7441860465116279,43,32,1.1279115676879883,0.7554532804126869
T0097,REFUGE/Refuge/Test400/T0097.jpg,Test400,0,0.43361300230026245,0.6067360639572144,0.7560975609756098,41,31,0.9037088751792908,0.7117110808935367
T0098,REFUGE/Refuge/Test400/T0098.jpg,Test400,0,-6.092197895050049,0.0022553373128175735,0.8,45,36,0.9695918560028076,0.7250381385594965
T0099,REFUGE/Refuge/Test400/T0099.jpg,Test400,0,1.1789233684539795,0.7647541165351868,0.5857142857142857,70,41,0.29700514674186707,0.573710237330121
T0100,REFUGE/Refuge/Test400/T0100.jpg,Test400,0,-0.3910614848136902,0.4034617841243744,0.8,40,32,1.4970825910568237,0.8171389517984285
T0101,REFUGE/Refuge/Test400/T0101.jpg,Test400,0,-3.319410562515259,0.03491126000881195,0.8863636363636364,44,39,-1.3875337839126587,0.19980176608722278
T0102,REFUGE/Refuge/Test400/T0102.jpg,Test400,0,2.6756722927093506,0.9355757832527161,0.2413793103448276,29,7,-0.1761123687028885,0.4560853523340912
T0103,REFUGE/Refuge/Test400/T0103.jpg,Test400,0,-0.5021724104881287,0.37703025341033936,0.8823529411764706,34,30,-0.49465587735176086,0.3787973769051601
T0104,REFUGE/Refuge/Test400/T0104.jpg,Test400,0,-2.085174322128296,0.11054617166519165,0.7878787878787878,33,26,-0.38144925236701965,0.40577740262547807
T0105,REFUGE/Refuge/Test400/T0105.jpg,Test400,0,1.0329501628875732,0.7374874949455261,0.7105263157894737,38,27,1.6027352809906006,0.8324003312694686
T0106,REFUGE/Refuge/Test400/T0106.jpg,Test400,0,-2.000960350036621,0.1191021278500557,0.7804878048780488,41,32,-0.07346759736537933,0.4816413574617735
T0107,REFUGE/Refuge/Test400/T0107.jpg,Test400,0,-3.2935969829559326,0.035791508853435516,0.7837837837837838,37,29,-1.4365204572677612,0.19208475407393488
T0108,REFUGE/Refuge/Test400/T0108.jpg,Test400,0,1.5570266246795654,0.8259263038635254,0.78,50,39,0.9725160598754883,0.7256207177304763
T0109,REFUGE/Refuge/Test400/T0109.jpg,Test400,0,-4.333699703216553,0.012949042953550816,0.6585365853658537,41,27,-0.419833242893219,0.39655665433481535
T0110,REFUGE/Refuge/Test400/T0110.jpg,Test400,0,0.27072960138320923,0.5672720074653625,0.2222222222222222,36,8,0.03171716257929802,0.5079286259870932
T0111,REFUGE/Refuge/Test400/T0111.jpg,Test400,0,-4.319885730743408,0.01312679797410965,0.8125,48,39,-0.12626852095127106,0.4684747445075788
T0112,REFUGE/Refuge/Test400/T0112.jpg,Test400,0,-0.7087739109992981,0.32986980676651,0.95,40,38,-1.054647445678711,0.25833366279797665
T0113,REFUGE/Refuge/Test400/T0113.jpg,Test400,0,-4.185821533203125,0.014981837011873722,0.8913043478260869,46,41,1.0581421852111816,0.7423353544386367
T0114,REFUGE/Refuge/Test400/T0114.jpg,Test400,0,-0.7662414908409119,0.3172926902770996,0.8461538461538461,39,33,1.0946367979049683,0.7492538548913696
T0115,REFUGE/Refuge/Test400/T0115.jpg,Test400,0,-5.612194538116455,0.0036397476214915514,0.7317073170731707,41,30,-2.526033878326416,0.07405314167775269
T0116,REFUGE/Refuge/Test400/T0116.jpg,Test400,1,-1.415486216545105,0.19537018239498138,0.8571428571428571,35,30,0.215951606631279,0.5537790646008561
T0117,REFUGE/Refuge/Test400/T0117.jpg,Test400,0,0.29151207208633423,0.5723662376403809,0.8444444444444444,45,38,0.09048695862293243,0.5226063169245148
T0118,REFUGE/Refuge/Test400/T0118.jpg,Test400,0,0.09835559129714966,0.5245690941810608,0.7560975609756098,41,31,0.6689120531082153,0.6612595069056536
T0119,REFUGE/Refuge/Test400/T0119.jpg,Test400,0,-1.3640141487121582,0.20358866453170776,0.9318181818181818,44,41,1.2074836492538452,0.7698534069671957
T0120,REFUGE/Refuge/Test400/T0120.jpg,Test400,0,-6.201467037200928,0.002022357424721122,0.7391304347826086,46,34,-0.8673365712165833,0.2958088081887709
T0121,REFUGE/Refuge/Test400/T0121.jpg,Test400,0,-1.9393216371536255,0.12572240829467773,0.7575757575757576,33,25,0.20206545293331146,0.5503451783461506
T0122,REFUGE/Refuge/Test400/T0122.jpg,Test400,0,5.673153877258301,0.9965747594833374,0.8292682926829268,41,34,1.7419730424880981,0.8509375051628447
T0123,REFUGE/Refuge/Test400/T0123.jpg,Test400,0,2.1047136783599854,0.8913605213165283,0.6486486486486487,37,24,1.0539889335632324,0.7415401479278081
T0124,REFUGE/Refuge/Test400/T0124.jpg,Test400,0,-3.6791317462921143,0.024623271077871323,0.925,40,37,0.8449714183807373,0.6995112199754192
T0125,REFUGE/Refuge/Test400/T0125.jpg,Test400,0,-3.1647579669952393,0.040513698011636734,0.88,50,44,0.01585639826953411,0.5039640165132063
T0126,REFUGE/Refuge/Test400/T0126.jpg,Test400,0,-2.926025152206421,0.050881944596767426,0.7317073170731707,41,30,-0.6185474395751953,0.3501118856600861
T0127,REFUGE/Refuge/Test400/T0127.jpg,Test400,0,0.6307349801063538,0.6526561379432678,0.7631578947368421,38,29,2.058314561843872,0.8867850667460495
T0128,REFUGE/Refuge/Test400/T0128.jpg,Test400,0,2.1373867988586426,0.8944842219352722,0.0,0,0,-2.158534526824951,0.10353639270048749
T0129,REFUGE/Refuge/Test400/T0129.jpg,Test400,0,5.911427021026611,0.9972990155220032,0.8125,48,39,0.9106358885765076,0.7131302675971405
T0130,REFUGE/Refuge/Test400/T0130.jpg,Test400,0,-4.201667308807373,0.014749781228601933,0.92,50,46,1.1013234853744507,0.7505080047460626
T0131,REFUGE/Refuge/Test400/T0131.jpg,Test400,1,-2.3419172763824463,0.08771038055419922,0.5526315789473685,38,21,-0.26340213418006897,0.434527572932731
T0132,REFUGE/Refuge/Test400/T0132.jpg,Test400,0,-4.653860092163086,0.009434898383915424,0.7073170731707317,41,29,0.4995964467525482,0.6223644900049756
T0133,REFUGE/Refuge/Test400/T0133.jpg,Test400,0,-1.3718156814575195,0.20232664048671722,0.6666666666666666,39,26,-0.35268887877464294,0.4127305272058594
T0134,REFUGE/Refuge/Test400/T0134.jpg,Test400,0,-0.7351546883583069,0.32406461238861084,0.8260869565217391,46,38,-1.5151989459991455,0.1801695873116957
T0135,REFUGE/Refuge/Test400/T0135.jpg,Test400,0,-4.798492908477783,0.008174781687557697,0.7872340425531915,47,37,-1.8703668117523193,0.13349928506257755
T0136,REFUGE/Refuge/Test400/T0136.jpg,Test400,0,-0.5091573596000671,0.3753910958766937,0.7727272727272727,44,34,0.3797227144241333,0.5938062232844591
T0137,REFUGE/Refuge/Test400/T0137.jpg,Test400,0,4.514815807342529,0.9891728162765503,0.7297297297297297,37,27,2.328209161758423,0.9111865186803245
T0138,REFUGE/Refuge/Test400/T0138.jpg,Test400,0,-1.8266475200653076,0.13863812386989594,0.8409090909090909,44,37,-0.2703908085823059,0.43281115461417335
T0139,REFUGE/Refuge/Test400/T0139.jpg,Test400,0,-0.28908759355545044,0.4282272458076477,0.8235294117647058,51,42,-1.1030268669128418,0.24917318043681574
T0140,REFUGE/Refuge/Test400/T0140.jpg,Test400,0,3.7024359703063965,0.9759303331375122,0.7111111111111111,45,32,1.954135775566101,0.8758969062366031
T0141,REFUGE/Refuge/Test400/T0141.jpg,Test400,0,-4.178574085235596,0.015089166350662708,0.813953488372093,43,35,-1.2710800170898438,0.21907242703032836
T0142,REFUGE/Refuge/Test400/T0142.jpg,Test400,0,-0.48470085859298706,0.3811427056789398,0.8095238095238095,42,34,0.18928192555904388,0.5471797039474336
T0143,REFUGE/Refuge/Test400/T0143.jpg,Test400,0,1.6503342390060425,0.8389362096786499,0.8,40,32,1.7896792888641357,0.8568879518972438
T0144,REFUGE/Refuge/Test400/T0144.jpg,Test400,0,1.370721459388733,0.7974967360496521,0.7142857142857143,35,25,2.087012529373169,0.889634442086445
T0145,REFUGE/Refuge/Test400/T0145.jpg,Test400,0,-2.555020332336426,0.07208994776010513,0.9024390243902439,41,37,1.10889732837677,0.7519234822168359
T0146,REFUGE/Refuge/Test400/T0146.jpg,Test400,0,-1.4699840545654297,0.18694503605365753,0.8979591836734694,49,44,-0.1277494579553604,0.4681059993565243
T0147,REFUGE/Refuge/Test400/T0147.jpg,Test400,1,3.8926212787628174,0.9800156950950623,0.9024390243902439,41,37,1.6013047695159912,0.8322006656779253
T0148,REFUGE/Refuge/Test400/T0148.jpg,Test400,0,5.542416572570801,0.9960981607437134,0.8536585365853658,41,35,2.7979636192321777,0.9425656826738642
T0149,REFUGE/Refuge/Test400/T0149.jpg,Test400,0,2.1989612579345703,0.9001561999320984,0.8269230769230769,52,43,0.389879435300827,0.5962536754630582
T0150,REFUGE/Refuge/Test400/T0150.jpg,Test400,0,6.349205493927002,0.9982549548149109,0.8043478260869565,46,37,1.9634920358657837,0.8769103741650973
T0151,REFUGE/Refuge/Test400/T0151.jpg,Test400,0,-0.5705528855323792,0.3611092269420624,0.6481481481481481,54,35,-0.8352047204971313,0.3025456854186926
T0152,REFUGE/Refuge/Test400/T0152.jpg,Test400,0,-2.9260666370391846,0.050879932940006256,0.8372093023255814,43,36,-1.9711378812789917,0.12226671967428332
T0153,REFUGE/Refuge/Test400/T0153.jpg,Test400,0,-8.034235000610352,0.00032406739774160087,0.7,40,28,-2.258206367492676,0.094643947287331
T0154,REFUGE/Refuge/Test400/T0154.jpg,Test400,0,-6.898221969604492,0.001008560648187995,0.7073170731707317,41,29,-1.4719593524932861,0.1866449847006629
T0155,REFUGE/Refuge/Test400/T0155.jpg,Test400,1,1.0799767971038818,0.7464895844459534,0.75,40,30,0.8422256708145142,0.698933760842244
T0156,REFUGE/Refuge/Test400/T0156.jpg,Test400,0,-3.4521679878234863,0.03070426918566227,0.9166666666666666,48,44,-0.834073007106781,0.3027845436412607
T0157,REFUGE/Refuge/Test400/T0157.jpg,Test400,0,-0.3505588173866272,0.41324689984321594,0.7804878048780488,41,32,-0.4639963209629059,0.3860382146867952
T0158,REFUGE/Refuge/Test400/T0158.jpg,Test400,0,-3.0904412269592285,0.04350326955318451,0.8125,48,39,-0.5527498722076416,0.36522665326087544
T0159,REFUGE/Refuge/Test400/T0159.jpg,Test400,0,2.363576650619507,0.9140073657035828,0.825,40,33,-0.2821581959724426,0.4299247451749587
T0160,REFUGE/Refuge/Test400/T0160.jpg,Test400,0,0.6342070698738098,0.6534428000450134,0.5142857142857142,35,18,0.2443682998418808,0.5607898656546324
T0161,REFUGE/Refuge/Test400/T0161.jpg,Test400,0,3.3781087398529053,0.9670133590698242,0.7380952380952381,42,31,2.2814714908599854,0.9073308463427162
T0162,REFUGE/Refuge/Test400/T0162.jpg,Test400,0,3.166346311569214,0.9595480561256409,0.8292682926829268,41,34,0.7336206436157227,0.6755992944918229
T0163,REFUGE/Refuge/Test400/T0163.jpg,Test400,0,-2.1918985843658447,0.10048036277294159,0.7291666666666666,48,35,-0.39741939306259155,0.40193251603339913
T0164,REFUGE/Refuge/Test400/T0164.jpg,Test400,0,-0.25816673040390015,0.43581441044807434,0.42105263157894735,38,16,-0.8652523159980774,0.2962431556622909
T0165,REFUGE/Refuge/Test400/T0165.jpg,Test400,0,0.6901879906654358,0.6660087704658508,0.8055555555555556,36,29,0.27511659264564514,0.5683485872015996
T0166,REFUGE/Refuge/Test400/T0166.jpg,Test400,0,-0.42798393964767456,0.39460787177085876,0.9534883720930233,43,41,-0.7204131484031677,0.32730201132584685
T0167,REFUGE/Refuge/Test400/T0167.jpg,Test400,0,-6.246473789215088,0.0019335274118930101,0.6842105263157895,38,26,-0.9074236154556274,0.2875273343977912
T0168,REFUGE/Refuge/Test400/T0168.jpg,Test400,0,1.5538721084594727,0.8254722952842712,0.8292682926829268,41,34,-0.6416193246841431,0.3448805806239442
T0169,REFUGE/Refuge/Test400/T0169.jpg,Test400,0,-3.502077341079712,0.02925318293273449,0.7254901960784313,51,37,0.05728523060679436,0.51431739253902
T0170,REFUGE/Refuge/Test400/T0170.jpg,Test400,0,0.5847404599189758,0.6421574354171753,0.8064516129032258,31,25,0.1941988319158554,0.548397700871916
T0171,REFUGE/Refuge/Test400/T0171.jpg,Test400,0,-2.1944992542266846,0.10024554282426834,0.7727272727272727,44,34,-0.3847607672214508,0.40497917299518865
T0172,REFUGE/Refuge/Test400/T0172.jpg,Test400,0,-2.081188440322876,0.11093869060277939,0.8717948717948718,39,34,-0.40452638268470764,0.40022531523599786
T0173,REFUGE/Refuge/Test400/T0173.jpg,Test400,0,3.6579172611236572,0.9748620390892029,0.4,25,10,0.1943405717611313,0.548432803589828
T0174,REFUGE/Refuge/Test400/T0174.jpg,Test400,0,2.277190923690796,0.9069702625274658,0.8048780487804879,41,33,1.9837499856948853,0.879080345421191
T0175,REFUGE/Refuge/Test400/T0175.jpg,Test400,0,-3.709320545196533,0.023908540606498718,0.8048780487804879,41,33,-2.1364259719848633,0.10560649438373654
T0176,REFUGE/Refuge/Test400/T0176.jpg,Test400,1,-6.50777530670166,0.0014895725762471557,0.8461538461538461,39,33,-2.154057502746582,0.10395267308260002
T0177,REFUGE/Refuge/Test400/T0177.jpg,Test400,0,-2.358375072479248,0.08640237152576447,0.9183673469387755,49,45,0.5250265598297119,0.6283223909228853
T0178,REFUGE/Refuge/Test400/T0178.jpg,Test400,0,-2.7675893306732178,0.0591009221971035,0.725,40,29,-0.7317241430282593,0.3248164901883162
T0179,REFUGE/Refuge/Test400/T0179.jpg,Test400,0,0.6593281626701355,0.6591094732284546,0.8378378378378378,37,31,0.6326495409011841,0.6530899945652223
T0180,REFUGE/Refuge/Test400/T0180.jpg,Test400,0,-8.09621810913086,0.00030459644040092826,0.7017543859649122,57,40,-1.704714298248291,0.15385055311526633
T0181,REFUGE/Refuge/Test400/T0181.jpg,Test400,0,-0.6178476214408875,0.3502711057662964,0.851063829787234,47,40,-0.8261215686798096,0.3044657680572008
T0182,REFUGE/Refuge/Test400/T0182.jpg,Test400,0,-0.8580338358879089,0.2977502942085266,0.7692307692307693,39,30,0.8982940912246704,0.7105988117325844
T0183,REFUGE/Refuge/Test400/T0183.jpg,Test400,0,-0.4919258952140808,0.3794400095939636,0.7,40,28,0.4567280411720276,0.6122376901234995
T0184,REFUGE/Refuge/Test400/T0184.jpg,Test400,0,-5.841542720794678,0.0028959475457668304,0.9054054054054054,74,67,-1.9292607307434082,0.12683242862499505
T0185,REFUGE/Refuge/Test400/T0185.jpg,Test400,0,-3.604189872741699,0.026488736271858215,0.8695652173913043,46,40,-0.8472791910171509,0.3000039205823499
T0186,REFUGE/Refuge/Test400/T0186.jpg,Test400,0,-2.5470383167266846,0.07262570410966873,0.7906976744186046,43,34,-0.6718210577964783,0.33808919549473004
T0187,REFUGE/Refuge/Test400/T0187.jpg,Test400,0,0.3860843777656555,0.5953397154808044,0.7878787878787878,33,26,-0.7039997577667236,0.33092602738256693
T0188,REFUGE/Refuge/Test400/T0188.jpg,Test400,1,1.669708490371704,0.8415369987487793,0.7941176470588235,34,27,0.7810693979263306,0.6859105478972578
T0189,REFUGE/Refuge/Test400/T0189.jpg,Test400,0,0.384463906288147,0.5949493050575256,0.725,40,29,-0.1566014289855957,0.46092945732675294
T0190,REFUGE/Refuge/Test400/T0190.jpg,Test400,0,-5.104181289672852,0.006034669000655413,0.7555555555555555,45,34,-1.0627574920654297,0.256782847129573
T0191,REFUGE/Refuge/Test400/T0191.jpg,Test400,0,-4.091147422790527,0.01644507609307766,0.8372093023255814,43,36,-1.3357144594192505,0.20821569756295294
T0192,REFUGE/Refuge/Test400/T0192.jpg,Test400,0,0.741587221622467,0.6773428320884705,0.8157894736842105,38,31,0.5246601104736328,0.6282368087485999
T0193,REFUGE/Refuge/Test400/T0193.jpg,Test400,0,0.5692570805549622,0.6385917067527771,0.9090909090909091,44,40,1.0155366659164429,0.7341022847863506
T0194,REFUGE/Refuge/Test400/T0194.jpg,Test400,0,0.8082197308540344,0.6917300224304199,0.7727272727272727,44,34,2.345611333847046,0.9125847602555176
T0195,REFUGE/Refuge/Test400/T0195.jpg,Test400,0,-9.159427642822266,0.00010521203512325883,0.7391304347826086,46,34,-1.8557554483413696,0.13519855654414661
T0196,REFUGE/Refuge/Test400/T0196.jpg,Test400,0,-5.365347385406494,0.004654074087738991,0.8372093023255814,43,36,-2.22395396232605,0.09761994402676058
T0197,REFUGE/Refuge/Test400/T0197.jpg,Test400,0,-4.9495015144348145,0.00703706918284297,0.7142857142857143,49,35,-0.40575018525123596,0.399931583436526
T0198,REFUGE/Refuge/Test400/T0198.jpg,Test400,0,-0.44349759817123413,0.390907883644104,0.7741935483870968,31,24,-0.34542402625083923,0.4144925208583411
T0199,REFUGE/Refuge/Test400/T0199.jpg,Test400,0,-1.0364234447479248,0.26184070110321045,0.725,40,29,0.1650855988264084,0.5411779227885397
T0200,REFUGE/Refuge/Test400/T0200.jpg,Test400,0,0.26697975397109985,0.5663512945175171,0.9,40,36,2.2524077892303467,0.9048580237913391
T0201,REFUGE/Refuge/Test400/T0201.jpg,Test400,1,-5.942633628845215,0.0026182339061051607,0.7446808510638298,47,35,-1.2215867042541504,0.22765734064335913
T0202,REFUGE/Refuge/Test400/T0202.jpg,Test400,0,2.7011454105377197,0.9370942115783691,0.0,0,0,-0.2108975201845169,0.44747017653332094
T0203,REFUGE/Refuge/Test400/T0203.jpg,Test400,0,2.198218822479248,0.9000895023345947,0.7659574468085106,47,36,0.7948744893074036,0.6888770184762537
T0204,REFUGE/Refuge/Test400/T0204.jpg,Test400,0,3.854539155960083,0.9792560338973999,0.84,50,42,1.9258074760437012,0.8727846442798123
T0205,REFUGE/Refuge/Test400/T0205.jpg,Test400,0,-1.7102117538452148,0.1531362384557724,0.75,56,42,-0.03873150423169136,0.49031833422445653
T0206,REFUGE/Refuge/Test400/T0206.jpg,Test400,0,2.968174695968628,0.9511154294013977,0.8372093023255814,43,36,2.5981900691986084,0.9307450047118755
T0207,REFUGE/Refuge/Test400/T0207.jpg,Test400,0,3.313721179962158,0.964896559715271,0.8260869565217391,46,38,-0.06891019642353058,0.48277926490850953
T0208,REFUGE/Refuge/Test400/T0208.jpg,Test400,0,-6.8063178062438965,0.00110553705599159,0.6857142857142857,35,24,-0.9410485625267029,0.2806885865075749
T0209,REFUGE/Refuge/Test400/T0209.jpg,Test400,0,3.7722995281219482,0.9775179028511047,0.5263157894736842,38,20,2.5605008602142334,0.9282758120775793
T0210,REFUGE/Refuge/Test400/T0210.jpg,Test400,0,1.6001551151275635,0.8320400714874268,0.7894736842105263,38,30,2.399535894393921,0.9167919062865024
T0211,REFUGE/Refuge/Test400/T0211.jpg,Test400,0,-0.050805628299713135,0.4873013496398926,0.7317073170731707,41,30,1.0380027294158936,0.7384644475759183
T0212,REFUGE/Refuge/Test400/T0212.jpg,Test400,1,-0.71442049741745,0.32862281799316406,0.7441860465116279,43,32,-0.6244533658027649,0.34876928169402566
T0213,REFUGE/Refuge/Test400/T0213.jpg,Test400,0,-6.217209339141846,0.0019908330868929625,0.8571428571428571,42,36,-1.7655503749847412,0.14609655644864913
T0214,REFUGE/Refuge/Test400/T0214.jpg,Test400,0,-0.22748059034347534,0.44337382912635803,0.0,17,0,-1.743898868560791,0.14881838259323457
T0215,REFUGE/Refuge/Test400/T0215.jpg,Test400,0,-1.4905738830566406,0.18383561074733734,0.8636363636363636,44,38,0.5314522385597229,0.6298217598163139
T0216,REFUGE/Refuge/Test400/T0216.jpg,Test400,0,-3.533587694168091,0.028371518477797508,0.7954545454545454,44,35,0.6777009963989258,0.6632253906196411
T0217,REFUGE/Refuge/Test400/T0217.jpg,Test400,0,-0.8744798302650452,0.29432299733161926,0.75,40,30,1.0708661079406738,0.7447615907126112
T0218,REFUGE/Refuge/Test400/T0218.jpg,Test400,0,3.756070852279663,0.9771585464477539,0.8888888888888888,36,32,1.9566028118133545,0.8761648282227275
T0219,REFUGE/Refuge/Test400/T0219.jpg,Test400,0,-0.5011956095695496,0.3772597312927246,0.7435897435897436,39,29,0.27613070607185364,0.5685973608328724
T0220,REFUGE/Refuge/Test400/T0220.jpg,Test400,0,-0.9460996985435486,0.279669851064682,0.803921568627451,51,41,0.24365900456905365,0.5606151554458616
T0221,REFUGE/Refuge/Test400/T0221.jpg,Test400,0,-2.179924964904785,0.10156776756048203,0.9523809523809523,42,40,-0.176971897482872,0.45587213579832736
T0222,REFUGE/Refuge/Test400/T0222.jpg,Test400,0,-0.9823665022850037,0.2724224627017975,0.9,40,36,-0.5928640961647034,0.355977967825334
T0223,REFUGE/Refuge/Test400/T0223.jpg,Test400,1,3.7528696060180664,0.9770869612693787,0.7222222222222222,36,26,3.0749475955963135,0.9558474478659538
T0224,REFUGE/Refuge/Test400/T0224.jpg,Test400,0,-8.056200981140137,0.0003170287818647921,0.8333333333333334,54,45,-1.7694673538208008,0.1456085811945635
T0225,REFUGE/Refuge/Test400/T0225.jpg,Test400,0,-5.206706523895264,0.00544982822611928,0.825,40,33,-0.5980543494224548,0.3547889540084115
T0226,REFUGE/Refuge/Test400/T0226.jpg,Test400,0,-1.2447270154953003,0.22361426055431366,0.47058823529411764,34,16,0.4632486402988434,0.6137845603991368
T0227,REFUGE/Refuge/Test400/T0227.jpg,Test400,0,1.9925830364227295,0.8800161480903625,0.775,40,31,0.7591847777366638,0.6811767140508767
T0228,REFUGE/Refuge/Test400/T0228.jpg,Test400,0,-0.5227386355400085,0.37221208214759827,0.8536585365853658,41,35,-1.2437145709991455,0.2237900727842164
T0229,REFUGE/Refuge/Test400/T0229.jpg,Test400,0,2.2872204780578613,0.9078131318092346,0.8333333333333334,42,35,-1.4905078411102295,0.18384551548397332
T0230,REFUGE/Refuge/Test400/T0230.jpg,Test400,0,-1.1218830347061157,0.2456621527671814,0.7380952380952381,42,31,0.43312591314315796,0.6066198600655651
T0231,REFUGE/Refuge/Test400/T0231.jpg,Test400,0,1.0445445775985718,0.7397260069847107,0.851063829787234,47,40,0.6012006402015686,0.645930945720202
T0232,REFUGE/Refuge/Test400/T0232.jpg,Test400,0,-0.10214382410049438,0.47448623180389404,0.7083333333333334,48,34,0.49070844054222107,0.6202733086243827
T0233,REFUGE/Refuge/Test400/T0233.jpg,Test400,0,0.2699149250984192,0.5670720338821411,0.813953488372093,43,35,0.21378184854984283,0.5532428380677331
T0234,REFUGE/Refuge/Test400/T0234.jpg,Test400,1,-2.1627354621887207,0.10314711928367615,0.825,40,33,1.3270084857940674,0.7903453727259676
T0235,REFUGE/Refuge/Test400/T0235.jpg,Test400,0,0.774122416973114,0.6844120025634766,0.6785714285714286,28,19,-0.06304265558719635,0.4842445539303673
T0236,REFUGE/Refuge/Test400/T0236.jpg,Test400,0,-2.755498170852661,0.05977688729763031,0.9111111111111111,45,41,-0.333265483379364,0.4174462935285486
T0237,REFUGE/Refuge/Test400/T0237.jpg,Test400,0,1.6778537034988403,0.8426201343536377,0.7906976744186046,43,34,0.333486407995224,0.5826074310188194
T0238,REFUGE/Refuge/Test400/T0238.jpg,Test400,0,4.24132776260376,0.9858156442642212,0.75,40,30,3.593752384185791,0.9732407789063713
T0239,REFUGE/Refuge/Test400/T0239.jpg,Test400,0,-2.6794188022613525,0.06419878453016281,0.851063829787234,47,40,-0.28447332978248596,0.4293574225749068
T0240,REFUGE/Refuge/Test400/T0240.jpg,Test400,1,6.3307271003723145,0.9982224106788635,0.975,40,39,3.015787363052368,0.9532822727740515
T0241,REFUGE/Refuge/Test400/T0241.jpg,Test400,0,-2.9131007194519043,0.051509734243154526,0.825,40,33,-1.7787748575210571,0.14445448029939012
T0242,REFUGE/Refuge/Test400/T0242.jpg,Test400,0,-4.307108402252197,0.013293356634676456,0.86,50,43,0.285805344581604,0.5709689031186868
T0243,REFUGE/Refuge/Test400/T0243.jpg,Test400,0,5.139534950256348,0.9941737055778503,0.6739130434782609,46,31,2.433771848678589,0.9193665888611122
T0244,REFUGE/Refuge/Test400/T0244.jpg,Test400,0,-1.6555346250534058,0.1603623330593109,0.88,50,44,0.16223828494548798,0.5404708398591722
T0245,REFUGE/Refuge/Test400/T0245.jpg,Test400,0,-1.6652543544769287,0.15905793011188507,0.8863636363636364,44,39,0.1929921954870224,0.5480988506982822
T0246,REFUGE/Refuge/Test400/T0246.jpg,Test400,0,-3.1393020153045654,0.04151488468050957,0.9148936170212766,47,43,0.014225823804736137,0.5035563959745278
T0247,REFUGE/Refuge/Test400/T0247.jpg,Test400,0,-3.0603930950164795,0.04477088898420334,0.9024390243902439,41,37,-0.06758292019367218,0.48311069788407335
T0248,REFUGE/Refuge/Test400/T0248.jpg,Test400,0,3.055537223815918,0.9550209641456604,0.7368421052631579,38,28,1.1470134258270264,0.7589649842607215
T0249,REFUGE/Refuge/Test400/T0249.jpg,Test400,0,-4.019095420837402,0.01765201985836029,0.9318181818181818,44,41,-0.7471306920051575,0.32144682983935546
T0250,REFUGE/Refuge/Test400/T0250.jpg,Test400,1,-1.6738462448120117,0.15791204571723938,0.6170212765957447,47,29,-0.02098815329372883,0.49475315427924293
T0251,REFUGE/Refuge/Test400/T0251.jpg,Test400,0,-2.22672963142395,0.09737570583820343,0.7727272727272727,44,34,-0.5509530901908875,0.3656433130626045
T0252,REFUGE/Refuge/Test400/T0252.jpg,Test400,0,-2.22379207611084,0.0976342111825943,0.9111111111111111,45,41,-1.2154455184936523,0.22873894771292075
T0253,REFUGE/Refuge/Test400/T0253.jpg,Test400,0,-5.094438552856445,0.006093390751630068,0.8837209302325582,43,38,0.1893768161535263,0.5472032152714829
T0254,REFUGE/Refuge/Test400/T0254.jpg,Test400,0,1.507176399230957,0.8186423778533936,0.8974358974358975,39,35,0.28176945447921753,0.569979975788596
T0255,REFUGE/Refuge/Test400/T0255.jpg,Test400,0,-0.41595011949539185,0.39748626947402954,0.8205128205128205,39,32,-0.26466625928878784,0.4342169862503438
T0256,REFUGE/Refuge/Test400/T0256.jpg,Test400,0,-6.707336902618408,0.001220422680489719,0.7659574468085106,47,36,-1.9086766242980957,0.12912959952702274
T0257,REFUGE/Refuge/Test400/T0257.jpg,Test400,0,-0.5733936429023743,0.36045411229133606,0.6285714285714286,35,22,1.8959259986877441,0.8694297338591256
T0258,REFUGE/Refuge/Test400/T0258.jpg,Test400,0,-4.64749813079834,0.009494543075561523,0.9523809523809523,42,40,0.7181473970413208,0.6721989308879172
T0259,REFUGE/Refuge/Test400/T0259.jpg,Test400,0,-1.5022355318069458,0.1820923388004303,0.7674418604651163,43,33,-0.26197582483291626,0.4348780688679348
T0260,REFUGE/Refuge/Test400/T0260.jpg,Test400,0,2.2996580600738525,0.9088487029075623,0.8604651162790697,43,37,0.8907848000526428,0.7090521011928042
T0261,REFUGE/Refuge/Test400/T0261.jpg,Test400,0,-3.7338948249816895,0.02334171161055565,0.8260869565217391,46,38,0.5119010806083679,0.6252520262927157
T0262,REFUGE/Refuge/Test400/T0262.jpg,Test400,0,-2.2759697437286377,0.09313278645277023,0.7857142857142857,42,33,-0.7975086569786072,0.3105586933732579
T0263,REFUGE/Refuge/Test400/T0263.jpg,Test400,1,-2.3507869243621826,0.08700324594974518,0.8888888888888888,45,40,0.28925082087516785,0.5718127115929176
T0264,REFUGE/Refuge/Test400/T0264.jpg,Test400,0,3.1554691791534424,0.9591236710548401,0.8222222222222222,45,37,-1.0118920803070068,0.2666097308923363
T0265,REFUGE/Refuge/Test400/T0265.jpg,Test400,0,-1.6912410259246826,0.15561270713806152,0.8076923076923077,52,42,-0.9568531513214111,0.2775086885764051
T0266,REFUGE/Refuge/Test400/T0266.jpg,Test400,0,-0.4910809397697449,0.3796389698982239,0.9,50,45,0.005949837621301413,0.5014874550172652
T0267,REFUGE/Refuge/Test400/T0267.jpg,Test400,1,-3.4815683364868164,0.029841242358088493,0.7878787878787878,33,26,1.5963720083236694,0.8315107122946214
T0268,REFUGE/Refuge/Test400/T0268.jpg,Test400,0,-2.655029296875,0.06567971408367157,0.9111111111111111,45,41,0.23493896424770355,0.5584660621911166
T0269,REFUGE/Refuge/Test400/T0269.jpg,Test400,0,-1.1944553852081299,0.2324630320072174,0.8913043478260869,46,41,0.2864847481250763,0.5711353241000734
T0270,REFUGE/Refuge/Test400/T0270.jpg,Test400,0,1.5741416215896606,0.8283732533454895,0.8837209302325582,43,38,1.266880989074707,0.7802083571752637
T0271,REFUGE/Refuge/Test400/T0271.jpg,Test400,1,-1.3670672178268433,0.20309409499168396,0.8260869565217391,46,38,1.5700503587722778,0.8277907871887522
T0272,REFUGE/Refuge/Test400/T0272.jpg,Test400,0,-4.029921531677246,0.017465267330408096,0.8333333333333334,42,35,-0.7890268564224243,0.31237766039804765
T0273,REFUGE/Refuge/Test400/T0273.jpg,Test400,0,-2.781982421875,0.058305613696575165,0.851063829787234,47,40,-1.551377773284912,0.17488736397101273
T0274,REFUGE/Refuge/Test400/T0274.jpg,Test400,0,-2.7852423191070557,0.05812688544392586,0.9534883720930233,43,41,0.23907534778118134,0.5594857706973806
T0275,REFUGE/Refuge/Test400/T0275.jpg,Test400,0,-3.880673408508301,0.020219651982188225,0.8125,48,39,-0.040052760392427444,0.4899881483035187
T0276,REFUGE/Refuge/Test400/T0276.jpg,Test400,0,4.118439197540283,0.9839905500411987,0.8837209302325582,43,38,1.5473321676254272,0.8245280798995925
T0277,REFUGE/Refuge/Test400/T0277.jpg,Test400,0,-3.0305302143096924,0.046065524220466614,0.7872340425531915,47,37,-0.8501881957054138,0.2993933806721395
T0278,REFUGE/Refuge/Test400/T0278.jpg,Test400,0,-1.8637502193450928,0.13426652550697327,0.7333333333333333,45,33,-0.9671100378036499,0.27545690757753666
T0279,REFUGE/Refuge/Test400/T0279.jpg,Test400,0,1.4625370502471924,0.8119204044342041,0.9285714285714286,42,39,0.08773960173130035,0.5219208395839583
T0280,REFUGE/Refuge/Test400/T0280.jpg,Test400,0,-1.2302236557006836,0.2261422574520111,0.7,40,28,-0.31666797399520874,0.42148800205779813
T0281,REFUGE/Refuge/Test400/T0281.jpg,Test400,0,1.3865467309951782,0.8000403642654419,0.5428571428571428,35,19,0.5918554067611694,0.6437907488284161
T0282,REFUGE/Refuge/Test400/T0282.jpg,Test400,0,4.098321914672852,0.9836705923080444,0.7692307692307693,39,30,1.638636827468872,0.8373493649501148
T0283,REFUGE/Refuge/Test400/T0283.jpg,Test400,0,-2.911867618560791,0.05157000944018364,0.9047619047619048,42,38,-0.6780569553375244,0.33669510791174545
T0284,REFUGE/Refuge/Test400/T0284.jpg,Test400,0,-1.7814502716064453,0.14412416517734528,0.7878787878787878,33,26,0.02932719700038433,0.5073312737980582
T0285,REFUGE/Refuge/Test400/T0285.jpg,Test400,0,-10.171475410461426,3.82443904527463e-05,0.6571428571428571,35,23,-3.3399786949157715,0.03422486189345082
T0286,REFUGE/Refuge/Test400/T0286.jpg,Test400,0,-6.436659336090088,0.0015991872642189264,0.8260869565217391,46,38,-0.22003592550754547,0.4452118913373539
T0287,REFUGE/Refuge/Test400/T0287.jpg,Test400,0,-5.9590349197387695,0.002575751394033432,0.8863636363636364,44,39,-1.7276091575622559,0.15089365024108164
T0288,REFUGE/Refuge/Test400/T0288.jpg,Test400,0,-0.3645407557487488,0.40986084938049316,0.7142857142857143,42,30,1.4562804698944092,0.8109631230406696
T0289,REFUGE/Refuge/Test400/T0289.jpg,Test400,0,2.335460662841797,0.9117715954780579,0.8604651162790697,43,37,0.03395454213023186,0.5084878200731816
T0290,REFUGE/Refuge/Test400/T0290.jpg,Test400,0,0.6848281025886536,0.6648154258728027,0.7142857142857143,28,20,0.7187024354934692,0.6723212205476828
T0291,REFUGE/Refuge/Test400/T0291.jpg,Test400,0,0.3535229563713074,0.587471604347229,0.7674418604651163,43,33,2.7157950401306152,0.9379522644631428
T0292,REFUGE/Refuge/Test400/T0292.jpg,Test400,0,-5.913163185119629,0.0026963315904140472,0.8367346938775511,49,41,-0.21679623425006866,0.4460122308085872
T0293,REFUGE/Refuge/Test400/T0293.jpg,Test400,0,-2.9583568572998047,0.04934302717447281,0.85,40,34,-1.0872440338134766,0.25213759995911533
T0294,REFUGE/Refuge/Test400/T0294.jpg,Test400,0,1.1594483852386475,0.7612324357032776,0.8717948717948718,39,34,-0.759499192237854,0.3187550068704184
T0295,REFUGE/Refuge/Test400/T0295.jpg,Test400,1,-3.7143657207489014,0.023791082203388214,0.9166666666666666,24,22,-0.0641726404428482,0.48396234327154874
T0296,REFUGE/Refuge/Test400/T0296.jpg,Test400,0,-0.8675747513771057,0.2957592010498047,0.8780487804878049,41,36,1.414803147315979,0.8045224208764339
T0297,REFUGE/Refuge/Test400/T0297.jpg,Test400,0,4.4556097984313965,0.988520085811615,0.8478260869565217,46,39,-0.09280215203762054,0.47681609837875893
T0298,REFUGE/Refuge/Test400/T0298.jpg,Test400,0,-4.45543909072876,0.011481854133307934,0.7560975609756098,41,31,-1.2269086837768555,0.22672293630619111
T0299,REFUGE/Refuge/Test400/T0299.jpg,Test400,0,-0.7784835696220398,0.31464678049087524,0.8214285714285714,56,46,-0.5435883402824402,0.36735323838960265
T0300,REFUGE/Refuge/Test400/T0300.jpg,Test400,0,0.12666255235671997,0.5316234230995178,0.7045454545454546,44,31,-1.5613517761230469,0.17345276151017414
T0301,REFUGE/Refuge/Test400/T0301.jpg,Test400,0,-2.8806848526000977,0.05311667546629906,0.3684210526315789,38,14,-0.28980910778045654,0.428050601286548
T0302,REFUGE/Refuge/Test400/T0302.jpg,Test400,0,0.7099228501319885,0.6703841090202332,0.8837209302325582,43,38,0.3607594668865204,0.5892242671355347
T0303,REFUGE/Refuge/Test400/T0303.jpg,Test400,0,-0.8585021495819092,0.29765239357948303,0.8157894736842105,38,31,0.4321705400943756,0.6063918540801726
T0304,REFUGE/Refuge/Test400/T0304.jpg,Test400,1,2.0212507247924805,0.8830102682113647,0.8888888888888888,27,24,3.5044326782226562,0.9708136295460232
T0305,REFUGE/Refuge/Test400/T0305.jpg,Test400,0,-0.2990061640739441,0.42580047249794006,0.7368421052631579,38,28,1.4612126350402832,0.8117180740916725
T0306,REFUGE/Refuge/Test400/T0306.jpg,Test400,1,-1.743017554283142,0.14893005788326263,0.7906976744186046,43,34,2.9132580757141113,0.9484979529481413
T0307,REFUGE/Refuge/Test400/T0307.jpg,Test400,0,-0.5031077265739441,0.37681064009666443,0.6666666666666666,36,24,-1.5316870212554932,0.17774698851655626
T0308,REFUGE/Refuge/Test400/T0308.jpg,Test400,0,-4.279768466949463,0.013656777329742908,0.95,40,38,-1.1577092409133911,0.23908377717384885
T0309,REFUGE/Refuge/Test400/T0309.jpg,Test400,0,-3.8096649646759033,0.021675368770956993,0.7592592592592593,54,41,-0.32092538475990295,0.42045024106353995
T0310,REFUGE/Refuge/Test400/T0310.jpg,Test400,1,2.6611616611480713,0.9346956014633179,0.36363636363636365,22,8,1.850700855255127,0.8642093704266106
T0311,REFUGE/Refuge/Test400/T0311.jpg,Test400,0,-4.275777816772461,0.013710636645555496,0.875,40,35,0.8601435422897339,0.702690643570412
T0312,REFUGE/Refuge/Test400/T0312.jpg,Test400,0,-2.683628797531128,0.06394632160663605,0.851063829787234,47,40,-0.6513816118240356,0.34267826183320826
T0313,REFUGE/Refuge/Test400/T0313.jpg,Test400,0,-7.878597736358643,0.00037862040335312486,0.7857142857142857,42,33,-0.5237385630607605,0.3719784489762488
T0314,REFUGE/Refuge/Test400/T0314.jpg,Test400,0,-5.760611534118652,0.0031392991077154875,0.6888888888888889,45,31,0.2580697238445282,0.5641617281068056
T0315,REFUGE/Refuge/Test400/T0315.jpg,Test400,1,-0.13388603925704956,0.4665783643722534,0.7666666666666667,30,23,0.8533017039299011,0.7012592912437329
T0316,REFUGE/Refuge/Test400/T0316.jpg,Test400,0,-6.91306734085083,0.0009937136201187968,0.7804878048780488,41,32,-1.8616793155670166,0.1345074341010066
T0317,REFUGE/Refuge/Test400/T0317.jpg,Test400,0,-6.129336357116699,0.002173292450606823,0.8541666666666666,48,41,-0.11936600506305695,0.4701938807358241
T0318,REFUGE/Refuge/Test400/T0318.jpg,Test400,0,1.3121263980865479,0.7878687381744385,0.7714285714285715,35,27,-0.8260409235954285,0.3044828462428004
T0319,REFUGE/Refuge/Test400/T0319.jpg,Test400,0,-1.6739248037338257,0.1579015851020813,0.8181818181818182,44,36,0.30478203296661377,0.5756111062880425
T0320,REFUGE/Refuge/Test400/T0320.jpg,Test400,1,4.261891841888428,0.9861002564430237,0.782608695652174,23,18,3.317713737487793,0.9650315219495749
T0321,REFUGE/Refuge/Test400/T0321.jpg,Test400,0,0.9775981307029724,0.7266313433647156,0.5813953488372093,43,25,0.19626949727535248,0.5489104654446312
T0322,REFUGE/Refuge/Test400/T0322.jpg,Test400,1,-0.9777629971504211,0.27333587408065796,0.8372093023255814,43,36,2.0307486057281494,0.8839878720007163
T0323,REFUGE/Refuge/Test400/T0323.jpg,Test400,0,-8.095348358154297,0.0003048614307772368,0.8478260869565217,46,39,-1.821972370147705,0.13919737245740335
T0324,REFUGE/Refuge/Test400/T0324.jpg,Test400,0,-2.221877336502075,0.0978030189871788,0.868421052631579,38,33,0.6920429468154907,0.6664212362463009
T0325,REFUGE/Refuge/Test400/T0325.jpg,Test400,0,3.0014545917510986,0.9526398181915283,0.6744186046511628,43,29,-0.2816624045372009,0.43004626264878826
T0326,REFUGE/Refuge/Test400/T0326.jpg,Test400,0,2.3430910110473633,0.912383496761322,0.8055555555555556,36,29,2.145460605621338,0.8952438251150413
T0327,REFUGE/Refuge/Test400/T0327.jpg,Test400,0,-6.28365421295166,0.001863089739345014,0.8181818181818182,44,36,0.24801890552043915,0.5616888261021826
T0328,REFUGE/Refuge/Test400/T0328.jpg,Test400,0,-5.063164710998535,0.006285748444497585,0.9148936170212766,47,43,-1.0689630508422852,0.25560033324090664
T0329,REFUGE/Refuge/Test400/T0329.jpg,Test400,0,-3.0984084606170654,0.04317295551300049,0.7209302325581395,43,31,-1.3950263261795044,0.19860654472520559
T0330,REFUGE/Refuge/Test400/T0330.jpg,Test400,0,0.2161673903465271,0.5538324117660522,0.9302325581395349,43,40,-0.5088543891906738,0.37546212182276284
T0331,REFUGE/Refuge/Test400/T0331.jpg,Test400,0,3.172213077545166,0.9597750902175903,0.8666666666666667,45,39,1.4537776708602905,0.8105791404582126
T0332,REFUGE/Refuge/Test400/T0332.jpg,Test400,0,4.170854091644287,0.9847956895828247,0.9117647058823529,34,31,1.1491954326629639,0.7593639287568366
T0333,REFUGE/Refuge/Test400/T0333.jpg,Test400,0,-7.6785454750061035,0.0004624333814717829,0.851063829787234,47,40,0.3442613482475281,0.5852252825712231
T0334,REFUGE/Refuge/Test400/T0334.jpg,Test400,0,0.43474167585372925,0.6070053577423096,0.8666666666666667,45,39,0.02851937524974346,0.5071293605940357
T0335,REFUGE/Refuge/Test400/T0335.jpg,Test400,0,1.0973336696624756,0.7497602105140686,0.926829268292683,41,38,-0.001883345190435648,0.499529163841562
T0336,REFUGE/Refuge/Test400/T0336.jpg,Test400,0,-1.679695963859558,0.1571357250213623,0.7954545454545454,44,35,-1.2454760074615479,0.2234842459170149
T0337,REFUGE/Refuge/Test400/T0337.jpg,Test400,0,-6.398317813873291,0.0016615891363471746,0.4878048780487805,41,20,-1.1650968790054321,0.23774238962183808
T0338,REFUGE/Refuge/Test400/T0338.jpg,Test400,0,2.6725881099700928,0.9353896379470825,0.9302325581395349,43,40,-0.23905618488788605,0.44051895222233817
T0339,REFUGE/Refuge/Test400/T0339.jpg,Test400,0,1.157027006149292,0.7607921361923218,0.7894736842105263,38,30,1.725884199142456,0.8488852067651727
T0340,REFUGE/Refuge/Test400/T0340.jpg,Test400,0,-0.17393964529037476,0.4566243588924408,0.8863636363636364,44,39,0.823646068572998,0.695009750681056
T0341,REFUGE/Refuge/Test400/T0341.jpg,Test400,0,1.2523045539855957,0.7776985168457031,0.8809523809523809,42,37,0.7350202202796936,0.6759059571374099
T0342,REFUGE/Refuge/Test400/T0342.jpg,Test400,1,3.2159619331359863,0.9614304900169373,0.868421052631579,38,33,2.5014781951904297,0.9242453820068226
T0343,REFUGE/Refuge/Test400/T0343.jpg,Test400,0,2.498755693435669,0.9240545630455017,0.723404255319149,47,34,2.6049106121063232,0.9311769504064197
T0344,REFUGE/Refuge/Test400/T0344.jpg,Test400,0,-4.199694633483887,0.014778477139770985,0.675,40,27,0.4010023772716522,0.5989284681818103
T0345,REFUGE/Refuge/Test400/T0345.jpg,Test400,0,1.4144883155822754,0.8044728636741638,0.8260869565217391,46,38,0.326201856136322,0.5808349439756555
T0346,REFUGE/Refuge/Test400/T0346.jpg,Test400,1,1.7554380893707275,0.8526373505592346,0.8809523809523809,42,37,1.9739848375320435,0.8780384803344401
T0347,REFUGE/Refuge/Test400/T0347.jpg,Test400,0,2.2807276248931885,0.9072682857513428,0.6451612903225806,31,20,-1.6385082006454468,0.16266815419248948
T0348,REFUGE/Refuge/Test400/T0348.jpg,Test400,0,-6.809997081756592,0.001101481495425105,0.7777777777777778,45,35,-1.7991628646850586,0.14195299938606162
T0349,REFUGE/Refuge/Test400/T0349.jpg,Test400,0,-5.794541835784912,0.0030348862055689096,0.7631578947368421,38,29,-0.9870505928993225,0.27149503424303756
T0350,REFUGE/Refuge/Test400/T0350.jpg,Test400,0,2.7472426891326904,0.9397574663162231,0.7857142857142857,42,33,0.2559092342853546,0.5636304264207067
T0351,REFUGE/Refuge/Test400/T0351.jpg,Test400,0,2.013887643814087,0.8822475075721741,0.9111111111111111,45,41,0.633190393447876,0.6532125218379333
T0352,REFUGE/Refuge/Test400/T0352.jpg,Test400,0,0.05844694375991821,0.5146075487136841,0.8636363636363636,44,38,1.358907699584961,0.7955821129262666
T0353,REFUGE/Refuge/Test400/T0353.jpg,Test400,0,-0.20382803678512573,0.44921866059303284,0.8717948717948718,39,34,2.47523832321167,0.9223876004135528
T0354,REFUGE/Refuge/Test400/T0354.jpg,Test400,0,0.29358798265457153,0.5728743076324463,0.8809523809523809,42,37,0.1772172749042511,0.5441887300819589
T0355,REFUGE/Refuge/Test400/T0355.jpg,Test400,0,2.854771852493286,0.945564866065979,0.7857142857142857,42,33,-0.7370292544364929,0.3236541053003473
T0356,REFUGE/Refuge/Test400/T0356.jpg,Test400,0,4.19208288192749,0.9851102828979492,0.825,40,33,0.7258385419845581,0.6738914057966805
T0357,REFUGE/Refuge/Test400/T0357.jpg,Test400,0,-1.937903881072998,0.12587833404541016,0.8571428571428571,42,36,-0.0659266859292984,0.4835242954866562
T0358,REFUGE/Refuge/Test400/T0358.jpg,Test400,0,3.8619461059570312,0.97940593957901,0.0,0,0,0.2558734118938446,0.5636216158415625
T0359,REFUGE/Refuge/Test400/T0359.jpg,Test400,0,1.5475761890411377,0.8245633840560913,0.7105263157894737,38,27,0.940868079662323,0.7192749721078714
T0360,REFUGE/Refuge/Test400/T0360.jpg,Test400,1,4.854416847229004,0.9922663569450378,0.7575757575757576,33,25,1.8710542917251587,0.8665802206780279
T0361,REFUGE/Refuge/Test400/T0361.jpg,Test400,0,-3.8652446269989014,0.020527584478259087,0.8297872340425532,47,39,-0.8903647661209106,0.29103455824739494
T0362,REFUGE/Refuge/Test400/T0362.jpg,Test400,0,-0.6128356456756592,0.3514126241207123,0.7435897435897436,39,29,0.301798015832901,0.5748819977841535
T0363,REFUGE/Refuge/Test400/T0363.jpg,Test400,1,2.740133047103882,0.9393537044525146,0.9230769230769231,39,36,3.302475929260254,0.9645136520570937
T0364,REFUGE/Refuge/Test400/T0364.jpg,Test400,0,2.5657060146331787,0.9286216497421265,0.7659574468085106,47,36,0.466403603553772,0.614532185129457
T0365,REFUGE/Refuge/Test400/T0365.jpg,Test400,0,-5.773911952972412,0.003097949782386422,0.6744186046511628,43,29,-1.4953835010528564,0.1831150679490936
T0366,REFUGE/Refuge/Test400/T0366.jpg,Test400,0,1.3676493167877197,0.7970001101493835,0.6111111111111112,36,22,1.9095633029937744,0.8709700792700082
T0367,REFUGE/Refuge/Test400/T0367.jpg,Test400,0,3.130729913711548,0.9581426382064819,0.9230769230769231,39,36,0.8671919107437134,0.7041610572828878
T0368,REFUGE/Refuge/Test400/T0368.jpg,Test400,1,-1.8367159366607666,0.13744015991687775,0.8125,48,39,-0.7125389575958252,0.3290380662899234
T0369,REFUGE/Refuge/Test400/T0369.jpg,Test400,0,-5.4857096672058105,0.004128477536141872,0.8837209302325582,43,38,-1.1853985786437988,0.23408290619890004
T0370,REFUGE/Refuge/Test400/T0370.jpg,Test400,1,-0.534340500831604,0.3695050776004791,0.8297872340425532,47,39,1.2616053819656372,0.779302341548666
T0371,REFUGE/Refuge/Test400/T0371.jpg,Test400,1,-2.4113497734069824,0.08231130242347717,0.5853658536585366,41,24,-1.3786048889160156,0.20123315416787518
T0372,REFUGE/Refuge/Test400/T0372.jpg,Test400,0,-6.221036434173584,0.001983243739232421,0.8372093023255814,43,36,-0.820198655128479,0.30572149254923875
T0373,REFUGE/Refuge/Test400/T0373.jpg,Test400,0,3.047217845916748,0.9546622633934021,0.575,40,23,-0.014002935960888863,0.496499323211296
T0374,REFUGE/Refuge/Test400/T0374.jpg,Test400,0,1.7993266582489014,0.8580669164657593,0.7924528301886793,53,42,0.4465410113334656,0.609816514367149
T0375,REFUGE/Refuge/Test400/T0375.jpg,Test400,0,-5.114285469055176,0.005974362604320049,0.8571428571428571,42,36,-1.2794544696807861,0.2176430992148522
T0376,REFUGE/Refuge/Test400/T0376.jpg,Test400,0,1.1826820373535156,0.765429675579071,0.8571428571428571,35,30,0.8935056924819946,0.7096130942905252
T0377,REFUGE/Refuge/Test400/T0377.jpg,Test400,0,1.688779354095459,0.8440635800361633,0.813953488372093,43,35,-0.9405626654624939,0.2807867007948822
T0378,REFUGE/Refuge/Test400/T0378.jpg,Test400,0,-6.151048183441162,0.0021267139818519354,0.8571428571428571,42,36,-0.05216624215245247,0.48696139617544537
T0379,REFUGE/Refuge/Test400/T0379.jpg,Test400,0,-1.8571017980575562,0.1350412219762802,0.75,36,27,0.04304490610957146,0.5107595652444883
T0380,REFUGE/Refuge/Test400/T0380.jpg,Test400,0,-3.4657528400421143,0.030302532017230988,0.8333333333333334,54,45,-1.8970766067504883,0.13043970270292565
T0381,REFUGE/Refuge/Test400/T0381.jpg,Test400,0,8.656137466430664,0.9998260140419006,0.7631578947368421,38,29,2.4751925468444824,0.9223843232788839
T0382,REFUGE/Refuge/Test400/T0382.jpg,Test400,0,-6.2147393226623535,0.00199574651196599,0.803921568627451,51,41,-1.3491065502166748,0.206016478291931
T0383,REFUGE/Refuge/Test400/T0383.jpg,Test400,0,1.8706408739089966,0.8665323853492737,0.75,44,33,1.2930586338043213,0.7846644447306409
T0384,REFUGE/Refuge/Test400/T0384.jpg,Test400,0,-0.36233872175216675,0.4103935658931732,0.7674418604651163,43,33,0.100723996758461,0.5251597316506768
T0385,REFUGE/Refuge/Test400/T0385.jpg,Test400,0,-2.5007617473602295,0.07580479234457016,0.7954545454545454,44,35,-0.14799745380878448,0.46306802280153764
T0386,REFUGE/Refuge/Test400/T0386.jpg,Test400,0,4.7804741859436035,0.9916778802871704,0.7674418604651163,43,33,0.07375170290470123,0.5184295727977608
T0387,REFUGE/Refuge/Test400/T0387.jpg,Test400,0,-2.6548311710357666,0.06569186598062515,0.7551020408163265,49,37,0.33042144775390625,0.5818619180376575
T0388,REFUGE/Refuge/Test400/T0388.jpg,Test400,0,-2.83502459526062,0.055460598319768906,0.7777777777777778,45,35,-0.09382565319538116,0.47656077929501894
T0389,REFUGE/Refuge/Test400/T0389.jpg,Test400,0,-0.19557422399520874,0.4512616693973541,0.8947368421052632,38,34,-0.0492701418697834,0.48768495571070997
T0390,REFUGE/Refuge/Test400/T0390.jpg,Test400,0,-1.989403247833252,0.12032000720500946,0.9318181818181818,44,41,0.6209389567375183,0.6504320694919287
T0391,REFUGE/Refuge/Test400/T0391.jpg,Test400,0,-3.322763442993164,0.03479846939444542,0.8292682926829268,41,34,-2.390063762664795,0.08393352913960864
T0392,REFUGE/Refuge/Test400/T0392.jpg,Test400,0,-5.223936557769775,0.005357230547815561,0.8297872340425532,47,39,-0.8522509336471558,0.2989608861012385
T0393,REFUGE/Refuge/Test400/T0393.jpg,Test400,0,0.6757317185401917,0.6627853512763977,0.5625,32,18,-0.4852850139141083,0.38100492518990675
T0394,REFUGE/Refuge/Test400/T0394.jpg,Test400,0,3.6231539249420166,0.9739959239959717,0.8913043478260869,46,41,1.1029020547866821,0.750803468242397
T0395,REFUGE/Refuge/Test400/T0395.jpg,Test400,0,2.821406126022339,0.9438217282295227,0.9,40,36,0.03326619789004326,0.508315782605237
T0396,REFUGE/Refuge/Test400/T0396.jpg,Test400,0,0.8176811337471008,0.693743884563446,0.18181818181818182,33,6,2.1408066749572754,0.8948065651832238
T0397,REFUGE/Refuge/Test400/T0397.jpg,Test400,1,1.2565233707427979,0.7784270644187927,0.813953488372093,43,35,3.1227922439575195,0.9578231733777735
T0398,REFUGE/Refuge/Test400/T0398.jpg,Test400,0,2.9040093421936035,0.9480443000793457,0.975609756097561,41,40,1.1349642276763916,0.7567538658020946
T0399,REFUGE/Refuge/Test400/T0399.jpg,Test400,0,-3.704313278198242,0.024025673046708107,0.8837209302325582,43,38,-0.5067876577377319,0.37594687493239504
T0400,REFUGE/Refuge/Test400/T0400.jpg,Test400,0,-2.177069902420044,0.10182859748601913,0.7777777777777778,45,35,1.269519329071045,0.780660453872023
g0001,REFUGE/Refuge/Training400/Glaucoma/g0001.jpg,Training400,1,3.103602886199951,0.9570411443710327,0.0,29,0,0.18288476765155792,0.5455941809317214
g0002,REFUGE/Refuge/Training400/Glaucoma/g0002.jpg,Training400,1,4.535488605499268,0.9893920421600342,0.9411764705882353,34,32,3.0707077980041504,0.9556681690222437
g0003,REFUGE/Refuge/Training400/Glaucoma/g0003.jpg,Training400,1,4.464937210083008,0.9886255264282227,0.9230769230769231,26,24,3.0408952236175537,0.9543878156893679
g0004,REFUGE/Refuge/Training400/Glaucoma/g0004.jpg,Training400,1,4.515328884124756,0.9891784191131592,0.8421052631578947,19,16,3.0155410766601562,0.9532713031403856
g0005,REFUGE/Refuge/Training400/Glaucoma/g0005.jpg,Training400,1,5.757059574127197,0.9968495965003967,0.3333333333333333,27,9,1.8000234365463257,0.8581517879908883
g0006,REFUGE/Refuge/Training400/Glaucoma/g0006.jpg,Training400,1,4.041422367095947,0.98273104429245,0.0,0,0,0.016821039840579033,0.5042051608073425
g0007,REFUGE/Refuge/Training400/Glaucoma/g0007.jpg,Training400,1,4.87378454208374,0.9924135804176331,0.75,8,6,3.748321533203125,0.9769849193151325
g0008,REFUGE/Refuge/Training400/Glaucoma/g0008.jpg,Training400,1,10.008122444152832,0.9999549388885498,0.4883720930232558,43,21,2.5073723793029785,0.9246570377818263
g0009,REFUGE/Refuge/Training400/Glaucoma/g0009.jpg,Training400,1,1.674551010131836,0.8421816825866699,0.6410256410256411,39,25,1.0032827854156494,0.7317035236368616
g0010,REFUGE/Refuge/Training400/Glaucoma/g0010.jpg,Training400,1,1.7187440395355225,0.8479669690132141,0.875,24,21,0.9195369482040405,0.7149477463116408
g0011,REFUGE/Refuge/Training400/Glaucoma/g0011.jpg,Training400,1,-1.3093366622924805,0.21259786188602448,0.5135135135135135,37,19,-0.13693971931934357,0.4658184692081942
g0012,REFUGE/Refuge/Training400/Glaucoma/g0012.jpg,Training400,1,1.4282076358795166,0.8066219091415405,0.75,32,24,1.6988332271575928,0.8453822862338437
g0013,REFUGE/Refuge/Training400/Glaucoma/g0013.jpg,Training400,1,2.513798475265503,0.925103485584259,0.0,9,0,-0.7883100509643555,0.31253164937800276
g0014,REFUGE/Refuge/Training400/Glaucoma/g0014.jpg,Training400,1,4.7866034507751465,0.9917282462120056,0.8928571428571429,28,25,5.676805019378662,0.9965872049181222
g0015,REFUGE/Refuge/Training400/Glaucoma/g0015.jpg,Training400,1,6.392181873321533,0.9983281493186951,0.9047619047619048,42,38,4.136660575866699,0.9842751091005765
g0016,REFUGE/Refuge/Training400/Glaucoma/g0016.jpg,Training400,1,8.443929672241211,0.9997848868370056,0.8571428571428571,35,30,4.3825812339782715,0.9876610815343738
g0017,REFUGE/Refuge/Training400/Glaucoma/g0017.jpg,Training400,1,7.643906116485596,0.9995212554931641,0.7142857142857143,21,15,5.026586532592773,0.9934815995998226
g0018,REFUGE/Refuge/Training400/Glaucoma/g0018.jpg,Training400,1,5.982883930206299,0.9974848031997681,0.9655172413793104,29,28,5.975633144378662,0.9974665412569782
g0019,REFUGE/Refuge/Training400/Glaucoma/g0019.jpg,Training400,1,5.231140613555908,0.9946810603141785,0.7142857142857143,35,25,2.998072624206543,0.9524869784311817
g0020,REFUGE/Refuge/Training400/Glaucoma/g0020.jpg,Training400,1,7.895469665527344,0.9996277093887329,0.47058823529411764,17,8,2.498072624206543,0.9240065932690953
g0021,REFUGE/Refuge/Training400/Glaucoma/g0021.jpg,Training400,1,4.5409932136535645,0.989449679851532,0.36363636363636365,33,12,-0.19338075816631317,0.45180490937131457
g0022,REFUGE/Refuge/Training400/Glaucoma/g0022.jpg,Training400,1,-4.35977029800415,0.012620022520422935,0.7073170731707317,41,29,-0.3691299855709076,0.40875126444177373
g0023,REFUGE/Refuge/Training400/Glaucoma/g0023.jpg,Training400,1,-4.591582775115967,0.010035078041255474,0.0,11,0,-1.6773546934127808,0.15744606889945775
g0024,REFUGE/Refuge/Training400/Glaucoma/g0024.jpg,Training400,1,4.017307281494141,0.9823169708251953,0.0,7,0,2.318301200866699,0.9103814372042218
g0025,REFUGE/Refuge/Training400/Glaucoma/g0025.jpg,Training400,1,1.6706726551055908,0.841665506362915,0.8387096774193549,31,26,3.1204934120178223,0.9577302074967997
g0026,REFUGE/Refuge/Training400/Glaucoma/g0026.jpg,Training400,1,1.898895502090454,0.8697664737701416,0.9142857142857143,35,32,3.7867367267608643,0.9778330547184748
g0027,REFUGE/Refuge/Training400/Glaucoma/g0027.jpg,Training400,1,4.402636528015137,0.9879030585289001,0.8387096774193549,31,26,2.1496992111206055,0.895640665952154
g0028,REFUGE/Refuge/Training400/Glaucoma/g0028.jpg,Training400,1,4.667520046234131,0.9906918406486511,0.3142857142857143,35,11,2.1427714824676514,0.8949913647326618
g0029,REFUGE/Refuge/Training400/Glaucoma/g0029.jpg,Training400,1,8.852241516113281,0.9998569488525391,0.0,7,0,-0.3527643382549286,0.4127122371526924
g0030,REFUGE/Refuge/Training400/Glaucoma/g0030.jpg,Training400,1,6.6599860191345215,0.9987205266952515,0.8235294117647058,34,28,2.809426784515381,0.9431831091027532
g0031,REFUGE/Refuge/Training400/Glaucoma/g0031.jpg,Training400,1,7.6828179359436035,0.9995396137237549,0.0,20,0,1.5439670085906982,0.8240406717244312
g0032,REFUGE/Refuge/Training400/Glaucoma/g0032.jpg,Training400,1,0.5268802046775818,0.6287551522254944,0.8484848484848485,33,28,2.2293903827667236,0.9028579053536065
g0033,REFUGE/Refuge/Training400/Glaucoma/g0033.jpg,Training400,1,1.4107704162597656,0.8038874268531799,0.45454545454545453,11,5,2.342092514038086,0.9123036427333682
g0034,REFUGE/Refuge/Training400/Glaucoma/g0034.jpg,Training400,1,10.39012622833252,0.9999692440032959,0.9117647058823529,34,31,3.66965651512146,0.9751481331184356
g0035,REFUGE/Refuge/Training400/Glaucoma/g0035.jpg,Training400,1,-1.2295596599578857,0.2262585163116455,0.8571428571428571,35,30,3.7197959423065186,0.9763347074994942
g0036,REFUGE/Refuge/Training400/Glaucoma/g0036.jpg,Training400,1,2.6775577068328857,0.9356892704963684,0.9393939393939394,33,31,2.5407962799072266,0.926952762090131
g0037,REFUGE/Refuge/Training400/Glaucoma/g0037.jpg,Training400,1,5.5398125648498535,0.9960881471633911,0.0,6,0,1.208695411682129,0.7700680357811036
g0038,REFUGE/Refuge/Training400/Glaucoma/g0038.jpg,Training400,1,5.602250576019287,0.9963240623474121,0.8947368421052632,38,34,5.335732936859131,0.9952067075947294
g0039,REFUGE/Refuge/Training400/Glaucoma/g0039.jpg,Training400,1,1.081345796585083,0.7467486262321472,0.5588235294117647,34,19,-1.2730722427368164,0.21873178842506497
g0040,REFUGE/Refuge/Training400/Glaucoma/g0040.jpg,Training400,1,1.7796993255615234,0.8556597232818604,0.9310344827586207,29,27,2.866093158721924,0.946144621622993
n0001,REFUGE/Refuge/Training400/Non-Glaucoma/n0001.jpg,Training400,0,3.8188161849975586,0.9785177707672119,0.391304347826087,46,18,1.0102812051773071,0.7330751779386114
n0002,REFUGE/Refuge/Training400/Non-Glaucoma/n0002.jpg,Training400,0,9.304061889648438,0.9999089241027832,0.3902439024390244,41,16,3.77250599861145,0.97752248896972
n0003,REFUGE/Refuge/Training400/Non-Glaucoma/n0003.jpg,Training400,0,-3.5880303382873535,0.026908645406365395,0.6071428571428571,28,17,-1.6656692028045654,0.1590024410486071
n0004,REFUGE/Refuge/Training400/Non-Glaucoma/n0004.jpg,Training400,0,4.411777973175049,0.9880118370056152,0.4482758620689655,29,13,0.24181823432445526,0.5601616757667834
n0005,REFUGE/Refuge/Training400/Non-Glaucoma/n0005.jpg,Training400,0,0.6964338421821594,0.6673966646194458,0.5517241379310345,29,16,0.3387109935283661,0.5838773739120426
n0006,REFUGE/Refuge/Training400/Non-Glaucoma/n0006.jpg,Training400,0,3.9696428775787354,0.9814697504043579,0.54,50,27,1.0899091958999634,0.7483646222173016
n0007,REFUGE/Refuge/Training400/Non-Glaucoma/n0007.jpg,Training400,0,-2.6670660972595215,0.06494490802288055,0.42857142857142855,21,9,-0.5467218160629272,0.3666253066198536
n0008,REFUGE/Refuge/Training400/Non-Glaucoma/n0008.jpg,Training400,0,5.028038024902344,0.993490993976593,0.06896551724137931,29,2,1.400164246559143,0.8022099507133906
n0009,REFUGE/Refuge/Training400/Non-Glaucoma/n0009.jpg,Training400,0,7.06052827835083,0.9991424083709717,0.4634146341463415,41,19,1.0571961402893066,0.7421543595619733
n0010,REFUGE/Refuge/Training400/Non-Glaucoma/n0010.jpg,Training400,0,7.296300411224365,0.9993224143981934,0.0,20,0,0.9342938661575317,0.7179456052916466
n0011,REFUGE/Refuge/Training400/Non-Glaucoma/n0011.jpg,Training400,0,-0.717232882976532,0.32800260186195374,0.6176470588235294,34,21,0.2713126242160797,0.5674151238734654
n0012,REFUGE/Refuge/Training400/Non-Glaucoma/n0012.jpg,Training400,0,-2.8466928005218506,0.054852522909641266,0.5833333333333334,36,21,-0.5174229145050049,0.37345503965571364
n0013,REFUGE/Refuge/Training400/Non-Glaucoma/n0013.jpg,Training400,0,9.486248016357422,0.9999240636825562,0.0,20,0,1.5950911045074463,0.8313311806298287
n0014,REFUGE/Refuge/Training400/Non-Glaucoma/n0014.jpg,Training400,0,4.758365154266357,0.9914933443069458,0.43902439024390244,41,18,3.442600727081299,0.9690097107271484
n0015,REFUGE/Refuge/Training400/Non-Glaucoma/n0015.jpg,Training400,0,6.683401584625244,0.9987500905990601,0.4722222222222222,36,17,1.9810574054718018,0.8787938370144394
n0016,REFUGE/Refuge/Training400/Non-Glaucoma/n0016.jpg,Training400,0,3.3299448490142822,0.9654419422149658,0.53125,32,17,0.9010048508644104,0.7111559560066023
n0017,REFUGE/Refuge/Training400/Non-Glaucoma/n0017.jpg,Training400,0,3.9481112957000732,0.9810739159584045,0.5882352941176471,34,20,0.9658077955245972,0.7242831144046704
n0018,REFUGE/Refuge/Training400/Non-Glaucoma/n0018.jpg,Training400,0,0.6866851449012756,0.665229082107544,0.41379310344827586,29,12,-0.7721932530403137,0.3160048526679795
n0019,REFUGE/Refuge/Training400/Non-Glaucoma/n0019.jpg,Training400,0,0.3519816994667053,0.5870980024337769,0.5,26,13,0.9134897589683533,0.7137137442347533
n0020,REFUGE/Refuge/Training400/Non-Glaucoma/n0020.jpg,Training400,0,3.581084728240967,0.9729088544845581,0.5135135135135135,37,19,-0.09216855466365814,0.4769741594844225
n0021,REFUGE/Refuge/Training400/Non-Glaucoma/n0021.jpg,Training400,0,2.24951434135437,0.9046086668968201,0.4358974358974359,39,17,1.5345453023910522,0.8226703731248456
n0022,REFUGE/Refuge/Training400/Non-Glaucoma/n0022.jpg,Training400,0,3.054004669189453,0.9549550414085388,0.0,0,0,2.0178093910217285,0.8826543054282375
n0023,REFUGE/Refuge/Training400/Non-Glaucoma/n0023.jpg,Training400,0,1.9509265422821045,0.8755476474761963,0.0,7,0,1.6108914613723755,0.8335351173271517
n0024,REFUGE/Refuge/Training400/Non-Glaucoma/n0024.jpg,Training400,0,4.102077007293701,0.9837307929992676,0.4,25,10,3.0473780632019043,0.9546691949503595
n0025,REFUGE/Refuge/Training400/Non-Glaucoma/n0025.jpg,Training400,0,5.901004314422607,0.9972707629203796,0.5609756097560976,41,23,2.5559241771698,0.9279704993988982
n0026,REFUGE/Refuge/Training400/Non-Glaucoma/n0026.jpg,Training400,0,6.017630100250244,0.9975704550743103,0.475,40,19,2.209930419921875,0.901137728208453
n0027,REFUGE/Refuge/Training400/Non-Glaucoma/n0027.jpg,Training400,0,6.227365016937256,0.9980291724205017,0.5714285714285714,42,24,4.913171768188477,0.9927044742988094
n0028,REFUGE/Refuge/Training400/Non-Glaucoma/n0028.jpg,Training400,0,4.947361469268799,0.9929479360580444,0.5,34,17,0.5138280391693115,0.625703426584382
n0029,REFUGE/Refuge/Training400/Non-Glaucoma/n0029.jpg,Training400,0,3.870800256729126,0.9795837998390198,0.6451612903225806,31,20,2.6130573749542236,0.9316972169979395
n0030,REFUGE/Refuge/Training400/Non-Glaucoma/n0030.jpg,Training400,0,4.766635894775391,0.9915628433227539,0.47368421052631576,38,18,1.7214990854263306,0.8483218272571887
n0031,REFUGE/Refuge/Training400/Non-Glaucoma/n0031.jpg,Training400,0,5.715071201324463,0.9967149496078491,0.4,35,14,0.4607723355293274,0.6131973795947284
n0032,REFUGE/Refuge/Training400/Non-Glaucoma/n0032.jpg,Training400,0,3.0650181770324707,0.9554264545440674,0.0,0,0,0.22398267686367035,0.5557627373786725
n0033,REFUGE/Refuge/Training400/Non-Glaucoma/n0033.jpg,Training400,0,2.4323737621307373,0.9192628264427185,0.07692307692307693,26,2,-0.9841321706771851,0.27207264056556424
n0034,REFUGE/Refuge/Training400/Non-Glaucoma/n0034.jpg,Training400,0,0.2701278328895569,0.5671243071556091,0.14814814814814814,27,4,-1.4437521696090698,0.1909649759941821
n0035,REFUGE/Refuge/Training400/Non-Glaucoma/n0035.jpg,Training400,0,3.366769790649414,0.9666496515274048,0.4444444444444444,36,16,3.5029091835021973,0.9707704310677608
n0036,REFUGE/Refuge/Training400/Non-Glaucoma/n0036.jpg,Training400,0,0.0026236162520945072,0.5006558895111084,0.46875,32,15,0.13171617686748505,0.5328815190865203
n0037,REFUGE/Refuge/Training400/Non-Glaucoma/n0037.jpg,Training400,0,-5.029961109161377,0.006496583577245474,0.7272727272727273,22,16,0.2139672487974167,0.5532886621045697
n0038,REFUGE/Refuge/Training400/Non-Glaucoma/n0038.jpg,Training400,0,5.766208171844482,0.9968781471252441,0.0,0,0,0.02503754012286663,0.5062590580617661
n0039,REFUGE/Refuge/Training400/Non-Glaucoma/n0039.jpg,Training400,0,8.265134811401367,0.9997426867485046,0.5,40,20,3.9918582439422607,0.9818694188140912
n0040,REFUGE/Refuge/Training400/Non-Glaucoma/n0040.jpg,Training400,0,1.771511435508728,0.8546454906463623,0.5714285714285714,42,24,1.047784686088562,0.7403492712529331
n0041,REFUGE/Refuge/Training400/Non-Glaucoma/n0041.jpg,Training400,0,4.839236736297607,0.9921489953994751,0.65,40,26,2.029054880142212,0.8838140618292221
n0042,REFUGE/Refuge/Training400/Non-Glaucoma/n0042.jpg,Training400,0,3.5045664310455322,0.9708173871040344,0.8235294117647058,34,28,0.8026808500289917,0.6905476486901722
n0043,REFUGE/Refuge/Training400/Non-Glaucoma/n0043.jpg,Training400,0,3.9104082584381104,0.9803611040115356,0.6944444444444444,36,25,2.2780354022979736,0.9070415299320584
n0044,REFUGE/Refuge/Training400/Non-Glaucoma/n0044.jpg,Training400,0,5.485911846160889,0.9958723187446594,0.59375,32,19,1.3866698741912842,0.8000600753229963
n0045,REFUGE/Refuge/Training400/Non-Glaucoma/n0045.jpg,Training400,0,0.7275362610816956,0.6742643713951111,0.43333333333333335,30,13,1.0695594549179077,0.7445131273071185
n0046,REFUGE/Refuge/Training400/Non-Glaucoma/n0046.jpg,Training400,0,3.2670352458953857,0.9632803797721863,0.28125,32,9,1.3920199871063232,0.8009145267879326
n0047,REFUGE/Refuge/Training400/Non-Glaucoma/n0047.jpg,Training400,0,5.291204452514648,0.9949895739555359,0.25806451612903225,31,8,-0.6749358177185059,0.33739251119429187
n0048,REFUGE/Refuge/Training400/Non-Glaucoma/n0048.jpg,Training400,0,5.511568069458008,0.9959765076637268,0.0,0,0,0.8747086524963379,0.7057245251659978
n0049,REFUGE/Refuge/Training400/Non-Glaucoma/n0049.jpg,Training400,0,7.289635181427002,0.9993178844451904,0.5384615384615384,39,21,3.5539510250091553,0.9721844687132831
n0050,REFUGE/Refuge/Training400/Non-Glaucoma/n0050.jpg,Training400,0,8.003646850585938,0.9996658563613892,0.5641025641025641,39,22,2.9171080589294434,0.9486856986209354
n0051,REFUGE/Refuge/Training400/Non-Glaucoma/n0051.jpg,Training400,0,-5.702886581420898,0.0033252269495278597,0.3,40,12,-2.439181327819824,0.08023330608389977
n0052,REFUGE/Refuge/Training400/Non-Glaucoma/n0052.jpg,Training400,0,6.702169418334961,0.9987732768058777,0.4166666666666667,36,15,2.058624744415283,0.8868162045065218
n0053,REFUGE/Refuge/Training400/Non-Glaucoma/n0053.jpg,Training400,0,6.626014232635498,0.9986762404441833,0.6774193548387096,31,21,3.4874842166900635,0.9703295517748193
n0054,REFUGE/Refuge/Training400/Non-Glaucoma/n0054.jpg,Training400,0,4.995372772216797,0.9932763576507568,0.525,40,21,1.8105993270874023,0.8594342927649635
n0055,REFUGE/Refuge/Training400/Non-Glaucoma/n0055.jpg,Training400,0,-0.9715799689292908,0.2745656669139862,0.44,25,11,0.9815707206726074,0.7274197704527482
n0056,REFUGE/Refuge/Training400/Non-Glaucoma/n0056.jpg,Training400,0,8.063655853271484,0.9996852874755859,0.5483870967741935,31,17,2.2554421424865723,0.905118930484783
n0057,REFUGE/Refuge/Training400/Non-Glaucoma/n0057.jpg,Training400,0,6.1871161460876465,0.9979484677314758,0.0,17,0,0.4135655462741852,0.6019425210108404
n0058,REFUGE/Refuge/Training400/Non-Glaucoma/n0058.jpg,Training400,0,4.089292526245117,0.9835249185562134,0.5625,32,18,0.32236313819885254,0.5799000588312614
n0059,REFUGE/Refuge/Training400/Non-Glaucoma/n0059.jpg,Training400,0,2.5450704097747803,0.9272416830062866,0.7894736842105263,38,30,0.9470606446266174,0.7205236658938232
n0060,REFUGE/Refuge/Training400/Non-Glaucoma/n0060.jpg,Training400,0,3.178420066833496,0.9600141048431396,0.0,7,0,-0.4283866882324219,0.394511641251662
n0061,REFUGE/Refuge/Training400/Non-Glaucoma/n0061.jpg,Training400,0,2.368116617202759,0.914363443851471,0.3611111111111111,36,13,0.1470690220594406,0.5367011277160781
n0062,REFUGE/Refuge/Training400/Non-Glaucoma/n0062.jpg,Training400,0,1.5469305515289307,0.8244699835777283,0.0,8,0,0.43274396657943726,0.6065287116039655
n0063,REFUGE/Refuge/Training400/Non-Glaucoma/n0063.jpg,Training400,0,-0.1373623013496399,0.4657133221626282,0.29411764705882354,34,10,-0.20569930970668793,0.44875573344327924
n0064,REFUGE/Refuge/Training400/Non-Glaucoma/n0064.jpg,Training400,0,2.3458054065704346,0.9126002788543701,0.2857142857142857,35,10,-0.8014085292816162,0.30972430145216595
n0065,REFUGE/Refuge/Training400/Non-Glaucoma/n0065.jpg,Training400,0,0.3062668442726135,0.5759738087654114,0.39473684210526316,38,15,1.0670195817947388,0.7440297096229933
n0066,REFUGE/Refuge/Training400/Non-Glaucoma/n0066.jpg,Training400,0,2.1175997257232666,0.8926020264625549,0.5,38,19,1.0237531661987305,0.7357030257303525
n0067,REFUGE/Refuge/Training400/Non-Glaucoma/n0067.jpg,Training400,0,6.762777805328369,0.9988453388214111,0.45454545454545453,22,10,1.2544689178466797,0.7780724934913836
n0068,REFUGE/Refuge/Training400/Non-Glaucoma/n0068.jpg,Training400,0,1.6201071739196777,0.8348098993301392,0.3888888888888889,36,14,-0.6021332740783691,0.3538557860745655
n0069,REFUGE/Refuge/Training400/Non-Glaucoma/n0069.jpg,Training400,0,4.3576860427856445,0.9873539805412292,0.14285714285714285,21,3,0.8170251250267029,0.6936044920872704
n0070,REFUGE/Refuge/Training400/Non-Glaucoma/n0070.jpg,Training400,0,-5.459628105163574,0.004237108398228884,0.28205128205128205,39,11,-2.219078540802002,0.09805026466415176
n0071,REFUGE/Refuge/Training400/Non-Glaucoma/n0071.jpg,Training400,0,5.501189231872559,0.9959346055984497,0.41379310344827586,29,12,0.8894367814064026,0.708773930346816
n0072,REFUGE/Refuge/Training400/Non-Glaucoma/n0072.jpg,Training400,0,6.020450115203857,0.9975773692131042,0.5,38,19,2.5770962238311768,0.9293729058904477
n0073,REFUGE/Refuge/Training400/Non-Glaucoma/n0073.jpg,Training400,0,2.673452854156494,0.9354419112205505,0.5365853658536586,41,22,3.7781286239624023,0.977645699689493
n0074,REFUGE/Refuge/Training400/Non-Glaucoma/n0074.jpg,Training400,0,-8.078206062316895,0.00031013082480058074,0.3333333333333333,30,10,-2.1007487773895264,0.10902406529728816
n0075,REFUGE/Refuge/Training400/Non-Glaucoma/n0075.jpg,Training400,0,4.002091884613037,0.9820506572723389,0.3870967741935484,31,12,0.6984894275665283,0.6678527737676937
n0076,REFUGE/Refuge/Training400/Non-Glaucoma/n0076.jpg,Training400,0,11.706912994384766,0.999991774559021,0.625,40,25,3.5735011100769043,0.9727082865659301
n0077,REFUGE/Refuge/Training400/Non-Glaucoma/n0077.jpg,Training400,0,9.429956436157227,0.9999197721481323,0.47619047619047616,42,20,3.7724530696868896,0.9775213259715706
n0078,REFUGE/Refuge/Training400/Non-Glaucoma/n0078.jpg,Training400,0,-5.552788734436035,0.003861660836264491,0.3888888888888889,36,14,-2.8286514282226562,0.05579540121241439
n0079,REFUGE/Refuge/Training400/Non-Glaucoma/n0079.jpg,Training400,0,1.3971636295318604,0.8017334342002869,0.6097560975609756,41,25,0.8121562004089355,0.6925687871137197
n0080,REFUGE/Refuge/Training400/Non-Glaucoma/n0080.jpg,Training400,0,-3.887272596359253,0.02008933015167713,0.5625,32,18,0.44844913482666016,0.6102704386522576
n0081,REFUGE/Refuge/Training400/Non-Glaucoma/n0081.jpg,Training400,0,-5.118845462799072,0.00594734400510788,0.0,10,0,-0.8135117292404175,0.3071426727611522
n0082,REFUGE/Refuge/Training400/Non-Glaucoma/n0082.jpg,Training400,0,-2.704998254776001,0.06267905980348587,0.36666666666666664,30,11,-2.1262407302856445,0.10657240047452231
n0083,REFUGE/Refuge/Training400/Non-Glaucoma/n0083.jpg,Training400,0,-0.19901251792907715,0.4504104554653168,0.3333333333333333,27,9,0.47833123803138733,0.6173537435782684
n0084,REFUGE/Refuge/Training400/Non-Glaucoma/n0084.jpg,Training400,0,-0.9314578175544739,0.2826290726661682,0.4117647058823529,34,14,-0.6063783764839172,0.3528857811725614
n0085,REFUGE/Refuge/Training400/Non-Glaucoma/n0085.jpg,Training400,0,2.7603747844696045,0.9404966235160828,0.25,24,6,1.6212661266326904,0.8349696701356932
n0086,REFUGE/Refuge/Training400/Non-Glaucoma/n0086.jpg,Training400,0,0.814127504825592,0.6929883360862732,0.0,0,0,0.3008703291416168,0.5746552622071388
n0087,REFUGE/Refuge/Training400/Non-Glaucoma/n0087.jpg,Training400,0,-2.7197000980377197,0.0618208609521389,0.47368421052631576,38,18,-1.015918254852295,0.2658232371879261
n0088,REFUGE/Refuge/Training400/Non-Glaucoma/n0088.jpg,Training400,0,-2.7797434329986572,0.05842867121100426,0.358974358974359,39,14,-0.8888527750968933,0.29134663110408365
n0089,REFUGE/Refuge/Training400/Non-Glaucoma/n0089.jpg,Training400,0,-4.896302700042725,0.007418717257678509,0.40625,32,13,-1.3178213834762573,0.2111809868530757
n0090,REFUGE/Refuge/Training400/Non-Glaucoma/n0090.jpg,Training400,0,-3.9979655742645264,0.01802217960357666,0.6923076923076923,39,27,0.18414239585399628,0.5459059556695107
n0091,REFUGE/Refuge/Training400/Non-Glaucoma/n0091.jpg,Training400,0,4.232763767242432,0.9856954216957092,0.3333333333333333,33,11,1.932578444480896,0.8735345401129669
n0092,REFUGE/Refuge/Training400/Non-Glaucoma/n0092.jpg,Training400,0,7.432993412017822,0.9994089603424072,0.4864864864864865,37,18,2.6145474910736084,0.9317919833029069
n0093,REFUGE/Refuge/Training400/Non-Glaucoma/n0093.jpg,Training400,0,-2.742159605026245,0.06053097918629646,0.5,40,20,0.7981653213500977,0.6895818888495765
n0094,REFUGE/Refuge/Training400/Non-Glaucoma/n0094.jpg,Training400,0,9.986477851867676,0.9999539852142334,0.4857142857142857,35,17,2.5587379932403564,0.9281583520451637
n0095,REFUGE/Refuge/Training400/Non-Glaucoma/n0095.jpg,Training400,0,8.09893798828125,0.9996962547302246,0.5121951219512195,41,21,3.0658726692199707,0.9554628695243438
n0096,REFUGE/Refuge/Training400/Non-Glaucoma/n0096.jpg,Training400,0,-8.91010856628418,0.0001349989470327273,0.0,19,0,-1.5023531913757324,0.18207481591221106
n0097,REFUGE/Refuge/Training400/Non-Glaucoma/n0097.jpg,Training400,0,-4.6909356117248535,0.00909462384879589,0.6666666666666666,33,22,-0.5999947786331177,0.35434488834156935
n0098,REFUGE/Refuge/Training400/Non-Glaucoma/n0098.jpg,Training400,0,4.04156494140625,0.9827334880828857,0.5,40,20,1.1734410524368286,0.7637664388209797
n0099,REFUGE/Refuge/Training400/Non-Glaucoma/n0099.jpg,Training400,0,3.6308281421661377,0.9741895794868469,0.22727272727272727,22,5,1.1767075061798096,0.7643552882735343
n0100,REFUGE/Refuge/Training400/Non-Glaucoma/n0100.jpg,Training400,0,2.9093661308288574,0.9483075141906738,0.5897435897435898,39,23,0.18318204581737518,0.5456678814831125
n0101,REFUGE/Refuge/Training400/Non-Glaucoma/n0101.jpg,Training400,0,-0.985095202922821,0.27188193798065186,0.5135135135135135,37,19,-1.187958002090454,0.2336243443789892
n0102,REFUGE/Refuge/Training400/Non-Glaucoma/n0102.jpg,Training400,0,-3.105696201324463,0.04287290200591087,0.35135135135135137,37,13,-2.626193046569824,0.06747158689059626
n0103,REFUGE/Refuge/Training400/Non-Glaucoma/n0103.jpg,Training400,0,3.2729969024658203,0.9634907245635986,0.475,40,19,2.126173257827759,0.8934211749834867
n0104,REFUGE/Refuge/Training400/Non-Glaucoma/n0104.jpg,Training400,0,6.830748081207275,0.9989211559295654,0.42857142857142855,42,18,2.888460874557495,0.9472730600588535
n0105,REFUGE/Refuge/Training400/Non-Glaucoma/n0105.jpg,Training400,0,0.8575461506843567,0.7021477222442627,0.5625,32,18,-0.13341550529003143,0.46669550984797076
n0106,REFUGE/Refuge/Training400/Non-Glaucoma/n0106.jpg,Training400,0,-4.9975433349609375,0.006709202658385038,0.8235294117647058,34,28,1.5375375747680664,0.8231064758902188
n0107,REFUGE/Refuge/Training400/Non-Glaucoma/n0107.jpg,Training400,0,-6.515513896942139,0.0014781069476157427,0.7352941176470589,34,25,0.31026002764701843,0.5769487296618522
n0108,REFUGE/Refuge/Training400/Non-Glaucoma/n0108.jpg,Training400,0,-2.0400044918060303,0.1150662824511528,0.3783783783783784,37,14,-0.9448473453521729,0.2799222421189736
n0109,REFUGE/Refuge/Training400/Non-Glaucoma/n0109.jpg,Training400,0,0.911907970905304,0.7133904099464417,0.47368421052631576,38,18,-0.23114866018295288,0.44246876354496195
n0110,REFUGE/Refuge/Training400/Non-Glaucoma/n0110.jpg,Training400,0,0.9517708420753479,0.7214711904525757,0.2777777777777778,18,5,3.365816593170166,0.9666189694520608
n0111,REFUGE/Refuge/Training400/Non-Glaucoma/n0111.jpg,Training400,0,0.8620801568031311,0.7030950784683228,0.625,24,15,1.4143502712249756,0.8044511889995632
n0112,REFUGE/Refuge/Training400/Non-Glaucoma/n0112.jpg,Training400,0,5.472445964813232,0.9958166480064392,0.0,0,0,0.718651533126831,0.6723100063832318
n0113,REFUGE/Refuge/Training400/Non-Glaucoma/n0113.jpg,Training400,0,-9.97574520111084,4.6512392145814374e-05,0.6060606060606061,33,20,-1.8748891353607178,0.13297702172025005
n0114,REFUGE/Refuge/Training400/Non-Glaucoma/n0114.jpg,Training400,0,-9.438484191894531,7.959464710438624e-05,0.5294117647058824,34,18,-1.6127047538757324,0.16621343263964858
n0115,REFUGE/Refuge/Training400/Non-Glaucoma/n0115.jpg,Training400,0,-10.443938255310059,2.912343552452512e-05,0.3076923076923077,13,4,-2.6417086124420166,0.06650188736713149
n0116,REFUGE/Refuge/Training400/Non-Glaucoma/n0116.jpg,Training400,0,-14.03782844543457,8.006601319721085e-07,0.6666666666666666,27,18,-2.814028739929199,0.05657078032184727
n0117,REFUGE/Refuge/Training400/Non-Glaucoma/n0117.jpg,Training400,0,1.0514440536499023,0.7410520911216736,0.5,20,10,-1.4938669204711914,0.18334203307933114
n0118,REFUGE/Refuge/Training400/Non-Glaucoma/n0118.jpg,Training400,0,4.670345783233643,0.9907179474830627,0.68,25,17,0.5440827012062073,0.6327616459442007
n0119,REFUGE/Refuge/Training400/Non-Glaucoma/n0119.jpg,Training400,0,7.888792514801025,0.9996252059936523,0.45454545454545453,44,20,2.8147640228271484,0.9434684493215774
n0120,REFUGE/Refuge/Training400/Non-Glaucoma/n0120.jpg,Training400,0,-0.32327407598495483,0.4198780357837677,0.4772727272727273,44,21,1.11393404006958,0.752861810415446
n0121,REFUGE/Refuge/Training400/Non-Glaucoma/n0121.jpg,Training400,0,-4.868292331695557,0.007627848070114851,0.13333333333333333,30,4,-1.1126326322555542,0.24738041037493252
n0122,REFUGE/Refuge/Training400/Non-Glaucoma/n0122.jpg,Training400,0,-1.623585820198059,0.16471093893051147,0.5757575757575758,33,19,-1.2685821056365967,0.21950006883691103
n0123,REFUGE/Refuge/Training400/Non-Glaucoma/n0123.jpg,Training400,0,-2.6180639266967773,0.06798486411571503,0.5,38,19,-0.6729772686958313,0.33783050142133597
n0124,REFUGE/Refuge/Training400/Non-Glaucoma/n0124.jpg,Training400,0,6.93177604675293,0.9990246295928955,0.3333333333333333,39,13,0.16333745419979095,0.5407438196848492
n0125,REFUGE/Refuge/Training400/Non-Glaucoma/n0125.jpg,Training400,0,-3.8684356212615967,0.020463522523641586,0.0,16,0,-2.982680320739746,0.04821448016853771
n0126,REFUGE/Refuge/Training400/Non-Glaucoma/n0126.jpg,Training400,0,2.222733736038208,0.9022725224494934,0.6046511627906976,43,26,1.07639741897583,0.7458116231167613
n0127,REFUGE/Refuge/Training400/Non-Glaucoma/n0127.jpg,Training400,0,-1.1593153476715088,0.23879171907901764,0.5909090909090909,44,26,0.631766676902771,0.6528899428231865
n0128,REFUGE/Refuge/Training400/Non-Glaucoma/n0128.jpg,Training400,0,-2.2860610485076904,0.09228397905826569,0.6904761904761905,42,29,0.24177633225917816,0.5601513518859162
n0129,REFUGE/Refuge/Training400/Non-Glaucoma/n0129.jpg,Training400,0,-1.8666558265686035,0.13392914831638336,0.0,28,0,-2.144901990890503,0.10480857463760872
n0130,REFUGE/Refuge/Training400/Non-Glaucoma/n0130.jpg,Training400,0,4.060235500335693,0.9830474257469177,0.3333333333333333,33,11,1.1398228406906128,0.7576471108564288
n0131,REFUGE/Refuge/Training400/Non-Glaucoma/n0131.jpg,Training400,0,4.091187953948975,0.9835556149482727,0.675,40,27,1.397316336631775,0.8017576863349926
n0132,REFUGE/Refuge/Training400/Non-Glaucoma/n0132.jpg,Training400,0,6.200555324554443,0.997975766658783,0.0,15,0,0.34957823157310486,0.5865152974374173
n0133,REFUGE/Refuge/Training400/Non-Glaucoma/n0133.jpg,Training400,0,0.27610141038894653,0.5685902237892151,0.7777777777777778,36,28,1.7513798475265503,0.8521267565605921
n0134,REFUGE/Refuge/Training400/Non-Glaucoma/n0134.jpg,Training400,0,4.870082378387451,0.9923856258392334,0.358974358974359,39,14,0.4332521855831146,0.606649992330683
n0135,REFUGE/Refuge/Training400/Non-Glaucoma/n0135.jpg,Training400,0,1.6358749866485596,0.8369728326797485,0.3783783783783784,37,14,1.0671615600585938,0.7440567483756171
n0136,REFUGE/Refuge/Training400/Non-Glaucoma/n0136.jpg,Training400,0,-3.243950843811035,0.037544865161180496,0.0,0,0,-0.029585080221295357,0.49260426937953206
n0137,REFUGE/Refuge/Training400/Non-Glaucoma/n0137.jpg,Training400,0,0.9616606831550598,0.7234542369842529,0.6923076923076923,13,9,0.30991044640541077,0.576863401964954
n0138,REFUGE/Refuge/Training400/Non-Glaucoma/n0138.jpg,Training400,0,0.5252087712287903,0.6283649802207947,0.6923076923076923,26,18,-0.7830730676651001,0.31365794784902407
n0139,REFUGE/Refuge/Training400/Non-Glaucoma/n0139.jpg,Training400,0,4.103041648864746,0.9837462902069092,0.0,2,0,0.6633784174919128,0.6600188942437673
n0140,REFUGE/Refuge/Training400/Non-Glaucoma/n0140.jpg,Training400,0,-0.1219589114189148,0.46954798698425293,0.0,11,0,-0.7081313729286194,0.3300118698609129
n0141,REFUGE/Refuge/Training400/Non-Glaucoma/n0141.jpg,Training400,0,3.1923205852508545,0.9605442881584167,0.38461538461538464,39,15,1.263643741607666,0.7796527198370584
n0142,REFUGE/Refuge/Training400/Non-Glaucoma/n0142.jpg,Training400,0,0.09558373689651489,0.523877739906311,0.47368421052631576,38,18,-0.07306398451328278,0.48174212538652106
n0143,REFUGE/Refuge/Training400/Non-Glaucoma/n0143.jpg,Training400,0,3.164411783218384,0.9594728946685791,0.0,22,0,2.7316994667053223,0.9388714455030912
n0144,REFUGE/Refuge/Training400/Non-Glaucoma/n0144.jpg,Training400,0,1.6537857055664062,0.8394020199775696,0.775,40,31,-1.3819642066955566,0.20069372480459463
n0145,REFUGE/Refuge/Training400/Non-Glaucoma/n0145.jpg,Training400,0,0.8821180462837219,0.7072609663009644,0.4666666666666667,30,14,-0.10084344446659088,0.47481048212368615
n0146,REFUGE/Refuge/Training400/Non-Glaucoma/n0146.jpg,Training400,0,-7.4404520988464355,0.0005866754218004644,0.4722222222222222,36,17,-1.476035237312317,0.1860270203113488
n0147,REFUGE/Refuge/Training400/Non-Glaucoma/n0147.jpg,Training400,0,4.10595178604126,0.9837926626205444,0.0,0,0,0.9035844206809998,0.7116855448436351
n0148,REFUGE/Refuge/Training400/Non-Glaucoma/n0148.jpg,Training400,0,3.8643252849578857,0.979453980922699,0.4146341463414634,41,17,0.22257928550243378,0.5554162262997483
n0149,REFUGE/Refuge/Training400/Non-Glaucoma/n0149.jpg,Training400,0,3.515115737915039,0.9711148142814636,0.3939393939393939,33,13,-1.4402635097503662,0.19150454588394855
n0150,REFUGE/Refuge/Training400/Non-Glaucoma/n0150.jpg,Training400,0,7.403470993041992,0.9993911981582642,0.3333333333333333,36,12,2.094430446624756,0.890360667979834
n0151,REFUGE/Refuge/Training400/Non-Glaucoma/n0151.jpg,Training400,0,7.158893585205078,0.9992226362228394,0.25,36,9,0.63038569688797,0.6525769126466279
n0152,REFUGE/Refuge/Training400/Non-Glaucoma/n0152.jpg,Training400,0,5.877776622772217,0.9972067475318909,0.375,40,15,-0.5306909084320068,0.3703557590310656
n0153,REFUGE/Refuge/Training400/Non-Glaucoma/n0153.jpg,Training400,0,4.296345233917236,0.9865647554397583,0.0,0,0,1.064490556716919,0.7435477608780706
n0154,REFUGE/Refuge/Training400/Non-Glaucoma/n0154.jpg,Training400,0,-11.609875679016113,9.075930393009912e-06,0.0,11,0,-2.265119791030884,0.09405321823586942
n0155,REFUGE/Refuge/Training400/Non-Glaucoma/n0155.jpg,Training400,0,-7.738749980926514,0.0004354261327534914,0.21428571428571427,14,3,-1.3973028659820557,0.19824445472974245
n0156,REFUGE/Refuge/Training400/Non-Glaucoma/n0156.jpg,Training400,0,6.614610195159912,0.9986611604690552,0.7272727272727273,33,24,3.2544171810150146,0.9628315138472723
n0157,REFUGE/Refuge/Training400/Non-Glaucoma/n0157.jpg,Training400,0,7.42712926864624,0.9994055032730103,0.6176470588235294,34,21,3.191016912460327,0.96049482477495
n0158,REFUGE/Refuge/Training400/Non-Glaucoma/n0158.jpg,Training400,0,3.135014295578003,0.9583141803741455,0.6176470588235294,34,21,2.089794397354126,0.8899072838860982
n0159,REFUGE/Refuge/Training400/Non-Glaucoma/n0159.jpg,Training400,0,1.2221572399139404,0.7724429368972778,0.42105263157894735,19,8,0.36050185561180115,0.5891619137195854
n0160,REFUGE/Refuge/Training400/Non-Glaucoma/n0160.jpg,Training400,0,1.6664326190948486,0.8410996198654175,0.7027027027027027,37,26,1.6202589273452759,0.8348308359591841
n0161,REFUGE/Refuge/Training400/Non-Glaucoma/n0161.jpg,Training400,0,6.608134746551514,0.9986525177955627,0.4186046511627907,43,18,0.24775154888629913,0.5616230032871128
n0162,REFUGE/Refuge/Training400/Non-Glaucoma/n0162.jpg,Training400,0,9.326013565063477,0.9999109506607056,0.6,35,21,3.376500129699707,0.9669619791052545
n0163,REFUGE/Refuge/Training400/Non-Glaucoma/n0163.jpg,Training400,0,6.021353244781494,0.9975795149803162,0.6923076923076923,39,27,3.0412352085113525,0.9544026135279866
n0164,REFUGE/Refuge/Training400/Non-Glaucoma/n0164.jpg,Training400,0,3.7699949741363525,0.9774672389030457,0.35135135135135137,37,13,3.2726259231567383,0.9634776863922109
n0165,REFUGE/Refuge/Training400/Non-Glaucoma/n0165.jpg,Training400,0,9.069685935974121,0.999884843826294,0.0,0,0,-1.3199920654296875,0.2108196135865061
n0166,REFUGE/Refuge/Training400/Non-Glaucoma/n0166.jpg,Training400,0,-0.5048367381095886,0.37640470266342163,0.7857142857142857,28,22,1.6567871570587158,0.8398062455239323
n0167,REFUGE/Refuge/Training400/Non-Glaucoma/n0167.jpg,Training400,0,-2.06303071975708,0.11274229735136032,0.6666666666666666,27,18,0.7199805974960327,0.6726027444897985
n0168,REFUGE/Refuge/Training400/Non-Glaucoma/n0168.jpg,Training400,0,3.623502254486084,0.9740047454833984,0.45454545454545453,33,15,0.34835997223854065,0.5862198200428356
n0169,REFUGE/Refuge/Training400/Non-Glaucoma/n0169.jpg,Training400,0,6.972683429718018,0.9990637898445129,0.7317073170731707,41,30,1.1656999588012695,0.7623668837829145
n0170,REFUGE/Refuge/Training400/Non-Glaucoma/n0170.jpg,Training400,0,1.6621824502944946,0.8405307531356812,0.7666666666666667,30,23,1.9040404558181763,0.870348142425184
n0171,REFUGE/Refuge/Training400/Non-Glaucoma/n0171.jpg,Training400,0,2.947676658630371,0.9501535296440125,0.48717948717948717,39,19,0.7377493977546692,0.6765035155788425
n0172,REFUGE/Refuge/Training400/Non-Glaucoma/n0172.jpg,Training400,0,-9.297785758972168,9.161849447991699e-05,0.0,0,0,-4.395279884338379,0.01218511870281251
n0173,REFUGE/Refuge/Training400/Non-Glaucoma/n0173.jpg,Training400,0,2.637547731399536,0.9332392811775208,0.36363636363636365,33,12,0.616600513458252,0.6494449941509048
n0174,REFUGE/Refuge/Training400/Non-Glaucoma/n0174.jpg,Training400,0,-2.636230707168579,0.06684275716543198,0.47619047619047616,21,10,1.13084077835083,0.7559940283831229
n0175,REFUGE/Refuge/Training400/Non-Glaucoma/n0175.jpg,Training400,0,-2.082657814025879,0.11079384386539459,0.0,0,0,-0.2376120239496231,0.4408749135379447
n0176,REFUGE/Refuge/Training400/Non-Glaucoma/n0176.jpg,Training400,0,8.069599151611328,0.9996871948242188,0.6153846153846154,39,24,3.9846420288085938,0.9817405090442631
n0177,REFUGE/Refuge/Training400/Non-Glaucoma/n0177.jpg,Training400,0,1.328031301498413,0.7905148267745972,0.0,32,0,-0.1507398933172226,0.4623862230147524
n0178,REFUGE/Refuge/Training400/Non-Glaucoma/n0178.jpg,Training400,0,3.3100991249084473,0.9647735953330994,0.46511627906976744,43,20,2.3225035667419434,0.9107237051784677
n0179,REFUGE/Refuge/Training400/Non-Glaucoma/n0179.jpg,Training400,0,3.7892730236053467,0.9778880476951599,0.4473684210526316,38,17,1.2773189544677734,0.7819930575769529
n0180,REFUGE/Refuge/Training400/Non-Glaucoma/n0180.jpg,Training400,0,4.815847396850586,0.9919646978378296,0.41935483870967744,31,13,0.9205713868141174,0.7151585153961221
n0181,REFUGE/Refuge/Training400/Non-Glaucoma/n0181.jpg,Training400,0,3.669058084487915,0.9751335978507996,0.5625,32,18,0.6802011132240295,0.6637835823140041
n0182,REFUGE/Refuge/Training400/Non-Glaucoma/n0182.jpg,Training400,0,6.230988025665283,0.9980363249778748,0.0,17,0,1.3377456665039062,0.7921189726731429
n0183,REFUGE/Refuge/Training400/Non-Glaucoma/n0183.jpg,Training400,0,12.541799545288086,0.9999964237213135,0.4857142857142857,35,17,2.130459785461426,0.8938286494046004
n0184,REFUGE/Refuge/Training400/Non-Glaucoma/n0184.jpg,Training400,0,-0.510236918926239,0.37513798475265503,0.43243243243243246,37,16,1.068169355392456,0.7442486219844263
n0185,REFUGE/Refuge/Training400/Non-Glaucoma/n0185.jpg,Training400,0,-4.135385513305664,0.015744639560580254,0.3939393939393939,33,13,-1.1400260925292969,0.24231557040872
n0186,REFUGE/Refuge/Training400/Non-Glaucoma/n0186.jpg,Training400,0,5.0321245193481445,0.9935173988342285,0.4857142857142857,35,17,1.1407924890518188,0.7578251112332435
n0187,REFUGE/Refuge/Training400/Non-Glaucoma/n0187.jpg,Training400,0,0.3403896689414978,0.5842851996421814,0.4444444444444444,36,16,0.9548189043998718,0.7220832652228557
n0188,REFUGE/Refuge/Training400/Non-Glaucoma/n0188.jpg,Training400,0,6.353222370147705,0.9982618689537048,0.0,15,0,-0.7304223775863647,0.32510204640809165
n0189,REFUGE/Refuge/Training400/Non-Glaucoma/n0189.jpg,Training400,0,9.837091445922852,0.9999465942382812,0.0,0,0,1.9740434885025024,0.8780447609462242
n0190,REFUGE/Refuge/Training400/Non-Glaucoma/n0190.jpg,Training400,0,12.323486328125,0.9999955892562866,0.38461538461538464,39,15,0.95102858543396,0.7213219878084016
n0191,REFUGE/Refuge/Training400/Non-Glaucoma/n0191.jpg,Training400,0,4.012823581695557,0.9822388887405396,0.5135135135135135,37,19,1.0968663692474365,0.7496724972434602
n0192,REFUGE/Refuge/Training400/Non-Glaucoma/n0192.jpg,Training400,0,1.606347918510437,0.8329036831855774,0.22727272727272727,22,5,-0.2759098410606384,0.43145681693860954
n0193,REFUGE/Refuge/Training400/Non-Glaucoma/n0193.jpg,Training400,0,-1.9246313571929932,0.1273459941148758,0.0,0,0,-0.9713945388793945,0.27460262831113136
n0194,REFUGE/Refuge/Training400/Non-Glaucoma/n0194.jpg,Training400,0,3.994544267654419,0.9819172024726868,0.3103448275862069,29,9,2.200805187225342,0.9003217936591943
n0195,REFUGE/Refuge/Training400/Non-Glaucoma/n0195.jpg,Training400,0,3.492410182952881,0.9704710245132446,0.3548387096774194,31,11,0.6754745841026306,0.6627279242205406
n0196,REFUGE/Refuge/Training400/Non-Glaucoma/n0196.jpg,Training400,0,-3.014178514480591,0.04678943008184433,0.3333333333333333,24,8,-2.705749988555908,0.06263491378894502
n0197,REFUGE/Refuge/Training400/Non-Glaucoma/n0197.jpg,Training400,0,2.777092933654785,0.9414253234863281,0.6511627906976745,43,28,0.07871289551258087,0.5196680701054527
n0198,REFUGE/Refuge/Training400/Non-Glaucoma/n0198.jpg,Training400,0,5.441280364990234,0.9956847429275513,0.475,40,19,2.0157361030578613,0.882439392787773
n0199,REFUGE/Refuge/Training400/Non-Glaucoma/n0199.jpg,Training400,0,2.864023208618164,0.946039080619812,0.45714285714285713,35,16,0.5921220183372498,0.6438518869761195
n0200,REFUGE/Refuge/Training400/Non-Glaucoma/n0200.jpg,Training400,0,0.9979620575904846,0.730657696723938,0.55,20,11,2.1216354370117188,0.8929883126524778
n0201,REFUGE/Refuge/Training400/Non-Glaucoma/n0201.jpg,Training400,0,4.796936511993408,0.9918125867843628,0.0,0,0,1.0605312585830688,0.7427920564177711
n0202,REFUGE/Refuge/Training400/Non-Glaucoma/n0202.jpg,Training400,0,1.9255249500274658,0.8727533221244812,0.5882352941176471,34,20,1.3739500045776367,0.7980175866418474
n0203,REFUGE/Refuge/Training400/Non-Glaucoma/n0203.jpg,Training400,0,6.0822625160217285,0.9977222084999084,0.5526315789473685,38,21,4.414499282836914,0.9880440625628287
n0204,REFUGE/Refuge/Training400/Non-Glaucoma/n0204.jpg,Training400,0,7.27155876159668,0.9993054866790771,0.3333333333333333,30,10,3.3186707496643066,0.9650638026110024
n0205,REFUGE/Refuge/Training400/Non-Glaucoma/n0205.jpg,Training400,0,6.582241058349609,0.9986171722412109,0.4444444444444444,36,16,2.785245895385742,0.9418733132330623
n0206,REFUGE/Refuge/Training400/Non-Glaucoma/n0206.jpg,Training400,0,2.2578322887420654,0.9053239822387695,0.39473684210526316,38,15,0.9522806406021118,0.7215736018964305
n0207,REFUGE/Refuge/Training400/Non-Glaucoma/n0207.jpg,Training400,0,6.115750789642334,0.9977970123291016,0.41025641025641024,39,16,2.8348851203918457,0.9445320959575154
n0208,REFUGE/Refuge/Training400/Non-Glaucoma/n0208.jpg,Training400,0,1.7523365020751953,0.8522472381591797,0.8055555555555556,36,29,1.0199391841888428,0.7349607531144637
n0209,REFUGE/Refuge/Training400/Non-Glaucoma/n0209.jpg,Training400,0,4.533816814422607,0.9893745183944702,0.525,40,21,1.6893606185913086,0.8441400564937697
n0210,REFUGE/Refuge/Training400/Non-Glaucoma/n0210.jpg,Training400,0,-2.6724765300750732,0.06461711972951889,0.475,40,19,0.796281635761261,0.6891785256203936
n0211,REFUGE/Refuge/Training400/Non-Glaucoma/n0211.jpg,Training400,0,5.193179607391357,0.9944763779640198,0.3333333333333333,39,13,1.3601621389389038,0.7957860482780391
n0212,REFUGE/Refuge/Training400/Non-Glaucoma/n0212.jpg,Training400,0,2.8511905670166016,0.9453802108764648,0.3333333333333333,39,13,1.539642333984375,0.82341272509231
n0213,REFUGE/Refuge/Training400/Non-Glaucoma/n0213.jpg,Training400,0,2.5959959030151367,0.9306033849716187,0.46153846153846156,39,18,2.3583102226257324,0.9135925055762376
n0214,REFUGE/Refuge/Training400/Non-Glaucoma/n0214.jpg,Training400,0,2.1986029148101807,0.9001239538192749,0.4523809523809524,42,19,2.1019177436828613,0.8910894336521048
n0215,REFUGE/Refuge/Training400/Non-Glaucoma/n0215.jpg,Training400,0,0.4329553246498108,0.6065791845321655,0.5227272727272727,44,23,-0.5028011202812195,0.3768826212896427
n0216,REFUGE/Refuge/Training400/Non-Glaucoma/n0216.jpg,Training400,0,0.25268489122390747,0.5628371834754944,0.3157894736842105,19,6,0.17192552983760834,0.5428758227682432
n0217,REFUGE/Refuge/Training400/Non-Glaucoma/n0217.jpg,Training400,0,-2.099330186843872,0.10916192829608917,0.47058823529411764,34,16,-0.27971765398979187,0.4305229983055898
n0218,REFUGE/Refuge/Training400/Non-Glaucoma/n0218.jpg,Training400,0,3.032646417617798,0.9540273547172546,0.0,0,0,-0.6716228723526001,0.33813354782581084
n0219,REFUGE/Refuge/Training400/Non-Glaucoma/n0219.jpg,Training400,0,-0.5504631400108337,0.36575695872306824,0.3103448275862069,29,9,1.342545509338379,0.7929082378572456
n0220,REFUGE/Refuge/Training400/Non-Glaucoma/n0220.jpg,Training400,0,1.3065857887268066,0.7869412302970886,0.38095238095238093,21,8,1.7652928829193115,0.8538713178830528
n0221,REFUGE/Refuge/Training400/Non-Glaucoma/n0221.jpg,Training400,0,5.181990146636963,0.9944145679473877,0.6333333333333333,30,19,0.6660996079444885,0.660629246777915
n0222,REFUGE/Refuge/Training400/Non-Glaucoma/n0222.jpg,Training400,0,5.702507019042969,0.9966734647750854,0.5,40,20,2.257176399230957,0.9052677615134531
n0223,REFUGE/Refuge/Training400/Non-Glaucoma/n0223.jpg,Training400,0,3.633145332336426,0.9742478132247925,0.6176470588235294,34,21,2.0475544929504395,0.8857002805167856
n0224,REFUGE/Refuge/Training400/Non-Glaucoma/n0224.jpg,Training400,0,8.865769386291504,0.9998588562011719,0.4722222222222222,36,17,1.8337218761444092,0.8622045114841412
n0225,REFUGE/Refuge/Training400/Non-Glaucoma/n0225.jpg,Training400,0,3.672786235809326,0.9752238392829895,0.4375,32,14,2.144991874694824,0.8951998582972828
n0226,REFUGE/Refuge/Training400/Non-Glaucoma/n0226.jpg,Training400,0,-4.25902795791626,0.013938994146883488,0.0,0,0,-2.3009238243103027,0.09104647918046606
n0227,REFUGE/Refuge/Training400/Non-Glaucoma/n0227.jpg,Training400,0,-3.025665283203125,0.046279773116111755,0.5277777777777778,36,19,-0.13813622295856476,0.4655207534773709
n0228,REFUGE/Refuge/Training400/Non-Glaucoma/n0228.jpg,Training400,0,3.3699123859405518,0.9667509198188782,0.0,2,0,-0.4657260477542877,0.385628328349956
n0229,REFUGE/Refuge/Training400/Non-Glaucoma/n0229.jpg,Training400,0,4.735152721405029,0.991295337677002,0.4642857142857143,28,13,3.2066569328308105,0.9610840222855035
n0230,REFUGE/Refuge/Training400/Non-Glaucoma/n0230.jpg,Training400,0,4.367032527923584,0.9874700903892517,0.5142857142857142,35,18,3.8411972522735596,0.978983300573952
n0231,REFUGE/Refuge/Training400/Non-Glaucoma/n0231.jpg,Training400,0,10.885512351989746,0.9999812841415405,0.5526315789473685,38,21,4.289381504058838,0.986472109078446
n0232,REFUGE/Refuge/Training400/Non-Glaucoma/n0232.jpg,Training400,0,3.787153482437134,0.9778420925140381,0.84,25,21,1.5307105779647827,0.8221102564622982
n0233,REFUGE/Refuge/Training400/Non-Glaucoma/n0233.jpg,Training400,0,1.1152360439300537,0.7531039714813232,0.4523809523809524,42,19,1.029212474822998,0.736763189167726
n0234,REFUGE/Refuge/Training400/Non-Glaucoma/n0234.jpg,Training400,0,5.436356067657471,0.995663583278656,0.475,40,19,2.9107439517974854,0.9483750004612236
n0235,REFUGE/Refuge/Training400/Non-Glaucoma/n0235.jpg,Training400,0,-1.509886622428894,0.18095560371875763,0.3684210526315789,38,14,-1.6591527462005615,0.15987576347344254
n0236,REFUGE/Refuge/Training400/Non-Glaucoma/n0236.jpg,Training400,0,2.3136796951293945,0.9100037217140198,0.0,0,0,-0.5144071578979492,0.374160954468495
n0237,REFUGE/Refuge/Training400/Non-Glaucoma/n0237.jpg,Training400,0,5.4795451164245605,0.9958460927009583,0.5,40,20,2.226975440979004,0.9026458955003278
n0238,REFUGE/Refuge/Training400/Non-Glaucoma/n0238.jpg,Training400,0,-3.2803516387939453,0.036251429468393326,0.5161290322580645,31,16,-0.24213580787181854,0.43976008177625997
n0239,REFUGE/Refuge/Training400/Non-Glaucoma/n0239.jpg,Training400,0,-7.184525966644287,0.0007576539064757526,0.5277777777777778,36,19,-1.9052894115447998,0.12951098777364176
n0240,REFUGE/Refuge/Training400/Non-Glaucoma/n0240.jpg,Training400,0,1.1314342021942139,0.7561034560203552,0.0,0,0,-0.9966995716094971,0.2695908196129902
n0241,REFUGE/Refuge/Training400/Non-Glaucoma/n0241.jpg,Training400,0,1.9526393413543701,0.8757340908050537,0.6538461538461539,26,17,0.9187461733818054,0.7147865610172978
n0242,REFUGE/Refuge/Training400/Non-Glaucoma/n0242.jpg,Training400,0,0.5540607571601868,0.6350772380828857,0.4418604651162791,43,19,2.4133992195129395,0.917843370876015
n0243,REFUGE/Refuge/Training400/Non-Glaucoma/n0243.jpg,Training400,0,4.019058704376221,0.9823473691940308,0.0,21,0,0.17495541274547577,0.5436276253109966
n0244,REFUGE/Refuge/Training400/Non-Glaucoma/n0244.jpg,Training400,0,6.8922810554504395,0.9989854693412781,0.5526315789473685,38,21,1.4854639768600464,0.8153964639730747
n0245,REFUGE/Refuge/Training400/Non-Glaucoma/n0245.jpg,Training400,0,5.419775485992432,0.995591402053833,0.5121951219512195,41,21,3.059387683868408,0.9551860936826277
n0246,REFUGE/Refuge/Training400/Non-Glaucoma/n0246.jpg,Training400,0,10.574795722961426,0.9999744892120361,0.0,11,0,1.0826455354690552,0.7469942998120341
n0247,REFUGE/Refuge/Training400/Non-Glaucoma/n0247.jpg,Training400,0,7.146658420562744,0.9992130994796753,0.0,29,0,3.200204849243164,0.9608419853149401
n0248,REFUGE/Refuge/Training400/Non-Glaucoma/n0248.jpg,Training400,0,4.491119861602783,0.9889161586761475,0.12,25,3,0.8168810606002808,0.6935738750503456
n0249,REFUGE/Refuge/Training400/Non-Glaucoma/n0249.jpg,Training400,0,8.199430465698242,0.9997252821922302,0.4166666666666667,36,15,2.1023788452148438,0.8911341750508943
n0250,REFUGE/Refuge/Training400/Non-Glaucoma/n0250.jpg,Training400,0,9.804471969604492,0.999944806098938,0.3684210526315789,38,14,2.9646267890930176,0.9509502560837042
n0251,REFUGE/Refuge/Training400/Non-Glaucoma/n0251.jpg,Training400,0,8.533500671386719,0.9998032450675964,0.6944444444444444,36,25,1.6290652751922607,0.8360415506102455
n0252,REFUGE/Refuge/Training400/Non-Glaucoma/n0252.jpg,Training400,0,6.308870792388916,0.9981831908226013,0.5526315789473685,38,21,2.3140904903411865,0.9100373034908555
n0253,REFUGE/Refuge/Training400/Non-Glaucoma/n0253.jpg,Training400,0,9.22231388092041,0.9999011754989624,0.4878048780487805,41,20,3.5184617042541504,0.9712085205977344
n0254,REFUGE/Refuge/Training400/Non-Glaucoma/n0254.jpg,Training400,0,3.9868223667144775,0.9817795157432556,0.4523809523809524,42,19,2.127638578414917,0.8935606220715246
n0255,REFUGE/Refuge/Training400/Non-Glaucoma/n0255.jpg,Training400,0,3.0384857654571533,0.954282820224762,0.5777777777777777,45,26,-0.020247237756848335,0.4949383634780328
n0256,REFUGE/Refuge/Training400/Non-Glaucoma/n0256.jpg,Training400,0,1.459877610206604,0.8115140199661255,0.0,0,0,-0.31808391213417053,0.4211427839901529
n0257,REFUGE/Refuge/Training400/Non-Glaucoma/n0257.jpg,Training400,0,-6.155052185058594,0.002118233824148774,0.6666666666666666,39,26,0.5026258826255798,0.6230762246415843
n0258,REFUGE/Refuge/Training400/Non-Glaucoma/n0258.jpg,Training400,0,-0.17891782522201538,0.45538949966430664,0.45714285714285713,35,16,0.32162007689476013,0.5797190264833428
n0259,REFUGE/Refuge/Training400/Non-Glaucoma/n0259.jpg,Training400,0,0.77651447057724,0.6849284172058105,0.0,0,0,0.37446972727775574,0.5925385789899702
n0260,REFUGE/Refuge/Training400/Non-Glaucoma/n0260.jpg,Training400,0,9.531137466430664,0.9999274015426636,0.5405405405405406,37,20,1.6849679946899414,0.8435612553847122
n0261,REFUGE/Refuge/Training400/Non-Glaucoma/n0261.jpg,Training400,0,7.696288585662842,0.9995456337928772,0.4878048780487805,41,20,2.350640296936035,0.9129851083143234
n0262,REFUGE/Refuge/Training400/Non-Glaucoma/n0262.jpg,Training400,0,7.265774726867676,0.9993014335632324,0.65,40,26,3.3598875999450684,0.966427130007602
n0263,REFUGE/Refuge/Training400/Non-Glaucoma/n0263.jpg,Training400,0,12.047052383422852,0.999994158744812,0.5714285714285714,42,24,4.973499774932861,0.9931286510636148
n0264,REFUGE/Refuge/Training400/Non-Glaucoma/n0264.jpg,Training400,0,-6.0810065269470215,0.002280661603435874,0.5128205128205128,39,20,-0.911403477191925,0.2867127282794966
n0265,REFUGE/Refuge/Training400/Non-Glaucoma/n0265.jpg,Training400,0,4.24212121963501,0.9858266711235046,0.39473684210526316,38,15,2.352165699005127,0.9131062149721496
n0266,REFUGE/Refuge/Training400/Non-Glaucoma/n0266.jpg,Training400,0,3.966447591781616,0.9814115166664124,0.0,8,0,-0.9034621119499207,0.2883395522404871
n0267,REFUGE/Refuge/Training400/Non-Glaucoma/n0267.jpg,Training400,0,4.444454669952393,0.9883927702903748,0.46875,32,15,1.4042859077453613,0.8028631166598701
n0268,REFUGE/Refuge/Training400/Non-Glaucoma/n0268.jpg,Training400,0,-0.6992484927177429,0.33197885751724243,0.4166666666666667,36,15,-0.22034145891666412,0.4451364263798077
n0269,REFUGE/Refuge/Training400/Non-Glaucoma/n0269.jpg,Training400,0,3.111222267150879,0.9573532938957214,0.47619047619047616,42,20,1.4285595417022705,0.8066767764548735
n0270,REFUGE/Refuge/Training400/Non-Glaucoma/n0270.jpg,Training400,0,0.2521679997444153,0.5627100467681885,0.4523809523809524,42,19,1.509129524230957,0.8189321665547796
n0271,REFUGE/Refuge/Training400/Non-Glaucoma/n0271.jpg,Training400,0,3.8084704875946045,0.9782992601394653,0.0,4,0,0.124590665102005,0.5311074370508541
n0272,REFUGE/Refuge/Training400/Non-Glaucoma/n0272.jpg,Training400,0,-0.6469712853431702,0.34367236495018005,0.5714285714285714,28,16,-0.5900560617446899,0.35662199124152694
n0273,REFUGE/Refuge/Training400/Non-Glaucoma/n0273.jpg,Training400,0,-3.2683515548706055,0.03667301684617996,0.4594594594594595,37,17,1.9644086360931396,0.8770092765074358
n0274,REFUGE/Refuge/Training400/Non-Glaucoma/n0274.jpg,Training400,0,7.290953159332275,0.9993188381195068,0.5121951219512195,41,21,1.7721766233444214,0.8547281466341788
n0275,REFUGE/Refuge/Training400/Non-Glaucoma/n0275.jpg,Training400,0,-1.5364007949829102,0.1770590990781784,0.45714285714285713,35,16,0.5775367617607117,0.6405004185165664
n0276,REFUGE/Refuge/Training400/Non-Glaucoma/n0276.jpg,Training400,0,1.5257941484451294,0.8213900923728943,0.5365853658536586,41,22,2.6224324703216553,0.9322914155556676
n0277,REFUGE/Refuge/Training400/Non-Glaucoma/n0277.jpg,Training400,0,4.758871078491211,0.9914975762367249,0.0,20,0,0.18271799385547638,0.5455528338626567
n0278,REFUGE/Refuge/Training400/Non-Glaucoma/n0278.jpg,Training400,0,6.5013346672058105,0.9985008239746094,0.3111111111111111,45,14,1.4202120304107666,0.8053716539356253
n0279,REFUGE/Refuge/Training400/Non-Glaucoma/n0279.jpg,Training400,0,4.3206682205200195,0.9868833422660828,0.0,3,0,1.7751922607421875,0.8551021917123784
n0280,REFUGE/Refuge/Training400/Non-Glaucoma/n0280.jpg,Training400,0,10.30370807647705,0.9999665021896362,0.6363636363636364,33,21,3.5712013244628906,0.9726471680261203
n0281,REFUGE/Refuge/Training400/Non-Glaucoma/n0281.jpg,Training400,0,4.343482494354248,0.9871754050254822,0.0,31,0,0.9427697658538818,0.7196587975377947
n0282,REFUGE/Refuge/Training400/Non-Glaucoma/n0282.jpg,Training400,0,1.408130168914795,0.8034707903862,0.8205128205128205,39,32,1.457703709602356,0.8111812118859466
n0283,REFUGE/Refuge/Training400/Non-Glaucoma/n0283.jpg,Training400,0,5.778154373168945,0.9969151020050049,0.0,29,0,0.43967440724372864,0.6081814457762682
n0284,REFUGE/Refuge/Training400/Non-Glaucoma/n0284.jpg,Training400,0,6.054708003997803,0.9976587295532227,0.41025641025641024,39,16,0.4607640206813812,0.61319540742441
n0285,REFUGE/Refuge/Training400/Non-Glaucoma/n0285.jpg,Training400,0,5.477440357208252,0.9958373308181763,0.6428571428571429,28,18,0.9180456399917603,0.7146437240774259
n0286,REFUGE/Refuge/Training400/Non-Glaucoma/n0286.jpg,Training400,0,2.6744024753570557,0.9354991912841797,0.0,0,0,-0.3010318875312805,0.42530524910266126
n0287,REFUGE/Refuge/Training400/Non-Glaucoma/n0287.jpg,Training400,0,0.7430360913276672,0.6776593923568726,0.0,0,0,-0.8686643838882446,0.29553229191107183
n0288,REFUGE/Refuge/Training400/Non-Glaucoma/n0288.jpg,Training400,0,3.4818742275238037,0.9701676368713379,0.10526315789473684,38,4,0.03886408731341362,0.5097147990757657
n0289,REFUGE/Refuge/Training400/Non-Glaucoma/n0289.jpg,Training400,0,5.391031265258789,0.9954634308815002,0.7058823529411765,34,24,2.3582260608673096,0.9135858615114563
n0290,REFUGE/Refuge/Training400/Non-Glaucoma/n0290.jpg,Training400,0,-6.225876331329346,0.001973686972633004,0.0,8,0,-1.2181960344314575,0.2282540708044895
n0291,REFUGE/Refuge/Training400/Non-Glaucoma/n0291.jpg,Training400,0,-3.4548943042755127,0.030623236671090126,0.76,25,19,-0.3807172477245331,0.4059539172902316
n0292,REFUGE/Refuge/Training400/Non-Glaucoma/n0292.jpg,Training400,0,-2.5332629680633545,0.0735589787364006,0.75,32,24,0.18325142562389374,0.5456850816848076
n0293,REFUGE/Refuge/Training400/Non-Glaucoma/n0293.jpg,Training400,0,3.8584859371185303,0.9793360829353333,0.5833333333333334,36,21,0.9570604562759399,0.722532873655687
n0294,REFUGE/Refuge/Training400/Non-Glaucoma/n0294.jpg,Training400,0,-1.4077394008636475,0.196590855717659,0.4857142857142857,35,17,1.1243714094161987,0.7547986674404562
n0295,REFUGE/Refuge/Training400/Non-Glaucoma/n0295.jpg,Training400,0,3.2998046875,0.9644221067428589,0.5,34,17,1.0684226751327515,0.7442968365416884
n0296,REFUGE/Refuge/Training400/Non-Glaucoma/n0296.jpg,Training400,0,3.497199535369873,0.9706080555915833,0.0,14,0,-0.8640240430831909,0.2964992939379346
n0297,REFUGE/Refuge/Training400/Non-Glaucoma/n0297.jpg,Training400,0,2.7796287536621094,0.9415650367736816,0.0,0,0,0.15182144939899445,0.5378826248609174
n0298,REFUGE/Refuge/Training400/Non-Glaucoma/n0298.jpg,Training400,0,5.015588283538818,0.9934099316596985,0.0,0,0,-0.8883605003356934,0.2914482784466007
n0299,REFUGE/Refuge/Training400/Non-Glaucoma/n0299.jpg,Training400,0,3.461764097213745,0.9695800542831421,0.5625,32,18,-0.783632755279541,0.31353747274805677
n0300,REFUGE/Refuge/Training400/Non-Glaucoma/n0300.jpg,Training400,0,1.0525920391082764,0.7412723302841187,0.35,20,7,-1.7011082172393799,0.1543205809615288
n0301,REFUGE/Refuge/Training400/Non-Glaucoma/n0301.jpg,Training400,0,7.854324817657471,0.9996121525764465,0.4,40,16,1.2822157144546509,0.7828267039972577
n0302,REFUGE/Refuge/Training400/Non-Glaucoma/n0302.jpg,Training400,0,11.869701385498047,0.9999929666519165,0.2857142857142857,35,10,2.881273031234741,0.9469128938579496
n0303,REFUGE/Refuge/Training400/Non-Glaucoma/n0303.jpg,Training400,0,1.169557809829712,0.7630650997161865,0.43243243243243246,37,16,1.2205357551574707,0.7721578186400023
n0304,REFUGE/Refuge/Training400/Non-Glaucoma/n0304.jpg,Training400,0,0.9159994721412659,0.714226245880127,0.0,26,0,-2.099208354949951,0.10917378871664446
n0305,REFUGE/Refuge/Training400/Non-Glaucoma/n0305.jpg,Training400,0,1.586242437362671,0.8300867676734924,0.375,24,9,-0.3338851034641266,0.4172956190012667
n0306,REFUGE/Refuge/Training400/Non-Glaucoma/n0306.jpg,Training400,0,6.469051837921143,0.9984517097473145,0.5625,32,18,2.636045217514038,0.9331456682170745
n0307,REFUGE/Refuge/Training400/Non-Glaucoma/n0307.jpg,Training400,0,7.620019435882568,0.9995096921920776,0.5263157894736842,38,20,1.0797473192214966,0.7464461628679641
n0308,REFUGE/Refuge/Training400/Non-Glaucoma/n0308.jpg,Training400,0,4.646646499633789,0.9904974102973938,0.5897435897435898,39,23,0.594398558139801,0.6443737415321217
n0309,REFUGE/Refuge/Training400/Non-Glaucoma/n0309.jpg,Training400,0,4.845467567443848,0.9921973347663879,0.0,32,0,0.20197780430316925,0.5503234882503768
n0310,REFUGE/Refuge/Training400/Non-Glaucoma/n0310.jpg,Training400,0,2.1804845333099365,0.8984832763671875,0.34285714285714286,35,12,-0.4915817081928253,0.3795210284775517
n0311,REFUGE/Refuge/Training400/Non-Glaucoma/n0311.jpg,Training400,0,5.078099727630615,0.9938068389892578,0.30303030303030304,33,10,3.005260944366455,0.952811233625517
n0312,REFUGE/Refuge/Training400/Non-Glaucoma/n0312.jpg,Training400,0,2.8170065879821777,0.9435878992080688,0.0,17,0,-0.8028604984283447,0.30941396327127274
n0313,REFUGE/Refuge/Training400/Non-Glaucoma/n0313.jpg,Training400,0,-2.502950429916382,0.0756516084074974,0.6363636363636364,22,14,1.2094465494155884,0.7702010076932245
n0314,REFUGE/Refuge/Training400/Non-Glaucoma/n0314.jpg,Training400,0,1.6676119565963745,0.8412572145462036,0.0,27,0,0.7161784172058105,0.6717649240355769
n0315,REFUGE/Refuge/Training400/Non-Glaucoma/n0315.jpg,Training400,0,-2.2671077251434326,0.09388396143913269,0.0,12,0,-0.42929860949516296,0.39429382957572
n0316,REFUGE/Refuge/Training400/Non-Glaucoma/n0316.jpg,Training400,0,1.8357383012771606,0.8624439239501953,0.3125,32,10,-1.792965054512024,0.1427095837211547
n0317,REFUGE/Refuge/Training400/Non-Glaucoma/n0317.jpg,Training400,0,1.1389775276184082,0.7574918866157532,0.3055555555555556,36,11,-0.774709165096283,0.3154613007851096
n0318,REFUGE/Refuge/Training400/Non-Glaucoma/n0318.jpg,Training400,0,4.982835292816162,0.9931920170783997,0.0,2,0,-0.6132116913795471,0.35132691626246987
n0319,REFUGE/Refuge/Training400/Non-Glaucoma/n0319.jpg,Training400,0,1.1352583169937134,0.7568079829216003,0.47368421052631576,38,18,2.762347459793091,0.9406069118754002
n0320,REFUGE/Refuge/Training400/Non-Glaucoma/n0320.jpg,Training400,0,-0.6863510012626648,0.33484533429145813,0.5405405405405406,37,20,-0.532209575176239,0.370001687312504
n0321,REFUGE/Refuge/Training400/Non-Glaucoma/n0321.jpg,Training400,0,1.8004200458526611,0.8582000732421875,0.5405405405405406,37,20,0.7877736687660217,0.687353094306751
n0322,REFUGE/Refuge/Training400/Non-Glaucoma/n0322.jpg,Training400,0,4.243020057678223,0.985839307308197,0.6363636363636364,22,14,3.0167205333709717,0.953323814108705
n0323,REFUGE/Refuge/Training400/Non-Glaucoma/n0323.jpg,Training400,0,-2.2328670024871826,0.0968376100063324,0.5,26,13,-0.0014873319305479527,0.49962816708590896
n0324,REFUGE/Refuge/Training400/Non-Glaucoma/n0324.jpg,Training400,0,-3.953636407852173,0.01882368139922619,0.3076923076923077,39,12,-2.6728804111480713,0.06459271431687484
n0325,REFUGE/Refuge/Training400/Non-Glaucoma/n0325.jpg,Training400,0,-3.4515602588653564,0.030722366645932198,0.3,40,12,-0.11119581758975983,0.4722296536011469
n0326,REFUGE/Refuge/Training400/Non-Glaucoma/n0326.jpg,Training400,0,-0.24145859479904175,0.43992695212364197,0.75,28,21,1.5820527076721191,0.829495035017987
n0327,REFUGE/Refuge/Training400/Non-Glaucoma/n0327.jpg,Training400,0,2.8931736946105957,0.947507917881012,0.7037037037037037,27,19,1.4419227838516235,0.8087522289492639
n0328,REFUGE/Refuge/Training400/Non-Glaucoma/n0328.jpg,Training400,0,6.200554847717285,0.997975766658783,0.45714285714285713,35,16,1.8889949321746826,0.8686408908940054
n0329,REFUGE/Refuge/Training400/Non-Glaucoma/n0329.jpg,Training400,0,2.849705457687378,0.9453034996986389,0.0,0,0,1.6010065078735352,0.8321590114846784
n0330,REFUGE/Refuge/Training400/Non-Glaucoma/n0330.jpg,Training400,0,-4.731719017028809,0.008734351024031639,0.3684210526315789,38,14,-0.2516695261001587,0.43741261458635966
n0331,REFUGE/Refuge/Training400/Non-Glaucoma/n0331.jpg,Training400,0,-3.660526990890503,0.025074075907468796,0.0,20,0,-0.7154712080955505,0.32839103225594507
n0332,REFUGE/Refuge/Training400/Non-Glaucoma/n0332.jpg,Training400,0,-0.6044414639472961,0.3533281981945038,0.6176470588235294,34,21,-1.0339789390563965,0.2623134313465197
n0333,REFUGE/Refuge/Training400/Non-Glaucoma/n0333.jpg,Training400,0,3.7032370567321777,0.9759490489959717,0.6785714285714286,28,19,-0.18987078964710236,0.45267439485523797
n0334,REFUGE/Refuge/Training400/Non-Glaucoma/n0334.jpg,Training400,0,3.7303781509399414,0.9765780568122864,0.4375,32,14,2.68733286857605,0.9362750347300965
n0335,REFUGE/Refuge/Training400/Non-Glaucoma/n0335.jpg,Training400,0,3.9474363327026367,0.9810614585876465,0.47619047619047616,21,10,1.4980173110961914,0.8172785789629111
n0336,REFUGE/Refuge/Training400/Non-Glaucoma/n0336.jpg,Training400,0,1.9495618343353271,0.8753988742828369,0.5384615384615384,39,21,0.7084075212478638,0.6700491847804884
n0337,REFUGE/Refuge/Training400/Non-Glaucoma/n0337.jpg,Training400,0,2.594315767288208,0.9304947853088379,0.0,0,0,-0.9032918214797974,0.28837449707969826
n0338,REFUGE/Refuge/Training400/Non-Glaucoma/n0338.jpg,Training400,0,9.132010459899902,0.9998918771743774,0.0,4,0,1.1137206554412842,0.75282210573624
n0339,REFUGE/Refuge/Training400/Non-Glaucoma/n0339.jpg,Training400,0,1.3228389024734497,0.7896536588668823,0.4411764705882353,34,15,2.576777935028076,0.9293520109056551
n0340,REFUGE/Refuge/Training400/Non-Glaucoma/n0340.jpg,Training400,0,-1.7164113521575928,0.15233397483825684,0.6551724137931034,29,19,1.3580704927444458,0.795445923266994
n0341,REFUGE/Refuge/Training400/Non-Glaucoma/n0341.jpg,Training400,0,1.8254797458648682,0.8612223267555237,0.358974358974359,39,14,0.03156403824687004,0.5078903544834686
n0342,REFUGE/Refuge/Training400/Non-Glaucoma/n0342.jpg,Training400,0,0.1263180375099182,0.5315375924110413,0.27586206896551724,29,8,-0.7964450120925903,0.3107864783746955
n0343,REFUGE/Refuge/Training400/Non-Glaucoma/n0343.jpg,Training400,0,8.382493019104004,0.9997711777687073,0.3611111111111111,36,13,-0.043911177664995193,0.48902396918454133
n0344,REFUGE/Refuge/Training400/Non-Glaucoma/n0344.jpg,Training400,0,2.484423875808716,0.9230426549911499,0.59375,32,19,1.006711721420288,0.7323761349404152
n0345,REFUGE/Refuge/Training400/Non-Glaucoma/n0345.jpg,Training400,0,-3.950639009475708,0.0188791211694479,0.5,32,16,-1.3921828269958496,0.19905950959109825
n0346,REFUGE/Refuge/Training400/Non-Glaucoma/n0346.jpg,Training400,0,2.0497281551361084,0.8859201669692993,0.7222222222222222,18,13,0.6503844857215881,0.65709710042092
n0347,REFUGE/Refuge/Training400/Non-Glaucoma/n0347.jpg,Training400,0,3.941797971725464,0.9809564352035522,0.16129032258064516,31,5,0.5680441856384277,0.6383117588236272
n0348,REFUGE/Refuge/Training400/Non-Glaucoma/n0348.jpg,Training400,0,8.955301284790039,0.9998708963394165,0.15625,32,5,1.7759751081466675,0.8551991614491568
n0349,REFUGE/Refuge/Training400/Non-Glaucoma/n0349.jpg,Training400,0,6.154533863067627,0.9978806972503662,0.48717948717948717,39,19,2.674692392349243,0.9355166801485965
n0350,REFUGE/Refuge/Training400/Non-Glaucoma/n0350.jpg,Training400,0,7.64070463180542,0.9995197057723999,0.4444444444444444,36,16,0.9510390162467957,0.7213240845698602
n0351,REFUGE/Refuge/Training400/Non-Glaucoma/n0351.jpg,Training400,0,5.640924453735352,0.9964630007743835,0.5277777777777778,36,19,2.2416083812713623,0.9039242292839087
n0352,REFUGE/Refuge/Training400/Non-Glaucoma/n0352.jpg,Training400,0,4.723117828369141,0.9911908507347107,0.6333333333333333,30,19,2.2834906578063965,0.9075004815158187
n0353,REFUGE/Refuge/Training400/Non-Glaucoma/n0353.jpg,Training400,0,5.790713310241699,0.9969534873962402,0.5,38,19,1.429856538772583,0.8068789618617602
n0354,REFUGE/Refuge/Training400/Non-Glaucoma/n0354.jpg,Training400,0,6.780596733093262,0.9988657236099243,0.46511627906976744,43,20,1.083422303199768,0.7471410759420611
n0355,REFUGE/Refuge/Training400/Non-Glaucoma/n0355.jpg,Training400,0,3.8361916542053223,0.9788801074028015,0.5121951219512195,41,21,0.1416214257478714,0.5353462988777381
n0356,REFUGE/Refuge/Training400/Non-Glaucoma/n0356.jpg,Training400,0,2.6719748973846436,0.9353525042533875,0.4878048780487805,41,20,1.6782792806625366,0.8426765450472337
n0357,REFUGE/Refuge/Training400/Non-Glaucoma/n0357.jpg,Training400,0,4.5953145027160645,0.990001916885376,0.5142857142857142,35,18,0.43432340025901794,0.6069055825429881
n0358,REFUGE/Refuge/Training400/Non-Glaucoma/n0358.jpg,Training400,0,-2.803766965866089,0.05712095648050308,0.5652173913043478,23,13,0.4220868945121765,0.6039825173899634
n0359,REFUGE/Refuge/Training400/Non-Glaucoma/n0359.jpg,Training400,0,-2.0135443210601807,0.1177881732583046,0.0,0,0,-2.0700817108154297,0.11203890920141475
n0360,REFUGE/Refuge/Training400/Non-Glaucoma/n0360.jpg,Training400,0,6.557217597961426,0.9985822439193726,0.37142857142857144,35,13,1.595702886581421,0.8314169471095954
