image_path,domain,label,patient_id
DRISHTI-GS/Test-20211018T060000Z-001/Test/Images/glaucoma/drishtiGS_001.png,DRISHTI_GS,1,DRISHTI_GS:drishtiGS_001
DRISHTI-GS/Test-20211018T060000Z-001/Test/Images/glaucoma/drishtiGS_003.png,DRISHTI_GS,1,DRISHTI_GS:drishtiGS_003
DRISHTI-GS/Test-20211018T060000Z-001/Test/Images/glaucoma/drishtiGS_005.png,DRISHTI_GS,1,DRISHTI_GS:drishtiGS_005
DRISHTI-GS/Test-20211018T060000Z-001/Test/Images/glaucoma/drishtiGS_006.png,DRISHTI_GS,1,DRISHTI_GS:drishtiGS_006
DRISHTI-GS/Test-20211018T060000Z-001/Test/Images/glaucoma/drishtiGS_011.png,DRISHTI_GS,1,DRISHTI_GS:drishtiGS_011
DRISHTI-GS/Test-20211018T060000Z-001/Test/Images/glaucoma/drishtiGS_014.png,DRISHTI_GS,1,DRISHTI_GS:drishtiGS_014
DRISHTI-GS/Test-20211018T060000Z-001/Test/Images/glaucoma/drishtiGS_019.png,DRISHTI_GS,1,DRISHTI_GS:drishtiGS_019
DRISHTI-GS/Test-20211018T060000Z-001/Test/Images/glaucoma/drishtiGS_020.png,DRISHTI_GS,1,DRISHTI_GS:drishtiGS_020
DRISHTI-GS/Test-20211018T060000Z-001/Test/Images/glaucoma/drishtiGS_021.png,DRISHTI_GS,1,DRISHTI_GS:drishtiGS_021
DRISHTI-GS/Test-20211018T060000Z-001/Test/Images/glaucoma/drishtiGS_023.png,DRISHTI_GS,1,DRISHTI_GS:drishtiGS_023
DRISHTI-GS/Test-20211018T060000Z-001/Test/Images/glaucoma/drishtiGS_025.png,DRISHTI_GS,1,DRISHTI_GS:drishtiGS_025
DRISHTI-GS/Test-20211018T060000Z-001/Test/Images/glaucoma/drishtiGS_027.png,DRISHTI_GS,1,DRISHTI_GS:drishtiGS_027
DRISHTI-GS/Test-20211018T060000Z-001/Test/Images/glaucoma/drishtiGS_028.png,DRISHTI_GS,1,DRISHTI_GS:drishtiGS_028
DRISHTI-GS/Test-20211018T060000Z-001/Test/Images/glaucoma/drishtiGS_029.png,DRISHTI_GS,1,DRISHTI_GS:drishtiGS_029
DRISHTI-GS/Test-20211018T060000Z-001/Test/Images/glaucoma/drishtiGS_030.png,DRISHTI_GS,1,DRISHTI_GS:drishtiGS_030
DRISHTI-GS/Test-20211018T060000Z-001/Test/Images/glaucoma/drishtiGS_034.png,DRISHTI_GS,1,DRISHTI_GS:drishtiGS_034
DRISHTI-GS/Test-20211018T060000Z-001/Test/Images/glaucoma/drishtiGS_039.png,DRISHTI_GS,1,DRISHTI_GS:drishtiGS_039
DRISHTI-GS/Test-20211018T060000Z-001/Test/Images/glaucoma/drishtiGS_043.png,DRISHTI_GS,1,DRISHTI_GS:drishtiGS_043
DRISHTI-GS/Test-20211018T060000Z-001/Test/Images/glaucoma/drishtiGS_048.png,DRISHTI_GS,1,DRISHTI_GS:drishtiGS_048
DRISHTI-GS/Test-20211018T060000Z-001/Test/Images/glaucoma/drishtiGS_050.png,DRISHTI_GS,1,DRISHTI_GS:drishtiGS_050
DRISHTI-GS/Test-20211018T060000Z-001/Test/Images/glaucoma/drishtiGS_052.png,DRISHTI_GS,1,DRISHTI_GS:drishtiGS_052
DRISHTI-GS/Test-20211018T060000Z-001/Test/Images/glaucoma/drishtiGS_053.png,DRISHTI_GS,1,DRISHTI_GS:drishtiGS_053
DRISHTI-GS/Test-20211018T060000Z-001/Test/Images/glaucoma/drishtiGS_054.png,DRISHTI_GS,1,DRISHTI_GS:drishtiGS_054
DRISHTI-GS/Test-20211018T060000Z-001/Test/Images/glaucoma/drishtiGS_055.png,DRISHTI_GS,1,DRISHTI_GS:drishtiGS_055
DRISHTI-GS/Test-20211018T060000Z-001/Test/Images/glaucoma/drishtiGS_056.png,DRISHTI_GS,1,DRISHTI_GS:drishtiGS_056
DRISHTI-GS/Test-20211018T060000Z-001/Test/Images/glaucoma/drishtiGS_059.png,DRISHTI_GS,1,DRISHTI_GS:drishtiGS_059
DRISHTI-GS/Test-20211018T060000Z-001/Test/Images/glaucoma/drishtiGS_065.png,DRISHTI_GS,1,DRISHTI_GS:drishtiGS_065
DRISHTI-GS/Test-20211018T060000Z-001/Test/Images/glaucoma/drishtiGS_067.png,DRISHTI_GS,1,DRISHTI_GS:drishtiGS_067
DRISHTI-GS/Test-20211018T060000Z-001/Test/Images/glaucoma/drishtiGS_070.png,DRISHTI_GS,1,DRISHTI_GS:drishtiGS_070
DRISHTI-GS/Test-20211018T060000Z-001/Test/Images/glaucoma/drishtiGS_071.png,DRISHTI_GS,1,DRISHTI_GS:drishtiGS_071
DRISHTI-GS/Test-20211018T060000Z-001/Test/Images/glaucoma/drishtiGS_073.png,DRISHTI_GS,1,DRISHTI_GS:drishtiGS_073
DRISHTI-GS/Test-20211018T060000Z-001/Test/Images/glaucoma/drishtiGS_074.png,DRISHTI_GS,1,DRISHTI_GS:drishtiGS_074
DRISHTI-GS/Test-20211018T060000Z-001/Test/Images/glaucoma/drishtiGS_077.png,DRISHTI_GS,1,DRISHTI_GS:drishtiGS_077
DRISHTI-GS/Test-20211018T060000Z-001/Test/Images/glaucoma/drishtiGS_079.png,DRISHTI_GS,1,DRISHTI_GS:drishtiGS_079
DRISHTI-GS/Test-20211018T060000Z-001/Test/Images/glaucoma/drishtiGS_082.png,DRISHTI_GS,1,DRISHTI_GS:drishtiGS_082
DRISHTI-GS/Test-20211018T060000Z-001/Test/Images/glaucoma/drishtiGS_083.png,DRISHTI_GS,1,DRISHTI_GS:drishtiGS_083
DRISHTI-GS/Test-20211018T060000Z-001/Test/Images/glaucoma/drishtiGS_086.png,DRISHTI_GS,1,DRISHTI_GS:drishtiGS_086
DRISHTI-GS/Test-20211018T060000Z-001/Test/Images/glaucoma/drishtiGS_087.png,DRISHTI_GS,1,DRISHTI_GS:drishtiGS_087
DRISHTI-GS/Test-20211018T060000Z-001/Test/Images/normal/drishtiGS_007.png,DRISHTI_GS,0,DRISHTI_GS:drishtiGS_007
DRISHTI-GS/Test-20211018T060000Z-001/Test/Images/normal/drishtiGS_009.png,DRISHTI_GS,0,DRISHTI_GS:drishtiGS_009
DRISHTI-GS/Test-20211018T060000Z-001/Test/Images/normal/drishtiGS_013.png,DRISHTI_GS,0,DRISHTI_GS:drishtiGS_013
DRISHTI-GS/Test-20211018T060000Z-001/Test/Images/normal/drishtiGS_072.png,DRISHTI_GS,0,DRISHTI_GS:drishtiGS_072
DRISHTI-GS/Test-20211018T060000Z-001/Test/Images/normal/drishtiGS_078.png,DRISHTI_GS,0,DRISHTI_GS:drishtiGS_078
DRISHTI-GS/Test-20211018T060000Z-001/Test/Images/normal/drishtiGS_085.png,DRISHTI_GS,0,DRISHTI_GS:drishtiGS_085
DRISHTI-GS/Test-20211018T060000Z-001/Test/Images/normal/drishtiGS_091.png,DRISHTI_GS,0,DRISHTI_GS:drishtiGS_091
DRISHTI-GS/Test-20211018T060000Z-001/Test/Images/normal/drishtiGS_093.png,DRISHTI_GS,0,DRISHTI_GS:drishtiGS_093
DRISHTI-GS/Test-20211018T060000Z-001/Test/Images/normal/drishtiGS_095.png,DRISHTI_GS,0,DRISHTI_GS:drishtiGS_095
DRISHTI-GS/Test-20211018T060000Z-001/Test/Images/normal/drishtiGS_096.png,DRISHTI_GS,0,DRISHTI_GS:drishtiGS_096
DRISHTI-GS/Test-20211018T060000Z-001/Test/Images/normal/drishtiGS_097.png,DRISHTI_GS,0,DRISHTI_GS:drishtiGS_097
DRISHTI-GS/Test-20211018T060000Z-001/Test/Images/normal/drishtiGS_099.png,DRISHTI_GS,0,DRISHTI_GS:drishtiGS_099
DRISHTI-GS/Test-20211018T060000Z-001/Test/Images/normal/drishtiGS_100.png,DRISHTI_GS,0,DRISHTI_GS:drishtiGS_100
DRISHTI-GS/Training-20211018T055246Z-001/Training/Images/GLAUCOMA/drishtiGS_002.png,DRISHTI_GS,1,DRISHTI_GS:drishtiGS_002
DRISHTI-GS/Training-20211018T055246Z-001/Training/Images/GLAUCOMA/drishtiGS_004.png,DRISHTI_GS,1,DRISHTI_GS:drishtiGS_004
DRISHTI-GS/Training-20211018T055246Z-001/Training/Images/GLAUCOMA/drishtiGS_010.png,DRISHTI_GS,1,DRISHTI_GS:drishtiGS_010
DRISHTI-GS/Training-20211018T055246Z-001/Training/Images/GLAUCOMA/drishtiGS_012.png,DRISHTI_GS,1,DRISHTI_GS:drishtiGS_012
DRISHTI-GS/Training-20211018T055246Z-001/Training/Images/GLAUCOMA/drishtiGS_015.png,DRISHTI_GS,1,DRISHTI_GS:drishtiGS_015
DRISHTI-GS/Training-20211018T055246Z-001/Training/Images/GLAUCOMA/drishtiGS_016.png,DRISHTI_GS,1,DRISHTI_GS:drishtiGS_016
DRISHTI-GS/Training-20211018T055246Z-001/Training/Images/GLAUCOMA/drishtiGS_022.png,DRISHTI_GS,1,DRISHTI_GS:drishtiGS_022
DRISHTI-GS/Training-20211018T055246Z-001/Training/Images/GLAUCOMA/drishtiGS_024.png,DRISHTI_GS,1,DRISHTI_GS:drishtiGS_024
DRISHTI-GS/Training-20211018T055246Z-001/Training/Images/GLAUCOMA/drishtiGS_026.png,DRISHTI_GS,1,DRISHTI_GS:drishtiGS_026
DRISHTI-GS/Training-20211018T055246Z-001/Training/Images/GLAUCOMA/drishtiGS_031.png,DRISHTI_GS,1,DRISHTI_GS:drishtiGS_031
DRISHTI-GS/Training-20211018T055246Z-001/Training/Images/GLAUCOMA/drishtiGS_032.png,DRISHTI_GS,1,DRISHTI_GS:drishtiGS_032
DRISHTI-GS/Training-20211018T055246Z-001/Training/Images/GLAUCOMA/drishtiGS_038.png,DRISHTI_GS,1,DRISHTI_GS:drishtiGS_038
DRISHTI-GS/Training-20211018T055246Z-001/Training/Images/GLAUCOMA/drishtiGS_040.png,DRISHTI_GS,1,DRISHTI_GS:drishtiGS_040
DRISHTI-GS/Training-20211018T055246Z-001/Training/Images/GLAUCOMA/drishtiGS_044.png,DRISHTI_GS,1,DRISHTI_GS:drishtiGS_044
DRISHTI-GS/Training-20211018T055246Z-001/Training/Images/GLAUCOMA/drishtiGS_045.png,DRISHTI_GS,1,DRISHTI_GS:drishtiGS_045
DRISHTI-GS/Training-20211018T055246Z-001/Training/Images/GLAUCOMA/drishtiGS_049.png,DRISHTI_GS,1,DRISHTI_GS:drishtiGS_049
DRISHTI-GS/Training-20211018T055246Z-001/Training/Images/GLAUCOMA/drishtiGS_051.png,DRISHTI_GS,1,DRISHTI_GS:drishtiGS_051
DRISHTI-GS/Training-20211018T055246Z-001/Training/Images/GLAUCOMA/drishtiGS_058.png,DRISHTI_GS,1,DRISHTI_GS:drishtiGS_058
DRISHTI-GS/Training-20211018T055246Z-001/Training/Images/GLAUCOMA/drishtiGS_060.png,DRISHTI_GS,1,DRISHTI_GS:drishtiGS_060
DRISHTI-GS/Training-20211018T055246Z-001/Training/Images/GLAUCOMA/drishtiGS_061.png,DRISHTI_GS,1,DRISHTI_GS:drishtiGS_061
DRISHTI-GS/Training-20211018T055246Z-001/Training/Images/GLAUCOMA/drishtiGS_062.png,DRISHTI_GS,1,DRISHTI_GS:drishtiGS_062
DRISHTI-GS/Training-20211018T055246Z-001/Training/Images/GLAUCOMA/drishtiGS_063.png,DRISHTI_GS,1,DRISHTI_GS:drishtiGS_063
DRISHTI-GS/Training-20211018T055246Z-001/Training/Images/GLAUCOMA/drishtiGS_064.png,DRISHTI_GS,1,DRISHTI_GS:drishtiGS_064
DRISHTI-GS/Training-20211018T055246Z-001/Training/Images/GLAUCOMA/drishtiGS_066.png,DRISHTI_GS,1,DRISHTI_GS:drishtiGS_066
DRISHTI-GS/Training-20211018T055246Z-001/Training/Images/GLAUCOMA/drishtiGS_068.png,DRISHTI_GS,1,DRISHTI_GS:drishtiGS_068
DRISHTI-GS/Training-20211018T055246Z-001/Training/Images/GLAUCOMA/drishtiGS_069.png,DRISHTI_GS,1,DRISHTI_GS:drishtiGS_069
DRISHTI-GS/Training-20211018T055246Z-001/Training/Images/GLAUCOMA/drishtiGS_075.png,DRISHTI_GS,1,DRISHTI_GS:drishtiGS_075
DRISHTI-GS/Training-20211018T055246Z-001/Training/Images/GLAUCOMA/drishtiGS_076.png,DRISHTI_GS,1,DRISHTI_GS:drishtiGS_076
DRISHTI-GS/Training-20211018T055246Z-001/Training/Images/GLAUCOMA/drishtiGS_080.png,DRISHTI_GS,1,DRISHTI_GS:drishtiGS_080
DRISHTI-GS/Training-20211018T055246Z-001/Training/Images/GLAUCOMA/drishtiGS_081.png,DRISHTI_GS,1,DRISHTI_GS:drishtiGS_081
DRISHTI-GS/Training-20211018T055246Z-001/Training/Images/GLAUCOMA/drishtiGS_084.png,DRISHTI_GS,1,DRISHTI_GS:drishtiGS_084
DRISHTI-GS/Training-20211018T055246Z-001/Training/Images/GLAUCOMA/drishtiGS_088.png,DRISHTI_GS,1,DRISHTI_GS:drishtiGS_088
DRISHTI-GS/Training-20211018T055246Z-001/Training/Images/NORMAL/drishtiGS_008.png,DRISHTI_GS,0,DRISHTI_GS:drishtiGS_008
DRISHTI-GS/Training-20211018T055246Z-001/Training/Images/NORMAL/drishtiGS_017.png,DRISHTI_GS,0,DRISHTI_GS:drishtiGS_017
DRISHTI-GS/Training-20211018T055246Z-001/Training/Images/NORMAL/drishtiGS_018.png,DRISHTI_GS,0,DRISHTI_GS:drishtiGS_018
DRISHTI-GS/Training-20211018T055246Z-001/Training/Images/NORMAL/drishtiGS_033.png,DRISHTI_GS,0,DRISHTI_GS:drishtiGS_033
DRISHTI-GS/Training-20211018T055246Z-001/Training/Images/NORMAL/drishtiGS_035.png,DRISHTI_GS,0,DRISHTI_GS:drishtiGS_035
DRISHTI-GS/Training-20211018T055246Z-001/Training/Images/NORMAL/drishtiGS_036.png,DRISHTI_GS,0,DRISHTI_GS:drishtiGS_036
DRISHTI-GS/Training-20211018T055246Z-001/Training/Images/NORMAL/drishtiGS_037.png,DRISHTI_GS,0,DRISHTI_GS:drishtiGS_037
DRISHTI-GS/Training-20211018T055246Z-001/Training/Images/NORMAL/drishtiGS_041.png,DRISHTI_GS,0,DRISHTI_GS:drishtiGS_041
DRISHTI-GS/Training-20211018T055246Z-001/Training/Images/NORMAL/drishtiGS_042.png,DRISHTI_GS,0,DRISHTI_GS:drishtiGS_042
DRISHTI-GS/Training-20211018T055246Z-001/Training/Images/NORMAL/drishtiGS_046.png,DRISHTI_GS,0,DRISHTI_GS:drishtiGS_046
DRISHTI-GS/Training-20211018T055246Z-001/Training/Images/NORMAL/drishtiGS_047.png,DRISHTI_GS,0,DRISHTI_GS:drishtiGS_047
DRISHTI-GS/Training-20211018T055246Z-001/Training/Images/NORMAL/drishtiGS_057.png,DRISHTI_GS,0,DRISHTI_GS:drishtiGS_057
DRISHTI-GS/Training-20211018T055246Z-001/Training/Images/NORMAL/drishtiGS_089.png,DRISHTI_GS,0,DRISHTI_GS:drishtiGS_089
DRISHTI-GS/Training-20211018T055246Z-001/Training/Images/NORMAL/drishtiGS_090.png,DRISHTI_GS,0,DRISHTI_GS:drishtiGS_090
DRISHTI-GS/Training-20211018T055246Z-001/Training/Images/NORMAL/drishtiGS_092.png,DRISHTI_GS,0,DRISHTI_GS:drishtiGS_092
DRISHTI-GS/Training-20211018T055246Z-001/Training/Images/NORMAL/drishtiGS_094.png,DRISHTI_GS,0,DRISHTI_GS:drishtiGS_094
DRISHTI-GS/Training-20211018T055246Z-001/Training/Images/NORMAL/drishtiGS_098.png,DRISHTI_GS,0,DRISHTI_GS:drishtiGS_098
DRISHTI-GS/Training-20211018T055246Z-001/Training/Images/NORMAL/drishtiGS_101.png,DRISHTI_GS,0,DRISHTI_GS:drishtiGS_101
HYDR/Images/0_0.jpg,HYDR,1,HYDR:0
HYDR/Images/100_0.jpg,HYDR,1,HYDR:100
HYDR/Images/100_1.jpg,HYDR,1,HYDR:100
HYDR/Images/100_2.jpg,HYDR,1,HYDR:100
HYDR/Images/100_3.jpg,HYDR,1,HYDR:100
HYDR/Images/100_4.jpg,HYDR,1,HYDR:100
HYDR/Images/100_5.jpg,HYDR,1,HYDR:100
HYDR/Images/100_6.jpg,HYDR,1,HYDR:100
HYDR/Images/100_7.jpg,HYDR,1,HYDR:100
HYDR/Images/100_8.jpg,HYDR,1,HYDR:100
HYDR/Images/100_9.jpg,HYDR,1,HYDR:100
HYDR/Images/101_0.jpg,HYDR,1,HYDR:101
HYDR/Images/102_0.jpg,HYDR,1,HYDR:102
HYDR/Images/102_1.jpg,HYDR,1,HYDR:102
HYDR/Images/103_0.jpg,HYDR,1,HYDR:103
HYDR/Images/103_1.jpg,HYDR,1,HYDR:103
HYDR/Images/104_0.jpg,HYDR,1,HYDR:104
HYDR/Images/104_1.jpg,HYDR,1,HYDR:104
HYDR/Images/104_2.jpg,HYDR,1,HYDR:104
HYDR/Images/104_3.jpg,HYDR,1,HYDR:104
HYDR/Images/104_4.jpg,HYDR,1,HYDR:104
HYDR/Images/104_5.jpg,HYDR,1,HYDR:104
HYDR/Images/104_6.jpg,HYDR,1,HYDR:104
HYDR/Images/105_0.jpg,HYDR,1,HYDR:105
HYDR/Images/105_1.jpg,HYDR,1,HYDR:105
HYDR/Images/106_0.jpg,HYDR,1,HYDR:106
HYDR/Images/107_0.jpg,HYDR,1,HYDR:107
HYDR/Images/107_1.jpg,HYDR,1,HYDR:107
HYDR/Images/107_2.jpg,HYDR,1,HYDR:107
HYDR/Images/108_0.jpg,HYDR,1,HYDR:108
HYDR/Images/108_1.jpg,HYDR,1,HYDR:108
HYDR/Images/108_2.jpg,HYDR,1,HYDR:108
HYDR/Images/108_3.jpg,HYDR,1,HYDR:108
HYDR/Images/108_4.jpg,HYDR,1,HYDR:108
HYDR/Images/109_0.jpg,HYDR,1,HYDR:109
HYDR/Images/109_1.jpg,HYDR,1,HYDR:109
HYDR/Images/109_2.jpg,HYDR,1,HYDR:109
HYDR/Images/109_3.jpg,HYDR,1,HYDR:109
HYDR/Images/109_4.jpg,HYDR,1,HYDR:109
HYDR/Images/10_0.jpg,HYDR,1,HYDR:10
HYDR/Images/10_1.jpg,HYDR,1,HYDR:10
HYDR/Images/10_2.jpg,HYDR,1,HYDR:10
HYDR/Images/110_0.jpg,HYDR,1,HYDR:110
HYDR/Images/110_1.jpg,HYDR,1,HYDR:110
HYDR/Images/110_2.jpg,HYDR,1,HYDR:110
HYDR/Images/111_0.jpg,HYDR,1,HYDR:111
HYDR/Images/112_0.jpg,HYDR,1,HYDR:112
HYDR/Images/112_1.jpg,HYDR,1,HYDR:112
HYDR/Images/112_2.jpg,HYDR,1,HYDR:112
HYDR/Images/113_0.jpg,HYDR,1,HYDR:113
HYDR/Images/114_0.jpg,HYDR,1,HYDR:114
HYDR/Images/114_1.jpg,HYDR,1,HYDR:114
HYDR/Images/114_2.jpg,HYDR,1,HYDR:114
HYDR/Images/115_0.jpg,HYDR,1,HYDR:115
HYDR/Images/115_1.jpg,HYDR,1,HYDR:115
HYDR/Images/116_0.jpg,HYDR,1,HYDR:116
HYDR/Images/116_1.jpg,HYDR,1,HYDR:116
HYDR/Images/117_0.jpg,HYDR,1,HYDR:117
HYDR/Images/118_0.jpg,HYDR,1,HYDR:118
HYDR/Images/118_1.jpg,HYDR,1,HYDR:118
HYDR/Images/119_0.jpg,HYDR,1,HYDR:119
HYDR/Images/119_1.jpg,HYDR,1,HYDR:119
HYDR/Images/11_0.jpg,HYDR,1,HYDR:11
HYDR/Images/120_0.jpg,HYDR,1,HYDR:120
HYDR/Images/120_1.jpg,HYDR,1,HYDR:120
HYDR/Images/121_0.jpg,HYDR,1,HYDR:121
HYDR/Images/121_1.jpg,HYDR,1,HYDR:121
HYDR/Images/121_2.jpg,HYDR,1,HYDR:121
HYDR/Images/122_0.jpg,HYDR,1,HYDR:122
HYDR/Images/122_1.jpg,HYDR,1,HYDR:122
HYDR/Images/123_0.jpg,HYDR,1,HYDR:123
HYDR/Images/123_1.jpg,HYDR,1,HYDR:123
HYDR/Images/123_2.jpg,HYDR,1,HYDR:123
HYDR/Images/124_0.jpg,HYDR,1,HYDR:124
HYDR/Images/125_0.jpg,HYDR,1,HYDR:125
HYDR/Images/126_0.jpg,HYDR,1,HYDR:126
HYDR/Images/126_1.jpg,HYDR,1,HYDR:126
HYDR/Images/127_0.jpg,HYDR,1,HYDR:127
HYDR/Images/128_0.jpg,HYDR,1,HYDR:128
HYDR/Images/129_0.jpg,HYDR,1,HYDR:129
HYDR/Images/129_1.jpg,HYDR,1,HYDR:129
HYDR/Images/129_2.jpg,HYDR,1,HYDR:129
HYDR/Images/12_0.jpg,HYDR,1,HYDR:12
HYDR/Images/12_1.jpg,HYDR,1,HYDR:12
HYDR/Images/12_2.jpg,HYDR,1,HYDR:12
HYDR/Images/12_3.jpg,HYDR,1,HYDR:12
HYDR/Images/12_4.jpg,HYDR,1,HYDR:12
HYDR/Images/130_0.jpg,HYDR,1,HYDR:130
HYDR/Images/131_0.jpg,HYDR,1,HYDR:131
HYDR/Images/132_0.jpg,HYDR,1,HYDR:132
HYDR/Images/132_1.jpg,HYDR,1,HYDR:132
HYDR/Images/133_0.jpg,HYDR,1,HYDR:133
HYDR/Images/134_0.jpg,HYDR,1,HYDR:134
HYDR/Images/134_1.jpg,HYDR,1,HYDR:134
HYDR/Images/135_0.jpg,HYDR,1,HYDR:135
HYDR/Images/135_1.jpg,HYDR,1,HYDR:135
HYDR/Images/135_2.jpg,HYDR,1,HYDR:135
HYDR/Images/135_3.jpg,HYDR,1,HYDR:135
HYDR/Images/135_4.jpg,HYDR,1,HYDR:135
HYDR/Images/136_0.jpg,HYDR,1,HYDR:136
HYDR/Images/136_1.jpg,HYDR,1,HYDR:136
HYDR/Images/137_0.jpg,HYDR,1,HYDR:137
HYDR/Images/138_0.jpg,HYDR,1,HYDR:138
HYDR/Images/138_1.jpg,HYDR,1,HYDR:138
HYDR/Images/138_2.jpg,HYDR,1,HYDR:138
HYDR/Images/139_0.jpg,HYDR,1,HYDR:139
HYDR/Images/139_1.jpg,HYDR,1,HYDR:139
HYDR/Images/139_2.jpg,HYDR,1,HYDR:139
HYDR/Images/13_0.jpg,HYDR,1,HYDR:13
HYDR/Images/13_1.jpg,HYDR,1,HYDR:13
HYDR/Images/140_0.jpg,HYDR,1,HYDR:140
HYDR/Images/140_1.jpg,HYDR,1,HYDR:140
HYDR/Images/140_2.jpg,HYDR,1,HYDR:140
HYDR/Images/141_0.jpg,HYDR,1,HYDR:141
HYDR/Images/141_1.jpg,HYDR,1,HYDR:141
HYDR/Images/141_2.jpg,HYDR,1,HYDR:141
HYDR/Images/141_3.jpg,HYDR,1,HYDR:141
HYDR/Images/141_4.jpg,HYDR,1,HYDR:141
HYDR/Images/141_5.jpg,HYDR,1,HYDR:141
HYDR/Images/141_6.jpg,HYDR,1,HYDR:141
HYDR/Images/142_0.jpg,HYDR,1,HYDR:142
HYDR/Images/143_0.jpg,HYDR,1,HYDR:143
HYDR/Images/143_1.jpg,HYDR,1,HYDR:143
HYDR/Images/143_2.jpg,HYDR,1,HYDR:143
HYDR/Images/143_3.jpg,HYDR,1,HYDR:143
HYDR/Images/143_4.jpg,HYDR,1,HYDR:143
HYDR/Images/144_0.jpg,HYDR,1,HYDR:144
HYDR/Images/144_1.jpg,HYDR,1,HYDR:144
HYDR/Images/144_2.jpg,HYDR,1,HYDR:144
HYDR/Images/144_3.jpg,HYDR,1,HYDR:144
HYDR/Images/145_0.jpg,HYDR,1,HYDR:145
HYDR/Images/145_1.jpg,HYDR,1,HYDR:145
HYDR/Images/145_2.jpg,HYDR,1,HYDR:145
HYDR/Images/146_0.jpg,HYDR,1,HYDR:146
HYDR/Images/147_0.jpg,HYDR,1,HYDR:147
HYDR/Images/147_1.jpg,HYDR,1,HYDR:147
HYDR/Images/148_0.jpg,HYDR,1,HYDR:148
HYDR/Images/148_1.jpg,HYDR,1,HYDR:148
HYDR/Images/148_2.jpg,HYDR,1,HYDR:148
HYDR/Images/148_3.jpg,HYDR,1,HYDR:148
HYDR/Images/149_0.jpg,HYDR,1,HYDR:149
HYDR/Images/14_0.jpg,HYDR,1,HYDR:14
HYDR/Images/14_1.jpg,HYDR,1,HYDR:14
HYDR/Images/150_0.jpg,HYDR,1,HYDR:150
HYDR/Images/150_1.jpg,HYDR,1,HYDR:150
HYDR/Images/150_10.jpg,HYDR,1,HYDR:150
HYDR/Images/150_11.jpg,HYDR,1,HYDR:150
HYDR/Images/150_12.jpg,HYDR,1,HYDR:150
HYDR/Images/150_13.jpg,HYDR,1,HYDR:150
HYDR/Images/150_2.jpg,HYDR,1,HYDR:150
HYDR/Images/150_3.jpg,HYDR,1,HYDR:150
HYDR/Images/150_4.jpg,HYDR,1,HYDR:150
HYDR/Images/150_5.jpg,HYDR,1,HYDR:150
HYDR/Images/150_6.jpg,HYDR,1,HYDR:150
HYDR/Images/150_7.jpg,HYDR,1,HYDR:150
HYDR/Images/150_8.jpg,HYDR,1,HYDR:150
HYDR/Images/150_9.jpg,HYDR,1,HYDR:150
HYDR/Images/151_0.jpg,HYDR,1,HYDR:151
HYDR/Images/151_1.jpg,HYDR,1,HYDR:151
HYDR/Images/151_2.jpg,HYDR,1,HYDR:151
HYDR/Images/151_3.jpg,HYDR,1,HYDR:151
HYDR/Images/151_4.jpg,HYDR,1,HYDR:151
HYDR/Images/152_0.jpg,HYDR,1,HYDR:152
HYDR/Images/153_0.jpg,HYDR,1,HYDR:153
HYDR/Images/153_1.jpg,HYDR,1,HYDR:153
HYDR/Images/153_2.jpg,HYDR,1,HYDR:153
HYDR/Images/153_3.jpg,HYDR,1,HYDR:153
HYDR/Images/154_0.jpg,HYDR,1,HYDR:154
HYDR/Images/154_1.jpg,HYDR,1,HYDR:154
HYDR/Images/154_2.jpg,HYDR,1,HYDR:154
HYDR/Images/154_3.jpg,HYDR,1,HYDR:154
HYDR/Images/154_4.jpg,HYDR,1,HYDR:154
HYDR/Images/154_5.jpg,HYDR,1,HYDR:154
HYDR/Images/155_0.jpg,HYDR,1,HYDR:155
HYDR/Images/155_1.jpg,HYDR,1,HYDR:155
HYDR/Images/155_2.jpg,HYDR,1,HYDR:155
HYDR/Images/155_3.jpg,HYDR,1,HYDR:155
HYDR/Images/156_0.jpg,HYDR,1,HYDR:156
HYDR/Images/157_0.jpg,HYDR,1,HYDR:157
HYDR/Images/157_1.jpg,HYDR,1,HYDR:157
HYDR/Images/157_2.jpg,HYDR,1,HYDR:157
HYDR/Images/157_3.jpg,HYDR,1,HYDR:157
HYDR/Images/158_0.jpg,HYDR,1,HYDR:158
HYDR/Images/158_1.jpg,HYDR,1,HYDR:158
HYDR/Images/159_0.jpg,HYDR,1,HYDR:159
HYDR/Images/159_1.jpg,HYDR,1,HYDR:159
HYDR/Images/15_0.jpg,HYDR,1,HYDR:15
HYDR/Images/160_0.jpg,HYDR,1,HYDR:160
HYDR/Images/160_1.jpg,HYDR,1,HYDR:160
HYDR/Images/161_0.jpg,HYDR,1,HYDR:161
HYDR/Images/162_0.jpg,HYDR,1,HYDR:162
HYDR/Images/162_1.jpg,HYDR,1,HYDR:162
HYDR/Images/163_0.jpg,HYDR,1,HYDR:163
HYDR/Images/163_1.jpg,HYDR,1,HYDR:163
HYDR/Images/163_2.jpg,HYDR,1,HYDR:163
HYDR/Images/163_3.jpg,HYDR,1,HYDR:163
HYDR/Images/163_4.jpg,HYDR,1,HYDR:163
HYDR/Images/164_0.jpg,HYDR,1,HYDR:164
HYDR/Images/164_1.jpg,HYDR,1,HYDR:164
HYDR/Images/164_2.jpg,HYDR,1,HYDR:164
HYDR/Images/164_3.jpg,HYDR,1,HYDR:164
HYDR/Images/165_0.jpg,HYDR,1,HYDR:165
HYDR/Images/165_1.jpg,HYDR,1,HYDR:165
HYDR/Images/165_2.jpg,HYDR,1,HYDR:165
HYDR/Images/166_0.jpg,HYDR,1,HYDR:166
HYDR/Images/166_1.jpg,HYDR,1,HYDR:166
HYDR/Images/166_2.jpg,HYDR,1,HYDR:166
HYDR/Images/167_0.jpg,HYDR,1,HYDR:167
HYDR/Images/167_1.jpg,HYDR,1,HYDR:167
HYDR/Images/168_0.jpg,HYDR,1,HYDR:168
HYDR/Images/168_1.jpg,HYDR,1,HYDR:168
HYDR/Images/168_2.jpg,HYDR,1,HYDR:168
HYDR/Images/169_0.jpg,HYDR,1,HYDR:169
HYDR/Images/169_1.jpg,HYDR,1,HYDR:169
HYDR/Images/169_2.jpg,HYDR,1,HYDR:169
HYDR/Images/169_3.jpg,HYDR,1,HYDR:169
HYDR/Images/16_0.jpg,HYDR,1,HYDR:16
HYDR/Images/16_1.jpg,HYDR,1,HYDR:16
HYDR/Images/16_2.jpg,HYDR,1,HYDR:16
HYDR/Images/16_3.jpg,HYDR,1,HYDR:16
HYDR/Images/16_4.jpg,HYDR,1,HYDR:16
HYDR/Images/170_0.jpg,HYDR,1,HYDR:170
HYDR/Images/170_1.jpg,HYDR,1,HYDR:170
HYDR/Images/170_2.jpg,HYDR,1,HYDR:170
HYDR/Images/170_3.jpg,HYDR,1,HYDR:170
HYDR/Images/170_4.jpg,HYDR,1,HYDR:170
HYDR/Images/170_5.jpg,HYDR,1,HYDR:170
HYDR/Images/171_0.jpg,HYDR,1,HYDR:171
HYDR/Images/172_0.jpg,HYDR,1,HYDR:172
HYDR/Images/172_1.jpg,HYDR,1,HYDR:172
HYDR/Images/172_2.jpg,HYDR,1,HYDR:172
HYDR/Images/172_3.jpg,HYDR,1,HYDR:172
HYDR/Images/173_0.jpg,HYDR,1,HYDR:173
HYDR/Images/174_0.jpg,HYDR,1,HYDR:174
HYDR/Images/175_0.jpg,HYDR,1,HYDR:175
HYDR/Images/175_1.jpg,HYDR,1,HYDR:175
HYDR/Images/176_0.jpg,HYDR,1,HYDR:176
HYDR/Images/176_1.jpg,HYDR,1,HYDR:176
HYDR/Images/176_2.jpg,HYDR,1,HYDR:176
HYDR/Images/177_0.jpg,HYDR,1,HYDR:177
HYDR/Images/177_1.jpg,HYDR,1,HYDR:177
HYDR/Images/177_2.jpg,HYDR,1,HYDR:177
HYDR/Images/178_0.jpg,HYDR,1,HYDR:178
HYDR/Images/179_0.jpg,HYDR,1,HYDR:179
HYDR/Images/179_1.jpg,HYDR,1,HYDR:179
HYDR/Images/179_2.jpg,HYDR,1,HYDR:179
HYDR/Images/17_0.jpg,HYDR,1,HYDR:17
HYDR/Images/17_1.jpg,HYDR,1,HYDR:17
HYDR/Images/17_2.jpg,HYDR,1,HYDR:17
HYDR/Images/17_3.jpg,HYDR,1,HYDR:17
HYDR/Images/17_4.jpg,HYDR,1,HYDR:17
HYDR/Images/17_5.jpg,HYDR,1,HYDR:17
HYDR/Images/180_0.jpg,HYDR,1,HYDR:180
HYDR/Images/180_1.jpg,HYDR,1,HYDR:180
HYDR/Images/180_2.jpg,HYDR,1,HYDR:180
HYDR/Images/180_3.jpg,HYDR,1,HYDR:180
HYDR/Images/180_4.jpg,HYDR,1,HYDR:180
HYDR/Images/180_5.jpg,HYDR,1,HYDR:180
HYDR/Images/181_0.jpg,HYDR,1,HYDR:181
HYDR/Images/181_1.jpg,HYDR,1,HYDR:181
HYDR/Images/183_0.jpg,HYDR,1,HYDR:183
HYDR/Images/183_1.jpg,HYDR,1,HYDR:183
HYDR/Images/183_2.jpg,HYDR,1,HYDR:183
HYDR/Images/183_3.jpg,HYDR,1,HYDR:183
HYDR/Images/183_4.jpg,HYDR,1,HYDR:183
HYDR/Images/183_5.jpg,HYDR,1,HYDR:183
HYDR/Images/183_6.jpg,HYDR,1,HYDR:183
HYDR/Images/183_7.jpg,HYDR,1,HYDR:183
HYDR/Images/184_0.jpg,HYDR,1,HYDR:184
HYDR/Images/184_1.jpg,HYDR,1,HYDR:184
HYDR/Images/185_0.jpg,HYDR,1,HYDR:185
HYDR/Images/185_1.jpg,HYDR,1,HYDR:185
HYDR/Images/185_2.jpg,HYDR,1,HYDR:185
HYDR/Images/186_0.jpg,HYDR,1,HYDR:186
HYDR/Images/186_1.jpg,HYDR,1,HYDR:186
HYDR/Images/186_2.jpg,HYDR,1,HYDR:186
HYDR/Images/187_0.jpg,HYDR,0,HYDR:187
HYDR/Images/188_0.jpg,HYDR,0,HYDR:188
HYDR/Images/188_1.jpg,HYDR,0,HYDR:188
HYDR/Images/189_0.jpg,HYDR,0,HYDR:189
HYDR/Images/189_1.jpg,HYDR,0,HYDR:189
HYDR/Images/189_2.jpg,HYDR,0,HYDR:189
HYDR/Images/18_0.jpg,HYDR,1,HYDR:18
HYDR/Images/18_1.jpg,HYDR,1,HYDR:18
HYDR/Images/18_2.jpg,HYDR,1,HYDR:18
HYDR/Images/18_3.jpg,HYDR,1,HYDR:18
HYDR/Images/18_4.jpg,HYDR,1,HYDR:18
HYDR/Images/190_0.jpg,HYDR,0,HYDR:190
HYDR/Images/191_0.jpg,HYDR,0,HYDR:191
HYDR/Images/191_1.jpg,HYDR,0,HYDR:191
HYDR/Images/192_0.jpg,HYDR,0,HYDR:192
HYDR/Images/192_1.jpg,HYDR,0,HYDR:192
HYDR/Images/193_0.jpg,HYDR,0,HYDR:193
HYDR/Images/193_1.jpg,HYDR,0,HYDR:193
HYDR/Images/194_0.jpg,HYDR,0,HYDR:194
HYDR/Images/194_1.jpg,HYDR,0,HYDR:194
HYDR/Images/195_0.jpg,HYDR,0,HYDR:195
HYDR/Images/195_1.jpg,HYDR,0,HYDR:195
HYDR/Images/195_2.jpg,HYDR,0,HYDR:195
HYDR/Images/196_0.jpg,HYDR,0,HYDR:196
HYDR/Images/197_0.jpg,HYDR,0,HYDR:197
HYDR/Images/198_0.jpg,HYDR,0,HYDR:198
HYDR/Images/199_0.jpg,HYDR,0,HYDR:199
HYDR/Images/199_1.jpg,HYDR,0,HYDR:199
HYDR/Images/19_0.jpg,HYDR,1,HYDR:19
HYDR/Images/1_0.jpg,HYDR,1,HYDR:1
HYDR/Images/1_1.jpg,HYDR,1,HYDR:1
HYDR/Images/200_0.jpg,HYDR,0,HYDR:200
HYDR/Images/200_1.jpg,HYDR,0,HYDR:200
HYDR/Images/200_2.jpg,HYDR,0,HYDR:200
HYDR/Images/200_3.jpg,HYDR,0,HYDR:200
HYDR/Images/201_0.jpg,HYDR,0,HYDR:201
HYDR/Images/201_1.jpg,HYDR,0,HYDR:201
HYDR/Images/202_0.jpg,HYDR,0,HYDR:202
HYDR/Images/202_1.jpg,HYDR,0,HYDR:202
HYDR/Images/203_0.jpg,HYDR,0,HYDR:203
HYDR/Images/203_1.jpg,HYDR,0,HYDR:203
HYDR/Images/204_0.jpg,HYDR,0,HYDR:204
HYDR/Images/204_1.jpg,HYDR,0,HYDR:204
HYDR/Images/205_0.jpg,HYDR,0,HYDR:205
HYDR/Images/205_1.jpg,HYDR,0,HYDR:205
HYDR/Images/206_0.jpg,HYDR,0,HYDR:206
HYDR/Images/207_0.jpg,HYDR,0,HYDR:207
HYDR/Images/207_1.jpg,HYDR,0,HYDR:207
HYDR/Images/207_2.jpg,HYDR,0,HYDR:207
HYDR/Images/208_0.jpg,HYDR,0,HYDR:208
HYDR/Images/208_1.jpg,HYDR,0,HYDR:208
HYDR/Images/209_0.jpg,HYDR,0,HYDR:209
HYDR/Images/20_0.jpg,HYDR,1,HYDR:20
HYDR/Images/20_1.jpg,HYDR,1,HYDR:20
HYDR/Images/210_0.jpg,HYDR,0,HYDR:210
HYDR/Images/211_0.jpg,HYDR,0,HYDR:211
HYDR/Images/211_1.jpg,HYDR,0,HYDR:211
HYDR/Images/211_2.jpg,HYDR,0,HYDR:211
HYDR/Images/212_0.jpg,HYDR,0,HYDR:212
HYDR/Images/213_0.jpg,HYDR,0,HYDR:213
HYDR/Images/214_0.jpg,HYDR,0,HYDR:214
HYDR/Images/214_1.jpg,HYDR,0,HYDR:214
HYDR/Images/214_2.jpg,HYDR,0,HYDR:214
HYDR/Images/214_3.jpg,HYDR,0,HYDR:214
HYDR/Images/215_0.jpg,HYDR,0,HYDR:215
HYDR/Images/215_1.jpg,HYDR,0,HYDR:215
HYDR/Images/215_2.jpg,HYDR,0,HYDR:215
HYDR/Images/215_3.jpg,HYDR,0,HYDR:215
HYDR/Images/216_0.jpg,HYDR,0,HYDR:216
HYDR/Images/217_0.jpg,HYDR,0,HYDR:217
HYDR/Images/218_0.jpg,HYDR,0,HYDR:218
HYDR/Images/219_0.jpg,HYDR,0,HYDR:219
HYDR/Images/219_1.jpg,HYDR,0,HYDR:219
HYDR/Images/219_2.jpg,HYDR,0,HYDR:219
HYDR/Images/21_0.jpg,HYDR,1,HYDR:21
HYDR/Images/21_1.jpg,HYDR,1,HYDR:21
HYDR/Images/220_0.jpg,HYDR,0,HYDR:220
HYDR/Images/220_1.jpg,HYDR,0,HYDR:220
HYDR/Images/221_0.jpg,HYDR,0,HYDR:221
HYDR/Images/222_0.jpg,HYDR,0,HYDR:222
HYDR/Images/222_1.jpg,HYDR,0,HYDR:222
HYDR/Images/223_0.jpg,HYDR,0,HYDR:223
HYDR/Images/223_1.jpg,HYDR,0,HYDR:223
HYDR/Images/223_2.jpg,HYDR,0,HYDR:223
HYDR/Images/224_0.jpg,HYDR,0,HYDR:224
HYDR/Images/224_1.jpg,HYDR,0,HYDR:224
HYDR/Images/224_2.jpg,HYDR,0,HYDR:224
HYDR/Images/224_3.jpg,HYDR,0,HYDR:224
HYDR/Images/225_0.jpg,HYDR,0,HYDR:225
HYDR/Images/225_1.jpg,HYDR,0,HYDR:225
HYDR/Images/226_0.jpg,HYDR,0,HYDR:226
HYDR/Images/226_1.jpg,HYDR,0,HYDR:226
HYDR/Images/227_0.jpg,HYDR,0,HYDR:227
HYDR/Images/227_1.jpg,HYDR,0,HYDR:227
HYDR/Images/227_2.jpg,HYDR,0,HYDR:227
HYDR/Images/227_3.jpg,HYDR,0,HYDR:227
HYDR/Images/227_4.jpg,HYDR,0,HYDR:227
HYDR/Images/228_0.jpg,HYDR,0,HYDR:228
HYDR/Images/229_0.jpg,HYDR,0,HYDR:229
HYDR/Images/229_1.jpg,HYDR,0,HYDR:229
HYDR/Images/22_0.jpg,HYDR,1,HYDR:22
HYDR/Images/22_1.jpg,HYDR,1,HYDR:22
HYDR/Images/230_0.jpg,HYDR,0,HYDR:230
HYDR/Images/230_1.jpg,HYDR,0,HYDR:230
HYDR/Images/231_0.jpg,HYDR,0,HYDR:231
HYDR/Images/231_1.jpg,HYDR,0,HYDR:231
HYDR/Images/232_0.jpg,HYDR,0,HYDR:232
HYDR/Images/233_0.jpg,HYDR,0,HYDR:233
HYDR/Images/234_0.jpg,HYDR,0,HYDR:234
HYDR/Images/234_1.jpg,HYDR,0,HYDR:234
HYDR/Images/235_0.jpg,HYDR,0,HYDR:235
HYDR/Images/236_0.jpg,HYDR,0,HYDR:236
HYDR/Images/237_0.jpg,HYDR,0,HYDR:237
HYDR/Images/237_1.jpg,HYDR,0,HYDR:237
HYDR/Images/238_0.jpg,HYDR,0,HYDR:238
HYDR/Images/238_1.jpg,HYDR,0,HYDR:238
HYDR/Images/239_0.jpg,HYDR,0,HYDR:239
HYDR/Images/239_1.jpg,HYDR,0,HYDR:239
HYDR/Images/23_0.jpg,HYDR,1,HYDR:23
HYDR/Images/23_1.jpg,HYDR,1,HYDR:23
HYDR/Images/240_0.jpg,HYDR,0,HYDR:240
HYDR/Images/240_1.jpg,HYDR,0,HYDR:240
HYDR/Images/240_2.jpg,HYDR,0,HYDR:240
HYDR/Images/241_0.jpg,HYDR,0,HYDR:241
HYDR/Images/241_1.jpg,HYDR,0,HYDR:241
HYDR/Images/241_2.jpg,HYDR,0,HYDR:241
HYDR/Images/242_0.jpg,HYDR,0,HYDR:242
HYDR/Images/243_0.jpg,HYDR,0,HYDR:243
HYDR/Images/243_1.jpg,HYDR,0,HYDR:243
HYDR/Images/244_0.jpg,HYDR,0,HYDR:244
HYDR/Images/244_1.jpg,HYDR,0,HYDR:244
HYDR/Images/245_0.jpg,HYDR,0,HYDR:245
HYDR/Images/245_1.jpg,HYDR,0,HYDR:245
HYDR/Images/245_2.jpg,HYDR,0,HYDR:245
HYDR/Images/246_0.jpg,HYDR,0,HYDR:246
HYDR/Images/247_0.jpg,HYDR,0,HYDR:247
HYDR/Images/247_1.jpg,HYDR,0,HYDR:247
HYDR/Images/248_0.jpg,HYDR,0,HYDR:248
HYDR/Images/249_0.jpg,HYDR,0,HYDR:249
HYDR/Images/249_1.jpg,HYDR,0,HYDR:249
HYDR/Images/249_2.jpg,HYDR,0,HYDR:249
HYDR/Images/249_3.jpg,HYDR,0,HYDR:249
HYDR/Images/24_0.jpg,HYDR,1,HYDR:24
HYDR/Images/250_0.jpg,HYDR,0,HYDR:250
HYDR/Images/250_1.jpg,HYDR,0,HYDR:250
HYDR/Images/251_0.jpg,HYDR,0,HYDR:251
HYDR/Images/252_0.jpg,HYDR,0,HYDR:252
HYDR/Images/252_1.jpg,HYDR,0,HYDR:252
HYDR/Images/253_0.jpg,HYDR,0,HYDR:253
HYDR/Images/253_1.jpg,HYDR,0,HYDR:253
HYDR/Images/253_2.jpg,HYDR,0,HYDR:253
HYDR/Images/254_0.jpg,HYDR,0,HYDR:254
HYDR/Images/255_0.jpg,HYDR,0,HYDR:255
HYDR/Images/255_1.jpg,HYDR,0,HYDR:255
HYDR/Images/255_2.jpg,HYDR,0,HYDR:255
HYDR/Images/256_0.jpg,HYDR,0,HYDR:256
HYDR/Images/256_1.jpg,HYDR,0,HYDR:256
HYDR/Images/257_0.jpg,HYDR,0,HYDR:257
HYDR/Images/257_1.jpg,HYDR,0,HYDR:257
HYDR/Images/258_0.jpg,HYDR,0,HYDR:258
HYDR/Images/258_1.jpg,HYDR,0,HYDR:258
HYDR/Images/259_0.jpg,HYDR,0,HYDR:259
HYDR/Images/259_1.jpg,HYDR,0,HYDR:259
HYDR/Images/259_2.jpg,HYDR,0,HYDR:259
HYDR/Images/259_3.jpg,HYDR,0,HYDR:259
HYDR/Images/259_4.jpg,HYDR,0,HYDR:259
HYDR/Images/259_5.jpg,HYDR,0,HYDR:259
HYDR/Images/25_0.jpg,HYDR,1,HYDR:25
HYDR/Images/25_1.jpg,HYDR,1,HYDR:25
HYDR/Images/260_0.jpg,HYDR,0,HYDR:260
HYDR/Images/261_0.jpg,HYDR,0,HYDR:261
HYDR/Images/261_1.jpg,HYDR,0,HYDR:261
HYDR/Images/262_0.jpg,HYDR,0,HYDR:262
HYDR/Images/263_0.jpg,HYDR,0,HYDR:263
HYDR/Images/264_0.jpg,HYDR,0,HYDR:264
HYDR/Images/265_0.jpg,HYDR,0,HYDR:265
HYDR/Images/265_1.jpg,HYDR,0,HYDR:265
HYDR/Images/266_0.jpg,HYDR,0,HYDR:266
HYDR/Images/267_0.jpg,HYDR,0,HYDR:267
HYDR/Images/268_0.jpg,HYDR,0,HYDR:268
HYDR/Images/269_0.jpg,HYDR,0,HYDR:269
HYDR/Images/269_1.jpg,HYDR,0,HYDR:269
HYDR/Images/26_0.jpg,HYDR,1,HYDR:26
HYDR/Images/26_1.jpg,HYDR,1,HYDR:26
HYDR/Images/270_0.jpg,HYDR,0,HYDR:270
HYDR/Images/270_1.jpg,HYDR,0,HYDR:270
HYDR/Images/271_0.jpg,HYDR,0,HYDR:271
HYDR/Images/272_0.jpg,HYDR,0,HYDR:272
HYDR/Images/272_1.jpg,HYDR,0,HYDR:272
HYDR/Images/273_0.jpg,HYDR,0,HYDR:273
HYDR/Images/274_0.jpg,HYDR,0,HYDR:274
HYDR/Images/275_0.jpg,HYDR,0,HYDR:275
HYDR/Images/275_1.jpg,HYDR,0,HYDR:275
HYDR/Images/275_2.jpg,HYDR,0,HYDR:275
HYDR/Images/276_0.jpg,HYDR,0,HYDR:276
HYDR/Images/276_1.jpg,HYDR,0,HYDR:276
HYDR/Images/276_2.jpg,HYDR,0,HYDR:276
HYDR/Images/277_0.jpg,HYDR,0,HYDR:277
HYDR/Images/277_1.jpg,HYDR,0,HYDR:277
HYDR/Images/277_2.jpg,HYDR,0,HYDR:277
HYDR/Images/278_0.jpg,HYDR,0,HYDR:278
HYDR/Images/278_1.jpg,HYDR,0,HYDR:278
HYDR/Images/279_0.jpg,HYDR,0,HYDR:279
HYDR/Images/279_1.jpg,HYDR,0,HYDR:279
HYDR/Images/27_0.jpg,HYDR,1,HYDR:27
HYDR/Images/27_1.jpg,HYDR,1,HYDR:27
HYDR/Images/280_0.jpg,HYDR,0,HYDR:280
HYDR/Images/280_1.jpg,HYDR,0,HYDR:280
HYDR/Images/281_0.jpg,HYDR,0,HYDR:281
HYDR/Images/281_1.jpg,HYDR,0,HYDR:281
HYDR/Images/282_0.jpg,HYDR,0,HYDR:282
HYDR/Images/282_1.jpg,HYDR,0,HYDR:282
HYDR/Images/283_0.jpg,HYDR,0,HYDR:283
HYDR/Images/283_1.jpg,HYDR,0,HYDR:283
HYDR/Images/284_0.jpg,HYDR,0,HYDR:284
HYDR/Images/284_1.jpg,HYDR,0,HYDR:284
HYDR/Images/285_0.jpg,HYDR,0,HYDR:285
HYDR/Images/286_0.jpg,HYDR,0,HYDR:286
HYDR/Images/286_1.jpg,HYDR,0,HYDR:286
HYDR/Images/287_0.jpg,HYDR,0,HYDR:287
HYDR/Images/287_1.jpg,HYDR,0,HYDR:287
HYDR/Images/288_0.jpg,HYDR,0,HYDR:288
HYDR/Images/28_0.jpg,HYDR,1,HYDR:28
HYDR/Images/28_1.jpg,HYDR,1,HYDR:28
HYDR/Images/28_2.jpg,HYDR,1,HYDR:28
HYDR/Images/28_3.jpg,HYDR,1,HYDR:28
HYDR/Images/29_0.jpg,HYDR,1,HYDR:29
HYDR/Images/29_1.jpg,HYDR,1,HYDR:29
HYDR/Images/29_2.jpg,HYDR,1,HYDR:29
HYDR/Images/2_0.jpg,HYDR,1,HYDR:2
HYDR/Images/2_1.jpg,HYDR,1,HYDR:2
HYDR/Images/30_0.jpg,HYDR,1,HYDR:30
HYDR/Images/31_0.jpg,HYDR,1,HYDR:31
HYDR/Images/31_1.jpg,HYDR,1,HYDR:31
HYDR/Images/31_2.jpg,HYDR,1,HYDR:31
HYDR/Images/31_3.jpg,HYDR,1,HYDR:31
HYDR/Images/31_4.jpg,HYDR,1,HYDR:31
HYDR/Images/31_5.jpg,HYDR,1,HYDR:31
HYDR/Images/31_6.jpg,HYDR,1,HYDR:31
HYDR/Images/32_0.jpg,HYDR,1,HYDR:32
HYDR/Images/32_1.jpg,HYDR,1,HYDR:32
HYDR/Images/32_2.jpg,HYDR,1,HYDR:32
HYDR/Images/33_0.jpg,HYDR,1,HYDR:33
HYDR/Images/33_1.jpg,HYDR,1,HYDR:33
HYDR/Images/34_0.jpg,HYDR,1,HYDR:34
HYDR/Images/34_1.jpg,HYDR,1,HYDR:34
HYDR/Images/34_2.jpg,HYDR,1,HYDR:34
HYDR/Images/34_3.jpg,HYDR,1,HYDR:34
HYDR/Images/35_0.jpg,HYDR,1,HYDR:35
HYDR/Images/35_1.jpg,HYDR,1,HYDR:35
HYDR/Images/36_0.jpg,HYDR,1,HYDR:36
HYDR/Images/36_1.jpg,HYDR,1,HYDR:36
HYDR/Images/36_10.jpg,HYDR,1,HYDR:36
HYDR/Images/36_11.jpg,HYDR,1,HYDR:36
HYDR/Images/36_2.jpg,HYDR,1,HYDR:36
HYDR/Images/36_3.jpg,HYDR,1,HYDR:36
HYDR/Images/36_4.jpg,HYDR,1,HYDR:36
HYDR/Images/36_5.jpg,HYDR,1,HYDR:36
HYDR/Images/36_6.jpg,HYDR,1,HYDR:36
HYDR/Images/36_7.jpg,HYDR,1,HYDR:36
HYDR/Images/36_8.jpg,HYDR,1,HYDR:36
HYDR/Images/36_9.jpg,HYDR,1,HYDR:36
HYDR/Images/37_0.jpg,HYDR,1,HYDR:37
HYDR/Images/38_0.jpg,HYDR,1,HYDR:38
HYDR/Images/39_0.jpg,HYDR,1,HYDR:39
HYDR/Images/39_1.jpg,HYDR,1,HYDR:39
HYDR/Images/39_2.jpg,HYDR,1,HYDR:39
HYDR/Images/39_3.jpg,HYDR,1,HYDR:39
HYDR/Images/3_0.jpg,HYDR,1,HYDR:3
HYDR/Images/3_1.jpg,HYDR,1,HYDR:3
HYDR/Images/40_0.jpg,HYDR,1,HYDR:40
HYDR/Images/40_1.jpg,HYDR,1,HYDR:40
HYDR/Images/41_0.jpg,HYDR,1,HYDR:41
HYDR/Images/42_0.jpg,HYDR,1,HYDR:42
HYDR/Images/42_1.jpg,HYDR,1,HYDR:42
HYDR/Images/42_2.jpg,HYDR,1,HYDR:42
HYDR/Images/42_3.jpg,HYDR,1,HYDR:42
HYDR/Images/43_0.jpg,HYDR,1,HYDR:43
HYDR/Images/43_1.jpg,HYDR,1,HYDR:43
HYDR/Images/43_2.jpg,HYDR,1,HYDR:43
HYDR/Images/43_3.jpg,HYDR,1,HYDR:43
HYDR/Images/44_0.jpg,HYDR,1,HYDR:44
HYDR/Images/44_1.jpg,HYDR,1,HYDR:44
HYDR/Images/44_2.jpg,HYDR,1,HYDR:44
HYDR/Images/44_3.jpg,HYDR,1,HYDR:44
HYDR/Images/44_4.jpg,HYDR,1,HYDR:44
HYDR/Images/44_5.jpg,HYDR,1,HYDR:44
HYDR/Images/44_6.jpg,HYDR,1,HYDR:44
HYDR/Images/45_0.jpg,HYDR,1,HYDR:45
HYDR/Images/46_0.jpg,HYDR,1,HYDR:46
HYDR/Images/46_1.jpg,HYDR,1,HYDR:46
HYDR/Images/47_0.jpg,HYDR,1,HYDR:47
HYDR/Images/47_1.jpg,HYDR,1,HYDR:47
HYDR/Images/47_2.jpg,HYDR,1,HYDR:47
HYDR/Images/47_3.jpg,HYDR,1,HYDR:47
HYDR/Images/47_4.jpg,HYDR,1,HYDR:47
HYDR/Images/47_5.jpg,HYDR,1,HYDR:47
HYDR/Images/47_6.jpg,HYDR,1,HYDR:47
HYDR/Images/47_7.jpg,HYDR,1,HYDR:47
HYDR/Images/48_0.jpg,HYDR,1,HYDR:48
HYDR/Images/49_0.jpg,HYDR,1,HYDR:49
HYDR/Images/49_1.jpg,HYDR,1,HYDR:49
HYDR/Images/4_0.jpg,HYDR,1,HYDR:4
HYDR/Images/50_0.jpg,HYDR,1,HYDR:50
HYDR/Images/50_1.jpg,HYDR,1,HYDR:50
HYDR/Images/50_2.jpg,HYDR,1,HYDR:50
HYDR/Images/51_0.jpg,HYDR,1,HYDR:51
HYDR/Images/52_0.jpg,HYDR,1,HYDR:52
HYDR/Images/52_1.jpg,HYDR,1,HYDR:52
HYDR/Images/53_0.jpg,HYDR,1,HYDR:53
HYDR/Images/53_1.jpg,HYDR,1,HYDR:53
HYDR/Images/53_2.jpg,HYDR,1,HYDR:53
HYDR/Images/53_3.jpg,HYDR,1,HYDR:53
HYDR/Images/53_4.jpg,HYDR,1,HYDR:53
HYDR/Images/54_0.jpg,HYDR,1,HYDR:54
HYDR/Images/54_1.jpg,HYDR,1,HYDR:54
HYDR/Images/54_2.jpg,HYDR,1,HYDR:54
HYDR/Images/54_3.jpg,HYDR,1,HYDR:54
HYDR/Images/55_0.jpg,HYDR,1,HYDR:55
HYDR/Images/55_1.jpg,HYDR,1,HYDR:55
HYDR/Images/55_2.jpg,HYDR,1,HYDR:55
HYDR/Images/55_3.jpg,HYDR,1,HYDR:55
HYDR/Images/55_4.jpg,HYDR,1,HYDR:55
HYDR/Images/56_0.jpg,HYDR,1,HYDR:56
HYDR/Images/56_1.jpg,HYDR,1,HYDR:56
HYDR/Images/56_2.jpg,HYDR,1,HYDR:56
HYDR/Images/56_3.jpg,HYDR,1,HYDR:56
HYDR/Images/57_0.jpg,HYDR,1,HYDR:57
HYDR/Images/57_1.jpg,HYDR,1,HYDR:57
HYDR/Images/57_2.jpg,HYDR,1,HYDR:57
HYDR/Images/58_0.jpg,HYDR,1,HYDR:58
HYDR/Images/58_1.jpg,HYDR,1,HYDR:58
HYDR/Images/58_2.jpg,HYDR,1,HYDR:58
HYDR/Images/59_0.jpg,HYDR,1,HYDR:59
HYDR/Images/59_1.jpg,HYDR,1,HYDR:59
HYDR/Images/5_0.jpg,HYDR,1,HYDR:5
HYDR/Images/5_1.jpg,HYDR,1,HYDR:5
HYDR/Images/60_0.jpg,HYDR,1,HYDR:60
HYDR/Images/61_0.jpg,HYDR,1,HYDR:61
HYDR/Images/61_1.jpg,HYDR,1,HYDR:61
HYDR/Images/61_2.jpg,HYDR,1,HYDR:61
HYDR/Images/61_3.jpg,HYDR,1,HYDR:61
HYDR/Images/61_4.jpg,HYDR,1,HYDR:61
HYDR/Images/62_0.jpg,HYDR,1,HYDR:62
HYDR/Images/62_1.jpg,HYDR,1,HYDR:62
HYDR/Images/62_2.jpg,HYDR,1,HYDR:62
HYDR/Images/62_3.jpg,HYDR,1,HYDR:62
HYDR/Images/62_4.jpg,HYDR,1,HYDR:62
HYDR/Images/62_5.jpg,HYDR,1,HYDR:62
HYDR/Images/63_0.jpg,HYDR,1,HYDR:63
HYDR/Images/63_1.jpg,HYDR,1,HYDR:63
HYDR/Images/63_2.jpg,HYDR,1,HYDR:63
HYDR/Images/63_3.jpg,HYDR,1,HYDR:63
HYDR/Images/63_4.jpg,HYDR,1,HYDR:63
HYDR/Images/63_5.jpg,HYDR,1,HYDR:63
HYDR/Images/63_6.jpg,HYDR,1,HYDR:63
HYDR/Images/64_0.jpg,HYDR,1,HYDR:64
HYDR/Images/64_1.jpg,HYDR,1,HYDR:64
HYDR/Images/64_2.jpg,HYDR,1,HYDR:64
HYDR/Images/64_3.jpg,HYDR,1,HYDR:64
HYDR/Images/64_4.jpg,HYDR,1,HYDR:64
HYDR/Images/65_0.jpg,HYDR,1,HYDR:65
HYDR/Images/65_1.jpg,HYDR,1,HYDR:65
HYDR/Images/65_2.jpg,HYDR,1,HYDR:65
HYDR/Images/65_3.jpg,HYDR,1,HYDR:65
HYDR/Images/65_4.jpg,HYDR,1,HYDR:65
HYDR/Images/65_5.jpg,HYDR,1,HYDR:65
HYDR/Images/65_6.jpg,HYDR,1,HYDR:65
HYDR/Images/65_7.jpg,HYDR,1,HYDR:65
HYDR/Images/66_0.jpg,HYDR,1,HYDR:66
HYDR/Images/66_1.jpg,HYDR,1,HYDR:66
HYDR/Images/66_2.jpg,HYDR,1,HYDR:66
HYDR/Images/66_3.jpg,HYDR,1,HYDR:66
HYDR/Images/66_4.jpg,HYDR,1,HYDR:66
HYDR/Images/66_5.jpg,HYDR,1,HYDR:66
HYDR/Images/67_0.jpg,HYDR,1,HYDR:67
HYDR/Images/68_0.jpg,HYDR,1,HYDR:68
HYDR/Images/68_1.jpg,HYDR,1,HYDR:68
HYDR/Images/69_0.jpg,HYDR,1,HYDR:69
HYDR/Images/69_1.jpg,HYDR,1,HYDR:69
HYDR/Images/6_0.jpg,HYDR,1,HYDR:6
HYDR/Images/6_1.jpg,HYDR,1,HYDR:6
HYDR/Images/70_0.jpg,HYDR,1,HYDR:70
HYDR/Images/70_1.jpg,HYDR,1,HYDR:70
HYDR/Images/70_2.jpg,HYDR,1,HYDR:70
HYDR/Images/71_0.jpg,HYDR,1,HYDR:71
HYDR/Images/71_1.jpg,HYDR,1,HYDR:71
HYDR/Images/72_0.jpg,HYDR,1,HYDR:72
HYDR/Images/72_1.jpg,HYDR,1,HYDR:72
HYDR/Images/72_2.jpg,HYDR,1,HYDR:72
HYDR/Images/72_3.jpg,HYDR,1,HYDR:72
HYDR/Images/73_0.jpg,HYDR,1,HYDR:73
HYDR/Images/73_1.jpg,HYDR,1,HYDR:73
HYDR/Images/73_2.jpg,HYDR,1,HYDR:73
HYDR/Images/73_3.jpg,HYDR,1,HYDR:73
HYDR/Images/74_0.jpg,HYDR,1,HYDR:74
HYDR/Images/74_1.jpg,HYDR,1,HYDR:74
HYDR/Images/75_0.jpg,HYDR,1,HYDR:75
HYDR/Images/75_1.jpg,HYDR,1,HYDR:75
HYDR/Images/75_2.jpg,HYDR,1,HYDR:75
HYDR/Images/76_0.jpg,HYDR,1,HYDR:76
HYDR/Images/76_1.jpg,HYDR,1,HYDR:76
HYDR/Images/77_0.jpg,HYDR,1,HYDR:77
HYDR/Images/77_1.jpg,HYDR,1,HYDR:77
HYDR/Images/77_2.jpg,HYDR,1,HYDR:77
HYDR/Images/77_3.jpg,HYDR,1,HYDR:77
HYDR/Images/78_0.jpg,HYDR,1,HYDR:78
HYDR/Images/78_1.jpg,HYDR,1,HYDR:78
HYDR/Images/79_0.jpg,HYDR,1,HYDR:79
HYDR/Images/79_1.jpg,HYDR,1,HYDR:79
HYDR/Images/7_0.jpg,HYDR,1,HYDR:7
HYDR/Images/80_0.jpg,HYDR,1,HYDR:80
HYDR/Images/80_1.jpg,HYDR,1,HYDR:80
HYDR/Images/80_2.jpg,HYDR,1,HYDR:80
HYDR/Images/81_0.jpg,HYDR,1,HYDR:81
HYDR/Images/81_1.jpg,HYDR,1,HYDR:81
HYDR/Images/81_2.jpg,HYDR,1,HYDR:81
HYDR/Images/82_0.jpg,HYDR,1,HYDR:82
HYDR/Images/82_1.jpg,HYDR,1,HYDR:82
HYDR/Images/83_0.jpg,HYDR,1,HYDR:83
HYDR/Images/83_1.jpg,HYDR,1,HYDR:83
HYDR/Images/84_0.jpg,HYDR,1,HYDR:84
HYDR/Images/84_1.jpg,HYDR,1,HYDR:84
HYDR/Images/85_0.jpg,HYDR,1,HYDR:85
HYDR/Images/86_0.jpg,HYDR,1,HYDR:86
HYDR/Images/86_1.jpg,HYDR,1,HYDR:86
HYDR/Images/87_0.jpg,HYDR,1,HYDR:87
HYDR/Images/87_1.jpg,HYDR,1,HYDR:87
HYDR/Images/87_2.jpg,HYDR,1,HYDR:87
HYDR/Images/87_3.jpg,HYDR,1,HYDR:87
HYDR/Images/87_4.jpg,HYDR,1,HYDR:87
HYDR/Images/87_5.jpg,HYDR,1,HYDR:87
HYDR/Images/87_6.jpg,HYDR,1,HYDR:87
HYDR/Images/88_0.jpg,HYDR,1,HYDR:88
HYDR/Images/89_0.jpg,HYDR,1,HYDR:89
HYDR/Images/8_0.jpg,HYDR,1,HYDR:8
HYDR/Images/8_1.jpg,HYDR,1,HYDR:8
HYDR/Images/8_2.jpg,HYDR,1,HYDR:8
HYDR/Images/8_3.jpg,HYDR,1,HYDR:8
HYDR/Images/90_0.jpg,HYDR,1,HYDR:90
HYDR/Images/91_0.jpg,HYDR,1,HYDR:91
HYDR/Images/91_1.jpg,HYDR,1,HYDR:91
HYDR/Images/91_2.jpg,HYDR,1,HYDR:91
HYDR/Images/91_3.jpg,HYDR,1,HYDR:91
HYDR/Images/91_4.jpg,HYDR,1,HYDR:91
HYDR/Images/91_5.jpg,HYDR,1,HYDR:91
HYDR/Images/91_6.jpg,HYDR,1,HYDR:91
HYDR/Images/91_7.jpg,HYDR,1,HYDR:91
HYDR/Images/92_0.jpg,HYDR,1,HYDR:92
HYDR/Images/92_1.jpg,HYDR,1,HYDR:92
HYDR/Images/93_0.jpg,HYDR,1,HYDR:93
HYDR/Images/93_1.jpg,HYDR,1,HYDR:93
HYDR/Images/94_0.jpg,HYDR,1,HYDR:94
HYDR/Images/94_1.jpg,HYDR,1,HYDR:94
HYDR/Images/94_2.jpg,HYDR,1,HYDR:94
HYDR/Images/94_3.jpg,HYDR,1,HYDR:94
HYDR/Images/95_0.jpg,HYDR,1,HYDR:95
HYDR/Images/95_1.jpg,HYDR,1,HYDR:95
HYDR/Images/96_0.jpg,HYDR,1,HYDR:96
HYDR/Images/96_1.jpg,HYDR,1,HYDR:96
HYDR/Images/96_2.jpg,HYDR,1,HYDR:96
HYDR/Images/97_0.jpg,HYDR,1,HYDR:97
HYDR/Images/98_0.jpg,HYDR,1,HYDR:98
HYDR/Images/99_0.jpg,HYDR,1,HYDR:99
HYDR/Images/99_1.jpg,HYDR,1,HYDR:99
HYDR/Images/99_2.jpg,HYDR,1,HYDR:99
HYDR/Images/99_3.jpg,HYDR,1,HYDR:99
HYDR/Images/99_4.jpg,HYDR,1,HYDR:99
HYDR/Images/99_5.jpg,HYDR,1,HYDR:99
HYDR/Images/9_0.jpg,HYDR,1,HYDR:9
HYDR/Images/9_1.jpg,HYDR,1,HYDR:9
PAPILA/PapilaDB-PAPILA-9c67b80983805f0f886b068af800ef2b507e7dc0/FundusImages/RET004OD.jpg,PAPILA,1,PAPILA:RET004
PAPILA/PapilaDB-PAPILA-9c67b80983805f0f886b068af800ef2b507e7dc0/FundusImages/RET004OS.jpg,PAPILA,1,PAPILA:RET004
PAPILA/PapilaDB-PAPILA-9c67b80983805f0f886b068af800ef2b507e7dc0/FundusImages/RET005OD.jpg,PAPILA,1,PAPILA:RET005
PAPILA/PapilaDB-PAPILA-9c67b80983805f0f886b068af800ef2b507e7dc0/FundusImages/RET005OS.jpg,PAPILA,1,PAPILA:RET005
PAPILA/PapilaDB-PAPILA-9c67b80983805f0f886b068af800ef2b507e7dc0/FundusImages/RET010OD.jpg,PAPILA,1,PAPILA:RET010
PAPILA/PapilaDB-PAPILA-9c67b80983805f0f886b068af800ef2b507e7dc0/FundusImages/RET010OS.jpg,PAPILA,1,PAPILA:RET010
PAPILA/PapilaDB-PAPILA-9c67b80983805f0f886b068af800ef2b507e7dc0/FundusImages/RET013OD.jpg,PAPILA,1,PAPILA:RET013
PAPILA/PapilaDB-PAPILA-9c67b80983805f0f886b068af800ef2b507e7dc0/FundusImages/RET013OS.jpg,PAPILA,1,PAPILA:RET013
PAPILA/PapilaDB-PAPILA-9c67b80983805f0f886b068af800ef2b507e7dc0/FundusImages/RET014OD.jpg,PAPILA,1,PAPILA:RET014
PAPILA/PapilaDB-PAPILA-9c67b80983805f0f886b068af800ef2b507e7dc0/FundusImages/RET014OS.jpg,PAPILA,1,PAPILA:RET014
PAPILA/PapilaDB-PAPILA-9c67b80983805f0f886b068af800ef2b507e7dc0/FundusImages/RET015OD.jpg,PAPILA,1,PAPILA:RET015
PAPILA/PapilaDB-PAPILA-9c67b80983805f0f886b068af800ef2b507e7dc0/FundusImages/RET015OS.jpg,PAPILA,1,PAPILA:RET015
PAPILA/PapilaDB-PAPILA-9c67b80983805f0f886b068af800ef2b507e7dc0/FundusImages/RET016OD.jpg,PAPILA,1,PAPILA:RET016
PAPILA/PapilaDB-PAPILA-9c67b80983805f0f886b068af800ef2b507e7dc0/FundusImages/RET016OS.jpg,PAPILA,1,PAPILA:RET016
PAPILA/PapilaDB-PAPILA-9c67b80983805f0f886b068af800ef2b507e7dc0/FundusImages/RET019OD.jpg,PAPILA,1,PAPILA:RET019
PAPILA/PapilaDB-PAPILA-9c67b80983805f0f886b068af800ef2b507e7dc0/FundusImages/RET019OS.jpg,PAPILA,1,PAPILA:RET019
PAPILA/PapilaDB-PAPILA-9c67b80983805f0f886b068af800ef2b507e7dc0/FundusImages/RET020OD.jpg,PAPILA,1,PAPILA:RET020
PAPILA/PapilaDB-PAPILA-9c67b80983805f0f886b068af800ef2b507e7dc0/FundusImages/RET020OS.jpg,PAPILA,1,PAPILA:RET020
PAPILA/PapilaDB-PAPILA-9c67b80983805f0f886b068af800ef2b507e7dc0/FundusImages/RET021OD.jpg,PAPILA,1,PAPILA:RET021
PAPILA/PapilaDB-PAPILA-9c67b80983805f0f886b068af800ef2b507e7dc0/FundusImages/RET021OS.jpg,PAPILA,1,PAPILA:RET021
PAPILA/PapilaDB-PAPILA-9c67b80983805f0f886b068af800ef2b507e7dc0/FundusImages/RET023OD.jpg,PAPILA,1,PAPILA:RET023
PAPILA/PapilaDB-PAPILA-9c67b80983805f0f886b068af800ef2b507e7dc0/FundusImages/RET023OS.jpg,PAPILA,1,PAPILA:RET023
PAPILA/PapilaDB-PAPILA-9c67b80983805f0f886b068af800ef2b507e7dc0/FundusImages/RET025OD.jpg,PAPILA,1,PAPILA:RET025
PAPILA/PapilaDB-PAPILA-9c67b80983805f0f886b068af800ef2b507e7dc0/FundusImages/RET025OS.jpg,PAPILA,1,PAPILA:RET025
PAPILA/PapilaDB-PAPILA-9c67b80983805f0f886b068af800ef2b507e7dc0/FundusImages/RET026OD.jpg,PAPILA,1,PAPILA:RET026
PAPILA/PapilaDB-PAPILA-9c67b80983805f0f886b068af800ef2b507e7dc0/FundusImages/RET026OS.jpg,PAPILA,1,PAPILA:RET026
PAPILA/PapilaDB-PAPILA-9c67b80983805f0f886b068af800ef2b507e7dc0/FundusImages/RET027OD.jpg,PAPILA,0,PAPILA:RET027
PAPILA/PapilaDB-PAPILA-9c67b80983805f0f886b068af800ef2b507e7dc0/FundusImages/RET027OS.jpg,PAPILA,1,PAPILA:RET027
PAPILA/PapilaDB-PAPILA-9c67b80983805f0f886b068af800ef2b507e7dc0/FundusImages/RET028OD.jpg,PAPILA,0,PAPILA:RET028
PAPILA/PapilaDB-PAPILA-9c67b80983805f0f886b068af800ef2b507e7dc0/FundusImages/RET028OS.jpg,PAPILA,0,PAPILA:RET028
PAPILA/PapilaDB-PAPILA-9c67b80983805f0f886b068af800ef2b507e7dc0/FundusImages/RET029OD.jpg,PAPILA,0,PAPILA:RET029
PAPILA/PapilaDB-PAPILA-9c67b80983805f0f886b068af800ef2b507e7dc0/FundusImages/RET029OS.jpg,PAPILA,0,PAPILA:RET029
PAPILA/PapilaDB-PAPILA-9c67b80983805f0f886b068af800ef2b507e7dc0/FundusImages/RET030OD.jpg,PAPILA,0,PAPILA:RET030
PAPILA/PapilaDB-PAPILA-9c67b80983805f0f886b068af800ef2b507e7dc0/FundusImages/RET030OS.jpg,PAPILA,0,PAPILA:RET030
PAPILA/PapilaDB-PAPILA-9c67b80983805f0f886b068af800ef2b507e7dc0/FundusImages/RET031OD.jpg,PAPILA,0,PAPILA:RET031
PAPILA/PapilaDB-PAPILA-9c67b80983805f0f886b068af800ef2b507e7dc0/FundusImages/RET031OS.jpg,PAPILA,0,PAPILA:RET031
PAPILA/PapilaDB-PAPILA-9c67b80983805f0f886b068af800ef2b507e7dc0/FundusImages/RET032OD.jpg,PAPILA,0,PAPILA:RET032
PAPILA/PapilaDB-PAPILA-9c67b80983805f0f886b068af800ef2b507e7dc0/FundusImages/RET032OS.jpg,PAPILA,0,PAPILA:RET032
PAPILA/PapilaDB-PAPILA-9c67b80983805f0f886b068af800ef2b507e7dc0/FundusImages/RET033OD.jpg,PAPILA,0,PAPILA:RET033
PAPILA/PapilaDB-PAPILA-9c67b80983805f0f886b068af800ef2b507e7dc0/FundusImages/RET033OS.jpg,PAPILA,0,PAPILA:RET033
PAPILA/PapilaDB-PAPILA-9c67b80983805f0f886b068af800ef2b507e7dc0/FundusImages/RET034OD.jpg,PAPILA,0,PAPILA:RET034
PAPILA/PapilaDB-PAPILA-9c67b80983805f0f886b068af800ef2b507e7dc0/FundusImages/RET034OS.jpg,PAPILA,0,PAPILA:RET034
PAPILA/PapilaDB-PAPILA-9c67b80983805f0f886b068af800ef2b507e7dc0/FundusImages/RET035OD.jpg,PAPILA,0,PAPILA:RET035
PAPILA/PapilaDB-PAPILA-9c67b80983805f0f886b068af800ef2b507e7dc0/FundusImages/RET035OS.jpg,PAPILA,0,PAPILA:RET035
PAPILA/PapilaDB-PAPILA-9c67b80983805f0f886b068af800ef2b507e7dc0/FundusImages/RET036OD.jpg,PAPILA,0,PAPILA:RET036
PAPILA/PapilaDB-PAPILA-9c67b80983805f0f886b068af800ef2b507e7dc0/FundusImages/RET036OS.jpg,PAPILA,0,PAPILA:RET036
PAPILA/PapilaDB-PAPILA-9c67b80983805f0f886b068af800ef2b507e7dc0/FundusImages/RET037OD.jpg,PAPILA,0,PAPILA:RET037
PAPILA/PapilaDB-PAPILA-9c67b80983805f0f886b068af800ef2b507e7dc0/FundusImages/RET037OS.jpg,PAPILA,0,PAPILA:RET037
PAPILA/PapilaDB-PAPILA-9c67b80983805f0f886b068af800ef2b507e7dc0/FundusImages/RET038OD.jpg,PAPILA,0,PAPILA:RET038
PAPILA/PapilaDB-PAPILA-9c67b80983805f0f886b068af800ef2b507e7dc0/FundusImages/RET038OS.jpg,PAPILA,0,PAPILA:RET038
PAPILA/PapilaDB-PAPILA-9c67b80983805f0f886b068af800ef2b507e7dc0/FundusImages/RET039OD.jpg,PAPILA,0,PAPILA:RET039
PAPILA/PapilaDB-PAPILA-9c67b80983805f0f886b068af800ef2b507e7dc0/FundusImages/RET039OS.jpg,PAPILA,0,PAPILA:RET039
PAPILA/PapilaDB-PAPILA-9c67b80983805f0f886b068af800ef2b507e7dc0/FundusImages/RET042OD.jpg,PAPILA,1,PAPILA:RET042
PAPILA/PapilaDB-PAPILA-9c67b80983805f0f886b068af800ef2b507e7dc0/FundusImages/RET042OS.jpg,PAPILA,1,PAPILA:RET042
PAPILA/PapilaDB-PAPILA-9c67b80983805f0f886b068af800ef2b507e7dc0/FundusImages/RET044OD.jpg,PAPILA,1,PAPILA:RET044
PAPILA/PapilaDB-PAPILA-9c67b80983805f0f886b068af800ef2b507e7dc0/FundusImages/RET044OS.jpg,PAPILA,1,PAPILA:RET044
PAPILA/PapilaDB-PAPILA-9c67b80983805f0f886b068af800ef2b507e7dc0/FundusImages/RET045OD.jpg,PAPILA,0,PAPILA:RET045
PAPILA/PapilaDB-PAPILA-9c67b80983805f0f886b068af800ef2b507e7dc0/FundusImages/RET045OS.jpg,PAPILA,1,PAPILA:RET045
PAPILA/PapilaDB-PAPILA-9c67b80983805f0f886b068af800ef2b507e7dc0/FundusImages/RET047OD.jpg,PAPILA,1,PAPILA:RET047
PAPILA/PapilaDB-PAPILA-9c67b80983805f0f886b068af800ef2b507e7dc0/FundusImages/RET047OS.jpg,PAPILA,1,PAPILA:RET047
PAPILA/PapilaDB-PAPILA-9c67b80983805f0f886b068af800ef2b507e7dc0/FundusImages/RET048OD.jpg,PAPILA,1,PAPILA:RET048
PAPILA/PapilaDB-PAPILA-9c67b80983805f0f886b068af800ef2b507e7dc0/FundusImages/RET048OS.jpg,PAPILA,1,PAPILA:RET048
PAPILA/PapilaDB-PAPILA-9c67b80983805f0f886b068af800ef2b507e7dc0/FundusImages/RET050OD.jpg,PAPILA,1,PAPILA:RET050
PAPILA/PapilaDB-PAPILA-9c67b80983805f0f886b068af800ef2b507e7dc0/FundusImages/RET050OS.jpg,PAPILA,1,PAPILA:RET050
PAPILA/PapilaDB-PAPILA-9c67b80983805f0f886b068af800ef2b507e7dc0/FundusImages/RET051OD.jpg,PAPILA,1,PAPILA:RET051
PAPILA/PapilaDB-PAPILA-9c67b80983805f0f886b068af800ef2b507e7dc0/FundusImages/RET051OS.jpg,PAPILA,1,PAPILA:RET051
PAPILA/PapilaDB-PAPILA-9c67b80983805f0f886b068af800ef2b507e7dc0/FundusImages/RET055OD.jpg,PAPILA,1,PAPILA:RET055
PAPILA/PapilaDB-PAPILA-9c67b80983805f0f886b068af800ef2b507e7dc0/FundusImages/RET055OS.jpg,PAPILA,1,PAPILA:RET055
PAPILA/PapilaDB-PAPILA-9c67b80983805f0f886b068af800ef2b507e7dc0/FundusImages/RET056OD.jpg,PAPILA,1,PAPILA:RET056
PAPILA/PapilaDB-PAPILA-9c67b80983805f0f886b068af800ef2b507e7dc0/FundusImages/RET056OS.jpg,PAPILA,1,PAPILA:RET056
PAPILA/PapilaDB-PAPILA-9c67b80983805f0f886b068af800ef2b507e7dc0/FundusImages/RET057OD.jpg,PAPILA,1,PAPILA:RET057
PAPILA/PapilaDB-PAPILA-9c67b80983805f0f886b068af800ef2b507e7dc0/FundusImages/RET057OS.jpg,PAPILA,1,PAPILA:RET057
PAPILA/PapilaDB-PAPILA-9c67b80983805f0f886b068af800ef2b507e7dc0/FundusImages/RET062OD.jpg,PAPILA,1,PAPILA:RET062
PAPILA/PapilaDB-PAPILA-9c67b80983805f0f886b068af800ef2b507e7dc0/FundusImages/RET062OS.jpg,PAPILA,1,PAPILA:RET062
PAPILA/PapilaDB-PAPILA-9c67b80983805f0f886b068af800ef2b507e7dc0/FundusImages/RET064OD.jpg,PAPILA,1,PAPILA:RET064
PAPILA/PapilaDB-PAPILA-9c67b80983805f0f886b068af800ef2b507e7dc0/FundusImages/RET064OS.jpg,PAPILA,1,PAPILA:RET064
PAPILA/PapilaDB-PAPILA-9c67b80983805f0f886b068af800ef2b507e7dc0/FundusImages/RET065OD.jpg,PAPILA,1,PAPILA:RET065
PAPILA/PapilaDB-PAPILA-9c67b80983805f0f886b068af800ef2b507e7dc0/FundusImages/RET065OS.jpg,PAPILA,1,PAPILA:RET065
PAPILA/PapilaDB-PAPILA-9c67b80983805f0f886b068af800ef2b507e7dc0/FundusImages/RET068OD.jpg,PAPILA,1,PAPILA:RET068
PAPILA/PapilaDB-PAPILA-9c67b80983805f0f886b068af800ef2b507e7dc0/FundusImages/RET068OS.jpg,PAPILA,1,PAPILA:RET068
PAPILA/PapilaDB-PAPILA-9c67b80983805f0f886b068af800ef2b507e7dc0/FundusImages/RET069OD.jpg,PAPILA,1,PAPILA:RET069
PAPILA/PapilaDB-PAPILA-9c67b80983805f0f886b068af800ef2b507e7dc0/FundusImages/RET069OS.jpg,PAPILA,1,PAPILA:RET069
PAPILA/PapilaDB-PAPILA-9c67b80983805f0f886b068af800ef2b507e7dc0/FundusImages/RET074OD.jpg,PAPILA,1,PAPILA:RET074
PAPILA/PapilaDB-PAPILA-9c67b80983805f0f886b068af800ef2b507e7dc0/FundusImages/RET074OS.jpg,PAPILA,1,PAPILA:RET074
PAPILA/PapilaDB-PAPILA-9c67b80983805f0f886b068af800ef2b507e7dc0/FundusImages/RET077OD.jpg,PAPILA,1,PAPILA:RET077
PAPILA/PapilaDB-PAPILA-9c67b80983805f0f886b068af800ef2b507e7dc0/FundusImages/RET077OS.jpg,PAPILA,1,PAPILA:RET077
PAPILA/PapilaDB-PAPILA-9c67b80983805f0f886b068af800ef2b507e7dc0/FundusImages/RET081OD.jpg,PAPILA,1,PAPILA:RET081
PAPILA/PapilaDB-PAPILA-9c67b80983805f0f886b068af800ef2b507e7dc0/FundusImages/RET081OS.jpg,PAPILA,1,PAPILA:RET081
PAPILA/PapilaDB-PAPILA-9c67b80983805f0f886b068af800ef2b507e7dc0/FundusImages/RET084OD.jpg,PAPILA,1,PAPILA:RET084
PAPILA/PapilaDB-PAPILA-9c67b80983805f0f886b068af800ef2b507e7dc0/FundusImages/RET084OS.jpg,PAPILA,1,PAPILA:RET084
PAPILA/PapilaDB-PAPILA-9c67b80983805f0f886b068af800ef2b507e7dc0/FundusImages/RET087OD.jpg,PAPILA,1,PAPILA:RET087
PAPILA/PapilaDB-PAPILA-9c67b80983805f0f886b068af800ef2b507e7dc0/FundusImages/RET087OS.jpg,PAPILA,1,PAPILA:RET087
PAPILA/PapilaDB-PAPILA-9c67b80983805f0f886b068af800ef2b507e7dc0/FundusImages/RET088OD.jpg,PAPILA,1,PAPILA:RET088
PAPILA/PapilaDB-PAPILA-9c67b80983805f0f886b068af800ef2b507e7dc0/FundusImages/RET088OS.jpg,PAPILA,1,PAPILA:RET088
PAPILA/PapilaDB-PAPILA-9c67b80983805f0f886b068af800ef2b507e7dc0/FundusImages/RET090OD.jpg,PAPILA,1,PAPILA:RET090
PAPILA/PapilaDB-PAPILA-9c67b80983805f0f886b068af800ef2b507e7dc0/FundusImages/RET090OS.jpg,PAPILA,1,PAPILA:RET090
PAPILA/PapilaDB-PAPILA-9c67b80983805f0f886b068af800ef2b507e7dc0/FundusImages/RET096OD.jpg,PAPILA,0,PAPILA:RET096
PAPILA/PapilaDB-PAPILA-9c67b80983805f0f886b068af800ef2b507e7dc0/FundusImages/RET096OS.jpg,PAPILA,1,PAPILA:RET096
PAPILA/PapilaDB-PAPILA-9c67b80983805f0f886b068af800ef2b507e7dc0/FundusImages/RET098OD.jpg,PAPILA,0,PAPILA:RET098
PAPILA/PapilaDB-PAPILA-9c67b80983805f0f886b068af800ef2b507e7dc0/FundusImages/RET098OS.jpg,PAPILA,1,PAPILA:RET098
PAPILA/PapilaDB-PAPILA-9c67b80983805f0f886b068af800ef2b507e7dc0/FundusImages/RET105OD.jpg,PAPILA,1,PAPILA:RET105
PAPILA/PapilaDB-PAPILA-9c67b80983805f0f886b068af800ef2b507e7dc0/FundusImages/RET105OS.jpg,PAPILA,1,PAPILA:RET105
PAPILA/PapilaDB-PAPILA-9c67b80983805f0f886b068af800ef2b507e7dc0/FundusImages/RET107OD.jpg,PAPILA,0,PAPILA:RET107
PAPILA/PapilaDB-PAPILA-9c67b80983805f0f886b068af800ef2b507e7dc0/FundusImages/RET107OS.jpg,PAPILA,1,PAPILA:RET107
PAPILA/PapilaDB-PAPILA-9c67b80983805f0f886b068af800ef2b507e7dc0/FundusImages/RET108OD.jpg,PAPILA,0,PAPILA:RET108
PAPILA/PapilaDB-PAPILA-9c67b80983805f0f886b068af800ef2b507e7dc0/FundusImages/RET108OS.jpg,PAPILA,0,PAPILA:RET108
PAPILA/PapilaDB-PAPILA-9c67b80983805f0f886b068af800ef2b507e7dc0/FundusImages/RET116OD.jpg,PAPILA,0,PAPILA:RET116
PAPILA/PapilaDB-PAPILA-9c67b80983805f0f886b068af800ef2b507e7dc0/FundusImages/RET116OS.jpg,PAPILA,1,PAPILA:RET116
PAPILA/PapilaDB-PAPILA-9c67b80983805f0f886b068af800ef2b507e7dc0/FundusImages/RET119OD.jpg,PAPILA,1,PAPILA:RET119
PAPILA/PapilaDB-PAPILA-9c67b80983805f0f886b068af800ef2b507e7dc0/FundusImages/RET119OS.jpg,PAPILA,1,PAPILA:RET119
PAPILA/PapilaDB-PAPILA-9c67b80983805f0f886b068af800ef2b507e7dc0/FundusImages/RET123OD.jpg,PAPILA,0,PAPILA:RET123
PAPILA/PapilaDB-PAPILA-9c67b80983805f0f886b068af800ef2b507e7dc0/FundusImages/RET123OS.jpg,PAPILA,1,PAPILA:RET123
PAPILA/PapilaDB-PAPILA-9c67b80983805f0f886b068af800ef2b507e7dc0/FundusImages/RET124OD.jpg,PAPILA,1,PAPILA:RET124
PAPILA/PapilaDB-PAPILA-9c67b80983805f0f886b068af800ef2b507e7dc0/FundusImages/RET124OS.jpg,PAPILA,1,PAPILA:RET124
PAPILA/PapilaDB-PAPILA-9c67b80983805f0f886b068af800ef2b507e7dc0/FundusImages/RET125OD.jpg,PAPILA,0,PAPILA:RET125
PAPILA/PapilaDB-PAPILA-9c67b80983805f0f886b068af800ef2b507e7dc0/FundusImages/RET125OS.jpg,PAPILA,0,PAPILA:RET125
PAPILA/PapilaDB-PAPILA-9c67b80983805f0f886b068af800ef2b507e7dc0/FundusImages/RET126OD.jpg,PAPILA,0,PAPILA:RET126
PAPILA/PapilaDB-PAPILA-9c67b80983805f0f886b068af800ef2b507e7dc0/FundusImages/RET126OS.jpg,PAPILA,0,PAPILA:RET126
PAPILA/PapilaDB-PAPILA-9c67b80983805f0f886b068af800ef2b507e7dc0/FundusImages/RET127OD.jpg,PAPILA,0,PAPILA:RET127
PAPILA/PapilaDB-PAPILA-9c67b80983805f0f886b068af800ef2b507e7dc0/FundusImages/RET127OS.jpg,PAPILA,0,PAPILA:RET127
PAPILA/PapilaDB-PAPILA-9c67b80983805f0f886b068af800ef2b507e7dc0/FundusImages/RET128OD.jpg,PAPILA,0,PAPILA:RET128
PAPILA/PapilaDB-PAPILA-9c67b80983805f0f886b068af800ef2b507e7dc0/FundusImages/RET128OS.jpg,PAPILA,0,PAPILA:RET128
PAPILA/PapilaDB-PAPILA-9c67b80983805f0f886b068af800ef2b507e7dc0/FundusImages/RET129OD.jpg,PAPILA,0,PAPILA:RET129
PAPILA/PapilaDB-PAPILA-9c67b80983805f0f886b068af800ef2b507e7dc0/FundusImages/RET129OS.jpg,PAPILA,0,PAPILA:RET129
PAPILA/PapilaDB-PAPILA-9c67b80983805f0f886b068af800ef2b507e7dc0/FundusImages/RET130OD.jpg,PAPILA,0,PAPILA:RET130
PAPILA/PapilaDB-PAPILA-9c67b80983805f0f886b068af800ef2b507e7dc0/FundusImages/RET130OS.jpg,PAPILA,0,PAPILA:RET130
PAPILA/PapilaDB-PAPILA-9c67b80983805f0f886b068af800ef2b507e7dc0/FundusImages/RET131OD.jpg,PAPILA,0,PAPILA:RET131
PAPILA/PapilaDB-PAPILA-9c67b80983805f0f886b068af800ef2b507e7dc0/FundusImages/RET131OS.jpg,PAPILA,0,PAPILA:RET131
PAPILA/PapilaDB-PAPILA-9c67b80983805f0f886b068af800ef2b507e7dc0/FundusImages/RET132OD.jpg,PAPILA,0,PAPILA:RET132
PAPILA/PapilaDB-PAPILA-9c67b80983805f0f886b068af800ef2b507e7dc0/FundusImages/RET132OS.jpg,PAPILA,0,PAPILA:RET132
PAPILA/PapilaDB-PAPILA-9c67b80983805f0f886b068af800ef2b507e7dc0/FundusImages/RET133OD.jpg,PAPILA,0,PAPILA:RET133
PAPILA/PapilaDB-PAPILA-9c67b80983805f0f886b068af800ef2b507e7dc0/FundusImages/RET133OS.jpg,PAPILA,0,PAPILA:RET133
PAPILA/PapilaDB-PAPILA-9c67b80983805f0f886b068af800ef2b507e7dc0/FundusImages/RET134OD.jpg,PAPILA,0,PAPILA:RET134
PAPILA/PapilaDB-PAPILA-9c67b80983805f0f886b068af800ef2b507e7dc0/FundusImages/RET134OS.jpg,PAPILA,0,PAPILA:RET134
PAPILA/PapilaDB-PAPILA-9c67b80983805f0f886b068af800ef2b507e7dc0/FundusImages/RET135OD.jpg,PAPILA,0,PAPILA:RET135
PAPILA/PapilaDB-PAPILA-9c67b80983805f0f886b068af800ef2b507e7dc0/FundusImages/RET135OS.jpg,PAPILA,0,PAPILA:RET135
PAPILA/PapilaDB-PAPILA-9c67b80983805f0f886b068af800ef2b507e7dc0/FundusImages/RET136OD.jpg,PAPILA,0,PAPILA:RET136
PAPILA/PapilaDB-PAPILA-9c67b80983805f0f886b068af800ef2b507e7dc0/FundusImages/RET136OS.jpg,PAPILA,0,PAPILA:RET136
PAPILA/PapilaDB-PAPILA-9c67b80983805f0f886b068af800ef2b507e7dc0/FundusImages/RET137OD.jpg,PAPILA,0,PAPILA:RET137
PAPILA/PapilaDB-PAPILA-9c67b80983805f0f886b068af800ef2b507e7dc0/FundusImages/RET137OS.jpg,PAPILA,0,PAPILA:RET137
PAPILA/PapilaDB-PAPILA-9c67b80983805f0f886b068af800ef2b507e7dc0/FundusImages/RET138OD.jpg,PAPILA,0,PAPILA:RET138
PAPILA/PapilaDB-PAPILA-9c67b80983805f0f886b068af800ef2b507e7dc0/FundusImages/RET138OS.jpg,PAPILA,0,PAPILA:RET138
PAPILA/PapilaDB-PAPILA-9c67b80983805f0f886b068af800ef2b507e7dc0/FundusImages/RET139OD.jpg,PAPILA,0,PAPILA:RET139
PAPILA/PapilaDB-PAPILA-9c67b80983805f0f886b068af800ef2b507e7dc0/FundusImages/RET139OS.jpg,PAPILA,0,PAPILA:RET139
PAPILA/PapilaDB-PAPILA-9c67b80983805f0f886b068af800ef2b507e7dc0/FundusImages/RET140OD.jpg,PAPILA,0,PAPILA:RET140
PAPILA/PapilaDB-PAPILA-9c67b80983805f0f886b068af800ef2b507e7dc0/FundusImages/RET140OS.jpg,PAPILA,0,PAPILA:RET140
PAPILA/PapilaDB-PAPILA-9c67b80983805f0f886b068af800ef2b507e7dc0/FundusImages/RET141OD.jpg,PAPILA,0,PAPILA:RET141
PAPILA/PapilaDB-PAPILA-9c67b80983805f0f886b068af800ef2b507e7dc0/FundusImages/RET141OS.jpg,PAPILA,0,PAPILA:RET141
PAPILA/PapilaDB-PAPILA-9c67b80983805f0f886b068af800ef2b507e7dc0/FundusImages/RET142OD.jpg,PAPILA,0,PAPILA:RET142
PAPILA/PapilaDB-PAPILA-9c67b80983805f0f886b068af800ef2b507e7dc0/FundusImages/RET142OS.jpg,PAPILA,0,PAPILA:RET142
PAPILA/PapilaDB-PAPILA-9c67b80983805f0f886b068af800ef2b507e7dc0/FundusImages/RET143OD.jpg,PAPILA,0,PAPILA:RET143
PAPILA/PapilaDB-PAPILA-9c67b80983805f0f886b068af800ef2b507e7dc0/FundusImages/RET143OS.jpg,PAPILA,0,PAPILA:RET143
PAPILA/PapilaDB-PAPILA-9c67b80983805f0f886b068af800ef2b507e7dc0/FundusImages/RET144OD.jpg,PAPILA,0,PAPILA:RET144
PAPILA/PapilaDB-PAPILA-9c67b80983805f0f886b068af800ef2b507e7dc0/FundusImages/RET144OS.jpg,PAPILA,0,PAPILA:RET144
PAPILA/PapilaDB-PAPILA-9c67b80983805f0f886b068af800ef2b507e7dc0/FundusImages/RET146OD.jpg,PAPILA,0,PAPILA:RET146
PAPILA/PapilaDB-PAPILA-9c67b80983805f0f886b068af800ef2b507e7dc0/FundusImages/RET146OS.jpg,PAPILA,0,PAPILA:RET146
PAPILA/PapilaDB-PAPILA-9c67b80983805f0f886b068af800ef2b507e7dc0/FundusImages/RET147OD.jpg,PAPILA,0,PAPILA:RET147
PAPILA/PapilaDB-PAPILA-9c67b80983805f0f886b068af800ef2b507e7dc0/FundusImages/RET147OS.jpg,PAPILA,0,PAPILA:RET147
PAPILA/PapilaDB-PAPILA-9c67b80983805f0f886b068af800ef2b507e7dc0/FundusImages/RET149OD.jpg,PAPILA,0,PAPILA:RET149
PAPILA/PapilaDB-PAPILA-9c67b80983805f0f886b068af800ef2b507e7dc0/FundusImages/RET149OS.jpg,PAPILA,0,PAPILA:RET149
PAPILA/PapilaDB-PAPILA-9c67b80983805f0f886b068af800ef2b507e7dc0/FundusImages/RET150OD.jpg,PAPILA,0,PAPILA:RET150
PAPILA/PapilaDB-PAPILA-9c67b80983805f0f886b068af800ef2b507e7dc0/FundusImages/RET150OS.jpg,PAPILA,0,PAPILA:RET150
PAPILA/PapilaDB-PAPILA-9c67b80983805f0f886b068af800ef2b507e7dc0/FundusImages/RET151OD.jpg,PAPILA,0,PAPILA:RET151
PAPILA/PapilaDB-PAPILA-9c67b80983805f0f886b068af800ef2b507e7dc0/FundusImages/RET151OS.jpg,PAPILA,0,PAPILA:RET151
PAPILA/PapilaDB-PAPILA-9c67b80983805f0f886b068af800ef2b507e7dc0/FundusImages/RET152OD.jpg,PAPILA,0,PAPILA:RET152
PAPILA/PapilaDB-PAPILA-9c67b80983805f0f886b068af800ef2b507e7dc0/FundusImages/RET152OS.jpg,PAPILA,0,PAPILA:RET152
PAPILA/PapilaDB-PAPILA-9c67b80983805f0f886b068af800ef2b507e7dc0/FundusImages/RET153OD.jpg,PAPILA,0,PAPILA:RET153
PAPILA/PapilaDB-PAPILA-9c67b80983805f0f886b068af800ef2b507e7dc0/FundusImages/RET153OS.jpg,PAPILA,0,PAPILA:RET153
PAPILA/PapilaDB-PAPILA-9c67b80983805f0f886b068af800ef2b507e7dc0/FundusImages/RET154OD.jpg,PAPILA,0,PAPILA:RET154
PAPILA/PapilaDB-PAPILA-9c67b80983805f0f886b068af800ef2b507e7dc0/FundusImages/RET154OS.jpg,PAPILA,0,PAPILA:RET154
PAPILA/PapilaDB-PAPILA-9c67b80983805f0f886b068af800ef2b507e7dc0/FundusImages/RET155OD.jpg,PAPILA,0,PAPILA:RET155
PAPILA/PapilaDB-PAPILA-9c67b80983805f0f886b068af800ef2b507e7dc0/FundusImages/RET155OS.jpg,PAPILA,0,PAPILA:RET155
PAPILA/PapilaDB-PAPILA-9c67b80983805f0f886b068af800ef2b507e7dc0/FundusImages/RET156OD.jpg,PAPILA,0,PAPILA:RET156
PAPILA/PapilaDB-PAPILA-9c67b80983805f0f886b068af800ef2b507e7dc0/FundusImages/RET156OS.jpg,PAPILA,0,PAPILA:RET156
PAPILA/PapilaDB-PAPILA-9c67b80983805f0f886b068af800ef2b507e7dc0/FundusImages/RET157OD.jpg,PAPILA,0,PAPILA:RET157
PAPILA/PapilaDB-PAPILA-9c67b80983805f0f886b068af800ef2b507e7dc0/FundusImages/RET157OS.jpg,PAPILA,0,PAPILA:RET157
PAPILA/PapilaDB-PAPILA-9c67b80983805f0f886b068af800ef2b507e7dc0/FundusImages/RET158OD.jpg,PAPILA,0,PAPILA:RET158
PAPILA/PapilaDB-PAPILA-9c67b80983805f0f886b068af800ef2b507e7dc0/FundusImages/RET158OS.jpg,PAPILA,0,PAPILA:RET158
PAPILA/PapilaDB-PAPILA-9c67b80983805f0f886b068af800ef2b507e7dc0/FundusImages/RET159OD.jpg,PAPILA,0,PAPILA:RET159
PAPILA/PapilaDB-PAPILA-9c67b80983805f0f886b068af800ef2b507e7dc0/FundusImages/RET159OS.jpg,PAPILA,0,PAPILA:RET159
PAPILA/PapilaDB-PAPILA-9c67b80983805f0f886b068af800ef2b507e7dc0/FundusImages/RET160OD.jpg,PAPILA,0,PAPILA:RET160
PAPILA/PapilaDB-PAPILA-9c67b80983805f0f886b068af800ef2b507e7dc0/FundusImages/RET160OS.jpg,PAPILA,0,PAPILA:RET160
PAPILA/PapilaDB-PAPILA-9c67b80983805f0f886b068af800ef2b507e7dc0/FundusImages/RET162OD.jpg,PAPILA,0,PAPILA:RET162
PAPILA/PapilaDB-PAPILA-9c67b80983805f0f886b068af800ef2b507e7dc0/FundusImages/RET162OS.jpg,PAPILA,0,PAPILA:RET162
PAPILA/PapilaDB-PAPILA-9c67b80983805f0f886b068af800ef2b507e7dc0/FundusImages/RET163OD.jpg,PAPILA,0,PAPILA:RET163
PAPILA/PapilaDB-PAPILA-9c67b80983805f0f886b068af800ef2b507e7dc0/FundusImages/RET163OS.jpg,PAPILA,0,PAPILA:RET163
PAPILA/PapilaDB-PAPILA-9c67b80983805f0f886b068af800ef2b507e7dc0/FundusImages/RET164OD.jpg,PAPILA,0,PAPILA:RET164
PAPILA/PapilaDB-PAPILA-9c67b80983805f0f886b068af800ef2b507e7dc0/FundusImages/RET164OS.jpg,PAPILA,0,PAPILA:RET164
PAPILA/PapilaDB-PAPILA-9c67b80983805f0f886b068af800ef2b507e7dc0/FundusImages/RET165OD.jpg,PAPILA,0,PAPILA:RET165
PAPILA/PapilaDB-PAPILA-9c67b80983805f0f886b068af800ef2b507e7dc0/FundusImages/RET165OS.jpg,PAPILA,0,PAPILA:RET165
PAPILA/PapilaDB-PAPILA-9c67b80983805f0f886b068af800ef2b507e7dc0/FundusImages/RET166OD.jpg,PAPILA,0,PAPILA:RET166
PAPILA/PapilaDB-PAPILA-9c67b80983805f0f886b068af800ef2b507e7dc0/FundusImages/RET166OS.jpg,PAPILA,0,PAPILA:RET166
PAPILA/PapilaDB-PAPILA-9c67b80983805f0f886b068af800ef2b507e7dc0/FundusImages/RET168OD.jpg,PAPILA,0,PAPILA:RET168
PAPILA/PapilaDB-PAPILA-9c67b80983805f0f886b068af800ef2b507e7dc0/FundusImages/RET168OS.jpg,PAPILA,0,PAPILA:RET168
PAPILA/PapilaDB-PAPILA-9c67b80983805f0f886b068af800ef2b507e7dc0/FundusImages/RET169OD.jpg,PAPILA,0,PAPILA:RET169
PAPILA/PapilaDB-PAPILA-9c67b80983805f0f886b068af800ef2b507e7dc0/FundusImages/RET169OS.jpg,PAPILA,0,PAPILA:RET169
PAPILA/PapilaDB-PAPILA-9c67b80983805f0f886b068af800ef2b507e7dc0/FundusImages/RET170OD.jpg,PAPILA,0,PAPILA:RET170
PAPILA/PapilaDB-PAPILA-9c67b80983805f0f886b068af800ef2b507e7dc0/FundusImages/RET170OS.jpg,PAPILA,0,PAPILA:RET170
PAPILA/PapilaDB-PAPILA-9c67b80983805f0f886b068af800ef2b507e7dc0/FundusImages/RET171OD.jpg,PAPILA,0,PAPILA:RET171
PAPILA/PapilaDB-PAPILA-9c67b80983805f0f886b068af800ef2b507e7dc0/FundusImages/RET171OS.jpg,PAPILA,0,PAPILA:RET171
PAPILA/PapilaDB-PAPILA-9c67b80983805f0f886b068af800ef2b507e7dc0/FundusImages/RET172OD.jpg,PAPILA,0,PAPILA:RET172
PAPILA/PapilaDB-PAPILA-9c67b80983805f0f886b068af800ef2b507e7dc0/FundusImages/RET172OS.jpg,PAPILA,0,PAPILA:RET172
PAPILA/PapilaDB-PAPILA-9c67b80983805f0f886b068af800ef2b507e7dc0/FundusImages/RET174OD.jpg,PAPILA,0,PAPILA:RET174
PAPILA/PapilaDB-PAPILA-9c67b80983805f0f886b068af800ef2b507e7dc0/FundusImages/RET174OS.jpg,PAPILA,0,PAPILA:RET174
PAPILA/PapilaDB-PAPILA-9c67b80983805f0f886b068af800ef2b507e7dc0/FundusImages/RET175OD.jpg,PAPILA,0,PAPILA:RET175
PAPILA/PapilaDB-PAPILA-9c67b80983805f0f886b068af800ef2b507e7dc0/FundusImages/RET175OS.jpg,PAPILA,0,PAPILA:RET175
PAPILA/PapilaDB-PAPILA-9c67b80983805f0f886b068af800ef2b507e7dc0/FundusImages/RET176OD.jpg,PAPILA,0,PAPILA:RET176
PAPILA/PapilaDB-PAPILA-9c67b80983805f0f886b068af800ef2b507e7dc0/FundusImages/RET176OS.jpg,PAPILA,0,PAPILA:RET176
PAPILA/PapilaDB-PAPILA-9c67b80983805f0f886b068af800ef2b507e7dc0/FundusImages/RET177OD.jpg,PAPILA,0,PAPILA:RET177
PAPILA/PapilaDB-PAPILA-9c67b80983805f0f886b068af800ef2b507e7dc0/FundusImages/RET177OS.jpg,PAPILA,0,PAPILA:RET177
PAPILA/PapilaDB-PAPILA-9c67b80983805f0f886b068af800ef2b507e7dc0/FundusImages/RET178OD.jpg,PAPILA,0,PAPILA:RET178
PAPILA/PapilaDB-PAPILA-9c67b80983805f0f886b068af800ef2b507e7dc0/FundusImages/RET178OS.jpg,PAPILA,0,PAPILA:RET178
PAPILA/PapilaDB-PAPILA-9c67b80983805f0f886b068af800ef2b507e7dc0/FundusImages/RET179OD.jpg,PAPILA,0,PAPILA:RET179
PAPILA/PapilaDB-PAPILA-9c67b80983805f0f886b068af800ef2b507e7dc0/FundusImages/RET179OS.jpg,PAPILA,0,PAPILA:RET179
PAPILA/PapilaDB-PAPILA-9c67b80983805f0f886b068af800ef2b507e7dc0/FundusImages/RET181OD.jpg,PAPILA,0,PAPILA:RET181
PAPILA/PapilaDB-PAPILA-9c67b80983805f0f886b068af800ef2b507e7dc0/FundusImages/RET181OS.jpg,PAPILA,0,PAPILA:RET181
PAPILA/PapilaDB-PAPILA-9c67b80983805f0f886b068af800ef2b507e7dc0/FundusImages/RET182OD.jpg,PAPILA,0,PAPILA:RET182
PAPILA/PapilaDB-PAPILA-9c67b80983805f0f886b068af800ef2b507e7dc0/FundusImages/RET182OS.jpg,PAPILA,0,PAPILA:RET182
PAPILA/PapilaDB-PAPILA-9c67b80983805f0f886b068af800ef2b507e7dc0/FundusImages/RET183OD.jpg,PAPILA,0,PAPILA:RET183
PAPILA/PapilaDB-PAPILA-9c67b80983805f0f886b068af800ef2b507e7dc0/FundusImages/RET183OS.jpg,PAPILA,0,PAPILA:RET183
PAPILA/PapilaDB-PAPILA-9c67b80983805f0f886b068af800ef2b507e7dc0/FundusImages/RET184OD.jpg,PAPILA,0,PAPILA:RET184
PAPILA/PapilaDB-PAPILA-9c67b80983805f0f886b068af800ef2b507e7dc0/FundusImages/RET184OS.jpg,PAPILA,0,PAPILA:RET184
PAPILA/PapilaDB-PAPILA-9c67b80983805f0f886b068af800ef2b507e7dc0/FundusImages/RET186OD.jpg,PAPILA,0,PAPILA:RET186
PAPILA/PapilaDB-PAPILA-9c67b80983805f0f886b068af800ef2b507e7dc0/FundusImages/RET186OS.jpg,PAPILA,0,PAPILA:RET186
PAPILA/PapilaDB-PAPILA-9c67b80983805f0f886b068af800ef2b507e7dc0/FundusImages/RET187OD.jpg,PAPILA,0,PAPILA:RET187
PAPILA/PapilaDB-PAPILA-9c67b80983805f0f886b068af800ef2b507e7dc0/FundusImages/RET187OS.jpg,PAPILA,0,PAPILA:RET187
PAPILA/PapilaDB-PAPILA-9c67b80983805f0f886b068af800ef2b507e7dc0/FundusImages/RET188OD.jpg,PAPILA,0,PAPILA:RET188
PAPILA/PapilaDB-PAPILA-9c67b80983805f0f886b068af800ef2b507e7dc0/FundusImages/RET188OS.jpg,PAPILA,0,PAPILA:RET188
PAPILA/PapilaDB-PAPILA-9c67b80983805f0f886b068af800ef2b507e7dc0/FundusImages/RET189OD.jpg,PAPILA,0,PAPILA:RET189
PAPILA/PapilaDB-PAPILA-9c67b80983805f0f886b068af800ef2b507e7dc0/FundusImages/RET189OS.jpg,PAPILA,0,PAPILA:RET189
PAPILA/PapilaDB-PAPILA-9c67b80983805f0f886b068af800ef2b507e7dc0/FundusImages/RET190OD.jpg,PAPILA,0,PAPILA:RET190
PAPILA/PapilaDB-PAPILA-9c67b80983805f0f886b068af800ef2b507e7dc0/FundusImages/RET190OS.jpg,PAPILA,0,PAPILA:RET190
PAPILA/PapilaDB-PAPILA-9c67b80983805f0f886b068af800ef2b507e7dc0/FundusImages/RET191OD.jpg,PAPILA,0,PAPILA:RET191
PAPILA/PapilaDB-PAPILA-9c67b80983805f0f886b068af800ef2b507e7dc0/FundusImages/RET191OS.jpg,PAPILA,0,PAPILA:RET191
PAPILA/PapilaDB-PAPILA-9c67b80983805f0f886b068af800ef2b507e7dc0/FundusImages/RET192OD.jpg,PAPILA,0,PAPILA:RET192
PAPILA/PapilaDB-PAPILA-9c67b80983805f0f886b068af800ef2b507e7dc0/FundusImages/RET192OS.jpg,PAPILA,0,PAPILA:RET192
PAPILA/PapilaDB-PAPILA-9c67b80983805f0f886b068af800ef2b507e7dc0/FundusImages/RET194OD.jpg,PAPILA,0,PAPILA:RET194
PAPILA/PapilaDB-PAPILA-9c67b80983805f0f886b068af800ef2b507e7dc0/FundusImages/RET194OS.jpg,PAPILA,0,PAPILA:RET194
PAPILA/PapilaDB-PAPILA-9c67b80983805f0f886b068af800ef2b507e7dc0/FundusImages/RET196OD.jpg,PAPILA,0,PAPILA:RET196
PAPILA/PapilaDB-PAPILA-9c67b80983805f0f886b068af800ef2b507e7dc0/FundusImages/RET196OS.jpg,PAPILA,0,PAPILA:RET196
PAPILA/PapilaDB-PAPILA-9c67b80983805f0f886b068af800ef2b507e7dc0/FundusImages/RET197OD.jpg,PAPILA,0,PAPILA:RET197
PAPILA/PapilaDB-PAPILA-9c67b80983805f0f886b068af800ef2b507e7dc0/FundusImages/RET197OS.jpg,PAPILA,0,PAPILA:RET197
PAPILA/PapilaDB-PAPILA-9c67b80983805f0f886b068af800ef2b507e7dc0/FundusImages/RET198OD.jpg,PAPILA,0,PAPILA:RET198
PAPILA/PapilaDB-PAPILA-9c67b80983805f0f886b068af800ef2b507e7dc0/FundusImages/RET198OS.jpg,PAPILA,0,PAPILA:RET198
PAPILA/PapilaDB-PAPILA-9c67b80983805f0f886b068af800ef2b507e7dc0/FundusImages/RET199OD.jpg,PAPILA,0,PAPILA:RET199
PAPILA/PapilaDB-PAPILA-9c67b80983805f0f886b068af800ef2b507e7dc0/FundusImages/RET199OS.jpg,PAPILA,0,PAPILA:RET199
PAPILA/PapilaDB-PAPILA-9c67b80983805f0f886b068af800ef2b507e7dc0/FundusImages/RET200OD.jpg,PAPILA,0,PAPILA:RET200
PAPILA/PapilaDB-PAPILA-9c67b80983805f0f886b068af800ef2b507e7dc0/FundusImages/RET200OS.jpg,PAPILA,0,PAPILA:RET200
PAPILA/PapilaDB-PAPILA-9c67b80983805f0f886b068af800ef2b507e7dc0/FundusImages/RET201OD.jpg,PAPILA,0,PAPILA:RET201
PAPILA/PapilaDB-PAPILA-9c67b80983805f0f886b068af800ef2b507e7dc0/FundusImages/RET201OS.jpg,PAPILA,0,PAPILA:RET201
PAPILA/PapilaDB-PAPILA-9c67b80983805f0f886b068af800ef2b507e7dc0/FundusImages/RET202OD.jpg,PAPILA,0,PAPILA:RET202
PAPILA/PapilaDB-PAPILA-9c67b80983805f0f886b068af800ef2b507e7dc0/FundusImages/RET202OS.jpg,PAPILA,0,PAPILA:RET202
PAPILA/PapilaDB-PAPILA-9c67b80983805f0f886b068af800ef2b507e7dc0/FundusImages/RET203OD.jpg,PAPILA,0,PAPILA:RET203
PAPILA/PapilaDB-PAPILA-9c67b80983805f0f886b068af800ef2b507e7dc0/FundusImages/RET203OS.jpg,PAPILA,0,PAPILA:RET203
PAPILA/PapilaDB-PAPILA-9c67b80983805f0f886b068af800ef2b507e7dc0/FundusImages/RET204OD.jpg,PAPILA,0,PAPILA:RET204
PAPILA/PapilaDB-PAPILA-9c67b80983805f0f886b068af800ef2b507e7dc0/FundusImages/RET204OS.jpg,PAPILA,0,PAPILA:RET204
PAPILA/PapilaDB-PAPILA-9c67b80983805f0f886b068af800ef2b507e7dc0/FundusImages/RET205OD.jpg,PAPILA,0,PAPILA:RET205
PAPILA/PapilaDB-PAPILA-9c67b80983805f0f886b068af800ef2b507e7dc0/FundusImages/RET205OS.jpg,PAPILA,0,PAPILA:RET205
PAPILA/PapilaDB-PAPILA-9c67b80983805f0f886b068af800ef2b507e7dc0/FundusImages/RET206OD.jpg,PAPILA,0,PAPILA:RET206
PAPILA/PapilaDB-PAPILA-9c67b80983805f0f886b068af800ef2b507e7dc0/FundusImages/RET206OS.jpg,PAPILA,0,PAPILA:RET206
PAPILA/PapilaDB-PAPILA-9c67b80983805f0f886b068af800ef2b507e7dc0/FundusImages/RET207OD.jpg,PAPILA,0,PAPILA:RET207
PAPILA/PapilaDB-PAPILA-9c67b80983805f0f886b068af800ef2b507e7dc0/FundusImages/RET207OS.jpg,PAPILA,0,PAPILA:RET207
PAPILA/PapilaDB-PAPILA-9c67b80983805f0f886b068af800ef2b507e7dc0/FundusImages/RET208OD.jpg,PAPILA,0,PAPILA:RET208
PAPILA/PapilaDB-PAPILA-9c67b80983805f0f886b068af800ef2b507e7dc0/FundusImages/RET208OS.jpg,PAPILA,0,PAPILA:RET208
PAPILA/PapilaDB-PAPILA-9c67b80983805f0f886b068af800ef2b507e7dc0/FundusImages/RET209OD.jpg,PAPILA,0,PAPILA:RET209
PAPILA/PapilaDB-PAPILA-9c67b80983805f0f886b068af800ef2b507e7dc0/FundusImages/RET209OS.jpg,PAPILA,0,PAPILA:RET209
PAPILA/PapilaDB-PAPILA-9c67b80983805f0f886b068af800ef2b507e7dc0/FundusImages/RET210OD.jpg,PAPILA,0,PAPILA:RET210
PAPILA/PapilaDB-PAPILA-9c67b80983805f0f886b068af800ef2b507e7dc0/FundusImages/RET210OS.jpg,PAPILA,0,PAPILA:RET210
PAPILA/PapilaDB-PAPILA-9c67b80983805f0f886b068af800ef2b507e7dc0/FundusImages/RET211OD.jpg,PAPILA,0,PAPILA:RET211
PAPILA/PapilaDB-PAPILA-9c67b80983805f0f886b068af800ef2b507e7dc0/FundusImages/RET211OS.jpg,PAPILA,0,PAPILA:RET211
PAPILA/PapilaDB-PAPILA-9c67b80983805f0f886b068af800ef2b507e7dc0/FundusImages/RET212OD.jpg,PAPILA,0,PAPILA:RET212
PAPILA/PapilaDB-PAPILA-9c67b80983805f0f886b068af800ef2b507e7dc0/FundusImages/RET212OS.jpg,PAPILA,0,PAPILA:RET212
PAPILA/PapilaDB-PAPILA-9c67b80983805f0f886b068af800ef2b507e7dc0/FundusImages/RET213OD.jpg,PAPILA,0,PAPILA:RET213
PAPILA/PapilaDB-PAPILA-9c67b80983805f0f886b068af800ef2b507e7dc0/FundusImages/RET213OS.jpg,PAPILA,0,PAPILA:RET213
PAPILA/PapilaDB-PAPILA-9c67b80983805f0f886b068af800ef2b507e7dc0/FundusImages/RET214OD.jpg,PAPILA,0,PAPILA:RET214
PAPILA/PapilaDB-PAPILA-9c67b80983805f0f886b068af800ef2b507e7dc0/FundusImages/RET214OS.jpg,PAPILA,0,PAPILA:RET214
PAPILA/PapilaDB-PAPILA-9c67b80983805f0f886b068af800ef2b507e7dc0/FundusImages/RET215OD.jpg,PAPILA,0,PAPILA:RET215
PAPILA/PapilaDB-PAPILA-9c67b80983805f0f886b068af800ef2b507e7dc0/FundusImages/RET215OS.jpg,PAPILA,0,PAPILA:RET215
PAPILA/PapilaDB-PAPILA-9c67b80983805f0f886b068af800ef2b507e7dc0/FundusImages/RET216OD.jpg,PAPILA,0,PAPILA:RET216
PAPILA/PapilaDB-PAPILA-9c67b80983805f0f886b068af800ef2b507e7dc0/FundusImages/RET216OS.jpg,PAPILA,0,PAPILA:RET216
PAPILA/PapilaDB-PAPILA-9c67b80983805f0f886b068af800ef2b507e7dc0/FundusImages/RET217OD.jpg,PAPILA,0,PAPILA:RET217
PAPILA/PapilaDB-PAPILA-9c67b80983805f0f886b068af800ef2b507e7dc0/FundusImages/RET217OS.jpg,PAPILA,0,PAPILA:RET217
PAPILA/PapilaDB-PAPILA-9c67b80983805f0f886b068af800ef2b507e7dc0/FundusImages/RET218OD.jpg,PAPILA,0,PAPILA:RET218
PAPILA/PapilaDB-PAPILA-9c67b80983805f0f886b068af800ef2b507e7dc0/FundusImages/RET218OS.jpg,PAPILA,0,PAPILA:RET218
PAPILA/PapilaDB-PAPILA-9c67b80983805f0f886b068af800ef2b507e7dc0/FundusImages/RET219OD.jpg,PAPILA,0,PAPILA:RET219
PAPILA/PapilaDB-PAPILA-9c67b80983805f0f886b068af800ef2b507e7dc0/FundusImages/RET219OS.jpg,PAPILA,0,PAPILA:RET219
PAPILA/PapilaDB-PAPILA-9c67b80983805f0f886b068af800ef2b507e7dc0/FundusImages/RET220OD.jpg,PAPILA,0,PAPILA:RET220
PAPILA/PapilaDB-PAPILA-9c67b80983805f0f886b068af800ef2b507e7dc0/FundusImages/RET220OS.jpg,PAPILA,0,PAPILA:RET220
PAPILA/PapilaDB-PAPILA-9c67b80983805f0f886b068af800ef2b507e7dc0/FundusImages/RET221OD.jpg,PAPILA,0,PAPILA:RET221
PAPILA/PapilaDB-PAPILA-9c67b80983805f0f886b068af800ef2b507e7dc0/FundusImages/RET221OS.jpg,PAPILA,0,PAPILA:RET221
PAPILA/PapilaDB-PAPILA-9c67b80983805f0f886b068af800ef2b507e7dc0/FundusImages/RET222OD.jpg,PAPILA,0,PAPILA:RET222
PAPILA/PapilaDB-PAPILA-9c67b80983805f0f886b068af800ef2b507e7dc0/FundusImages/RET222OS.jpg,PAPILA,0,PAPILA:RET222
PAPILA/PapilaDB-PAPILA-9c67b80983805f0f886b068af800ef2b507e7dc0/FundusImages/RET223OD.jpg,PAPILA,0,PAPILA:RET223
PAPILA/PapilaDB-PAPILA-9c67b80983805f0f886b068af800ef2b507e7dc0/FundusImages/RET223OS.jpg,PAPILA,0,PAPILA:RET223
PAPILA/PapilaDB-PAPILA-9c67b80983805f0f886b068af800ef2b507e7dc0/FundusImages/RET224OD.jpg,PAPILA,0,PAPILA:RET224
PAPILA/PapilaDB-PAPILA-9c67b80983805f0f886b068af800ef2b507e7dc0/FundusImages/RET224OS.jpg,PAPILA,0,PAPILA:RET224
PAPILA/PapilaDB-PAPILA-9c67b80983805f0f886b068af800ef2b507e7dc0/FundusImages/RET225OD.jpg,PAPILA,0,PAPILA:RET225
PAPILA/PapilaDB-PAPILA-9c67b80983805f0f886b068af800ef2b507e7dc0/FundusImages/RET225OS.jpg,PAPILA,0,PAPILA:RET225
PAPILA/PapilaDB-PAPILA-9c67b80983805f0f886b068af800ef2b507e7dc0/FundusImages/RET227OD.jpg,PAPILA,0,PAPILA:RET227
PAPILA/PapilaDB-PAPILA-9c67b80983805f0f886b068af800ef2b507e7dc0/FundusImages/RET227OS.jpg,PAPILA,0,PAPILA:RET227
PAPILA/PapilaDB-PAPILA-9c67b80983805f0f886b068af800ef2b507e7dc0/FundusImages/RET228OD.jpg,PAPILA,0,PAPILA:RET228
PAPILA/PapilaDB-PAPILA-9c67b80983805f0f886b068af800ef2b507e7dc0/FundusImages/RET228OS.jpg,PAPILA,0,PAPILA:RET228
PAPILA/PapilaDB-PAPILA-9c67b80983805f0f886b068af800ef2b507e7dc0/FundusImages/RET229OD.jpg,PAPILA,0,PAPILA:RET229
PAPILA/PapilaDB-PAPILA-9c67b80983805f0f886b068af800ef2b507e7dc0/FundusImages/RET229OS.jpg,PAPILA,0,PAPILA:RET229
PAPILA/PapilaDB-PAPILA-9c67b80983805f0f886b068af800ef2b507e7dc0/FundusImages/RET230OD.jpg,PAPILA,0,PAPILA:RET230
PAPILA/PapilaDB-PAPILA-9c67b80983805f0f886b068af800ef2b507e7dc0/FundusImages/RET230OS.jpg,PAPILA,0,PAPILA:RET230
PAPILA/PapilaDB-PAPILA-9c67b80983805f0f886b068af800ef2b507e7dc0/FundusImages/RET231OD.jpg,PAPILA,0,PAPILA:RET231
PAPILA/PapilaDB-PAPILA-9c67b80983805f0f886b068af800ef2b507e7dc0/FundusImages/RET231OS.jpg,PAPILA,0,PAPILA:RET231
PAPILA/PapilaDB-PAPILA-9c67b80983805f0f886b068af800ef2b507e7dc0/FundusImages/RET232OD.jpg,PAPILA,0,PAPILA:RET232
PAPILA/PapilaDB-PAPILA-9c67b80983805f0f886b068af800ef2b507e7dc0/FundusImages/RET232OS.jpg,PAPILA,0,PAPILA:RET232
PAPILA/PapilaDB-PAPILA-9c67b80983805f0f886b068af800ef2b507e7dc0/FundusImages/RET233OD.jpg,PAPILA,1,PAPILA:RET233
PAPILA/PapilaDB-PAPILA-9c67b80983805f0f886b068af800ef2b507e7dc0/FundusImages/RET233OS.jpg,PAPILA,1,PAPILA:RET233
PAPILA/PapilaDB-PAPILA-9c67b80983805f0f886b068af800ef2b507e7dc0/FundusImages/RET234OD.jpg,PAPILA,0,PAPILA:RET234
PAPILA/PapilaDB-PAPILA-9c67b80983805f0f886b068af800ef2b507e7dc0/FundusImages/RET234OS.jpg,PAPILA,0,PAPILA:RET234
PAPILA/PapilaDB-PAPILA-9c67b80983805f0f886b068af800ef2b507e7dc0/FundusImages/RET235OD.jpg,PAPILA,0,PAPILA:RET235
PAPILA/PapilaDB-PAPILA-9c67b80983805f0f886b068af800ef2b507e7dc0/FundusImages/RET235OS.jpg,PAPILA,0,PAPILA:RET235
PAPILA/PapilaDB-PAPILA-9c67b80983805f0f886b068af800ef2b507e7dc0/FundusImages/RET236OD.jpg,PAPILA,0,PAPILA:RET236
PAPILA/PapilaDB-PAPILA-9c67b80983805f0f886b068af800ef2b507e7dc0/FundusImages/RET236OS.jpg,PAPILA,0,PAPILA:RET236
PAPILA/PapilaDB-PAPILA-9c67b80983805f0f886b068af800ef2b507e7dc0/FundusImages/RET237OD.jpg,PAPILA,0,PAPILA:RET237
PAPILA/PapilaDB-PAPILA-9c67b80983805f0f886b068af800ef2b507e7dc0/FundusImages/RET237OS.jpg,PAPILA,0,PAPILA:RET237
PAPILA/PapilaDB-PAPILA-9c67b80983805f0f886b068af800ef2b507e7dc0/FundusImages/RET238OD.jpg,PAPILA,0,PAPILA:RET238
PAPILA/PapilaDB-PAPILA-9c67b80983805f0f886b068af800ef2b507e7dc0/FundusImages/RET238OS.jpg,PAPILA,0,PAPILA:RET238
PAPILA/PapilaDB-PAPILA-9c67b80983805f0f886b068af800ef2b507e7dc0/FundusImages/RET239OD.jpg,PAPILA,0,PAPILA:RET239
PAPILA/PapilaDB-PAPILA-9c67b80983805f0f886b068af800ef2b507e7dc0/FundusImages/RET239OS.jpg,PAPILA,0,PAPILA:RET239
PAPILA/PapilaDB-PAPILA-9c67b80983805f0f886b068af800ef2b507e7dc0/FundusImages/RET240OD.jpg,PAPILA,0,PAPILA:RET240
PAPILA/PapilaDB-PAPILA-9c67b80983805f0f886b068af800ef2b507e7dc0/FundusImages/RET240OS.jpg,PAPILA,0,PAPILA:RET240
PAPILA/PapilaDB-PAPILA-9c67b80983805f0f886b068af800ef2b507e7dc0/FundusImages/RET241OD.jpg,PAPILA,0,PAPILA:RET241
PAPILA/PapilaDB-PAPILA-9c67b80983805f0f886b068af800ef2b507e7dc0/FundusImages/RET241OS.jpg,PAPILA,0,PAPILA:RET241
PAPILA/PapilaDB-PAPILA-9c67b80983805f0f886b068af800ef2b507e7dc0/FundusImages/RET242OD.jpg,PAPILA,0,PAPILA:RET242
PAPILA/PapilaDB-PAPILA-9c67b80983805f0f886b068af800ef2b507e7dc0/FundusImages/RET242OS.jpg,PAPILA,0,PAPILA:RET242
PAPILA/PapilaDB-PAPILA-9c67b80983805f0f886b068af800ef2b507e7dc0/FundusImages/RET243OD.jpg,PAPILA,0,PAPILA:RET243
PAPILA/PapilaDB-PAPILA-9c67b80983805f0f886b068af800ef2b507e7dc0/FundusImages/RET243OS.jpg,PAPILA,0,PAPILA:RET243
PAPILA/PapilaDB-PAPILA-9c67b80983805f0f886b068af800ef2b507e7dc0/FundusImages/RET244OD.jpg,PAPILA,0,PAPILA:RET244
PAPILA/PapilaDB-PAPILA-9c67b80983805f0f886b068af800ef2b507e7dc0/FundusImages/RET244OS.jpg,PAPILA,0,PAPILA:RET244
PAPILA/PapilaDB-PAPILA-9c67b80983805f0f886b068af800ef2b507e7dc0/FundusImages/RET245OD.jpg,PAPILA,0,PAPILA:RET245
PAPILA/PapilaDB-PAPILA-9c67b80983805f0f886b068af800ef2b507e7dc0/FundusImages/RET245OS.jpg,PAPILA,0,PAPILA:RET245
PAPILA/PapilaDB-PAPILA-9c67b80983805f0f886b068af800ef2b507e7dc0/FundusImages/RET246OD.jpg,PAPILA,0,PAPILA:RET246
PAPILA/PapilaDB-PAPILA-9c67b80983805f0f886b068af800ef2b507e7dc0/FundusImages/RET246OS.jpg,PAPILA,0,PAPILA:RET246
PAPILA/PapilaDB-PAPILA-9c67b80983805f0f886b068af800ef2b507e7dc0/FundusImages/RET248OD.jpg,PAPILA,1,PAPILA:RET248
PAPILA/PapilaDB-PAPILA-9c67b80983805f0f886b068af800ef2b507e7dc0/FundusImages/RET248OS.jpg,PAPILA,1,PAPILA:RET248
PAPILA/PapilaDB-PAPILA-9c67b80983805f0f886b068af800ef2b507e7dc0/FundusImages/RET249OD.jpg,PAPILA,0,PAPILA:RET249
PAPILA/PapilaDB-PAPILA-9c67b80983805f0f886b068af800ef2b507e7dc0/FundusImages/RET249OS.jpg,PAPILA,0,PAPILA:RET249
PAPILA/PapilaDB-PAPILA-9c67b80983805f0f886b068af800ef2b507e7dc0/FundusImages/RET250OD.jpg,PAPILA,0,PAPILA:RET250
PAPILA/PapilaDB-PAPILA-9c67b80983805f0f886b068af800ef2b507e7dc0/FundusImages/RET250OS.jpg,PAPILA,0,PAPILA:RET250
PAPILA/PapilaDB-PAPILA-9c67b80983805f0f886b068af800ef2b507e7dc0/FundusImages/RET251OD.jpg,PAPILA,0,PAPILA:RET251
PAPILA/PapilaDB-PAPILA-9c67b80983805f0f886b068af800ef2b507e7dc0/FundusImages/RET251OS.jpg,PAPILA,0,PAPILA:RET251
PAPILA/PapilaDB-PAPILA-9c67b80983805f0f886b068af800ef2b507e7dc0/FundusImages/RET252OD.jpg,PAPILA,0,PAPILA:RET252
PAPILA/PapilaDB-PAPILA-9c67b80983805f0f886b068af800ef2b507e7dc0/FundusImages/RET252OS.jpg,PAPILA,0,PAPILA:RET252
PAPILA/PapilaDB-PAPILA-9c67b80983805f0f886b068af800ef2b507e7dc0/FundusImages/RET253OD.jpg,PAPILA,0,PAPILA:RET253
PAPILA/PapilaDB-PAPILA-9c67b80983805f0f886b068af800ef2b507e7dc0/FundusImages/RET253OS.jpg,PAPILA,0,PAPILA:RET253
PAPILA/PapilaDB-PAPILA-9c67b80983805f0f886b068af800ef2b507e7dc0/FundusImages/RET254OD.jpg,PAPILA,0,PAPILA:RET254
PAPILA/PapilaDB-PAPILA-9c67b80983805f0f886b068af800ef2b507e7dc0/FundusImages/RET254OS.jpg,PAPILA,0,PAPILA:RET254
PAPILA/PapilaDB-PAPILA-9c67b80983805f0f886b068af800ef2b507e7dc0/FundusImages/RET255OD.jpg,PAPILA,0,PAPILA:RET255
PAPILA/PapilaDB-PAPILA-9c67b80983805f0f886b068af800ef2b507e7dc0/FundusImages/RET255OS.jpg,PAPILA,0,PAPILA:RET255
PAPILA/PapilaDB-PAPILA-9c67b80983805f0f886b068af800ef2b507e7dc0/FundusImages/RET256OD.jpg,PAPILA,0,PAPILA:RET256
PAPILA/PapilaDB-PAPILA-9c67b80983805f0f886b068af800ef2b507e7dc0/FundusImages/RET256OS.jpg,PAPILA,0,PAPILA:RET256
PAPILA/PapilaDB-PAPILA-9c67b80983805f0f886b068af800ef2b507e7dc0/FundusImages/RET257OD.jpg,PAPILA,0,PAPILA:RET257
PAPILA/PapilaDB-PAPILA-9c67b80983805f0f886b068af800ef2b507e7dc0/FundusImages/RET257OS.jpg,PAPILA,0,PAPILA:RET257
PAPILA/PapilaDB-PAPILA-9c67b80983805f0f886b068af800ef2b507e7dc0/FundusImages/RET258OD.jpg,PAPILA,0,PAPILA:RET258
PAPILA/PapilaDB-PAPILA-9c67b80983805f0f886b068af800ef2b507e7dc0/FundusImages/RET258OS.jpg,PAPILA,0,PAPILA:RET258
PAPILA/PapilaDB-PAPILA-9c67b80983805f0f886b068af800ef2b507e7dc0/FundusImages/RET259OD.jpg,PAPILA,0,PAPILA:RET259
PAPILA/PapilaDB-PAPILA-9c67b80983805f0f886b068af800ef2b507e7dc0/FundusImages/RET259OS.jpg,PAPILA,0,PAPILA:RET259
PAPILA/PapilaDB-PAPILA-9c67b80983805f0f886b068af800ef2b507e7dc0/FundusImages/RET260OD.jpg,PAPILA,0,PAPILA:RET260
PAPILA/PapilaDB-PAPILA-9c67b80983805f0f886b068af800ef2b507e7dc0/FundusImages/RET260OS.jpg,PAPILA,0,PAPILA:RET260
PAPILA/PapilaDB-PAPILA-9c67b80983805f0f886b068af800ef2b507e7dc0/FundusImages/RET261OD.jpg,PAPILA,0,PAPILA:RET261
PAPILA/PapilaDB-PAPILA-9c67b80983805f0f886b068af800ef2b507e7dc0/FundusImages/RET261OS.jpg,PAPILA,0,PAPILA:RET261
PAPILA/PapilaDB-PAPILA-9c67b80983805f0f886b068af800ef2b507e7dc0/FundusImages/RET262OD.jpg,PAPILA,0,PAPILA:RET262
PAPILA/PapilaDB-PAPILA-9c67b80983805f0f886b068af800ef2b507e7dc0/FundusImages/RET262OS.jpg,PAPILA,0,PAPILA:RET262
PAPILA/PapilaDB-PAPILA-9c67b80983805f0f886b068af800ef2b507e7dc0/FundusImages/RET265OD.jpg,PAPILA,1,PAPILA:RET265
PAPILA/PapilaDB-PAPILA-9c67b80983805f0f886b068af800ef2b507e7dc0/FundusImages/RET265OS.jpg,PAPILA,1,PAPILA:RET265
PAPILA/PapilaDB-PAPILA-9c67b80983805f0f886b068af800ef2b507e7dc0/FundusImages/RET266OD.jpg,PAPILA,0,PAPILA:RET266
PAPILA/PapilaDB-PAPILA-9c67b80983805f0f886b068af800ef2b507e7dc0/FundusImages/RET266OS.jpg,PAPILA,0,PAPILA:RET266
PAPILA/PapilaDB-PAPILA-9c67b80983805f0f886b068af800ef2b507e7dc0/FundusImages/RET267OD.jpg,PAPILA,0,PAPILA:RET267
PAPILA/PapilaDB-PAPILA-9c67b80983805f0f886b068af800ef2b507e7dc0/FundusImages/RET267OS.jpg,PAPILA,0,PAPILA:RET267
PAPILA/PapilaDB-PAPILA-9c67b80983805f0f886b068af800ef2b507e7dc0/FundusImages/RET268OD.jpg,PAPILA,0,PAPILA:RET268
PAPILA/PapilaDB-PAPILA-9c67b80983805f0f886b068af800ef2b507e7dc0/FundusImages/RET268OS.jpg,PAPILA,0,PAPILA:RET268
PAPILA/PapilaDB-PAPILA-9c67b80983805f0f886b068af800ef2b507e7dc0/FundusImages/RET269OD.jpg,PAPILA,0,PAPILA:RET269
PAPILA/PapilaDB-PAPILA-9c67b80983805f0f886b068af800ef2b507e7dc0/FundusImages/RET269OS.jpg,PAPILA,0,PAPILA:RET269
PAPILA/PapilaDB-PAPILA-9c67b80983805f0f886b068af800ef2b507e7dc0/FundusImages/RET270OD.jpg,PAPILA,0,PAPILA:RET270
PAPILA/PapilaDB-PAPILA-9c67b80983805f0f886b068af800ef2b507e7dc0/FundusImages/RET270OS.jpg,PAPILA,0,PAPILA:RET270
PAPILA/PapilaDB-PAPILA-9c67b80983805f0f886b068af800ef2b507e7dc0/FundusImages/RET271OD.jpg,PAPILA,0,PAPILA:RET271
PAPILA/PapilaDB-PAPILA-9c67b80983805f0f886b068af800ef2b507e7dc0/FundusImages/RET271OS.jpg,PAPILA,0,PAPILA:RET271
PAPILA/PapilaDB-PAPILA-9c67b80983805f0f886b068af800ef2b507e7dc0/FundusImages/RET272OD.jpg,PAPILA,0,PAPILA:RET272
PAPILA/PapilaDB-PAPILA-9c67b80983805f0f886b068af800ef2b507e7dc0/FundusImages/RET272OS.jpg,PAPILA,0,PAPILA:RET272
PAPILA/PapilaDB-PAPILA-9c67b80983805f0f886b068af800ef2b507e7dc0/FundusImages/RET273OD.jpg,PAPILA,0,PAPILA:RET273
PAPILA/PapilaDB-PAPILA-9c67b80983805f0f886b068af800ef2b507e7dc0/FundusImages/RET273OS.jpg,PAPILA,0,PAPILA:RET273
PAPILA/PapilaDB-PAPILA-9c67b80983805f0f886b068af800ef2b507e7dc0/FundusImages/RET274OD.jpg,PAPILA,0,PAPILA:RET274
PAPILA/PapilaDB-PAPILA-9c67b80983805f0f886b068af800ef2b507e7dc0/FundusImages/RET274OS.jpg,PAPILA,0,PAPILA:RET274
PAPILA/PapilaDB-PAPILA-9c67b80983805f0f886b068af800ef2b507e7dc0/FundusImages/RET275OD.jpg,PAPILA,0,PAPILA:RET275
PAPILA/PapilaDB-PAPILA-9c67b80983805f0f886b068af800ef2b507e7dc0/FundusImages/RET275OS.jpg,PAPILA,0,PAPILA:RET275
PAPILA/PapilaDB-PAPILA-9c67b80983805f0f886b068af800ef2b507e7dc0/FundusImages/RET277OD.jpg,PAPILA,0,PAPILA:RET277
PAPILA/PapilaDB-PAPILA-9c67b80983805f0f886b068af800ef2b507e7dc0/FundusImages/RET277OS.jpg,PAPILA,0,PAPILA:RET277
PAPILA/PapilaDB-PAPILA-9c67b80983805f0f886b068af800ef2b507e7dc0/FundusImages/RET280OD.jpg,PAPILA,0,PAPILA:RET280
PAPILA/PapilaDB-PAPILA-9c67b80983805f0f886b068af800ef2b507e7dc0/FundusImages/RET280OS.jpg,PAPILA,0,PAPILA:RET280
PAPILA/PapilaDB-PAPILA-9c67b80983805f0f886b068af800ef2b507e7dc0/FundusImages/RET281OD.jpg,PAPILA,0,PAPILA:RET281
PAPILA/PapilaDB-PAPILA-9c67b80983805f0f886b068af800ef2b507e7dc0/FundusImages/RET281OS.jpg,PAPILA,0,PAPILA:RET281
PAPILA/PapilaDB-PAPILA-9c67b80983805f0f886b068af800ef2b507e7dc0/FundusImages/RET282OD.jpg,PAPILA,0,PAPILA:RET282
PAPILA/PapilaDB-PAPILA-9c67b80983805f0f886b068af800ef2b507e7dc0/FundusImages/RET282OS.jpg,PAPILA,0,PAPILA:RET282
PAPILA/PapilaDB-PAPILA-9c67b80983805f0f886b068af800ef2b507e7dc0/FundusImages/RET283OD.jpg,PAPILA,0,PAPILA:RET283
PAPILA/PapilaDB-PAPILA-9c67b80983805f0f886b068af800ef2b507e7dc0/FundusImages/RET283OS.jpg,PAPILA,0,PAPILA:RET283
PAPILA/PapilaDB-PAPILA-9c67b80983805f0f886b068af800ef2b507e7dc0/FundusImages/RET284OD.jpg,PAPILA,0,PAPILA:RET284
PAPILA/PapilaDB-PAPILA-9c67b80983805f0f886b068af800ef2b507e7dc0/FundusImages/RET284OS.jpg,PAPILA,0,PAPILA:RET284
PAPILA/PapilaDB-PAPILA-9c67b80983805f0f886b068af800ef2b507e7dc0/FundusImages/RET285OD.jpg,PAPILA,0,PAPILA:RET285
PAPILA/PapilaDB-PAPILA-9c67b80983805f0f886b068af800ef2b507e7dc0/FundusImages/RET285OS.jpg,PAPILA,0,PAPILA:RET285
PAPILA/PapilaDB-PAPILA-9c67b80983805f0f886b068af800ef2b507e7dc0/FundusImages/RET286OD.jpg,PAPILA,0,PAPILA:RET286
PAPILA/PapilaDB-PAPILA-9c67b80983805f0f886b068af800ef2b507e7dc0/FundusImages/RET286OS.jpg,PAPILA,0,PAPILA:RET286
PAPILA/PapilaDB-PAPILA-9c67b80983805f0f886b068af800ef2b507e7dc0/FundusImages/RET287OD.jpg,PAPILA,0,PAPILA:RET287
PAPILA/PapilaDB-PAPILA-9c67b80983805f0f886b068af800ef2b507e7dc0/FundusImages/RET287OS.jpg,PAPILA,0,PAPILA:RET287
PAPILA/PapilaDB-PAPILA-9c67b80983805f0f886b068af800ef2b507e7dc0/FundusImages/RET288OD.jpg,PAPILA,0,PAPILA:RET288
PAPILA/PapilaDB-PAPILA-9c67b80983805f0f886b068af800ef2b507e7dc0/FundusImages/RET288OS.jpg,PAPILA,0,PAPILA:RET288
PAPILA/PapilaDB-PAPILA-9c67b80983805f0f886b068af800ef2b507e7dc0/FundusImages/RET289OD.jpg,PAPILA,0,PAPILA:RET289
PAPILA/PapilaDB-PAPILA-9c67b80983805f0f886b068af800ef2b507e7dc0/FundusImages/RET289OS.jpg,PAPILA,0,PAPILA:RET289
PAPILA/PapilaDB-PAPILA-9c67b80983805f0f886b068af800ef2b507e7dc0/FundusImages/RET290OD.jpg,PAPILA,0,PAPILA:RET290
PAPILA/PapilaDB-PAPILA-9c67b80983805f0f886b068af800ef2b507e7dc0/FundusImages/RET290OS.jpg,PAPILA,0,PAPILA:RET290
PAPILA/PapilaDB-PAPILA-9c67b80983805f0f886b068af800ef2b507e7dc0/FundusImages/RET291OD.jpg,PAPILA,0,PAPILA:RET291
PAPILA/PapilaDB-PAPILA-9c67b80983805f0f886b068af800ef2b507e7dc0/FundusImages/RET291OS.jpg,PAPILA,0,PAPILA:RET291
PAPILA/PapilaDB-PAPILA-9c67b80983805f0f886b068af800ef2b507e7dc0/FundusImages/RET292OD.jpg,PAPILA,0,PAPILA:RET292
PAPILA/PapilaDB-PAPILA-9c67b80983805f0f886b068af800ef2b507e7dc0/FundusImages/RET292OS.jpg,PAPILA,0,PAPILA:RET292
PAPILA/PapilaDB-PAPILA-9c67b80983805f0f886b068af800ef2b507e7dc0/FundusImages/RET293OD.jpg,PAPILA,0,PAPILA:RET293
PAPILA/PapilaDB-PAPILA-9c67b80983805f0f886b068af800ef2b507e7dc0/FundusImages/RET293OS.jpg,PAPILA,0,PAPILA:RET293
Refuge/Refuge/REFUGE-Validation400/REFUGE-Validation400/V0001.jpg,REFUGE,0,
Refuge/Refuge/REFUGE-Validation400/REFUGE-Validation400/V0002.jpg,REFUGE,0,
Refuge/Refuge/REFUGE-Validation400/REFUGE-Validation400/V0003.jpg,REFUGE,0,
Refuge/Refuge/REFUGE-Validation400/REFUGE-Validation400/V0004.jpg,REFUGE,0,
Refuge/Refuge/REFUGE-Validation400/REFUGE-Validation400/V0005.jpg,REFUGE,0,
Refuge/Refuge/REFUGE-Validation400/REFUGE-Validation400/V0006.jpg,REFUGE,1,
Refuge/Refuge/REFUGE-Validation400/REFUGE-Validation400/V0007.jpg,REFUGE,0,
Refuge/Refuge/REFUGE-Validation400/REFUGE-Validation400/V0008.jpg,REFUGE,0,
Refuge/Refuge/REFUGE-Validation400/REFUGE-Validation400/V0009.jpg,REFUGE,0,
Refuge/Refuge/REFUGE-Validation400/REFUGE-Validation400/V0010.jpg,REFUGE,0,
Refuge/Refuge/REFUGE-Validation400/REFUGE-Validation400/V0011.jpg,REFUGE,0,
Refuge/Refuge/REFUGE-Validation400/REFUGE-Validation400/V0012.jpg,REFUGE,0,
Refuge/Refuge/REFUGE-Validation400/REFUGE-Validation400/V0013.jpg,REFUGE,0,
Refuge/Refuge/REFUGE-Validation400/REFUGE-Validation400/V0014.jpg,REFUGE,0,
Refuge/Refuge/REFUGE-Validation400/REFUGE-Validation400/V0015.jpg,REFUGE,0,
Refuge/Refuge/REFUGE-Validation400/REFUGE-Validation400/V0016.jpg,REFUGE,0,
Refuge/Refuge/REFUGE-Validation400/REFUGE-Validation400/V0017.jpg,REFUGE,0,
Refuge/Refuge/REFUGE-Validation400/REFUGE-Validation400/V0018.jpg,REFUGE,0,
Refuge/Refuge/REFUGE-Validation400/REFUGE-Validation400/V0019.jpg,REFUGE,0,
Refuge/Refuge/REFUGE-Validation400/REFUGE-Validation400/V0020.jpg,REFUGE,0,
Refuge/Refuge/REFUGE-Validation400/REFUGE-Validation400/V0021.jpg,REFUGE,0,
Refuge/Refuge/REFUGE-Validation400/REFUGE-Validation400/V0022.jpg,REFUGE,0,
Refuge/Refuge/REFUGE-Validation400/REFUGE-Validation400/V0023.jpg,REFUGE,0,
Refuge/Refuge/REFUGE-Validation400/REFUGE-Validation400/V0024.jpg,REFUGE,0,
Refuge/Refuge/REFUGE-Validation400/REFUGE-Validation400/V0025.jpg,REFUGE,0,
Refuge/Refuge/REFUGE-Validation400/REFUGE-Validation400/V0026.jpg,REFUGE,1,
Refuge/Refuge/REFUGE-Validation400/REFUGE-Validation400/V0027.jpg,REFUGE,0,
Refuge/Refuge/REFUGE-Validation400/REFUGE-Validation400/V0028.jpg,REFUGE,1,
Refuge/Refuge/REFUGE-Validation400/REFUGE-Validation400/V0029.jpg,REFUGE,0,
Refuge/Refuge/REFUGE-Validation400/REFUGE-Validation400/V0030.jpg,REFUGE,0,
Refuge/Refuge/REFUGE-Validation400/REFUGE-Validation400/V0031.jpg,REFUGE,0,
Refuge/Refuge/REFUGE-Validation400/REFUGE-Validation400/V0032.jpg,REFUGE,1,
Refuge/Refuge/REFUGE-Validation400/REFUGE-Validation400/V0033.jpg,REFUGE,0,
Refuge/Refuge/REFUGE-Validation400/REFUGE-Validation400/V0034.jpg,REFUGE,0,
Refuge/Refuge/REFUGE-Validation400/REFUGE-Validation400/V0035.jpg,REFUGE,0,
Refuge/Refuge/REFUGE-Validation400/REFUGE-Validation400/V0036.jpg,REFUGE,0,
Refuge/Refuge/REFUGE-Validation400/REFUGE-Validation400/V0037.jpg,REFUGE,0,
Refuge/Refuge/REFUGE-Validation400/REFUGE-Validation400/V0038.jpg,REFUGE,0,
Refuge/Refuge/REFUGE-Validation400/REFUGE-Validation400/V0039.jpg,REFUGE,0,
Refuge/Refuge/REFUGE-Validation400/REFUGE-Validation400/V0040.jpg,REFUGE,0,
Refuge/Refuge/REFUGE-Validation400/REFUGE-Validation400/V0041.jpg,REFUGE,1,
Refuge/Refuge/REFUGE-Validation400/REFUGE-Validation400/V0042.jpg,REFUGE,0,
Refuge/Refuge/REFUGE-Validation400/REFUGE-Validation400/V0043.jpg,REFUGE,0,
Refuge/Refuge/REFUGE-Validation400/REFUGE-Validation400/V0044.jpg,REFUGE,0,
Refuge/Refuge/REFUGE-Validation400/REFUGE-Validation400/V0045.jpg,REFUGE,0,
Refuge/Refuge/REFUGE-Validation400/REFUGE-Validation400/V0046.jpg,REFUGE,1,
Refuge/Refuge/REFUGE-Validation400/REFUGE-Validation400/V0047.jpg,REFUGE,0,
Refuge/Refuge/REFUGE-Validation400/REFUGE-Validation400/V0048.jpg,REFUGE,0,
Refuge/Refuge/REFUGE-Validation400/REFUGE-Validation400/V0049.jpg,REFUGE,1,
Refuge/Refuge/REFUGE-Validation400/REFUGE-Validation400/V0050.jpg,REFUGE,0,
Refuge/Refuge/REFUGE-Validation400/REFUGE-Validation400/V0051.jpg,REFUGE,0,
Refuge/Refuge/REFUGE-Validation400/REFUGE-Validation400/V0052.jpg,REFUGE,0,
Refuge/Refuge/REFUGE-Validation400/REFUGE-Validation400/V0053.jpg,REFUGE,0,
Refuge/Refuge/REFUGE-Validation400/REFUGE-Validation400/V0054.jpg,REFUGE,1,
Refuge/Refuge/REFUGE-Validation400/REFUGE-Validation400/V0055.jpg,REFUGE,0,
Refuge/Refuge/REFUGE-Validation400/REFUGE-Validation400/V0056.jpg,REFUGE,0,
Refuge/Refuge/REFUGE-Validation400/REFUGE-Validation400/V0057.jpg,REFUGE,0,
Refuge/Refuge/REFUGE-Validation400/REFUGE-Validation400/V0058.jpg,REFUGE,0,
Refuge/Refuge/REFUGE-Validation400/REFUGE-Validation400/V0059.jpg,REFUGE,0,
Refuge/Refuge/REFUGE-Validation400/REFUGE-Validation400/V0060.jpg,REFUGE,0,
Refuge/Refuge/REFUGE-Validation400/REFUGE-Validation400/V0061.jpg,REFUGE,0,
Refuge/Refuge/REFUGE-Validation400/REFUGE-Validation400/V0062.jpg,REFUGE,0,
Refuge/Refuge/REFUGE-Validation400/REFUGE-Validation400/V0063.jpg,REFUGE,0,
Refuge/Refuge/REFUGE-Validation400/REFUGE-Validation400/V0064.jpg,REFUGE,0,
Refuge/Refuge/REFUGE-Validation400/REFUGE-Validation400/V0065.jpg,REFUGE,0,
Refuge/Refuge/REFUGE-Validation400/REFUGE-Validation400/V0066.jpg,REFUGE,0,
Refuge/Refuge/REFUGE-Validation400/REFUGE-Validation400/V0067.jpg,REFUGE,0,
Refuge/Refuge/REFUGE-Validation400/REFUGE-Validation400/V0068.jpg,REFUGE,0,
Refuge/Refuge/REFUGE-Validation400/REFUGE-Validation400/V0069.jpg,REFUGE,0,
Refuge/Refuge/REFUGE-Validation400/REFUGE-Validation400/V0070.jpg,REFUGE,0,
Refuge/Refuge/REFUGE-Validation400/REFUGE-Validation400/V0071.jpg,REFUGE,0,
Refuge/Refuge/REFUGE-Validation400/REFUGE-Validation400/V0072.jpg,REFUGE,0,
Refuge/Refuge/REFUGE-Validation400/REFUGE-Validation400/V0073.jpg,REFUGE,0,
Refuge/Refuge/REFUGE-Validation400/REFUGE-Validation400/V0074.jpg,REFUGE,0,
Refuge/Refuge/REFUGE-Validation400/REFUGE-Validation400/V0075.jpg,REFUGE,1,
Refuge/Refuge/REFUGE-Validation400/REFUGE-Validation400/V0076.jpg,REFUGE,0,
Refuge/Refuge/REFUGE-Validation400/REFUGE-Validation400/V0077.jpg,REFUGE,0,
Refuge/Refuge/REFUGE-Validation400/REFUGE-Validation400/V0078.jpg,REFUGE,0,
Refuge/Refuge/REFUGE-Validation400/REFUGE-Validation400/V0079.jpg,REFUGE,0,
Refuge/Refuge/REFUGE-Validation400/REFUGE-Validation400/V0080.jpg,REFUGE,0,
Refuge/Refuge/REFUGE-Validation400/REFUGE-Validation400/V0081.jpg,REFUGE,0,
Refuge/Refuge/REFUGE-Validation400/REFUGE-Validation400/V0082.jpg,REFUGE,0,
Refuge/Refuge/REFUGE-Validation400/REFUGE-Validation400/V0083.jpg,REFUGE,0,
Refuge/Refuge/REFUGE-Validation400/REFUGE-Validation400/V0084.jpg,REFUGE,0,
Refuge/Refuge/REFUGE-Validation400/REFUGE-Validation400/V0085.jpg,REFUGE,0,
Refuge/Refuge/REFUGE-Validation400/REFUGE-Validation400/V0086.jpg,REFUGE,0,
Refuge/Refuge/REFUGE-Validation400/REFUGE-Validation400/V0087.jpg,REFUGE,0,
Refuge/Refuge/REFUGE-Validation400/REFUGE-Validation400/V0088.jpg,REFUGE,0,
Refuge/Refuge/REFUGE-Validation400/REFUGE-Validation400/V0089.jpg,REFUGE,0,
Refuge/Refuge/REFUGE-Validation400/REFUGE-Validation400/V0090.jpg,REFUGE,0,
Refuge/Refuge/REFUGE-Validation400/REFUGE-Validation400/V0091.jpg,REFUGE,0,
Refuge/Refuge/REFUGE-Validation400/REFUGE-Validation400/V0092.jpg,REFUGE,0,
Refuge/Refuge/REFUGE-Validation400/REFUGE-Validation400/V0093.jpg,REFUGE,0,
Refuge/Refuge/REFUGE-Validation400/REFUGE-Validation400/V0094.jpg,REFUGE,0,
Refuge/Refuge/REFUGE-Validation400/REFUGE-Validation400/V0095.jpg,REFUGE,1,
Refuge/Refuge/REFUGE-Validation400/REFUGE-Validation400/V0096.jpg,REFUGE,0,
Refuge/Refuge/REFUGE-Validation400/REFUGE-Validation400/V0097.jpg,REFUGE,0,
Refuge/Refuge/REFUGE-Validation400/REFUGE-Validation400/V0098.jpg,REFUGE,1,
Refuge/Refuge/REFUGE-Validation400/REFUGE-Validation400/V0099.jpg,REFUGE,0,
Refuge/Refuge/REFUGE-Validation400/REFUGE-Validation400/V0100.jpg,REFUGE,1,
Refuge/Refuge/REFUGE-Validation400/REFUGE-Validation400/V0101.jpg,REFUGE,0,
Refuge/Refuge/REFUGE-Validation400/REFUGE-Validation400/V0102.jpg,REFUGE,0,
Refuge/Refuge/REFUGE-Validation400/REFUGE-Validation400/V0103.jpg,REFUGE,0,
Refuge/Refuge/REFUGE-Validation400/REFUGE-Validation400/V0104.jpg,REFUGE,0,
Refuge/Refuge/REFUGE-Validation400/REFUGE-Validation400/V0105.jpg,REFUGE,0,
Refuge/Refuge/REFUGE-Validation400/REFUGE-Validation400/V0106.jpg,REFUGE,0,
Refuge/Refuge/REFUGE-Validation400/REFUGE-Validation400/V0107.jpg,REFUGE,0,
Refuge/Refuge/REFUGE-Validation400/REFUGE-Validation400/V0108.jpg,REFUGE,0,
Refuge/Refuge/REFUGE-Validation400/REFUGE-Validation400/V0109.jpg,REFUGE,0,
Refuge/Refuge/REFUGE-Validation400/REFUGE-Validation400/V0110.jpg,REFUGE,0,
Refuge/Refuge/REFUGE-Validation400/REFUGE-Validation400/V0111.jpg,REFUGE,0,
Refuge/Refuge/REFUGE-Validation400/REFUGE-Validation400/V0112.jpg,REFUGE,0,
Refuge/Refuge/REFUGE-Validation400/REFUGE-Validation400/V0113.jpg,REFUGE,0,
Refuge/Refuge/REFUGE-Validation400/REFUGE-Validation400/V0114.jpg,REFUGE,0,
Refuge/Refuge/REFUGE-Validation400/REFUGE-Validation400/V0115.jpg,REFUGE,0,
Refuge/Refuge/REFUGE-Validation400/REFUGE-Validation400/V0116.jpg,REFUGE,0,
Refuge/Refuge/REFUGE-Validation400/REFUGE-Validation400/V0117.jpg,REFUGE,0,
Refuge/Refuge/REFUGE-Validation400/REFUGE-Validation400/V0118.jpg,REFUGE,0,
Refuge/Refuge/REFUGE-Validation400/REFUGE-Validation400/V0119.jpg,REFUGE,0,
Refuge/Refuge/REFUGE-Validation400/REFUGE-Validation400/V0120.jpg,REFUGE,0,
Refuge/Refuge/REFUGE-Validation400/REFUGE-Validation400/V0121.jpg,REFUGE,0,
Refuge/Refuge/REFUGE-Validation400/REFUGE-Validation400/V0122.jpg,REFUGE,0,
Refuge/Refuge/REFUGE-Validation400/REFUGE-Validation400/V0123.jpg,REFUGE,0,
Refuge/Refuge/REFUGE-Validation400/REFUGE-Validation400/V0124.jpg,REFUGE,0,
Refuge/Refuge/REFUGE-Validation400/REFUGE-Validation400/V0125.jpg,REFUGE,1,
Refuge/Refuge/REFUGE-Validation400/REFUGE-Validation400/V0126.jpg,REFUGE,0,
Refuge/Refuge/REFUGE-Validation400/REFUGE-Validation400/V0127.jpg,REFUGE,0,
Refuge/Refuge/REFUGE-Validation400/REFUGE-Validation400/V0128.jpg,REFUGE,1,
Refuge/Refuge/REFUGE-Validation400/REFUGE-Validation400/V0129.jpg,REFUGE,0,
Refuge/Refuge/REFUGE-Validation400/REFUGE-Validation400/V0130.jpg,REFUGE,0,
Refuge/Refuge/REFUGE-Validation400/REFUGE-Validation400/V0131.jpg,REFUGE,0,
Refuge/Refuge/REFUGE-Validation400/REFUGE-Validation400/V0132.jpg,REFUGE,0,
Refuge/Refuge/REFUGE-Validation400/REFUGE-Validation400/V0133.jpg,REFUGE,0,
Refuge/Refuge/REFUGE-Validation400/REFUGE-Validation400/V0134.jpg,REFUGE,0,
Refuge/Refuge/REFUGE-Validation400/REFUGE-Validation400/V0135.jpg,REFUGE,0,
Refuge/Refuge/REFUGE-Validation400/REFUGE-Validation400/V0136.jpg,REFUGE,0,
Refuge/Refuge/REFUGE-Validation400/REFUGE-Validation400/V0137.jpg,REFUGE,0,
Refuge/Refuge/REFUGE-Validation400/REFUGE-Validation400/V0138.jpg,REFUGE,0,
Refuge/Refuge/REFUGE-Validation400/REFUGE-Validation400/V0139.jpg,REFUGE,0,
Refuge/Refuge/REFUGE-Validation400/REFUGE-Validation400/V0140.jpg,REFUGE,0,
Refuge/Refuge/REFUGE-Validation400/REFUGE-Validation400/V0141.jpg,REFUGE,0,
Refuge/Refuge/REFUGE-Validation400/REFUGE-Validation400/V0142.jpg,REFUGE,0,
Refuge/Refuge/REFUGE-Validation400/REFUGE-Validation400/V0143.jpg,REFUGE,0,
Refuge/Refuge/REFUGE-Validation400/REFUGE-Validation400/V0144.jpg,REFUGE,0,
Refuge/Refuge/REFUGE-Validation400/REFUGE-Validation400/V0145.jpg,REFUGE,0,
Refuge/Refuge/REFUGE-Validation400/REFUGE-Validation400/V0146.jpg,REFUGE,0,
Refuge/Refuge/REFUGE-Validation400/REFUGE-Validation400/V0147.jpg,REFUGE,0,
Refuge/Refuge/REFUGE-Validation400/REFUGE-Validation400/V0148.jpg,REFUGE,0,
Refuge/Refuge/REFUGE-Validation400/REFUGE-Validation400/V0149.jpg,REFUGE,1,
Refuge/Refuge/REFUGE-Validation400/REFUGE-Validation400/V0150.jpg,REFUGE,0,
Refuge/Refuge/REFUGE-Validation400/REFUGE-Validation400/V0151.jpg,REFUGE,0,
Refuge/Refuge/REFUGE-Validation400/REFUGE-Validation400/V0152.jpg,REFUGE,0,
Refuge/Refuge/REFUGE-Validation400/REFUGE-Validation400/V0153.jpg,REFUGE,0,
Refuge/Refuge/REFUGE-Validation400/REFUGE-Validation400/V0154.jpg,REFUGE,0,
Refuge/Refuge/REFUGE-Validation400/REFUGE-Validation400/V0155.jpg,REFUGE,0,
Refuge/Refuge/REFUGE-Validation400/REFUGE-Validation400/V0156.jpg,REFUGE,0,
Refuge/Refuge/REFUGE-Validation400/REFUGE-Validation400/V0157.jpg,REFUGE,0,
Refuge/Refuge/REFUGE-Validation400/REFUGE-Validation400/V0158.jpg,REFUGE,0,
Refuge/Refuge/REFUGE-Validation400/REFUGE-Validation400/V0159.jpg,REFUGE,1,
Refuge/Refuge/REFUGE-Validation400/REFUGE-Validation400/V0160.jpg,REFUGE,1,
Refuge/Refuge/REFUGE-Validation400/REFUGE-Validation400/V0161.jpg,REFUGE,0,
Refuge/Refuge/REFUGE-Validation400/REFUGE-Validation400/V0162.jpg,REFUGE,0,
Refuge/Refuge/REFUGE-Validation400/REFUGE-Validation400/V0163.jpg,REFUGE,0,
Refuge/Refuge/REFUGE-Validation400/REFUGE-Validation400/V0164.jpg,REFUGE,0,
Refuge/Refuge/REFUGE-Validation400/REFUGE-Validation400/V0165.jpg,REFUGE,0,
Refuge/Refuge/REFUGE-Validation400/REFUGE-Validation400/V0166.jpg,REFUGE,0,
Refuge/Refuge/REFUGE-Validation400/REFUGE-Validation400/V0167.jpg,REFUGE,0,
Refuge/Refuge/REFUGE-Validation400/REFUGE-Validation400/V0168.jpg,REFUGE,0,
Refuge/Refuge/REFUGE-Validation400/REFUGE-Validation400/V0169.jpg,REFUGE,0,
Refuge/Refuge/REFUGE-Validation400/REFUGE-Validation400/V0170.jpg,REFUGE,0,
Refuge/Refuge/REFUGE-Validation400/REFUGE-Validation400/V0171.jpg,REFUGE,1,
Refuge/Refuge/REFUGE-Validation400/REFUGE-Validation400/V0172.jpg,REFUGE,0,
Refuge/Refuge/REFUGE-Validation400/REFUGE-Validation400/V0173.jpg,REFUGE,0,
Refuge/Refuge/REFUGE-Validation400/REFUGE-Validation400/V0174.jpg,REFUGE,0,
Refuge/Refuge/REFUGE-Validation400/REFUGE-Validation400/V0175.jpg,REFUGE,1,
Refuge/Refuge/REFUGE-Validation400/REFUGE-Validation400/V0176.jpg,REFUGE,0,
Refuge/Refuge/REFUGE-Validation400/REFUGE-Validation400/V0177.jpg,REFUGE,0,
Refuge/Refuge/REFUGE-Validation400/REFUGE-Validation400/V0178.jpg,REFUGE,0,
Refuge/Refuge/REFUGE-Validation400/REFUGE-Validation400/V0179.jpg,REFUGE,0,
Refuge/Refuge/REFUGE-Validation400/REFUGE-Validation400/V0180.jpg,REFUGE,0,
Refuge/Refuge/REFUGE-Validation400/REFUGE-Validation400/V0181.jpg,REFUGE,1,
Refuge/Refuge/REFUGE-Validation400/REFUGE-Validation400/V0182.jpg,REFUGE,0,
Refuge/Refuge/REFUGE-Validation400/REFUGE-Validation400/V0183.jpg,REFUGE,0,
Refuge/Refuge/REFUGE-Validation400/REFUGE-Validation400/V0184.jpg,REFUGE,0,
Refuge/Refuge/REFUGE-Validation400/REFUGE-Validation400/V0185.jpg,REFUGE,0,
Refuge/Refuge/REFUGE-Validation400/REFUGE-Validation400/V0186.jpg,REFUGE,0,
Refuge/Refuge/REFUGE-Validation400/REFUGE-Validation400/V0187.jpg,REFUGE,0,
Refuge/Refuge/REFUGE-Validation400/REFUGE-Validation400/V0188.jpg,REFUGE,0,
Refuge/Refuge/REFUGE-Validation400/REFUGE-Validation400/V0189.jpg,REFUGE,0,
Refuge/Refuge/REFUGE-Validation400/REFUGE-Validation400/V0190.jpg,REFUGE,0,
Refuge/Refuge/REFUGE-Validation400/REFUGE-Validation400/V0191.jpg,REFUGE,0,
Refuge/Refuge/REFUGE-Validation400/REFUGE-Validation400/V0192.jpg,REFUGE,0,
Refuge/Refuge/REFUGE-Validation400/REFUGE-Validation400/V0193.jpg,REFUGE,0,
Refuge/Refuge/REFUGE-Validation400/REFUGE-Validation400/V0194.jpg,REFUGE,0,
Refuge/Refuge/REFUGE-Validation400/REFUGE-Validation400/V0195.jpg,REFUGE,0,
Refuge/Refuge/REFUGE-Validation400/REFUGE-Validation400/V0196.jpg,REFUGE,0,
Refuge/Refuge/REFUGE-Validation400/REFUGE-Validation400/V0197.jpg,REFUGE,0,
Refuge/Refuge/REFUGE-Validation400/REFUGE-Validation400/V0198.jpg,REFUGE,0,
Refuge/Refuge/REFUGE-Validation400/REFUGE-Validation400/V0199.jpg,REFUGE,0,
Refuge/Refuge/REFUGE-Validation400/REFUGE-Validation400/V0200.jpg,REFUGE,0,
Refuge/Refuge/REFUGE-Validation400/REFUGE-Validation400/V0201.jpg,REFUGE,0,
Refuge/Refuge/REFUGE-Validation400/REFUGE-Validation400/V0202.jpg,REFUGE,0,
Refuge/Refuge/REFUGE-Validation400/REFUGE-Validation400/V0203.jpg,REFUGE,0,
Refuge/Refuge/REFUGE-Validation400/REFUGE-Validation400/V0204.jpg,REFUGE,0,
Refuge/Refuge/REFUGE-Validation400/REFUGE-Validation400/V0205.jpg,REFUGE,1,
Refuge/Refuge/REFUGE-Validation400/REFUGE-Validation400/V0206.jpg,REFUGE,0,
Refuge/Refuge/REFUGE-Validation400/REFUGE-Validation400/V0207.jpg,REFUGE,0,
Refuge/Refuge/REFUGE-Validation400/REFUGE-Validation400/V0208.jpg,REFUGE,1,
Refuge/Refuge/REFUGE-Validation400/REFUGE-Validation400/V0209.jpg,REFUGE,0,
Refuge/Refuge/REFUGE-Validation400/REFUGE-Validation400/V0210.jpg,REFUGE,0,
Refuge/Refuge/REFUGE-Validation400/REFUGE-Validation400/V0211.jpg,REFUGE,0,
Refuge/Refuge/REFUGE-Validation400/REFUGE-Validation400/V0212.jpg,REFUGE,0,
Refuge/Refuge/REFUGE-Validation400/REFUGE-Validation400/V0213.jpg,REFUGE,0,
Refuge/Refuge/REFUGE-Validation400/REFUGE-Validation400/V0214.jpg,REFUGE,1,
Refuge/Refuge/REFUGE-Validation400/REFUGE-Validation400/V0215.jpg,REFUGE,0,
Refuge/Refuge/REFUGE-Validation400/REFUGE-Validation400/V0216.jpg,REFUGE,1,
Refuge/Refuge/REFUGE-Validation400/REFUGE-Validation400/V0217.jpg,REFUGE,0,
Refuge/Refuge/REFUGE-Validation400/REFUGE-Validation400/V0218.jpg,REFUGE,0,
Refuge/Refuge/REFUGE-Validation400/REFUGE-Validation400/V0219.jpg,REFUGE,0,
Refuge/Refuge/REFUGE-Validation400/REFUGE-Validation400/V0220.jpg,REFUGE,0,
Refuge/Refuge/REFUGE-Validation400/REFUGE-Validation400/V0221.jpg,REFUGE,0,
Refuge/Refuge/REFUGE-Validation400/REFUGE-Validation400/V0222.jpg,REFUGE,0,
Refuge/Refuge/REFUGE-Validation400/REFUGE-Validation400/V0223.jpg,REFUGE,0,
Refuge/Refuge/REFUGE-Validation400/REFUGE-Validation400/V0224.jpg,REFUGE,0,
Refuge/Refuge/REFUGE-Validation400/REFUGE-Validation400/V0225.jpg,REFUGE,0,
Refuge/Refuge/REFUGE-Validation400/REFUGE-Validation400/V0226.jpg,REFUGE,1,
Refuge/Refuge/REFUGE-Validation400/REFUGE-Validation400/V0227.jpg,REFUGE,1,
Refuge/Refuge/REFUGE-Validation400/REFUGE-Validation400/V0228.jpg,REFUGE,0,
Refuge/Refuge/REFUGE-Validation400/REFUGE-Validation400/V0229.jpg,REFUGE,0,
Refuge/Refuge/REFUGE-Validation400/REFUGE-Validation400/V0230.jpg,REFUGE,0,
Refuge/Refuge/REFUGE-Validation400/REFUGE-Validation400/V0231.jpg,REFUGE,0,
Refuge/Refuge/REFUGE-Validation400/REFUGE-Validation400/V0232.jpg,REFUGE,0,
Refuge/Refuge/REFUGE-Validation400/REFUGE-Validation400/V0233.jpg,REFUGE,0,
Refuge/Refuge/REFUGE-Validation400/REFUGE-Validation400/V0234.jpg,REFUGE,0,
Refuge/Refuge/REFUGE-Validation400/REFUGE-Validation400/V0235.jpg,REFUGE,0,
Refuge/Refuge/REFUGE-Validation400/REFUGE-Validation400/V0236.jpg,REFUGE,0,
Refuge/Refuge/REFUGE-Validation400/REFUGE-Validation400/V0237.jpg,REFUGE,0,
Refuge/Refuge/REFUGE-Validation400/REFUGE-Validation400/V0238.jpg,REFUGE,0,
Refuge/Refuge/REFUGE-Validation400/REFUGE-Validation400/V0239.jpg,REFUGE,0,
Refuge/Refuge/REFUGE-Validation400/REFUGE-Validation400/V0240.jpg,REFUGE,0,
Refuge/Refuge/REFUGE-Validation400/REFUGE-Validation400/V0241.jpg,REFUGE,0,
Refuge/Refuge/REFUGE-Validation400/REFUGE-Validation400/V0242.jpg,REFUGE,1,
Refuge/Refuge/REFUGE-Validation400/REFUGE-Validation400/V0243.jpg,REFUGE,0,
Refuge/Refuge/REFUGE-Validation400/REFUGE-Validation400/V0244.jpg,REFUGE,0,
Refuge/Refuge/REFUGE-Validation400/REFUGE-Validation400/V0245.jpg,REFUGE,0,
Refuge/Refuge/REFUGE-Validation400/REFUGE-Validation400/V0246.jpg,REFUGE,0,
Refuge/Refuge/REFUGE-Validation400/REFUGE-Validation400/V0247.jpg,REFUGE,1,
Refuge/Refuge/REFUGE-Validation400/REFUGE-Validation400/V0248.jpg,REFUGE,0,
Refuge/Refuge/REFUGE-Validation400/REFUGE-Validation400/V0249.jpg,REFUGE,0,
Refuge/Refuge/REFUGE-Validation400/REFUGE-Validation400/V0250.jpg,REFUGE,0,
Refuge/Refuge/REFUGE-Validation400/REFUGE-Validation400/V0251.jpg,REFUGE,0,
Refuge/Refuge/REFUGE-Validation400/REFUGE-Validation400/V0252.jpg,REFUGE,1,
Refuge/Refuge/REFUGE-Validation400/REFUGE-Validation400/V0253.jpg,REFUGE,0,
Refuge/Refuge/REFUGE-Validation400/REFUGE-Validation400/V0254.jpg,REFUGE,0,
Refuge/Refuge/REFUGE-Validation400/REFUGE-Validation400/V0255.jpg,REFUGE,0,
Refuge/Refuge/REFUGE-Validation400/REFUGE-Validation400/V0256.jpg,REFUGE,0,
Refuge/Refuge/REFUGE-Validation400/REFUGE-Validation400/V0257.jpg,REFUGE,0,
Refuge/Refuge/REFUGE-Validation400/REFUGE-Validation400/V0258.jpg,REFUGE,0,
Refuge/Refuge/REFUGE-Validation400/REFUGE-Validation400/V0259.jpg,REFUGE,0,
Refuge/Refuge/REFUGE-Validation400/REFUGE-Validation400/V0260.jpg,REFUGE,0,
Refuge/Refuge/REFUGE-Validation400/REFUGE-Validation400/V0261.jpg,REFUGE,0,
Refuge/Refuge/REFUGE-Validation400/REFUGE-Validation400/V0262.jpg,REFUGE,0,
Refuge/Refuge/REFUGE-Validation400/REFUGE-Validation400/V0263.jpg,REFUGE,0,
Refuge/Refuge/REFUGE-Validation400/REFUGE-Validation400/V0264.jpg,REFUGE,0,
Refuge/Refuge/REFUGE-Validation400/REFUGE-Validation400/V0265.jpg,REFUGE,0,
Refuge/Refuge/REFUGE-Validation400/REFUGE-Validation400/V0266.jpg,REFUGE,0,
Refuge/Refuge/REFUGE-Validation400/REFUGE-Validation400/V0267.jpg,REFUGE,0,
Refuge/Refuge/REFUGE-Validation400/REFUGE-Validation400/V0268.jpg,REFUGE,0,
Refuge/Refuge/REFUGE-Validation400/REFUGE-Validation400/V0269.jpg,REFUGE,0,
Refuge/Refuge/REFUGE-Validation400/REFUGE-Validation400/V0270.jpg,REFUGE,1,
Refuge/Refuge/REFUGE-Validation400/REFUGE-Validation400/V0271.jpg,REFUGE,1,
Refuge/Refuge/REFUGE-Validation400/REFUGE-Validation400/V0272.jpg,REFUGE,0,
Refuge/Refuge/REFUGE-Validation400/REFUGE-Validation400/V0273.jpg,REFUGE,0,
Refuge/Refuge/REFUGE-Validation400/REFUGE-Validation400/V0274.jpg,REFUGE,0,
Refuge/Refuge/REFUGE-Validation400/REFUGE-Validation400/V0275.jpg,REFUGE,0,
Refuge/Refuge/REFUGE-Validation400/REFUGE-Validation400/V0276.jpg,REFUGE,0,
Refuge/Refuge/REFUGE-Validation400/REFUGE-Validation400/V0277.jpg,REFUGE,0,
Refuge/Refuge/REFUGE-Validation400/REFUGE-Validation400/V0278.jpg,REFUGE,0,
Refuge/Refuge/REFUGE-Validation400/REFUGE-Validation400/V0279.jpg,REFUGE,0,
Refuge/Refuge/REFUGE-Validation400/REFUGE-Validation400/V0280.jpg,REFUGE,0,
Refuge/Refuge/REFUGE-Validation400/REFUGE-Validation400/V0281.jpg,REFUGE,0,
Refuge/Refuge/REFUGE-Validation400/REFUGE-Validation400/V0282.jpg,REFUGE,0,
Refuge/Refuge/REFUGE-Validation400/REFUGE-Validation400/V0283.jpg,REFUGE,0,
Refuge/Refuge/REFUGE-Validation400/REFUGE-Validation400/V0284.jpg,REFUGE,0,
Refuge/Refuge/REFUGE-Validation400/REFUGE-Validation400/V0285.jpg,REFUGE,1,
Refuge/Refuge/REFUGE-Validation400/REFUGE-Validation400/V0286.jpg,REFUGE,0,
Refuge/Refuge/REFUGE-Validation400/REFUGE-Validation400/V0287.jpg,REFUGE,0,
Refuge/Refuge/REFUGE-Validation400/REFUGE-Validation400/V0288.jpg,REFUGE,0,
Refuge/Refuge/REFUGE-Validation400/REFUGE-Validation400/V0289.jpg,REFUGE,0,
Refuge/Refuge/REFUGE-Validation400/REFUGE-Validation400/V0290.jpg,REFUGE,0,
Refuge/Refuge/REFUGE-Validation400/REFUGE-Validation400/V0291.jpg,REFUGE,0,
Refuge/Refuge/REFUGE-Validation400/REFUGE-Validation400/V0292.jpg,REFUGE,0,
Refuge/Refuge/REFUGE-Validation400/REFUGE-Validation400/V0293.jpg,REFUGE,0,
Refuge/Refuge/REFUGE-Validation400/REFUGE-Validation400/V0294.jpg,REFUGE,0,
Refuge/Refuge/REFUGE-Validation400/REFUGE-Validation400/V0295.jpg,REFUGE,0,
Refuge/Refuge/REFUGE-Validation400/REFUGE-Validation400/V0296.jpg,REFUGE,0,
Refuge/Refuge/REFUGE-Validation400/REFUGE-Validation400/V0297.jpg,REFUGE,0,
Refuge/Refuge/REFUGE-Validation400/REFUGE-Validation400/V0298.jpg,REFUGE,0,
Refuge/Refuge/REFUGE-Validation400/REFUGE-Validation400/V0299.jpg,REFUGE,0,
Refuge/Refuge/REFUGE-Validation400/REFUGE-Validation400/V0300.jpg,REFUGE,0,
Refuge/Refuge/REFUGE-Validation400/REFUGE-Validation400/V0301.jpg,REFUGE,0,
Refuge/Refuge/REFUGE-Validation400/REFUGE-Validation400/V0302.jpg,REFUGE,0,
Refuge/Refuge/REFUGE-Validation400/REFUGE-Validation400/V0303.jpg,REFUGE,0,
Refuge/Refuge/REFUGE-Validation400/REFUGE-Validation400/V0304.jpg,REFUGE,0,
Refuge/Refuge/REFUGE-Validation400/REFUGE-Validation400/V0305.jpg,REFUGE,0,
Refuge/Refuge/REFUGE-Validation400/REFUGE-Validation400/V0306.jpg,REFUGE,0,
Refuge/Refuge/REFUGE-Validation400/REFUGE-Validation400/V0307.jpg,REFUGE,0,
Refuge/Refuge/REFUGE-Validation400/REFUGE-Validation400/V0308.jpg,REFUGE,0,
Refuge/Refuge/REFUGE-Validation400/REFUGE-Validation400/V0309.jpg,REFUGE,0,
Refuge/Refuge/REFUGE-Validation400/REFUGE-Validation400/V0310.jpg,REFUGE,0,
Refuge/Refuge/REFUGE-Validation400/REFUGE-Validation400/V0311.jpg,REFUGE,0,
Refuge/Refuge/REFUGE-Validation400/REFUGE-Validation400/V0312.jpg,REFUGE,0,
Refuge/Refuge/REFUGE-Validation400/REFUGE-Validation400/V0313.jpg,REFUGE,0,
Refuge/Refuge/REFUGE-Validation400/REFUGE-Validation400/V0314.jpg,REFUGE,0,
Refuge/Refuge/REFUGE-Validation400/REFUGE-Validation400/V0315.jpg,REFUGE,0,
Refuge/Refuge/REFUGE-Validation400/REFUGE-Validation400/V0316.jpg,REFUGE,0,
Refuge/Refuge/REFUGE-Validation400/REFUGE-Validation400/V0317.jpg,REFUGE,0,
Refuge/Refuge/REFUGE-Validation400/REFUGE-Validation400/V0318.jpg,REFUGE,0,
Refuge/Refuge/REFUGE-Validation400/REFUGE-Validation400/V0319.jpg,REFUGE,1,
Refuge/Refuge/REFUGE-Validation400/REFUGE-Validation400/V0320.jpg,REFUGE,0,
Refuge/Refuge/REFUGE-Validation400/REFUGE-Validation400/V0321.jpg,REFUGE,0,
Refuge/Refuge/REFUGE-Validation400/REFUGE-Validation400/V0322.jpg,REFUGE,0,
Refuge/Refuge/REFUGE-Validation400/REFUGE-Validation400/V0323.jpg,REFUGE,0,
Refuge/Refuge/REFUGE-Validation400/REFUGE-Validation400/V0324.jpg,REFUGE,0,
Refuge/Refuge/REFUGE-Validation400/REFUGE-Validation400/V0325.jpg,REFUGE,0,
Refuge/Refuge/REFUGE-Validation400/REFUGE-Validation400/V0326.jpg,REFUGE,0,
Refuge/Refuge/REFUGE-Validation400/REFUGE-Validation400/V0327.jpg,REFUGE,0,
Refuge/Refuge/REFUGE-Validation400/REFUGE-Validation400/V0328.jpg,REFUGE,0,
Refuge/Refuge/REFUGE-Validation400/REFUGE-Validation400/V0329.jpg,REFUGE,0,
Refuge/Refuge/REFUGE-Validation400/REFUGE-Validation400/V0330.jpg,REFUGE,0,
Refuge/Refuge/REFUGE-Validation400/REFUGE-Validation400/V0331.jpg,REFUGE,0,
Refuge/Refuge/REFUGE-Validation400/REFUGE-Validation400/V0332.jpg,REFUGE,0,
Refuge/Refuge/REFUGE-Validation400/REFUGE-Validation400/V0333.jpg,REFUGE,1,
Refuge/Refuge/REFUGE-Validation400/REFUGE-Validation400/V0334.jpg,REFUGE,0,
Refuge/Refuge/REFUGE-Validation400/REFUGE-Validation400/V0335.jpg,REFUGE,0,
Refuge/Refuge/REFUGE-Validation400/REFUGE-Validation400/V0336.jpg,REFUGE,0,
Refuge/Refuge/REFUGE-Validation400/REFUGE-Validation400/V0337.jpg,REFUGE,0,
Refuge/Refuge/REFUGE-Validation400/REFUGE-Validation400/V0338.jpg,REFUGE,0,
Refuge/Refuge/REFUGE-Validation400/REFUGE-Validation400/V0339.jpg,REFUGE,0,
Refuge/Refuge/REFUGE-Validation400/REFUGE-Validation400/V0340.jpg,REFUGE,0,
Refuge/Refuge/REFUGE-Validation400/REFUGE-Validation400/V0341.jpg,REFUGE,0,
Refuge/Refuge/REFUGE-Validation400/REFUGE-Validation400/V0342.jpg,REFUGE,1,
Refuge/Refuge/REFUGE-Validation400/REFUGE-Validation400/V0343.jpg,REFUGE,0,
Refuge/Refuge/REFUGE-Validation400/REFUGE-Validation400/V0344.jpg,REFUGE,1,
Refuge/Refuge/REFUGE-Validation400/REFUGE-Validation400/V0345.jpg,REFUGE,0,
Refuge/Refuge/REFUGE-Validation400/REFUGE-Validation400/V0346.jpg,REFUGE,0,
Refuge/Refuge/REFUGE-Validation400/REFUGE-Validation400/V0347.jpg,REFUGE,1,
Refuge/Refuge/REFUGE-Validation400/REFUGE-Validation400/V0348.jpg,REFUGE,0,
Refuge/Refuge/REFUGE-Validation400/REFUGE-Validation400/V0349.jpg,REFUGE,0,
Refuge/Refuge/REFUGE-Validation400/REFUGE-Validation400/V0350.jpg,REFUGE,0,
Refuge/Refuge/REFUGE-Validation400/REFUGE-Validation400/V0351.jpg,REFUGE,0,
Refuge/Refuge/REFUGE-Validation400/REFUGE-Validation400/V0352.jpg,REFUGE,0,
Refuge/Refuge/REFUGE-Validation400/REFUGE-Validation400/V0353.jpg,REFUGE,0,
Refuge/Refuge/REFUGE-Validation400/REFUGE-Validation400/V0354.jpg,REFUGE,0,
Refuge/Refuge/REFUGE-Validation400/REFUGE-Validation400/V0355.jpg,REFUGE,0,
Refuge/Refuge/REFUGE-Validation400/REFUGE-Validation400/V0356.jpg,REFUGE,0,
Refuge/Refuge/REFUGE-Validation400/REFUGE-Validation400/V0357.jpg,REFUGE,0,
Refuge/Refuge/REFUGE-Validation400/REFUGE-Validation400/V0358.jpg,REFUGE,0,
Refuge/Refuge/REFUGE-Validation400/REFUGE-Validation400/V0359.jpg,REFUGE,0,
Refuge/Refuge/REFUGE-Validation400/REFUGE-Validation400/V0360.jpg,REFUGE,0,
Refuge/Refuge/REFUGE-Validation400/REFUGE-Validation400/V0361.jpg,REFUGE,0,
Refuge/Refuge/REFUGE-Validation400/REFUGE-Validation400/V0362.jpg,REFUGE,0,
Refuge/Refuge/REFUGE-Validation400/REFUGE-Validation400/V0363.jpg,REFUGE,0,
Refuge/Refuge/REFUGE-Validation400/REFUGE-Validation400/V0364.jpg,REFUGE,0,
Refuge/Refuge/REFUGE-Validation400/REFUGE-Validation400/V0365.jpg,REFUGE,0,
Refuge/Refuge/REFUGE-Validation400/REFUGE-Validation400/V0366.jpg,REFUGE,0,
Refuge/Refuge/REFUGE-Validation400/REFUGE-Validation400/V0367.jpg,REFUGE,0,
Refuge/Refuge/REFUGE-Validation400/REFUGE-Validation400/V0368.jpg,REFUGE,0,
Refuge/Refuge/REFUGE-Validation400/REFUGE-Validation400/V0369.jpg,REFUGE,0,
Refuge/Refuge/REFUGE-Validation400/REFUGE-Validation400/V0370.jpg,REFUGE,0,
Refuge/Refuge/REFUGE-Validation400/REFUGE-Validation400/V0371.jpg,REFUGE,0,
Refuge/Refuge/REFUGE-Validation400/REFUGE-Validation400/V0372.jpg,REFUGE,0,
Refuge/Refuge/REFUGE-Validation400/REFUGE-Validation400/V0373.jpg,REFUGE,0,
Refuge/Refuge/REFUGE-Validation400/REFUGE-Validation400/V0374.jpg,REFUGE,0,
Refuge/Refuge/REFUGE-Validation400/REFUGE-Validation400/V0375.jpg,REFUGE,0,
Refuge/Refuge/REFUGE-Validation400/REFUGE-Validation400/V0376.jpg,REFUGE,0,
Refuge/Refuge/REFUGE-Validation400/REFUGE-Validation400/V0377.jpg,REFUGE,0,
Refuge/Refuge/REFUGE-Validation400/REFUGE-Validation400/V0378.jpg,REFUGE,0,
Refuge/Refuge/REFUGE-Validation400/REFUGE-Validation400/V0379.jpg,REFUGE,0,
Refuge/Refuge/REFUGE-Validation400/REFUGE-Validation400/V0380.jpg,REFUGE,0,
Refuge/Refuge/REFUGE-Validation400/REFUGE-Validation400/V0381.jpg,REFUGE,0,
Refuge/Refuge/REFUGE-Validation400/REFUGE-Validation400/V0382.jpg,REFUGE,0,
Refuge/Refuge/REFUGE-Validation400/REFUGE-Validation400/V0383.jpg,REFUGE,1,
Refuge/Refuge/REFUGE-Validation400/REFUGE-Validation400/V0384.jpg,REFUGE,0,
Refuge/Refuge/REFUGE-Validation400/REFUGE-Validation400/V0385.jpg,REFUGE,1,
Refuge/Refuge/REFUGE-Validation400/REFUGE-Validation400/V0386.jpg,REFUGE,0,
Refuge/Refuge/REFUGE-Validation400/REFUGE-Validation400/V0387.jpg,REFUGE,1,
Refuge/Refuge/REFUGE-Validation400/REFUGE-Validation400/V0388.jpg,REFUGE,0,
Refuge/Refuge/REFUGE-Validation400/REFUGE-Validation400/V0389.jpg,REFUGE,0,
Refuge/Refuge/REFUGE-Validation400/REFUGE-Validation400/V0390.jpg,REFUGE,0,
Refuge/Refuge/REFUGE-Validation400/REFUGE-Validation400/V0391.jpg,REFUGE,0,
Refuge/Refuge/REFUGE-Validation400/REFUGE-Validation400/V0392.jpg,REFUGE,0,
Refuge/Refuge/REFUGE-Validation400/REFUGE-Validation400/V0393.jpg,REFUGE,0,
Refuge/Refuge/REFUGE-Validation400/REFUGE-Validation400/V0394.jpg,REFUGE,0,
Refuge/Refuge/REFUGE-Validation400/REFUGE-Validation400/V0395.jpg,REFUGE,0,
Refuge/Refuge/REFUGE-Validation400/REFUGE-Validation400/V0396.jpg,REFUGE,0,
Refuge/Refuge/REFUGE-Validation400/REFUGE-Validation400/V0397.jpg,REFUGE,0,
Refuge/Refuge/REFUGE-Validation400/REFUGE-Validation400/V0398.jpg,REFUGE,0,
Refuge/Refuge/REFUGE-Validation400/REFUGE-Validation400/V0399.jpg,REFUGE,0,
Refuge/Refuge/REFUGE-Validation400/REFUGE-Validation400/V0400.jpg,REFUGE,0,
Refuge/Refuge/Test400/T0001.jpg,REFUGE,0,
Refuge/Refuge/Test400/T0002.jpg,REFUGE,0,
Refuge/Refuge/Test400/T0003.jpg,REFUGE,0,
Refuge/Refuge/Test400/T0004.jpg,REFUGE,0,
Refuge/Refuge/Test400/T0005.jpg,REFUGE,0,
Refuge/Refuge/Test400/T0006.jpg,REFUGE,0,
Refuge/Refuge/Test400/T0007.jpg,REFUGE,0,
Refuge/Refuge/Test400/T0008.jpg,REFUGE,0,
Refuge/Refuge/Test400/T0009.jpg,REFUGE,0,
Refuge/Refuge/Test400/T0010.jpg,REFUGE,1,
Refuge/Refuge/Test400/T0011.jpg,REFUGE,0,
Refuge/Refuge/Test400/T0012.jpg,REFUGE,0,
Refuge/Refuge/Test400/T0013.jpg,REFUGE,0,
Refuge/Refuge/Test400/T0014.jpg,REFUGE,0,
Refuge/Refuge/Test400/T0015.jpg,REFUGE,0,
Refuge/Refuge/Test400/T0016.jpg,REFUGE,0,
Refuge/Refuge/Test400/T0017.jpg,REFUGE,1,
Refuge/Refuge/Test400/T0018.jpg,REFUGE,0,
Refuge/Refuge/Test400/T0019.jpg,REFUGE,0,
Refuge/Refuge/Test400/T0020.jpg,REFUGE,0,
Refuge/Refuge/Test400/T0021.jpg,REFUGE,0,
Refuge/Refuge/Test400/T0022.jpg,REFUGE,0,
Refuge/Refuge/Test400/T0023.jpg,REFUGE,0,
Refuge/Refuge/Test400/T0024.jpg,REFUGE,0,
Refuge/Refuge/Test400/T0025.jpg,REFUGE,0,
Refuge/Refuge/Test400/T0026.jpg,REFUGE,0,
Refuge/Refuge/Test400/T0027.jpg,REFUGE,0,
Refuge/Refuge/Test400/T0028.jpg,REFUGE,1,
Refuge/Refuge/Test400/T0029.jpg,REFUGE,0,
Refuge/Refuge/Test400/T0030.jpg,REFUGE,0,
Refuge/Refuge/Test400/T0031.jpg,REFUGE,1,
Refuge/Refuge/Test400/T0032.jpg,REFUGE,0,
Refuge/Refuge/Test400/T0033.jpg,REFUGE,0,
Refuge/Refuge/Test400/T0034.jpg,REFUGE,0,
Refuge/Refuge/Test400/T0035.jpg,REFUGE,0,
Refuge/Refuge/Test400/T0036.jpg,REFUGE,0,
Refuge/Refuge/Test400/T0037.jpg,REFUGE,0,
Refuge/Refuge/Test400/T0038.jpg,REFUGE,0,
Refuge/Refuge/Test400/T0039.jpg,REFUGE,0,
Refuge/Refuge/Test400/T0040.jpg,REFUGE,0,
Refuge/Refuge/Test400/T0041.jpg,REFUGE,0,
Refuge/Refuge/Test400/T0042.jpg,REFUGE,0,
Refuge/Refuge/Test400/T0043.jpg,REFUGE,0,
Refuge/Refuge/Test400/T0044.jpg,REFUGE,0,
Refuge/Refuge/Test400/T0045.jpg,REFUGE,0,
Refuge/Refuge/Test400/T0046.jpg,REFUGE,0,
Refuge/Refuge/Test400/T0047.jpg,REFUGE,0,
Refuge/Refuge/Test400/T0048.jpg,REFUGE,0,
Refuge/Refuge/Test400/T0049.jpg,REFUGE,1,
Refuge/Refuge/Test400/T0050.jpg,REFUGE,0,
Refuge/Refuge/Test400/T0051.jpg,REFUGE,1,
Refuge/Refuge/Test400/T0052.jpg,REFUGE,0,
Refuge/Refuge/Test400/T0053.jpg,REFUGE,1,
Refuge/Refuge/Test400/T0054.jpg,REFUGE,0,
Refuge/Refuge/Test400/T0055.jpg,REFUGE,0,
Refuge/Refuge/Test400/T0056.jpg,REFUGE,0,
Refuge/Refuge/Test400/T0057.jpg,REFUGE,0,
Refuge/Refuge/Test400/T0058.jpg,REFUGE,0,
Refuge/Refuge/Test400/T0059.jpg,REFUGE,1,
Refuge/Refuge/Test400/T0060.jpg,REFUGE,0,
Refuge/Refuge/Test400/T0061.jpg,REFUGE,0,
Refuge/Refuge/Test400/T0062.jpg,REFUGE,0,
Refuge/Refuge/Test400/T0063.jpg,REFUGE,1,
Refuge/Refuge/Test400/T0064.jpg,REFUGE,0,
Refuge/Refuge/Test400/T0065.jpg,REFUGE,0,
Refuge/Refuge/Test400/T0066.jpg,REFUGE,0,
Refuge/Refuge/Test400/T0067.jpg,REFUGE,0,
Refuge/Refuge/Test400/T0068.jpg,REFUGE,0,
Refuge/Refuge/Test400/T0069.jpg,REFUGE,0,
Refuge/Refuge/Test400/T0070.jpg,REFUGE,0,
Refuge/Refuge/Test400/T0071.jpg,REFUGE,0,
Refuge/Refuge/Test400/T0072.jpg,REFUGE,0,
Refuge/Refuge/Test400/T0073.jpg,REFUGE,0,
Refuge/Refuge/Test400/T0074.jpg,REFUGE,0,
Refuge/Refuge/Test400/T0075.jpg,REFUGE,0,
Refuge/Refuge/Test400/T0076.jpg,REFUGE,0,
Refuge/Refuge/Test400/T0077.jpg,REFUGE,0,
Refuge/Refuge/Test400/T0078.jpg,REFUGE,0,
Refuge/Refuge/Test400/T0079.jpg,REFUGE,0,
Refuge/Refuge/Test400/T0080.jpg,REFUGE,0,
Refuge/Refuge/Test400/T0081.jpg,REFUGE,0,
Refuge/Refuge/Test400/T0082.jpg,REFUGE,0,
Refuge/Refuge/Test400/T0083.jpg,REFUGE,0,
Refuge/Refuge/Test400/T0084.jpg,REFUGE,0,
Refuge/Refuge/Test400/T0085.jpg,REFUGE,0,
Refuge/Refuge/Test400/T0086.jpg,REFUGE,0,
Refuge/Refuge/Test400/T0087.jpg,REFUGE,0,
Refuge/Refuge/Test400/T0088.jpg,REFUGE,0,
Refuge/Refuge/Test400/T0089.jpg,REFUGE,0,
Refuge/Refuge/Test400/T0090.jpg,REFUGE,0,
Refuge/Refuge/Test400/T0091.jpg,REFUGE,0,
Refuge/Refuge/Test400/T0092.jpg,REFUGE,0,
Refuge/Refuge/Test400/T0093.jpg,REFUGE,0,
Refuge/Refuge/Test400/T0094.jpg,REFUGE,1,
Refuge/Refuge/Test400/T0095.jpg,REFUGE,0,
Refuge/Refuge/Test400/T0096.jpg,REFUGE,0,
Refuge/Refuge/Test400/T0097.jpg,REFUGE,0,
Refuge/Refuge/Test400/T0098.jpg,REFUGE,0,
Refuge/Refuge/Test400/T0099.jpg,REFUGE,0,
Refuge/Refuge/Test400/T0100.jpg,REFUGE,0,
Refuge/Refuge/Test400/T0101.jpg,REFUGE,0,
Refuge/Refuge/Test400/T0102.jpg,REFUGE,0,
Refuge/Refuge/Test400/T0103.jpg,REFUGE,0,
Refuge/Refuge/Test400/T0104.jpg,REFUGE,0,
Refuge/Refuge/Test400/T0105.jpg,REFUGE,0,
Refuge/Refuge/Test400/T0106.jpg,REFUGE,0,
Refuge/Refuge/Test400/T0107.jpg,REFUGE,0,
Refuge/Refuge/Test400/T0108.jpg,REFUGE,0,
Refuge/Refuge/Test400/T0109.jpg,REFUGE,0,
Refuge/Refuge/Test400/T0110.jpg,REFUGE,0,
Refuge/Refuge/Test400/T0111.jpg,REFUGE,0,
Refuge/Refuge/Test400/T0112.jpg,REFUGE,0,
Refuge/Refuge/Test400/T0113.jpg,REFUGE,0,
Refuge/Refuge/Test400/T0114.jpg,REFUGE,0,
Refuge/Refuge/Test400/T0115.jpg,REFUGE,0,
Refuge/Refuge/Test400/T0116.jpg,REFUGE,1,
Refuge/Refuge/Test400/T0117.jpg,REFUGE,0,
Refuge/Refuge/Test400/T0118.jpg,REFUGE,0,
Refuge/Refuge/Test400/T0119.jpg,REFUGE,0,
Refuge/Refuge/Test400/T0120.jpg,REFUGE,0,
Refuge/Refuge/Test400/T0121.jpg,REFUGE,0,
Refuge/Refuge/Test400/T0122.jpg,REFUGE,0,
Refuge/Refuge/Test400/T0123.jpg,REFUGE,0,
Refuge/Refuge/Test400/T0124.jpg,REFUGE,0,
Refuge/Refuge/Test400/T0125.jpg,REFUGE,0,
Refuge/Refuge/Test400/T0126.jpg,REFUGE,0,
Refuge/Refuge/Test400/T0127.jpg,REFUGE,0,
Refuge/Refuge/Test400/T0128.jpg,REFUGE,0,
Refuge/Refuge/Test400/T0129.jpg,REFUGE,0,
Refuge/Refuge/Test400/T0130.jpg,REFUGE,0,
Refuge/Refuge/Test400/T0131.jpg,REFUGE,1,
Refuge/Refuge/Test400/T0132.jpg,REFUGE,0,
Refuge/Refuge/Test400/T0133.jpg,REFUGE,0,
Refuge/Refuge/Test400/T0134.jpg,REFUGE,0,
Refuge/Refuge/Test400/T0135.jpg,REFUGE,0,
Refuge/Refuge/Test400/T0136.jpg,REFUGE,0,
Refuge/Refuge/Test400/T0137.jpg,REFUGE,0,
Refuge/Refuge/Test400/T0138.jpg,REFUGE,0,
Refuge/Refuge/Test400/T0139.jpg,REFUGE,0,
Refuge/Refuge/Test400/T0140.jpg,REFUGE,0,
Refuge/Refuge/Test400/T0141.jpg,REFUGE,0,
Refuge/Refuge/Test400/T0142.jpg,REFUGE,0,
Refuge/Refuge/Test400/T0143.jpg,REFUGE,0,
Refuge/Refuge/Test400/T0144.jpg,REFUGE,0,
Refuge/Refuge/Test400/T0145.jpg,REFUGE,0,
Refuge/Refuge/Test400/T0146.jpg,REFUGE,0,
Refuge/Refuge/Test400/T0147.jpg,REFUGE,1,
Refuge/Refuge/Test400/T0148.jpg,REFUGE,0,
Refuge/Refuge/Test400/T0149.jpg,REFUGE,0,
Refuge/Refuge/Test400/T0150.jpg,REFUGE,0,
Refuge/Refuge/Test400/T0151.jpg,REFUGE,0,
Refuge/Refuge/Test400/T0152.jpg,REFUGE,0,
Refuge/Refuge/Test400/T0153.jpg,REFUGE,0,
Refuge/Refuge/Test400/T0154.jpg,REFUGE,0,
Refuge/Refuge/Test400/T0155.jpg,REFUGE,1,
Refuge/Refuge/Test400/T0156.jpg,REFUGE,0,
Refuge/Refuge/Test400/T0157.jpg,REFUGE,0,
Refuge/Refuge/Test400/T0158.jpg,REFUGE,0,
Refuge/Refuge/Test400/T0159.jpg,REFUGE,0,
Refuge/Refuge/Test400/T0160.jpg,REFUGE,0,
Refuge/Refuge/Test400/T0161.jpg,REFUGE,0,
Refuge/Refuge/Test400/T0162.jpg,REFUGE,0,
Refuge/Refuge/Test400/T0163.jpg,REFUGE,0,
Refuge/Refuge/Test400/T0164.jpg,REFUGE,0,
Refuge/Refuge/Test400/T0165.jpg,REFUGE,0,
Refuge/Refuge/Test400/T0166.jpg,REFUGE,0,
Refuge/Refuge/Test400/T0167.jpg,REFUGE,0,
Refuge/Refuge/Test400/T0168.jpg,REFUGE,0,
Refuge/Refuge/Test400/T0169.jpg,REFUGE,0,
Refuge/Refuge/Test400/T0170.jpg,REFUGE,0,
Refuge/Refuge/Test400/T0171.jpg,REFUGE,0,
Refuge/Refuge/Test400/T0172.jpg,REFUGE,0,
Refuge/Refuge/Test400/T0173.jpg,REFUGE,0,
Refuge/Refuge/Test400/T0174.jpg,REFUGE,0,
Refuge/Refuge/Test400/T0175.jpg,REFUGE,0,
Refuge/Refuge/Test400/T0176.jpg,REFUGE,1,
Refuge/Refuge/Test400/T0177.jpg,REFUGE,0,
Refuge/Refuge/Test400/T0178.jpg,REFUGE,0,
Refuge/Refuge/Test400/T0179.jpg,REFUGE,0,
Refuge/Refuge/Test400/T0180.jpg,REFUGE,0,
Refuge/Refuge/Test400/T0181.jpg,REFUGE,0,
Refuge/Refuge/Test400/T0182.jpg,REFUGE,0,
Refuge/Refuge/Test400/T0183.jpg,REFUGE,0,
Refuge/Refuge/Test400/T0184.jpg,REFUGE,0,
Refuge/Refuge/Test400/T0185.jpg,REFUGE,0,
Refuge/Refuge/Test400/T0186.jpg,REFUGE,0,
Refuge/Refuge/Test400/T0187.jpg,REFUGE,0,
Refuge/Refuge/Test400/T0188.jpg,REFUGE,1,
Refuge/Refuge/Test400/T0189.jpg,REFUGE,0,
Refuge/Refuge/Test400/T0190.jpg,REFUGE,0,
Refuge/Refuge/Test400/T0191.jpg,REFUGE,0,
Refuge/Refuge/Test400/T0192.jpg,REFUGE,0,
Refuge/Refuge/Test400/T0193.jpg,REFUGE,0,
Refuge/Refuge/Test400/T0194.jpg,REFUGE,0,
Refuge/Refuge/Test400/T0195.jpg,REFUGE,0,
Refuge/Refuge/Test400/T0196.jpg,REFUGE,0,
Refuge/Refuge/Test400/T0197.jpg,REFUGE,0,
Refuge/Refuge/Test400/T0198.jpg,REFUGE,0,
Refuge/Refuge/Test400/T0199.jpg,REFUGE,0,
Refuge/Refuge/Test400/T0200.jpg,REFUGE,0,
Refuge/Refuge/Test400/T0201.jpg,REFUGE,1,
Refuge/Refuge/Test400/T0202.jpg,REFUGE,0,
Refuge/Refuge/Test400/T0203.jpg,REFUGE,0,
Refuge/Refuge/Test400/T0204.jpg,REFUGE,0,
Refuge/Refuge/Test400/T0205.jpg,REFUGE,0,
Refuge/Refuge/Test400/T0206.jpg,REFUGE,0,
Refuge/Refuge/Test400/T0207.jpg,REFUGE,0,
Refuge/Refuge/Test400/T0208.jpg,REFUGE,0,
Refuge/Refuge/Test400/T0209.jpg,REFUGE,0,
Refuge/Refuge/Test400/T0210.jpg,REFUGE,0,
Refuge/Refuge/Test400/T0211.jpg,REFUGE,0,
Refuge/Refuge/Test400/T0212.jpg,REFUGE,1,
Refuge/Refuge/Test400/T0213.jpg,REFUGE,0,
Refuge/Refuge/Test400/T0214.jpg,REFUGE,0,
Refuge/Refuge/Test400/T0215.jpg,REFUGE,0,
Refuge/Refuge/Test400/T0216.jpg,REFUGE,0,
Refuge/Refuge/Test400/T0217.jpg,REFUGE,0,
Refuge/Refuge/Test400/T0218.jpg,REFUGE,0,
Refuge/Refuge/Test400/T0219.jpg,REFUGE,0,
Refuge/Refuge/Test400/T0220.jpg,REFUGE,0,
Refuge/Refuge/Test400/T0221.jpg,REFUGE,0,
Refuge/Refuge/Test400/T0222.jpg,REFUGE,0,
Refuge/Refuge/Test400/T0223.jpg,REFUGE,1,
Refuge/Refuge/Test400/T0224.jpg,REFUGE,0,
Refuge/Refuge/Test400/T0225.jpg,REFUGE,0,
Refuge/Refuge/Test400/T0226.jpg,REFUGE,0,
Refuge/Refuge/Test400/T0227.jpg,REFUGE,0,
Refuge/Refuge/Test400/T0228.jpg,REFUGE,0,
Refuge/Refuge/Test400/T0229.jpg,REFUGE,0,
Refuge/Refuge/Test400/T0230.jpg,REFUGE,0,
Refuge/Refuge/Test400/T0231.jpg,REFUGE,0,
Refuge/Refuge/Test400/T0232.jpg,REFUGE,0,
Refuge/Refuge/Test400/T0233.jpg,REFUGE,0,
Refuge/Refuge/Test400/T0234.jpg,REFUGE,1,
Refuge/Refuge/Test400/T0235.jpg,REFUGE,0,
Refuge/Refuge/Test400/T0236.jpg,REFUGE,0,
Refuge/Refuge/Test400/T0237.jpg,REFUGE,0,
Refuge/Refuge/Test400/T0238.jpg,REFUGE,0,
Refuge/Refuge/Test400/T0239.jpg,REFUGE,0,
Refuge/Refuge/Test400/T0240.jpg,REFUGE,1,
Refuge/Refuge/Test400/T0241.jpg,REFUGE,0,
Refuge/Refuge/Test400/T0242.jpg,REFUGE,0,
Refuge/Refuge/Test400/T0243.jpg,REFUGE,0,
Refuge/Refuge/Test400/T0244.jpg,REFUGE,0,
Refuge/Refuge/Test400/T0245.jpg,REFUGE,0,
Refuge/Refuge/Test400/T0246.jpg,REFUGE,0,
Refuge/Refuge/Test400/T0247.jpg,REFUGE,0,
Refuge/Refuge/Test400/T0248.jpg,REFUGE,0,
Refuge/Refuge/Test400/T0249.jpg,REFUGE,0,
Refuge/Refuge/Test400/T0250.jpg,REFUGE,1,
Refuge/Refuge/Test400/T0251.jpg,REFUGE,0,
Refuge/Refuge/Test400/T0252.jpg,REFUGE,0,
Refuge/Refuge/Test400/T0253.jpg,REFUGE,0,
Refuge/Refuge/Test400/T0254.jpg,REFUGE,0,
Refuge/Refuge/Test400/T0255.jpg,REFUGE,0,
Refuge/Refuge/Test400/T0256.jpg,REFUGE,0,
Refuge/Refuge/Test400/T0257.jpg,REFUGE,0,
Refuge/Refuge/Test400/T0258.jpg,REFUGE,0,
Refuge/Refuge/Test400/T0259.jpg,REFUGE,0,
Refuge/Refuge/Test400/T0260.jpg,REFUGE,0,
Refuge/Refuge/Test400/T0261.jpg,REFUGE,0,
Refuge/Refuge/Test400/T0262.jpg,REFUGE,0,
Refuge/Refuge/Test400/T0263.jpg,REFUGE,1,
Refuge/Refuge/Test400/T0264.jpg,REFUGE,0,
Refuge/Refuge/Test400/T0265.jpg,REFUGE,0,
Refuge/Refuge/Test400/T0266.jpg,REFUGE,0,
Refuge/Refuge/Test400/T0267.jpg,REFUGE,1,
Refuge/Refuge/Test400/T0268.jpg,REFUGE,0,
Refuge/Refuge/Test400/T0269.jpg,REFUGE,0,
Refuge/Refuge/Test400/T0270.jpg,REFUGE,0,
Refuge/Refuge/Test400/T0271.jpg,REFUGE,1,
Refuge/Refuge/Test400/T0272.jpg,REFUGE,0,
Refuge/Refuge/Test400/T0273.jpg,REFUGE,0,
Refuge/Refuge/Test400/T0274.jpg,REFUGE,0,
Refuge/Refuge/Test400/T0275.jpg,REFUGE,0,
Refuge/Refuge/Test400/T0276.jpg,REFUGE,0,
Refuge/Refuge/Test400/T0277.jpg,REFUGE,0,
Refuge/Refuge/Test400/T0278.jpg,REFUGE,0,
Refuge/Refuge/Test400/T0279.jpg,REFUGE,0,
Refuge/Refuge/Test400/T0280.jpg,REFUGE,0,
Refuge/Refuge/Test400/T0281.jpg,REFUGE,0,
Refuge/Refuge/Test400/T0282.jpg,REFUGE,0,
Refuge/Refuge/Test400/T0283.jpg,REFUGE,0,
Refuge/Refuge/Test400/T0284.jpg,REFUGE,0,
Refuge/Refuge/Test400/T0285.jpg,REFUGE,0,
Refuge/Refuge/Test400/T0286.jpg,REFUGE,0,
Refuge/Refuge/Test400/T0287.jpg,REFUGE,0,
Refuge/Refuge/Test400/T0288.jpg,REFUGE,0,
Refuge/Refuge/Test400/T0289.jpg,REFUGE,0,
Refuge/Refuge/Test400/T0290.jpg,REFUGE,0,
Refuge/Refuge/Test400/T0291.jpg,REFUGE,0,
Refuge/Refuge/Test400/T0292.jpg,REFUGE,0,
Refuge/Refuge/Test400/T0293.jpg,REFUGE,0,
Refuge/Refuge/Test400/T0294.jpg,REFUGE,0,
Refuge/Refuge/Test400/T0295.jpg,REFUGE,1,
Refuge/Refuge/Test400/T0296.jpg,REFUGE,0,
Refuge/Refuge/Test400/T0297.jpg,REFUGE,0,
Refuge/Refuge/Test400/T0298.jpg,REFUGE,0,
Refuge/Refuge/Test400/T0299.jpg,REFUGE,0,
Refuge/Refuge/Test400/T0300.jpg,REFUGE,0,
Refuge/Refuge/Test400/T0301.jpg,REFUGE,0,
Refuge/Refuge/Test400/T0302.jpg,REFUGE,0,
Refuge/Refuge/Test400/T0303.jpg,REFUGE,0,
Refuge/Refuge/Test400/T0304.jpg,REFUGE,1,
Refuge/Refuge/Test400/T0305.jpg,REFUGE,0,
Refuge/Refuge/Test400/T0306.jpg,REFUGE,1,
Refuge/Refuge/Test400/T0307.jpg,REFUGE,0,
Refuge/Refuge/Test400/T0308.jpg,REFUGE,0,
Refuge/Refuge/Test400/T0309.jpg,REFUGE,0,
Refuge/Refuge/Test400/T0310.jpg,REFUGE,1,
Refuge/Refuge/Test400/T0311.jpg,REFUGE,0,
Refuge/Refuge/Test400/T0312.jpg,REFUGE,0,
Refuge/Refuge/Test400/T0313.jpg,REFUGE,0,
Refuge/Refuge/Test400/T0314.jpg,REFUGE,0,
Refuge/Refuge/Test400/T0315.jpg,REFUGE,1,
Refuge/Refuge/Test400/T0316.jpg,REFUGE,0,
Refuge/Refuge/Test400/T0317.jpg,REFUGE,0,
Refuge/Refuge/Test400/T0318.jpg,REFUGE,0,
Refuge/Refuge/Test400/T0319.jpg,REFUGE,0,
Refuge/Refuge/Test400/T0320.jpg,REFUGE,1,
Refuge/Refuge/Test400/T0321.jpg,REFUGE,0,
Refuge/Refuge/Test400/T0322.jpg,REFUGE,1,
Refuge/Refuge/Test400/T0323.jpg,REFUGE,0,
Refuge/Refuge/Test400/T0324.jpg,REFUGE,0,
Refuge/Refuge/Test400/T0325.jpg,REFUGE,0,
Refuge/Refuge/Test400/T0326.jpg,REFUGE,0,
Refuge/Refuge/Test400/T0327.jpg,REFUGE,0,
Refuge/Refuge/Test400/T0328.jpg,REFUGE,0,
Refuge/Refuge/Test400/T0329.jpg,REFUGE,0,
Refuge/Refuge/Test400/T0330.jpg,REFUGE,0,
Refuge/Refuge/Test400/T0331.jpg,REFUGE,0,
Refuge/Refuge/Test400/T0332.jpg,REFUGE,0,
Refuge/Refuge/Test400/T0333.jpg,REFUGE,0,
Refuge/Refuge/Test400/T0334.jpg,REFUGE,0,
Refuge/Refuge/Test400/T0335.jpg,REFUGE,0,
Refuge/Refuge/Test400/T0336.jpg,REFUGE,0,
Refuge/Refuge/Test400/T0337.jpg,REFUGE,0,
Refuge/Refuge/Test400/T0338.jpg,REFUGE,0,
Refuge/Refuge/Test400/T0339.jpg,REFUGE,0,
Refuge/Refuge/Test400/T0340.jpg,REFUGE,0,
Refuge/Refuge/Test400/T0341.jpg,REFUGE,0,
Refuge/Refuge/Test400/T0342.jpg,REFUGE,1,
Refuge/Refuge/Test400/T0343.jpg,REFUGE,0,
Refuge/Refuge/Test400/T0344.jpg,REFUGE,0,
Refuge/Refuge/Test400/T0345.jpg,REFUGE,0,
Refuge/Refuge/Test400/T0346.jpg,REFUGE,1,
Refuge/Refuge/Test400/T0347.jpg,REFUGE,0,
Refuge/Refuge/Test400/T0348.jpg,REFUGE,0,
Refuge/Refuge/Test400/T0349.jpg,REFUGE,0,
Refuge/Refuge/Test400/T0350.jpg,REFUGE,0,
Refuge/Refuge/Test400/T0351.jpg,REFUGE,0,
Refuge/Refuge/Test400/T0352.jpg,REFUGE,0,
Refuge/Refuge/Test400/T0353.jpg,REFUGE,0,
Refuge/Refuge/Test400/T0354.jpg,REFUGE,0,
Refuge/Refuge/Test400/T0355.jpg,REFUGE,0,
Refuge/Refuge/Test400/T0356.jpg,REFUGE,0,
Refuge/Refuge/Test400/T0357.jpg,REFUGE,0,
Refuge/Refuge/Test400/T0358.jpg,REFUGE,0,
Refuge/Refuge/Test400/T0359.jpg,REFUGE,0,
Refuge/Refuge/Test400/T0360.jpg,REFUGE,1,
Refuge/Refuge/Test400/T0361.jpg,REFUGE,0,
Refuge/Refuge/Test400/T0362.jpg,REFUGE,0,
Refuge/Refuge/Test400/T0363.jpg,REFUGE,1,
Refuge/Refuge/Test400/T0364.jpg,REFUGE,0,
Refuge/Refuge/Test400/T0365.jpg,REFUGE,0,
Refuge/Refuge/Test400/T0366.jpg,REFUGE,0,
Refuge/Refuge/Test400/T0367.jpg,REFUGE,0,
Refuge/Refuge/Test400/T0368.jpg,REFUGE,1,
Refuge/Refuge/Test400/T0369.jpg,REFUGE,0,
Refuge/Refuge/Test400/T0370.jpg,REFUGE,1,
Refuge/Refuge/Test400/T0371.jpg,REFUGE,1,
Refuge/Refuge/Test400/T0372.jpg,REFUGE,0,
Refuge/Refuge/Test400/T0373.jpg,REFUGE,0,
Refuge/Refuge/Test400/T0374.jpg,REFUGE,0,
Refuge/Refuge/Test400/T0375.jpg,REFUGE,0,
Refuge/Refuge/Test400/T0376.jpg,REFUGE,0,
Refuge/Refuge/Test400/T0377.jpg,REFUGE,0,
Refuge/Refuge/Test400/T0378.jpg,REFUGE,0,
Refuge/Refuge/Test400/T0379.jpg,REFUGE,0,
Refuge/Refuge/Test400/T0380.jpg,REFUGE,0,
Refuge/Refuge/Test400/T0381.jpg,REFUGE,0,
Refuge/Refuge/Test400/T0382.jpg,REFUGE,0,
Refuge/Refuge/Test400/T0383.jpg,REFUGE,0,
Refuge/Refuge/Test400/T0384.jpg,REFUGE,0,
Refuge/Refuge/Test400/T0385.jpg,REFUGE,0,
Refuge/Refuge/Test400/T0386.jpg,REFUGE,0,
Refuge/Refuge/Test400/T0387.jpg,REFUGE,0,
Refuge/Refuge/Test400/T0388.jpg,REFUGE,0,
Refuge/Refuge/Test400/T0389.jpg,REFUGE,0,
Refuge/Refuge/Test400/T0390.jpg,REFUGE,0,
Refuge/Refuge/Test400/T0391.jpg,REFUGE,0,
Refuge/Refuge/Test400/T0392.jpg,REFUGE,0,
Refuge/Refuge/Test400/T0393.jpg,REFUGE,0,
Refuge/Refuge/Test400/T0394.jpg,REFUGE,0,
Refuge/Refuge/Test400/T0395.jpg,REFUGE,0,
Refuge/Refuge/Test400/T0396.jpg,REFUGE,0,
Refuge/Refuge/Test400/T0397.jpg,REFUGE,1,
Refuge/Refuge/Test400/T0398.jpg,REFUGE,0,
Refuge/Refuge/Test400/T0399.jpg,REFUGE,0,
Refuge/Refuge/Test400/T0400.jpg,REFUGE,0,
Refuge/Refuge/Training400/Glaucoma/g0001.jpg,REFUGE,1,
Refuge/Refuge/Training400/Glaucoma/g0002.jpg,REFUGE,1,
Refuge/Refuge/Training400/Glaucoma/g0003.jpg,REFUGE,1,
Refuge/Refuge/Training400/Glaucoma/g0004.jpg,REFUGE,1,
Refuge/Refuge/Training400/Glaucoma/g0005.jpg,REFUGE,1,
Refuge/Refuge/Training400/Glaucoma/g0006.jpg,REFUGE,1,
Refuge/Refuge/Training400/Glaucoma/g0007.jpg,REFUGE,1,
Refuge/Refuge/Training400/Glaucoma/g0008.jpg,REFUGE,1,
Refuge/Refuge/Training400/Glaucoma/g0009.jpg,REFUGE,1,
Refuge/Refuge/Training400/Glaucoma/g0010.jpg,REFUGE,1,
Refuge/Refuge/Training400/Glaucoma/g0011.jpg,REFUGE,1,
Refuge/Refuge/Training400/Glaucoma/g0012.jpg,REFUGE,1,
Refuge/Refuge/Training400/Glaucoma/g0013.jpg,REFUGE,1,
Refuge/Refuge/Training400/Glaucoma/g0014.jpg,REFUGE,1,
Refuge/Refuge/Training400/Glaucoma/g0015.jpg,REFUGE,1,
Refuge/Refuge/Training400/Glaucoma/g0016.jpg,REFUGE,1,
Refuge/Refuge/Training400/Glaucoma/g0017.jpg,REFUGE,1,
Refuge/Refuge/Training400/Glaucoma/g0018.jpg,REFUGE,1,
Refuge/Refuge/Training400/Glaucoma/g0019.jpg,REFUGE,1,
Refuge/Refuge/Training400/Glaucoma/g0020.jpg,REFUGE,1,
Refuge/Refuge/Training400/Glaucoma/g0021.jpg,REFUGE,1,
Refuge/Refuge/Training400/Glaucoma/g0022.jpg,REFUGE,1,
Refuge/Refuge/Training400/Glaucoma/g0023.jpg,REFUGE,1,
Refuge/Refuge/Training400/Glaucoma/g0024.jpg,REFUGE,1,
Refuge/Refuge/Training400/Glaucoma/g0025.jpg,REFUGE,1,
Refuge/Refuge/Training400/Glaucoma/g0026.jpg,REFUGE,1,
Refuge/Refuge/Training400/Glaucoma/g0027.jpg,REFUGE,1,
Refuge/Refuge/Training400/Glaucoma/g0028.jpg,REFUGE,1,
Refuge/Refuge/Training400/Glaucoma/g0029.jpg,REFUGE,1,
Refuge/Refuge/Training400/Glaucoma/g0030.jpg,REFUGE,1,
Refuge/Refuge/Training400/Glaucoma/g0031.jpg,REFUGE,1,
Refuge/Refuge/Training400/Glaucoma/g0032.jpg,REFUGE,1,
Refuge/Refuge/Training400/Glaucoma/g0033.jpg,REFUGE,1,
Refuge/Refuge/Training400/Glaucoma/g0034.jpg,REFUGE,1,
Refuge/Refuge/Training400/Glaucoma/g0035.jpg,REFUGE,1,
Refuge/Refuge/Training400/Glaucoma/g0036.jpg,REFUGE,1,
Refuge/Refuge/Training400/Glaucoma/g0037.jpg,REFUGE,1,
Refuge/Refuge/Training400/Glaucoma/g0038.jpg,REFUGE,1,
Refuge/Refuge/Training400/Glaucoma/g0039.jpg,REFUGE,1,
Refuge/Refuge/Training400/Glaucoma/g0040.jpg,REFUGE,1,
Refuge/Refuge/Training400/Non-Glaucoma/n0001.jpg,REFUGE,0,
Refuge/Refuge/Training400/Non-Glaucoma/n0002.jpg,REFUGE,0,
Refuge/Refuge/Training400/Non-Glaucoma/n0003.jpg,REFUGE,0,
Refuge/Refuge/Training400/Non-Glaucoma/n0004.jpg,REFUGE,0,
Refuge/Refuge/Training400/Non-Glaucoma/n0005.jpg,REFUGE,0,
Refuge/Refuge/Training400/Non-Glaucoma/n0006.jpg,REFUGE,0,
Refuge/Refuge/Training400/Non-Glaucoma/n0007.jpg,REFUGE,0,
Refuge/Refuge/Training400/Non-Glaucoma/n0008.jpg,REFUGE,0,
Refuge/Refuge/Training400/Non-Glaucoma/n0009.jpg,REFUGE,0,
Refuge/Refuge/Training400/Non-Glaucoma/n0010.jpg,REFUGE,0,
Refuge/Refuge/Training400/Non-Glaucoma/n0011.jpg,REFUGE,0,
Refuge/Refuge/Training400/Non-Glaucoma/n0012.jpg,REFUGE,0,
Refuge/Refuge/Training400/Non-Glaucoma/n0013.jpg,REFUGE,0,
Refuge/Refuge/Training400/Non-Glaucoma/n0014.jpg,REFUGE,0,
Refuge/Refuge/Training400/Non-Glaucoma/n0015.jpg,REFUGE,0,
Refuge/Refuge/Training400/Non-Glaucoma/n0016.jpg,REFUGE,0,
Refuge/Refuge/Training400/Non-Glaucoma/n0017.jpg,REFUGE,0,
Refuge/Refuge/Training400/Non-Glaucoma/n0018.jpg,REFUGE,0,
Refuge/Refuge/Training400/Non-Glaucoma/n0019.jpg,REFUGE,0,
Refuge/Refuge/Training400/Non-Glaucoma/n0020.jpg,REFUGE,0,
Refuge/Refuge/Training400/Non-Glaucoma/n0021.jpg,REFUGE,0,
Refuge/Refuge/Training400/Non-Glaucoma/n0022.jpg,REFUGE,0,
Refuge/Refuge/Training400/Non-Glaucoma/n0023.jpg,REFUGE,0,
Refuge/Refuge/Training400/Non-Glaucoma/n0024.jpg,REFUGE,0,
Refuge/Refuge/Training400/Non-Glaucoma/n0025.jpg,REFUGE,0,
Refuge/Refuge/Training400/Non-Glaucoma/n0026.jpg,REFUGE,0,
Refuge/Refuge/Training400/Non-Glaucoma/n0027.jpg,REFUGE,0,
Refuge/Refuge/Training400/Non-Glaucoma/n0028.jpg,REFUGE,0,
Refuge/Refuge/Training400/Non-Glaucoma/n0029.jpg,REFUGE,0,
Refuge/Refuge/Training400/Non-Glaucoma/n0030.jpg,REFUGE,0,
Refuge/Refuge/Training400/Non-Glaucoma/n0031.jpg,REFUGE,0,
Refuge/Refuge/Training400/Non-Glaucoma/n0032.jpg,REFUGE,0,
Refuge/Refuge/Training400/Non-Glaucoma/n0033.jpg,REFUGE,0,
Refuge/Refuge/Training400/Non-Glaucoma/n0034.jpg,REFUGE,0,
Refuge/Refuge/Training400/Non-Glaucoma/n0035.jpg,REFUGE,0,
Refuge/Refuge/Training400/Non-Glaucoma/n0036.jpg,REFUGE,0,
Refuge/Refuge/Training400/Non-Glaucoma/n0037.jpg,REFUGE,0,
Refuge/Refuge/Training400/Non-Glaucoma/n0038.jpg,REFUGE,0,
Refuge/Refuge/Training400/Non-Glaucoma/n0039.jpg,REFUGE,0,
Refuge/Refuge/Training400/Non-Glaucoma/n0040.jpg,REFUGE,0,
Refuge/Refuge/Training400/Non-Glaucoma/n0041.jpg,REFUGE,0,
Refuge/Refuge/Training400/Non-Glaucoma/n0042.jpg,REFUGE,0,
Refuge/Refuge/Training400/Non-Glaucoma/n0043.jpg,REFUGE,0,
Refuge/Refuge/Training400/Non-Glaucoma/n0044.jpg,REFUGE,0,
Refuge/Refuge/Training400/Non-Glaucoma/n0045.jpg,REFUGE,0,
Refuge/Refuge/Training400/Non-Glaucoma/n0046.jpg,REFUGE,0,
Refuge/Refuge/Training400/Non-Glaucoma/n0047.jpg,REFUGE,0,
Refuge/Refuge/Training400/Non-Glaucoma/n0048.jpg,REFUGE,0,
Refuge/Refuge/Training400/Non-Glaucoma/n0049.jpg,REFUGE,0,
Refuge/Refuge/Training400/Non-Glaucoma/n0050.jpg,REFUGE,0,
Refuge/Refuge/Training400/Non-Glaucoma/n0051.jpg,REFUGE,0,
Refuge/Refuge/Training400/Non-Glaucoma/n0052.jpg,REFUGE,0,
Refuge/Refuge/Training400/Non-Glaucoma/n0053.jpg,REFUGE,0,
Refuge/Refuge/Training400/Non-Glaucoma/n0054.jpg,REFUGE,0,
Refuge/Refuge/Training400/Non-Glaucoma/n0055.jpg,REFUGE,0,
Refuge/Refuge/Training400/Non-Glaucoma/n0056.jpg,REFUGE,0,
Refuge/Refuge/Training400/Non-Glaucoma/n0057.jpg,REFUGE,0,
Refuge/Refuge/Training400/Non-Glaucoma/n0058.jpg,REFUGE,0,
Refuge/Refuge/Training400/Non-Glaucoma/n0059.jpg,REFUGE,0,
Refuge/Refuge/Training400/Non-Glaucoma/n0060.jpg,REFUGE,0,
Refuge/Refuge/Training400/Non-Glaucoma/n0061.jpg,REFUGE,0,
Refuge/Refuge/Training400/Non-Glaucoma/n0062.jpg,REFUGE,0,
Refuge/Refuge/Training400/Non-Glaucoma/n0063.jpg,REFUGE,0,
Refuge/Refuge/Training400/Non-Glaucoma/n0064.jpg,REFUGE,0,
Refuge/Refuge/Training400/Non-Glaucoma/n0065.jpg,REFUGE,0,
Refuge/Refuge/Training400/Non-Glaucoma/n0066.jpg,REFUGE,0,
Refuge/Refuge/Training400/Non-Glaucoma/n0067.jpg,REFUGE,0,
Refuge/Refuge/Training400/Non-Glaucoma/n0068.jpg,REFUGE,0,
Refuge/Refuge/Training400/Non-Glaucoma/n0069.jpg,REFUGE,0,
Refuge/Refuge/Training400/Non-Glaucoma/n0070.jpg,REFUGE,0,
Refuge/Refuge/Training400/Non-Glaucoma/n0071.jpg,REFUGE,0,
Refuge/Refuge/Training400/Non-Glaucoma/n0072.jpg,REFUGE,0,
Refuge/Refuge/Training400/Non-Glaucoma/n0073.jpg,REFUGE,0,
Refuge/Refuge/Training400/Non-Glaucoma/n0074.jpg,REFUGE,0,
Refuge/Refuge/Training400/Non-Glaucoma/n0075.jpg,REFUGE,0,
Refuge/Refuge/Training400/Non-Glaucoma/n0076.jpg,REFUGE,0,
Refuge/Refuge/Training400/Non-Glaucoma/n0077.jpg,REFUGE,0,
Refuge/Refuge/Training400/Non-Glaucoma/n0078.jpg,REFUGE,0,
Refuge/Refuge/Training400/Non-Glaucoma/n0079.jpg,REFUGE,0,
Refuge/Refuge/Training400/Non-Glaucoma/n0080.jpg,REFUGE,0,
Refuge/Refuge/Training400/Non-Glaucoma/n0081.jpg,REFUGE,0,
Refuge/Refuge/Training400/Non-Glaucoma/n0082.jpg,REFUGE,0,
Refuge/Refuge/Training400/Non-Glaucoma/n0083.jpg,REFUGE,0,
Refuge/Refuge/Training400/Non-Glaucoma/n0084.jpg,REFUGE,0,
Refuge/Refuge/Training400/Non-Glaucoma/n0085.jpg,REFUGE,0,
Refuge/Refuge/Training400/Non-Glaucoma/n0086.jpg,REFUGE,0,
Refuge/Refuge/Training400/Non-Glaucoma/n0087.jpg,REFUGE,0,
Refuge/Refuge/Training400/Non-Glaucoma/n0088.jpg,REFUGE,0,
Refuge/Refuge/Training400/Non-Glaucoma/n0089.jpg,REFUGE,0,
Refuge/Refuge/Training400/Non-Glaucoma/n0090.jpg,REFUGE,0,
Refuge/Refuge/Training400/Non-Glaucoma/n0091.jpg,REFUGE,0,
Refuge/Refuge/Training400/Non-Glaucoma/n0092.jpg,REFUGE,0,
Refuge/Refuge/Training400/Non-Glaucoma/n0093.jpg,REFUGE,0,
Refuge/Refuge/Training400/Non-Glaucoma/n0094.jpg,REFUGE,0,
Refuge/Refuge/Training400/Non-Glaucoma/n0095.jpg,REFUGE,0,
Refuge/Refuge/Training400/Non-Glaucoma/n0096.jpg,REFUGE,0,
Refuge/Refuge/Training400/Non-Glaucoma/n0097.jpg,REFUGE,0,
Refuge/Refuge/Training400/Non-Glaucoma/n0098.jpg,REFUGE,0,
Refuge/Refuge/Training400/Non-Glaucoma/n0099.jpg,REFUGE,0,
Refuge/Refuge/Training400/Non-Glaucoma/n0100.jpg,REFUGE,0,
Refuge/Refuge/Training400/Non-Glaucoma/n0101.jpg,REFUGE,0,
Refuge/Refuge/Training400/Non-Glaucoma/n0102.jpg,REFUGE,0,
Refuge/Refuge/Training400/Non-Glaucoma/n0103.jpg,REFUGE,0,
Refuge/Refuge/Training400/Non-Glaucoma/n0104.jpg,REFUGE,0,
Refuge/Refuge/Training400/Non-Glaucoma/n0105.jpg,REFUGE,0,
Refuge/Refuge/Training400/Non-Glaucoma/n0106.jpg,REFUGE,0,
Refuge/Refuge/Training400/Non-Glaucoma/n0107.jpg,REFUGE,0,
Refuge/Refuge/Training400/Non-Glaucoma/n0108.jpg,REFUGE,0,
Refuge/Refuge/Training400/Non-Glaucoma/n0109.jpg,REFUGE,0,
Refuge/Refuge/Training400/Non-Glaucoma/n0110.jpg,REFUGE,0,
Refuge/Refuge/Training400/Non-Glaucoma/n0111.jpg,REFUGE,0,
Refuge/Refuge/Training400/Non-Glaucoma/n0112.jpg,REFUGE,0,
Refuge/Refuge/Training400/Non-Glaucoma/n0113.jpg,REFUGE,0,
Refuge/Refuge/Training400/Non-Glaucoma/n0114.jpg,REFUGE,0,
Refuge/Refuge/Training400/Non-Glaucoma/n0115.jpg,REFUGE,0,
Refuge/Refuge/Training400/Non-Glaucoma/n0116.jpg,REFUGE,0,
Refuge/Refuge/Training400/Non-Glaucoma/n0117.jpg,REFUGE,0,
Refuge/Refuge/Training400/Non-Glaucoma/n0118.jpg,REFUGE,0,
Refuge/Refuge/Training400/Non-Glaucoma/n0119.jpg,REFUGE,0,
Refuge/Refuge/Training400/Non-Glaucoma/n0120.jpg,REFUGE,0,
Refuge/Refuge/Training400/Non-Glaucoma/n0121.jpg,REFUGE,0,
Refuge/Refuge/Training400/Non-Glaucoma/n0122.jpg,REFUGE,0,
Refuge/Refuge/Training400/Non-Glaucoma/n0123.jpg,REFUGE,0,
Refuge/Refuge/Training400/Non-Glaucoma/n0124.jpg,REFUGE,0,
Refuge/Refuge/Training400/Non-Glaucoma/n0125.jpg,REFUGE,0,
Refuge/Refuge/Training400/Non-Glaucoma/n0126.jpg,REFUGE,0,
Refuge/Refuge/Training400/Non-Glaucoma/n0127.jpg,REFUGE,0,
Refuge/Refuge/Training400/Non-Glaucoma/n0128.jpg,REFUGE,0,
Refuge/Refuge/Training400/Non-Glaucoma/n0129.jpg,REFUGE,0,
Refuge/Refuge/Training400/Non-Glaucoma/n0130.jpg,REFUGE,0,
Refuge/Refuge/Training400/Non-Glaucoma/n0131.jpg,REFUGE,0,
Refuge/Refuge/Training400/Non-Glaucoma/n0132.jpg,REFUGE,0,
Refuge/Refuge/Training400/Non-Glaucoma/n0133.jpg,REFUGE,0,
Refuge/Refuge/Training400/Non-Glaucoma/n0134.jpg,REFUGE,0,
Refuge/Refuge/Training400/Non-Glaucoma/n0135.jpg,REFUGE,0,
Refuge/Refuge/Training400/Non-Glaucoma/n0136.jpg,REFUGE,0,
Refuge/Refuge/Training400/Non-Glaucoma/n0137.jpg,REFUGE,0,
Refuge/Refuge/Training400/Non-Glaucoma/n0138.jpg,REFUGE,0,
Refuge/Refuge/Training400/Non-Glaucoma/n0139.jpg,REFUGE,0,
Refuge/Refuge/Training400/Non-Glaucoma/n0140.jpg,REFUGE,0,
Refuge/Refuge/Training400/Non-Glaucoma/n0141.jpg,REFUGE,0,
Refuge/Refuge/Training400/Non-Glaucoma/n0142.jpg,REFUGE,0,
Refuge/Refuge/Training400/Non-Glaucoma/n0143.jpg,REFUGE,0,
Refuge/Refuge/Training400/Non-Glaucoma/n0144.jpg,REFUGE,0,
Refuge/Refuge/Training400/Non-Glaucoma/n0145.jpg,REFUGE,0,
Refuge/Refuge/Training400/Non-Glaucoma/n0146.jpg,REFUGE,0,
Refuge/Refuge/Training400/Non-Glaucoma/n0147.jpg,REFUGE,0,
Refuge/Refuge/Training400/Non-Glaucoma/n0148.jpg,REFUGE,0,
Refuge/Refuge/Training400/Non-Glaucoma/n0149.jpg,REFUGE,0,
Refuge/Refuge/Training400/Non-Glaucoma/n0150.jpg,REFUGE,0,
Refuge/Refuge/Training400/Non-Glaucoma/n0151.jpg,REFUGE,0,
Refuge/Refuge/Training400/Non-Glaucoma/n0152.jpg,REFUGE,0,
Refuge/Refuge/Training400/Non-Glaucoma/n0153.jpg,REFUGE,0,
Refuge/Refuge/Training400/Non-Glaucoma/n0154.jpg,REFUGE,0,
Refuge/Refuge/Training400/Non-Glaucoma/n0155.jpg,REFUGE,0,
Refuge/Refuge/Training400/Non-Glaucoma/n0156.jpg,REFUGE,0,
Refuge/Refuge/Training400/Non-Glaucoma/n0157.jpg,REFUGE,0,
Refuge/Refuge/Training400/Non-Glaucoma/n0158.jpg,REFUGE,0,
Refuge/Refuge/Training400/Non-Glaucoma/n0159.jpg,REFUGE,0,
Refuge/Refuge/Training400/Non-Glaucoma/n0160.jpg,REFUGE,0,
Refuge/Refuge/Training400/Non-Glaucoma/n0161.jpg,REFUGE,0,
Refuge/Refuge/Training400/Non-Glaucoma/n0162.jpg,REFUGE,0,
Refuge/Refuge/Training400/Non-Glaucoma/n0163.jpg,REFUGE,0,
Refuge/Refuge/Training400/Non-Glaucoma/n0164.jpg,REFUGE,0,
Refuge/Refuge/Training400/Non-Glaucoma/n0165.jpg,REFUGE,0,
Refuge/Refuge/Training400/Non-Glaucoma/n0166.jpg,REFUGE,0,
Refuge/Refuge/Training400/Non-Glaucoma/n0167.jpg,REFUGE,0,
Refuge/Refuge/Training400/Non-Glaucoma/n0168.jpg,REFUGE,0,
Refuge/Refuge/Training400/Non-Glaucoma/n0169.jpg,REFUGE,0,
Refuge/Refuge/Training400/Non-Glaucoma/n0170.jpg,REFUGE,0,
Refuge/Refuge/Training400/Non-Glaucoma/n0171.jpg,REFUGE,0,
Refuge/Refuge/Training400/Non-Glaucoma/n0172.jpg,REFUGE,0,
Refuge/Refuge/Training400/Non-Glaucoma/n0173.jpg,REFUGE,0,
Refuge/Refuge/Training400/Non-Glaucoma/n0174.jpg,REFUGE,0,
Refuge/Refuge/Training400/Non-Glaucoma/n0175.jpg,REFUGE,0,
Refuge/Refuge/Training400/Non-Glaucoma/n0176.jpg,REFUGE,0,
Refuge/Refuge/Training400/Non-Glaucoma/n0177.jpg,REFUGE,0,
Refuge/Refuge/Training400/Non-Glaucoma/n0178.jpg,REFUGE,0,
Refuge/Refuge/Training400/Non-Glaucoma/n0179.jpg,REFUGE,0,
Refuge/Refuge/Training400/Non-Glaucoma/n0180.jpg,REFUGE,0,
Refuge/Refuge/Training400/Non-Glaucoma/n0181.jpg,REFUGE,0,
Refuge/Refuge/Training400/Non-Glaucoma/n0182.jpg,REFUGE,0,
Refuge/Refuge/Training400/Non-Glaucoma/n0183.jpg,REFUGE,0,
Refuge/Refuge/Training400/Non-Glaucoma/n0184.jpg,REFUGE,0,
Refuge/Refuge/Training400/Non-Glaucoma/n0185.jpg,REFUGE,0,
Refuge/Refuge/Training400/Non-Glaucoma/n0186.jpg,REFUGE,0,
Refuge/Refuge/Training400/Non-Glaucoma/n0187.jpg,REFUGE,0,
Refuge/Refuge/Training400/Non-Glaucoma/n0188.jpg,REFUGE,0,
Refuge/Refuge/Training400/Non-Glaucoma/n0189.jpg,REFUGE,0,
Refuge/Refuge/Training400/Non-Glaucoma/n0190.jpg,REFUGE,0,
Refuge/Refuge/Training400/Non-Glaucoma/n0191.jpg,REFUGE,0,
Refuge/Refuge/Training400/Non-Glaucoma/n0192.jpg,REFUGE,0,
Refuge/Refuge/Training400/Non-Glaucoma/n0193.jpg,REFUGE,0,
Refuge/Refuge/Training400/Non-Glaucoma/n0194.jpg,REFUGE,0,
Refuge/Refuge/Training400/Non-Glaucoma/n0195.jpg,REFUGE,0,
Refuge/Refuge/Training400/Non-Glaucoma/n0196.jpg,REFUGE,0,
Refuge/Refuge/Training400/Non-Glaucoma/n0197.jpg,REFUGE,0,
Refuge/Refuge/Training400/Non-Glaucoma/n0198.jpg,REFUGE,0,
Refuge/Refuge/Training400/Non-Glaucoma/n0199.jpg,REFUGE,0,
Refuge/Refuge/Training400/Non-Glaucoma/n0200.jpg,REFUGE,0,
Refuge/Refuge/Training400/Non-Glaucoma/n0201.jpg,REFUGE,0,
Refuge/Refuge/Training400/Non-Glaucoma/n0202.jpg,REFUGE,0,
Refuge/Refuge/Training400/Non-Glaucoma/n0203.jpg,REFUGE,0,
Refuge/Refuge/Training400/Non-Glaucoma/n0204.jpg,REFUGE,0,
Refuge/Refuge/Training400/Non-Glaucoma/n0205.jpg,REFUGE,0,
Refuge/Refuge/Training400/Non-Glaucoma/n0206.jpg,REFUGE,0,
Refuge/Refuge/Training400/Non-Glaucoma/n0207.jpg,REFUGE,0,
Refuge/Refuge/Training400/Non-Glaucoma/n0208.jpg,REFUGE,0,
Refuge/Refuge/Training400/Non-Glaucoma/n0209.jpg,REFUGE,0,
Refuge/Refuge/Training400/Non-Glaucoma/n0210.jpg,REFUGE,0,
Refuge/Refuge/Training400/Non-Glaucoma/n0211.jpg,REFUGE,0,
Refuge/Refuge/Training400/Non-Glaucoma/n0212.jpg,REFUGE,0,
Refuge/Refuge/Training400/Non-Glaucoma/n0213.jpg,REFUGE,0,
Refuge/Refuge/Training400/Non-Glaucoma/n0214.jpg,REFUGE,0,
Refuge/Refuge/Training400/Non-Glaucoma/n0215.jpg,REFUGE,0,
Refuge/Refuge/Training400/Non-Glaucoma/n0216.jpg,REFUGE,0,
Refuge/Refuge/Training400/Non-Glaucoma/n0217.jpg,REFUGE,0,
Refuge/Refuge/Training400/Non-Glaucoma/n0218.jpg,REFUGE,0,
Refuge/Refuge/Training400/Non-Glaucoma/n0219.jpg,REFUGE,0,
Refuge/Refuge/Training400/Non-Glaucoma/n0220.jpg,REFUGE,0,
Refuge/Refuge/Training400/Non-Glaucoma/n0221.jpg,REFUGE,0,
Refuge/Refuge/Training400/Non-Glaucoma/n0222.jpg,REFUGE,0,
Refuge/Refuge/Training400/Non-Glaucoma/n0223.jpg,REFUGE,0,
Refuge/Refuge/Training400/Non-Glaucoma/n0224.jpg,REFUGE,0,
Refuge/Refuge/Training400/Non-Glaucoma/n0225.jpg,REFUGE,0,
Refuge/Refuge/Training400/Non-Glaucoma/n0226.jpg,REFUGE,0,
Refuge/Refuge/Training400/Non-Glaucoma/n0227.jpg,REFUGE,0,
Refuge/Refuge/Training400/Non-Glaucoma/n0228.jpg,REFUGE,0,
Refuge/Refuge/Training400/Non-Glaucoma/n0229.jpg,REFUGE,0,
Refuge/Refuge/Training400/Non-Glaucoma/n0230.jpg,REFUGE,0,
Refuge/Refuge/Training400/Non-Glaucoma/n0231.jpg,REFUGE,0,
Refuge/Refuge/Training400/Non-Glaucoma/n0232.jpg,REFUGE,0,
Refuge/Refuge/Training400/Non-Glaucoma/n0233.jpg,REFUGE,0,
Refuge/Refuge/Training400/Non-Glaucoma/n0234.jpg,REFUGE,0,
Refuge/Refuge/Training400/Non-Glaucoma/n0235.jpg,REFUGE,0,
Refuge/Refuge/Training400/Non-Glaucoma/n0236.jpg,REFUGE,0,
Refuge/Refuge/Training400/Non-Glaucoma/n0237.jpg,REFUGE,0,
Refuge/Refuge/Training400/Non-Glaucoma/n0238.jpg,REFUGE,0,
Refuge/Refuge/Training400/Non-Glaucoma/n0239.jpg,REFUGE,0,
Refuge/Refuge/Training400/Non-Glaucoma/n0240.jpg,REFUGE,0,
Refuge/Refuge/Training400/Non-Glaucoma/n0241.jpg,REFUGE,0,
Refuge/Refuge/Training400/Non-Glaucoma/n0242.jpg,REFUGE,0,
Refuge/Refuge/Training400/Non-Glaucoma/n0243.jpg,REFUGE,0,
Refuge/Refuge/Training400/Non-Glaucoma/n0244.jpg,REFUGE,0,
Refuge/Refuge/Training400/Non-Glaucoma/n0245.jpg,REFUGE,0,
Refuge/Refuge/Training400/Non-Glaucoma/n0246.jpg,REFUGE,0,
Refuge/Refuge/Training400/Non-Glaucoma/n0247.jpg,REFUGE,0,
Refuge/Refuge/Training400/Non-Glaucoma/n0248.jpg,REFUGE,0,
Refuge/Refuge/Training400/Non-Glaucoma/n0249.jpg,REFUGE,0,
Refuge/Refuge/Training400/Non-Glaucoma/n0250.jpg,REFUGE,0,
Refuge/Refuge/Training400/Non-Glaucoma/n0251.jpg,REFUGE,0,
Refuge/Refuge/Training400/Non-Glaucoma/n0252.jpg,REFUGE,0,
Refuge/Refuge/Training400/Non-Glaucoma/n0253.jpg,REFUGE,0,
Refuge/Refuge/Training400/Non-Glaucoma/n0254.jpg,REFUGE,0,
Refuge/Refuge/Training400/Non-Glaucoma/n0255.jpg,REFUGE,0,
Refuge/Refuge/Training400/Non-Glaucoma/n0256.jpg,REFUGE,0,
Refuge/Refuge/Training400/Non-Glaucoma/n0257.jpg,REFUGE,0,
Refuge/Refuge/Training400/Non-Glaucoma/n0258.jpg,REFUGE,0,
Refuge/Refuge/Training400/Non-Glaucoma/n0259.jpg,REFUGE,0,
Refuge/Refuge/Training400/Non-Glaucoma/n0260.jpg,REFUGE,0,
Refuge/Refuge/Training400/Non-Glaucoma/n0261.jpg,REFUGE,0,
Refuge/Refuge/Training400/Non-Glaucoma/n0262.jpg,REFUGE,0,
Refuge/Refuge/Training400/Non-Glaucoma/n0263.jpg,REFUGE,0,
Refuge/Refuge/Training400/Non-Glaucoma/n0264.jpg,REFUGE,0,
Refuge/Refuge/Training400/Non-Glaucoma/n0265.jpg,REFUGE,0,
Refuge/Refuge/Training400/Non-Glaucoma/n0266.jpg,REFUGE,0,
Refuge/Refuge/Training400/Non-Glaucoma/n0267.jpg,REFUGE,0,
Refuge/Refuge/Training400/Non-Glaucoma/n0268.jpg,REFUGE,0,
Refuge/Refuge/Training400/Non-Glaucoma/n0269.jpg,REFUGE,0,
Refuge/Refuge/Training400/Non-Glaucoma/n0270.jpg,REFUGE,0,
Refuge/Refuge/Training400/Non-Glaucoma/n0271.jpg,REFUGE,0,
Refuge/Refuge/Training400/Non-Glaucoma/n0272.jpg,REFUGE,0,
Refuge/Refuge/Training400/Non-Glaucoma/n0273.jpg,REFUGE,0,
Refuge/Refuge/Training400/Non-Glaucoma/n0274.jpg,REFUGE,0,
Refuge/Refuge/Training400/Non-Glaucoma/n0275.jpg,REFUGE,0,
Refuge/Refuge/Training400/Non-Glaucoma/n0276.jpg,REFUGE,0,
Refuge/Refuge/Training400/Non-Glaucoma/n0277.jpg,REFUGE,0,
Refuge/Refuge/Training400/Non-Glaucoma/n0278.jpg,REFUGE,0,
Refuge/Refuge/Training400/Non-Glaucoma/n0279.jpg,REFUGE,0,
Refuge/Refuge/Training400/Non-Glaucoma/n0280.jpg,REFUGE,0,
Refuge/Refuge/Training400/Non-Glaucoma/n0281.jpg,REFUGE,0,
Refuge/Refuge/Training400/Non-Glaucoma/n0282.jpg,REFUGE,0,
Refuge/Refuge/Training400/Non-Glaucoma/n0283.jpg,REFUGE,0,
Refuge/Refuge/Training400/Non-Glaucoma/n0284.jpg,REFUGE,0,
Refuge/Refuge/Training400/Non-Glaucoma/n0285.jpg,REFUGE,0,
Refuge/Refuge/Training400/Non-Glaucoma/n0286.jpg,REFUGE,0,
Refuge/Refuge/Training400/Non-Glaucoma/n0287.jpg,REFUGE,0,
Refuge/Refuge/Training400/Non-Glaucoma/n0288.jpg,REFUGE,0,
Refuge/Refuge/Training400/Non-Glaucoma/n0289.jpg,REFUGE,0,
Refuge/Refuge/Training400/Non-Glaucoma/n0290.jpg,REFUGE,0,
Refuge/Refuge/Training400/Non-Glaucoma/n0291.jpg,REFUGE,0,
Refuge/Refuge/Training400/Non-Glaucoma/n0292.jpg,REFUGE,0,
Refuge/Refuge/Training400/Non-Glaucoma/n0293.jpg,REFUGE,0,
Refuge/Refuge/Training400/Non-Glaucoma/n0294.jpg,REFUGE,0,
Refuge/Refuge/Training400/Non-Glaucoma/n0295.jpg,REFUGE,0,
Refuge/Refuge/Training400/Non-Glaucoma/n0296.jpg,REFUGE,0,
Refuge/Refuge/Training400/Non-Glaucoma/n0297.jpg,REFUGE,0,
Refuge/Refuge/Training400/Non-Glaucoma/n0298.jpg,REFUGE,0,
Refuge/Refuge/Training400/Non-Glaucoma/n0299.jpg,REFUGE,0,
Refuge/Refuge/Training400/Non-Glaucoma/n0300.jpg,REFUGE,0,
Refuge/Refuge/Training400/Non-Glaucoma/n0301.jpg,REFUGE,0,
Refuge/Refuge/Training400/Non-Glaucoma/n0302.jpg,REFUGE,0,
Refuge/Refuge/Training400/Non-Glaucoma/n0303.jpg,REFUGE,0,
Refuge/Refuge/Training400/Non-Glaucoma/n0304.jpg,REFUGE,0,
Refuge/Refuge/Training400/Non-Glaucoma/n0305.jpg,REFUGE,0,
Refuge/Refuge/Training400/Non-Glaucoma/n0306.jpg,REFUGE,0,
Refuge/Refuge/Training400/Non-Glaucoma/n0307.jpg,REFUGE,0,
Refuge/Refuge/Training400/Non-Glaucoma/n0308.jpg,REFUGE,0,
Refuge/Refuge/Training400/Non-Glaucoma/n0309.jpg,REFUGE,0,
Refuge/Refuge/Training400/Non-Glaucoma/n0310.jpg,REFUGE,0,
Refuge/Refuge/Training400/Non-Glaucoma/n0311.jpg,REFUGE,0,
Refuge/Refuge/Training400/Non-Glaucoma/n0312.jpg,REFUGE,0,
Refuge/Refuge/Training400/Non-Glaucoma/n0313.jpg,REFUGE,0,
Refuge/Refuge/Training400/Non-Glaucoma/n0314.jpg,REFUGE,0,
Refuge/Refuge/Training400/Non-Glaucoma/n0315.jpg,REFUGE,0,
Refuge/Refuge/Training400/Non-Glaucoma/n0316.jpg,REFUGE,0,
Refuge/Refuge/Training400/Non-Glaucoma/n0317.jpg,REFUGE,0,
Refuge/Refuge/Training400/Non-Glaucoma/n0318.jpg,REFUGE,0,
Refuge/Refuge/Training400/Non-Glaucoma/n0319.jpg,REFUGE,0,
Refuge/Refuge/Training400/Non-Glaucoma/n0320.jpg,REFUGE,0,
Refuge/Refuge/Training400/Non-Glaucoma/n0321.jpg,REFUGE,0,
Refuge/Refuge/Training400/Non-Glaucoma/n0322.jpg,REFUGE,0,
Refuge/Refuge/Training400/Non-Glaucoma/n0323.jpg,REFUGE,0,
Refuge/Refuge/Training400/Non-Glaucoma/n0324.jpg,REFUGE,0,
Refuge/Refuge/Training400/Non-Glaucoma/n0325.jpg,REFUGE,0,
Refuge/Refuge/Training400/Non-Glaucoma/n0326.jpg,REFUGE,0,
Refuge/Refuge/Training400/Non-Glaucoma/n0327.jpg,REFUGE,0,
Refuge/Refuge/Training400/Non-Glaucoma/n0328.jpg,REFUGE,0,
Refuge/Refuge/Training400/Non-Glaucoma/n0329.jpg,REFUGE,0,
Refuge/Refuge/Training400/Non-Glaucoma/n0330.jpg,REFUGE,0,
Refuge/Refuge/Training400/Non-Glaucoma/n0331.jpg,REFUGE,0,
Refuge/Refuge/Training400/Non-Glaucoma/n0332.jpg,REFUGE,0,
Refuge/Refuge/Training400/Non-Glaucoma/n0333.jpg,REFUGE,0,
Refuge/Refuge/Training400/Non-Glaucoma/n0334.jpg,REFUGE,0,
Refuge/Refuge/Training400/Non-Glaucoma/n0335.jpg,REFUGE,0,
Refuge/Refuge/Training400/Non-Glaucoma/n0336.jpg,REFUGE,0,
Refuge/Refuge/Training400/Non-Glaucoma/n0337.jpg,REFUGE,0,
Refuge/Refuge/Training400/Non-Glaucoma/n0338.jpg,REFUGE,0,
Refuge/Refuge/Training400/Non-Glaucoma/n0339.jpg,REFUGE,0,
Refuge/Refuge/Training400/Non-Glaucoma/n0340.jpg,REFUGE,0,
Refuge/Refuge/Training400/Non-Glaucoma/n0341.jpg,REFUGE,0,
Refuge/Refuge/Training400/Non-Glaucoma/n0342.jpg,REFUGE,0,
Refuge/Refuge/Training400/Non-Glaucoma/n0343.jpg,REFUGE,0,
Refuge/Refuge/Training400/Non-Glaucoma/n0344.jpg,REFUGE,0,
Refuge/Refuge/Training400/Non-Glaucoma/n0345.jpg,REFUGE,0,
Refuge/Refuge/Training400/Non-Glaucoma/n0346.jpg,REFUGE,0,
Refuge/Refuge/Training400/Non-Glaucoma/n0347.jpg,REFUGE,0,
Refuge/Refuge/Training400/Non-Glaucoma/n0348.jpg,REFUGE,0,
Refuge/Refuge/Training400/Non-Glaucoma/n0349.jpg,REFUGE,0,
Refuge/Refuge/Training400/Non-Glaucoma/n0350.jpg,REFUGE,0,
Refuge/Refuge/Training400/Non-Glaucoma/n0351.jpg,REFUGE,0,
Refuge/Refuge/Training400/Non-Glaucoma/n0352.jpg,REFUGE,0,
Refuge/Refuge/Training400/Non-Glaucoma/n0353.jpg,REFUGE,0,
Refuge/Refuge/Training400/Non-Glaucoma/n0354.jpg,REFUGE,0,
Refuge/Refuge/Training400/Non-Glaucoma/n0355.jpg,REFUGE,0,
Refuge/Refuge/Training400/Non-Glaucoma/n0356.jpg,REFUGE,0,
Refuge/Refuge/Training400/Non-Glaucoma/n0357.jpg,REFUGE,0,
Refuge/Refuge/Training400/Non-Glaucoma/n0358.jpg,REFUGE,0,
Refuge/Refuge/Training400/Non-Glaucoma/n0359.jpg,REFUGE,0,
Refuge/Refuge/Training400/Non-Glaucoma/n0360.jpg,REFUGE,0,
