image_path,domain,label,patient_id,split_group,source_label,sha256,source_split,split
DRISHTI-GS/Test-20211018T060000Z-001/Test/Images/glaucoma/drishtiGS_003.png,DRISHTI_GS,1,,DRISHTI_GS:image:DRISHTI-GS/Test-20211018T060000Z-001/Test/Images/glaucoma/drishtiGS_003.png,Glaucoma,32934fa7a9435d71ab881450078edd99d7d619f57a53cd78822dc90acde77974,train,train
DRISHTI-GS/Test-20211018T060000Z-001/Test/Images/glaucoma/drishtiGS_006.png,DRISHTI_GS,1,,DRISHTI_GS:image:DRISHTI-GS/Test-20211018T060000Z-001/Test/Images/glaucoma/drishtiGS_006.png,Glaucoma,9310315221aa6b00d3f7df2c9436c3e525e7a863ce584651a014ebe085147f17,train,train
DRISHTI-GS/Test-20211018T060000Z-001/Test/Images/glaucoma/drishtiGS_011.png,DRISHTI_GS,1,,DRISHTI_GS:image:DRISHTI-GS/Test-20211018T060000Z-001/Test/Images/glaucoma/drishtiGS_011.png,Glaucoma,f5d229f04022dbedc2d092cc46033304fa068b9af9c22d5f20dffee0a96cfe41,train,train
DRISHTI-GS/Test-20211018T060000Z-001/Test/Images/glaucoma/drishtiGS_014.png,DRISHTI_GS,1,,DRISHTI_GS:image:DRISHTI-GS/Test-20211018T060000Z-001/Test/Images/glaucoma/drishtiGS_014.png,Glaucoma,6c208bd80bee707840a8a96aeccca1cd807e1d1950b865af7239c38721e8be31,train,train
DRISHTI-GS/Test-20211018T060000Z-001/Test/Images/glaucoma/drishtiGS_019.png,DRISHTI_GS,1,,DRISHTI_GS:image:DRISHTI-GS/Test-20211018T060000Z-001/Test/Images/glaucoma/drishtiGS_019.png,Glaucoma,e0fda307bb2b3f67d40605ddbc79ddc870c46b29d561cbf83540a894e6f15eee,train,train
DRISHTI-GS/Test-20211018T060000Z-001/Test/Images/glaucoma/drishtiGS_020.png,DRISHTI_GS,1,,DRISHTI_GS:image:DRISHTI-GS/Test-20211018T060000Z-001/Test/Images/glaucoma/drishtiGS_020.png,Glaucoma,c77b915e2c75d22d347e20f7ae210f7396ad26a2171a29115f9dfbb4249285ca,train,train
DRISHTI-GS/Test-20211018T060000Z-001/Test/Images/glaucoma/drishtiGS_021.png,DRISHTI_GS,1,,DRISHTI_GS:image:DRISHTI-GS/Test-20211018T060000Z-001/Test/Images/glaucoma/drishtiGS_021.png,Glaucoma,73c541fd1f831b1c69aa73d3a650dfa4b0db38bee5833a65cc15ac44fe05deef,train,train
DRISHTI-GS/Test-20211018T060000Z-001/Test/Images/glaucoma/drishtiGS_023.png,DRISHTI_GS,1,,DRISHTI_GS:image:DRISHTI-GS/Test-20211018T060000Z-001/Test/Images/glaucoma/drishtiGS_023.png,Glaucoma,cf7bee0099370df9e54c0a52238aade1415eee20360b8fe369510a02bc7bd0d3,train,train
DRISHTI-GS/Test-20211018T060000Z-001/Test/Images/glaucoma/drishtiGS_025.png,DRISHTI_GS,1,,DRISHTI_GS:image:DRISHTI-GS/Test-20211018T060000Z-001/Test/Images/glaucoma/drishtiGS_025.png,Glaucoma,0f24f826c86c6bb4b333d91ca730ebd0d4075b436ca60a18e1b244dfa4e21731,train,train
DRISHTI-GS/Test-20211018T060000Z-001/Test/Images/glaucoma/drishtiGS_027.png,DRISHTI_GS,1,,DRISHTI_GS:image:DRISHTI-GS/Test-20211018T060000Z-001/Test/Images/glaucoma/drishtiGS_027.png,Glaucoma,87545ccf2d7ae12115d3f85964afb6648e12185f233c0a4baa2645b41c5d5a7e,train,train
DRISHTI-GS/Test-20211018T060000Z-001/Test/Images/glaucoma/drishtiGS_030.png,DRISHTI_GS,1,,DRISHTI_GS:image:DRISHTI-GS/Test-20211018T060000Z-001/Test/Images/glaucoma/drishtiGS_030.png,Glaucoma,dba8e6852f8e6139ec0ab141e30e0083cd75a3c3946d7faa050e0b379924e0c7,train,train
DRISHTI-GS/Test-20211018T060000Z-001/Test/Images/glaucoma/drishtiGS_034.png,DRISHTI_GS,1,,DRISHTI_GS:image:DRISHTI-GS/Test-20211018T060000Z-001/Test/Images/glaucoma/drishtiGS_034.png,Glaucoma,991e6822e531dcb8e175f0edfd4839aca2fd044d603ab87d94740b11fc15b6d9,train,train
DRISHTI-GS/Test-20211018T060000Z-001/Test/Images/glaucoma/drishtiGS_039.png,DRISHTI_GS,1,,DRISHTI_GS:image:DRISHTI-GS/Test-20211018T060000Z-001/Test/Images/glaucoma/drishtiGS_039.png,Glaucoma,426ceb3803434ff205ba6b5f90a9091bb53de790140e82a11b724be7842a652e,train,train
DRISHTI-GS/Test-20211018T060000Z-001/Test/Images/glaucoma/drishtiGS_043.png,DRISHTI_GS,1,,DRISHTI_GS:image:DRISHTI-GS/Test-20211018T060000Z-001/Test/Images/glaucoma/drishtiGS_043.png,Glaucoma,fe32b7e468a885e5137225787cf33d4234e8761d3bf670f7c1dfb5778a92c178,train,train
DRISHTI-GS/Test-20211018T060000Z-001/Test/Images/glaucoma/drishtiGS_048.png,DRISHTI_GS,1,,DRISHTI_GS:image:DRISHTI-GS/Test-20211018T060000Z-001/Test/Images/glaucoma/drishtiGS_048.png,Glaucoma,9f7066ceb0b7743285abf85db4091733f6124c756b0c258ab3044c8b2ad97a74,train,train
DRISHTI-GS/Test-20211018T060000Z-001/Test/Images/glaucoma/drishtiGS_050.png,DRISHTI_GS,1,,DRISHTI_GS:image:DRISHTI-GS/Test-20211018T060000Z-001/Test/Images/glaucoma/drishtiGS_050.png,Glaucoma,e62cbce07e2948a16c140cd2ab06d2565e1db18a33cac2df68455ec4b28bae1c,train,train
DRISHTI-GS/Test-20211018T060000Z-001/Test/Images/glaucoma/drishtiGS_052.png,DRISHTI_GS,1,,DRISHTI_GS:image:DRISHTI-GS/Test-20211018T060000Z-001/Test/Images/glaucoma/drishtiGS_052.png,Glaucoma,15f1811fc64108e84592afc49bd82917f1913f203ed83b52b768e78e9455073f,train,train
DRISHTI-GS/Test-20211018T060000Z-001/Test/Images/glaucoma/drishtiGS_053.png,DRISHTI_GS,1,,DRISHTI_GS:image:DRISHTI-GS/Test-20211018T060000Z-001/Test/Images/glaucoma/drishtiGS_053.png,Glaucoma,2f5aedd85afc0f767bd15b864aeb5a68d24eeeda4f89f0034c37b9287f483260,train,train
DRISHTI-GS/Test-20211018T060000Z-001/Test/Images/glaucoma/drishtiGS_054.png,DRISHTI_GS,1,,DRISHTI_GS:image:DRISHTI-GS/Test-20211018T060000Z-001/Test/Images/glaucoma/drishtiGS_054.png,Glaucoma,f13255c11c8138ad5bd85ec2ad137f9a9844468677d45cce5798ee8ba1172007,train,train
DRISHTI-GS/Test-20211018T060000Z-001/Test/Images/glaucoma/drishtiGS_055.png,DRISHTI_GS,1,,DRISHTI_GS:image:DRISHTI-GS/Test-20211018T060000Z-001/Test/Images/glaucoma/drishtiGS_055.png,Glaucoma,83060394763cbe9699495805fe21e76d3836a91861440a85a87bc3b257cdb553,train,train
DRISHTI-GS/Test-20211018T060000Z-001/Test/Images/glaucoma/drishtiGS_056.png,DRISHTI_GS,1,,DRISHTI_GS:image:DRISHTI-GS/Test-20211018T060000Z-001/Test/Images/glaucoma/drishtiGS_056.png,Glaucoma,dee313c4c9430c30ab59ee0cec7fe062f3ba9decaba5acda632bac8eab69a245,train,train
DRISHTI-GS/Test-20211018T060000Z-001/Test/Images/glaucoma/drishtiGS_059.png,DRISHTI_GS,1,,DRISHTI_GS:image:DRISHTI-GS/Test-20211018T060000Z-001/Test/Images/glaucoma/drishtiGS_059.png,Glaucoma,3f3ad4fb29fde03127ba760eb64d617d90102b1a09448de6f757f7fbcb89e8b6,train,train
DRISHTI-GS/Test-20211018T060000Z-001/Test/Images/glaucoma/drishtiGS_065.png,DRISHTI_GS,1,,DRISHTI_GS:image:DRISHTI-GS/Test-20211018T060000Z-001/Test/Images/glaucoma/drishtiGS_065.png,Glaucoma,58fdbf4a48e5d5a6ef6ab23c99bb494fb993ae336b2081b40830f1994c78c266,train,train
DRISHTI-GS/Test-20211018T060000Z-001/Test/Images/glaucoma/drishtiGS_067.png,DRISHTI_GS,1,,DRISHTI_GS:image:DRISHTI-GS/Test-20211018T060000Z-001/Test/Images/glaucoma/drishtiGS_067.png,Glaucoma,32a329aa206cf7e0fca3b7b65e73d5930b7843ee1adf16d5c9cffe3576c717c5,train,train
DRISHTI-GS/Test-20211018T060000Z-001/Test/Images/glaucoma/drishtiGS_070.png,DRISHTI_GS,1,,DRISHTI_GS:image:DRISHTI-GS/Test-20211018T060000Z-001/Test/Images/glaucoma/drishtiGS_070.png,Glaucoma,93381ceca9833e6aeee526c4f874314e59fe4f8853d50cec753650d4e7e2bcef,train,train
DRISHTI-GS/Test-20211018T060000Z-001/Test/Images/glaucoma/drishtiGS_073.png,DRISHTI_GS,1,,DRISHTI_GS:image:DRISHTI-GS/Test-20211018T060000Z-001/Test/Images/glaucoma/drishtiGS_073.png,Glaucoma,ba743600b6cd24fe697ff2475da2c19a420e7e7078f2f82f059e9e8dfc113ae7,train,train
DRISHTI-GS/Test-20211018T060000Z-001/Test/Images/glaucoma/drishtiGS_074.png,DRISHTI_GS,1,,DRISHTI_GS:image:DRISHTI-GS/Test-20211018T060000Z-001/Test/Images/glaucoma/drishtiGS_074.png,Glaucoma,eded4bc6d58fe2938d8170d0d932bb3c037e90e15c8e928533bb428c95769f63,train,train
DRISHTI-GS/Test-20211018T060000Z-001/Test/Images/glaucoma/drishtiGS_077.png,DRISHTI_GS,1,,DRISHTI_GS:image:DRISHTI-GS/Test-20211018T060000Z-001/Test/Images/glaucoma/drishtiGS_077.png,Glaucoma,f5e3324f97228a0c003aab72bf5cbaccee834d7adafcce0179ebf571500ef4f4,train,train
DRISHTI-GS/Test-20211018T060000Z-001/Test/Images/glaucoma/drishtiGS_079.png,DRISHTI_GS,1,,DRISHTI_GS:image:DRISHTI-GS/Test-20211018T060000Z-001/Test/Images/glaucoma/drishtiGS_079.png,Glaucoma,8aefac942a32e6980bcf241615708ab27e1bce4890aa8fc40a5fc294d4c27b01,train,train
DRISHTI-GS/Test-20211018T060000Z-001/Test/Images/glaucoma/drishtiGS_082.png,DRISHTI_GS,1,,DRISHTI_GS:image:DRISHTI-GS/Test-20211018T060000Z-001/Test/Images/glaucoma/drishtiGS_082.png,Glaucoma,64e8429bfff22edd7470a4564cee7254ccd8a766e8dc17a958a6dbd5c5b429e4,train,train
DRISHTI-GS/Test-20211018T060000Z-001/Test/Images/glaucoma/drishtiGS_083.png,DRISHTI_GS,1,,DRISHTI_GS:image:DRISHTI-GS/Test-20211018T060000Z-001/Test/Images/glaucoma/drishtiGS_083.png,Glaucoma,6061446e75df08cc67b5c5d5cdda9cc9966f6a5a7372bc0b3b9576c4bb34e968,train,train
DRISHTI-GS/Test-20211018T060000Z-001/Test/Images/glaucoma/drishtiGS_086.png,DRISHTI_GS,1,,DRISHTI_GS:image:DRISHTI-GS/Test-20211018T060000Z-001/Test/Images/glaucoma/drishtiGS_086.png,Glaucoma,41aba174317e31569526bcda936725f08116f90b13fe91b716f70755a9e12e1c,train,train
DRISHTI-GS/Test-20211018T060000Z-001/Test/Images/glaucoma/drishtiGS_087.png,DRISHTI_GS,1,,DRISHTI_GS:image:DRISHTI-GS/Test-20211018T060000Z-001/Test/Images/glaucoma/drishtiGS_087.png,Glaucoma,b1da4eccdf179799eb9c5046dcf03917ac1364ab4f95338951555c132240e57f,train,train
DRISHTI-GS/Test-20211018T060000Z-001/Test/Images/normal/drishtiGS_007.png,DRISHTI_GS,0,,DRISHTI_GS:image:DRISHTI-GS/Test-20211018T060000Z-001/Test/Images/normal/drishtiGS_007.png,Normal,c9e9076542774a3f6ac9ad458eebab5e70771b90069489a2447bfbe5953e847d,train,train
DRISHTI-GS/Test-20211018T060000Z-001/Test/Images/normal/drishtiGS_009.png,DRISHTI_GS,0,,DRISHTI_GS:image:DRISHTI-GS/Test-20211018T060000Z-001/Test/Images/normal/drishtiGS_009.png,Normal,1a61ee71e49b399ebb79adb2e7bbba4fb11e3e03c56d1e4958a04c063ab93329,train,train
DRISHTI-GS/Test-20211018T060000Z-001/Test/Images/normal/drishtiGS_013.png,DRISHTI_GS,0,,DRISHTI_GS:image:DRISHTI-GS/Test-20211018T060000Z-001/Test/Images/normal/drishtiGS_013.png,Normal,5153461355801ebffee7b5b3ba0acd3a28c7445f7759281bc04840f2bfe56c1d,train,train
DRISHTI-GS/Test-20211018T060000Z-001/Test/Images/normal/drishtiGS_072.png,DRISHTI_GS,0,,DRISHTI_GS:image:DRISHTI-GS/Test-20211018T060000Z-001/Test/Images/normal/drishtiGS_072.png,Normal,359ac734ba42fe7d226b7f40471f2b875347081f29ad23c545dc3a18abd0beed,train,train
DRISHTI-GS/Test-20211018T060000Z-001/Test/Images/normal/drishtiGS_078.png,DRISHTI_GS,0,,DRISHTI_GS:image:DRISHTI-GS/Test-20211018T060000Z-001/Test/Images/normal/drishtiGS_078.png,Normal,ac9ac722b7bdd5ca3f6a91efe8c9e03b64c4db3e08947635ea7b46290a77f6ac,train,train
DRISHTI-GS/Test-20211018T060000Z-001/Test/Images/normal/drishtiGS_085.png,DRISHTI_GS,0,,DRISHTI_GS:image:DRISHTI-GS/Test-20211018T060000Z-001/Test/Images/normal/drishtiGS_085.png,Normal,4f87880a2fd4054706274a247a4772eb229d528df80628f5215f516097d959c1,train,train
DRISHTI-GS/Test-20211018T060000Z-001/Test/Images/normal/drishtiGS_091.png,DRISHTI_GS,0,,DRISHTI_GS:image:DRISHTI-GS/Test-20211018T060000Z-001/Test/Images/normal/drishtiGS_091.png,Normal,43cb9765f26b598c4d0741cdabb73228980479f3ad8c004daaf4f388c402d6ee,train,train
DRISHTI-GS/Test-20211018T060000Z-001/Test/Images/normal/drishtiGS_093.png,DRISHTI_GS,0,,DRISHTI_GS:image:DRISHTI-GS/Test-20211018T060000Z-001/Test/Images/normal/drishtiGS_093.png,Normal,f0bc282438cfc806006a80c3fa156f14dcbd865a06323f70469e64378e54ef90,train,train
DRISHTI-GS/Test-20211018T060000Z-001/Test/Images/normal/drishtiGS_095.png,DRISHTI_GS,0,,DRISHTI_GS:image:DRISHTI-GS/Test-20211018T060000Z-001/Test/Images/normal/drishtiGS_095.png,Normal,ad8009d2f7ca5dbb0edde7d7f03c4ad2d72cb62a67447f26d808b2620946bc34,train,train
DRISHTI-GS/Test-20211018T060000Z-001/Test/Images/normal/drishtiGS_096.png,DRISHTI_GS,0,,DRISHTI_GS:image:DRISHTI-GS/Test-20211018T060000Z-001/Test/Images/normal/drishtiGS_096.png,Normal,60ec16cbe69a85adaa620d9c2e166dacc9feffbb81cc334bdd2a5e38a9660fc5,train,train
DRISHTI-GS/Test-20211018T060000Z-001/Test/Images/normal/drishtiGS_097.png,DRISHTI_GS,0,,DRISHTI_GS:image:DRISHTI-GS/Test-20211018T060000Z-001/Test/Images/normal/drishtiGS_097.png,Normal,def2962305dcd9f25157f107c315f4d1a3291c7a74828d1ee8f52a28529be387,train,train
DRISHTI-GS/Test-20211018T060000Z-001/Test/Images/normal/drishtiGS_099.png,DRISHTI_GS,0,,DRISHTI_GS:image:DRISHTI-GS/Test-20211018T060000Z-001/Test/Images/normal/drishtiGS_099.png,Normal,ccb0fe3faf21bf0cdc61358e231b0f36d2f3dba1aeb7467170859bcee94e7d18,train,train
DRISHTI-GS/Test-20211018T060000Z-001/Test/Images/normal/drishtiGS_100.png,DRISHTI_GS,0,,DRISHTI_GS:image:DRISHTI-GS/Test-20211018T060000Z-001/Test/Images/normal/drishtiGS_100.png,Normal,2085aad2c934abc7913f8b5bebdeff2cb4bba35e6359a76773a30d2419d273eb,train,train
DRISHTI-GS/Training-20211018T055246Z-001/Training/Images/GLAUCOMA/drishtiGS_002.png,DRISHTI_GS,1,,DRISHTI_GS:image:DRISHTI-GS/Training-20211018T055246Z-001/Training/Images/GLAUCOMA/drishtiGS_002.png,Glaucoma,de21c3a7f14668e47da9df261f98b1a49b06d875ac4b4a9910e97074325373ca,train,train
DRISHTI-GS/Training-20211018T055246Z-001/Training/Images/GLAUCOMA/drishtiGS_004.png,DRISHTI_GS,1,,DRISHTI_GS:image:DRISHTI-GS/Training-20211018T055246Z-001/Training/Images/GLAUCOMA/drishtiGS_004.png,Glaucoma,8986e3054c230d639cea2f105ea0b740193dc09d8cd04e57c874d799c0420d97,train,train
DRISHTI-GS/Training-20211018T055246Z-001/Training/Images/GLAUCOMA/drishtiGS_010.png,DRISHTI_GS,1,,DRISHTI_GS:image:DRISHTI-GS/Training-20211018T055246Z-001/Training/Images/GLAUCOMA/drishtiGS_010.png,Glaucoma,ee38cebd8703cb2534e345af30ecba49f081528c240791e62f13c13458a32994,train,train
DRISHTI-GS/Training-20211018T055246Z-001/Training/Images/GLAUCOMA/drishtiGS_015.png,DRISHTI_GS,1,,DRISHTI_GS:image:DRISHTI-GS/Training-20211018T055246Z-001/Training/Images/GLAUCOMA/drishtiGS_015.png,Glaucoma,099fe8b48cecf2e5cb37033dbc86f5f2a582fa6d6d9e7b5f6561e34a2d2f6b74,train,train
DRISHTI-GS/Training-20211018T055246Z-001/Training/Images/GLAUCOMA/drishtiGS_016.png,DRISHTI_GS,1,,DRISHTI_GS:image:DRISHTI-GS/Training-20211018T055246Z-001/Training/Images/GLAUCOMA/drishtiGS_016.png,Glaucoma,5a5ebceb67830c80367e5ccc5e9dd89dd43a5f32f7dfde35f5a64885d2461bec,train,train
DRISHTI-GS/Training-20211018T055246Z-001/Training/Images/GLAUCOMA/drishtiGS_022.png,DRISHTI_GS,1,,DRISHTI_GS:image:DRISHTI-GS/Training-20211018T055246Z-001/Training/Images/GLAUCOMA/drishtiGS_022.png,Glaucoma,b51272ac01fb1dbee47be2809f496fc6097e088cf6eccdb41dc88a8d51872ba1,train,train
DRISHTI-GS/Training-20211018T055246Z-001/Training/Images/GLAUCOMA/drishtiGS_024.png,DRISHTI_GS,1,,DRISHTI_GS:image:DRISHTI-GS/Training-20211018T055246Z-001/Training/Images/GLAUCOMA/drishtiGS_024.png,Glaucoma,7e602d6deb22b0e8b0615debafc20fd6d9eb2d865a4b98a3e2dca8cf4be43382,train,train
DRISHTI-GS/Training-20211018T055246Z-001/Training/Images/GLAUCOMA/drishtiGS_026.png,DRISHTI_GS,1,,DRISHTI_GS:image:DRISHTI-GS/Training-20211018T055246Z-001/Training/Images/GLAUCOMA/drishtiGS_026.png,Glaucoma,689cb9200dbd9c5c0948cb23b3fcf4b7722e958958348f48daac1eb35f5c2acc,train,train
DRISHTI-GS/Training-20211018T055246Z-001/Training/Images/GLAUCOMA/drishtiGS_031.png,DRISHTI_GS,1,,DRISHTI_GS:image:DRISHTI-GS/Training-20211018T055246Z-001/Training/Images/GLAUCOMA/drishtiGS_031.png,Glaucoma,d4dd71b2270b6106cac76cc36ad7a359540d6aeaedb491a2ba5e46b64ffca8e3,train,train
DRISHTI-GS/Training-20211018T055246Z-001/Training/Images/GLAUCOMA/drishtiGS_032.png,DRISHTI_GS,1,,DRISHTI_GS:image:DRISHTI-GS/Training-20211018T055246Z-001/Training/Images/GLAUCOMA/drishtiGS_032.png,Glaucoma,265dea93bcae047d0f6ffc851185b2e89184282c0ba4f5918c9df35fd8d2e16d,train,train
DRISHTI-GS/Training-20211018T055246Z-001/Training/Images/GLAUCOMA/drishtiGS_038.png,DRISHTI_GS,1,,DRISHTI_GS:image:DRISHTI-GS/Training-20211018T055246Z-001/Training/Images/GLAUCOMA/drishtiGS_038.png,Glaucoma,05ee837327e4b0e7af586fdcc472a3855a2862a3c47db0d148033fad4532bd3c,train,train
DRISHTI-GS/Training-20211018T055246Z-001/Training/Images/GLAUCOMA/drishtiGS_040.png,DRISHTI_GS,1,,DRISHTI_GS:image:DRISHTI-GS/Training-20211018T055246Z-001/Training/Images/GLAUCOMA/drishtiGS_040.png,Glaucoma,a551034c742ed9b06174d202a5167e787f2ee1e1f13a2616d6166fd6714ae638,train,train
DRISHTI-GS/Training-20211018T055246Z-001/Training/Images/GLAUCOMA/drishtiGS_044.png,DRISHTI_GS,1,,DRISHTI_GS:image:DRISHTI-GS/Training-20211018T055246Z-001/Training/Images/GLAUCOMA/drishtiGS_044.png,Glaucoma,81749329fba25564ef7ef74fe86238fbbdea23b82045f92d7047a3398117394d,train,train
DRISHTI-GS/Training-20211018T055246Z-001/Training/Images/GLAUCOMA/drishtiGS_049.png,DRISHTI_GS,1,,DRISHTI_GS:image:DRISHTI-GS/Training-20211018T055246Z-001/Training/Images/GLAUCOMA/drishtiGS_049.png,Glaucoma,cfe3324ea50a736b2798a9078588aae29a7fc3ad707c98c01cd362afbc1eef0b,train,train
DRISHTI-GS/Training-20211018T055246Z-001/Training/Images/GLAUCOMA/drishtiGS_051.png,DRISHTI_GS,1,,DRISHTI_GS:image:DRISHTI-GS/Training-20211018T055246Z-001/Training/Images/GLAUCOMA/drishtiGS_051.png,Glaucoma,67547336edce9da263f77ab384609f52882d8fa1c82383f054b36f0952d5feb8,train,train
DRISHTI-GS/Training-20211018T055246Z-001/Training/Images/GLAUCOMA/drishtiGS_058.png,DRISHTI_GS,1,,DRISHTI_GS:image:DRISHTI-GS/Training-20211018T055246Z-001/Training/Images/GLAUCOMA/drishtiGS_058.png,Glaucoma,28a24f050538859b36882875f73a5e2e20fa0091187e8548db51f97931f4cdf0,train,train
DRISHTI-GS/Training-20211018T055246Z-001/Training/Images/GLAUCOMA/drishtiGS_060.png,DRISHTI_GS,1,,DRISHTI_GS:image:DRISHTI-GS/Training-20211018T055246Z-001/Training/Images/GLAUCOMA/drishtiGS_060.png,Glaucoma,8bdcb02d3ef3f31fc530f0535db7e12d0df33b3193961ffdc47edbfe53f05e98,train,train
DRISHTI-GS/Training-20211018T055246Z-001/Training/Images/GLAUCOMA/drishtiGS_061.png,DRISHTI_GS,1,,DRISHTI_GS:image:DRISHTI-GS/Training-20211018T055246Z-001/Training/Images/GLAUCOMA/drishtiGS_061.png,Glaucoma,1a28eaab370783a319a1db3d67d9b9a27b8b40eb76d80ab2313999f0b961a94a,train,train
DRISHTI-GS/Training-20211018T055246Z-001/Training/Images/GLAUCOMA/drishtiGS_062.png,DRISHTI_GS,1,,DRISHTI_GS:image:DRISHTI-GS/Training-20211018T055246Z-001/Training/Images/GLAUCOMA/drishtiGS_062.png,Glaucoma,fe67ee9b263a2709a6d2c9a040b34df4ea7a6d8bc979ac4ddd7c95128c7a1610,train,train
DRISHTI-GS/Training-20211018T055246Z-001/Training/Images/GLAUCOMA/drishtiGS_063.png,DRISHTI_GS,1,,DRISHTI_GS:image:DRISHTI-GS/Training-20211018T055246Z-001/Training/Images/GLAUCOMA/drishtiGS_063.png,Glaucoma,6085b22374375eccf939a63950b3891d10d694a1e65019ab61177290892c9659,train,train
DRISHTI-GS/Training-20211018T055246Z-001/Training/Images/GLAUCOMA/drishtiGS_064.png,DRISHTI_GS,1,,DRISHTI_GS:image:DRISHTI-GS/Training-20211018T055246Z-001/Training/Images/GLAUCOMA/drishtiGS_064.png,Glaucoma,9bf001645d147f8cd0aa7ad9be000c9a0d79be3b287878477177ca8145e2d5f7,train,train
DRISHTI-GS/Training-20211018T055246Z-001/Training/Images/GLAUCOMA/drishtiGS_066.png,DRISHTI_GS,1,,DRISHTI_GS:image:DRISHTI-GS/Training-20211018T055246Z-001/Training/Images/GLAUCOMA/drishtiGS_066.png,Glaucoma,db01ca245067567b54b24bb97f38c1bca82e98a469b3d6a05813b9908287ac71,train,train
DRISHTI-GS/Training-20211018T055246Z-001/Training/Images/GLAUCOMA/drishtiGS_068.png,DRISHTI_GS,1,,DRISHTI_GS:image:DRISHTI-GS/Training-20211018T055246Z-001/Training/Images/GLAUCOMA/drishtiGS_068.png,Glaucoma,4684383c816644df0277d496e307de1633948debf7f4436e8254d24f02188e73,train,train
DRISHTI-GS/Training-20211018T055246Z-001/Training/Images/GLAUCOMA/drishtiGS_069.png,DRISHTI_GS,1,,DRISHTI_GS:image:DRISHTI-GS/Training-20211018T055246Z-001/Training/Images/GLAUCOMA/drishtiGS_069.png,Glaucoma,69fc93f466b405edf1c0820b98e314aede7c97db488d93dff8a7f51def410c43,train,train
DRISHTI-GS/Training-20211018T055246Z-001/Training/Images/GLAUCOMA/drishtiGS_075.png,DRISHTI_GS,1,,DRISHTI_GS:image:DRISHTI-GS/Training-20211018T055246Z-001/Training/Images/GLAUCOMA/drishtiGS_075.png,Glaucoma,f4c6ded3cd615da7f66bc29fa991f482071179ce8d316efe6e4966c68aceda41,train,train
DRISHTI-GS/Training-20211018T055246Z-001/Training/Images/GLAUCOMA/drishtiGS_076.png,DRISHTI_GS,1,,DRISHTI_GS:image:DRISHTI-GS/Training-20211018T055246Z-001/Training/Images/GLAUCOMA/drishtiGS_076.png,Glaucoma,fbad091e203e725a0dee39df7b3d299336f4507bc6d900e549e24bdbfcc27873,train,train
DRISHTI-GS/Training-20211018T055246Z-001/Training/Images/GLAUCOMA/drishtiGS_080.png,DRISHTI_GS,1,,DRISHTI_GS:image:DRISHTI-GS/Training-20211018T055246Z-001/Training/Images/GLAUCOMA/drishtiGS_080.png,Glaucoma,1502016115f51a1f741719edcc5df6a5c297ffc6abb4c45140654624dee1db51,train,train
DRISHTI-GS/Training-20211018T055246Z-001/Training/Images/GLAUCOMA/drishtiGS_081.png,DRISHTI_GS,1,,DRISHTI_GS:image:DRISHTI-GS/Training-20211018T055246Z-001/Training/Images/GLAUCOMA/drishtiGS_081.png,Glaucoma,21f8b7085974ceb72a96e2710a5174003d43500dd8169e628a72cdd6c215c88a,train,train
DRISHTI-GS/Training-20211018T055246Z-001/Training/Images/GLAUCOMA/drishtiGS_084.png,DRISHTI_GS,1,,DRISHTI_GS:image:DRISHTI-GS/Training-20211018T055246Z-001/Training/Images/GLAUCOMA/drishtiGS_084.png,Glaucoma,eefc92a5e22fcb6ee4a31f050216e00968085520598a58c0eee984c372ccc62d,train,train
DRISHTI-GS/Training-20211018T055246Z-001/Training/Images/GLAUCOMA/drishtiGS_088.png,DRISHTI_GS,1,,DRISHTI_GS:image:DRISHTI-GS/Training-20211018T055246Z-001/Training/Images/GLAUCOMA/drishtiGS_088.png,Glaucoma,f6e66bc204b9cba75d18f4d762ab62e454d66c4d2a0acf2e9bcae89211bc0793,train,train
DRISHTI-GS/Training-20211018T055246Z-001/Training/Images/NORMAL/drishtiGS_008.png,DRISHTI_GS,0,,DRISHTI_GS:image:DRISHTI-GS/Training-20211018T055246Z-001/Training/Images/NORMAL/drishtiGS_008.png,Normal,2225c26773b57e35a35d9e7fbcc08e4b9271e932912c6e2bace0d275ef499c59,train,train
DRISHTI-GS/Training-20211018T055246Z-001/Training/Images/NORMAL/drishtiGS_017.png,DRISHTI_GS,0,,DRISHTI_GS:image:DRISHTI-GS/Training-20211018T055246Z-001/Training/Images/NORMAL/drishtiGS_017.png,Normal,0a5366a376b9c86ff15da938a3b24e8da881647d085e7f4225fb731ec1e74acd,train,train
DRISHTI-GS/Training-20211018T055246Z-001/Training/Images/NORMAL/drishtiGS_033.png,DRISHTI_GS,0,,DRISHTI_GS:image:DRISHTI-GS/Training-20211018T055246Z-001/Training/Images/NORMAL/drishtiGS_033.png,Normal,e608ef0aedccaebab9cbbe11f98c101592defc63f72e9725cdbcca213e26e25b,train,train
DRISHTI-GS/Training-20211018T055246Z-001/Training/Images/NORMAL/drishtiGS_035.png,DRISHTI_GS,0,,DRISHTI_GS:image:DRISHTI-GS/Training-20211018T055246Z-001/Training/Images/NORMAL/drishtiGS_035.png,Normal,e47e687d2b3e367d589cdfb4ffb2d3aa2abcbd5a1a15b83f1ec19509883995b2,train,train
DRISHTI-GS/Training-20211018T055246Z-001/Training/Images/NORMAL/drishtiGS_036.png,DRISHTI_GS,0,,DRISHTI_GS:image:DRISHTI-GS/Training-20211018T055246Z-001/Training/Images/NORMAL/drishtiGS_036.png,Normal,fc7f4a32966d4cc6c0eb71e84554e7b64bfeb0013ef8391028f7945ddb398643,train,train
DRISHTI-GS/Training-20211018T055246Z-001/Training/Images/NORMAL/drishtiGS_037.png,DRISHTI_GS,0,,DRISHTI_GS:image:DRISHTI-GS/Training-20211018T055246Z-001/Training/Images/NORMAL/drishtiGS_037.png,Normal,bf2dffac2032365120aba9db1d4c03c311eb35121c03678eb6ff86655dabd32d,train,train
DRISHTI-GS/Training-20211018T055246Z-001/Training/Images/NORMAL/drishtiGS_041.png,DRISHTI_GS,0,,DRISHTI_GS:image:DRISHTI-GS/Training-20211018T055246Z-001/Training/Images/NORMAL/drishtiGS_041.png,Normal,0d28a788af0c6d0a755718d2bedf02cb7adb810309cd9419620445f5c43515d4,train,train
DRISHTI-GS/Training-20211018T055246Z-001/Training/Images/NORMAL/drishtiGS_042.png,DRISHTI_GS,0,,DRISHTI_GS:image:DRISHTI-GS/Training-20211018T055246Z-001/Training/Images/NORMAL/drishtiGS_042.png,Normal,cfb8d61b6bb5c04d1113fd9026febf0be20d6794389d515e9fb8dff4b17e75e0,train,train
DRISHTI-GS/Training-20211018T055246Z-001/Training/Images/NORMAL/drishtiGS_047.png,DRISHTI_GS,0,,DRISHTI_GS:image:DRISHTI-GS/Training-20211018T055246Z-001/Training/Images/NORMAL/drishtiGS_047.png,Normal,a6249f02e237efed06965955367caac27f56784ba454a7e32687161765d99617,train,train
DRISHTI-GS/Training-20211018T055246Z-001/Training/Images/NORMAL/drishtiGS_057.png,DRISHTI_GS,0,,DRISHTI_GS:image:DRISHTI-GS/Training-20211018T055246Z-001/Training/Images/NORMAL/drishtiGS_057.png,Normal,bfcecba3a57c4441bfe0ab490823ad9baf33c726c6c10c6bd299c0b81b80f65f,train,train
DRISHTI-GS/Training-20211018T055246Z-001/Training/Images/NORMAL/drishtiGS_089.png,DRISHTI_GS,0,,DRISHTI_GS:image:DRISHTI-GS/Training-20211018T055246Z-001/Training/Images/NORMAL/drishtiGS_089.png,Normal,3c12171a1c7cfddb57ed85cb16355ff4d5fa512b49b4f8f05182efe7036a03e8,train,train
DRISHTI-GS/Training-20211018T055246Z-001/Training/Images/NORMAL/drishtiGS_090.png,DRISHTI_GS,0,,DRISHTI_GS:image:DRISHTI-GS/Training-20211018T055246Z-001/Training/Images/NORMAL/drishtiGS_090.png,Normal,755c2125ed13255fe14cbdf83660126195e5f51a02c18e269737addeddb6c04f,train,train
DRISHTI-GS/Training-20211018T055246Z-001/Training/Images/NORMAL/drishtiGS_092.png,DRISHTI_GS,0,,DRISHTI_GS:image:DRISHTI-GS/Training-20211018T055246Z-001/Training/Images/NORMAL/drishtiGS_092.png,Normal,ae338e6d98f286d8c7a04c5abcf49b11095721c14a6892bdc527449e30ae20ff,train,train
DRISHTI-GS/Training-20211018T055246Z-001/Training/Images/NORMAL/drishtiGS_094.png,DRISHTI_GS,0,,DRISHTI_GS:image:DRISHTI-GS/Training-20211018T055246Z-001/Training/Images/NORMAL/drishtiGS_094.png,Normal,7ecf876dbc46332abd1c2f37534e70cdaf914600af6aece6bbfe174f2ea24b09,train,train
DRISHTI-GS/Training-20211018T055246Z-001/Training/Images/NORMAL/drishtiGS_101.png,DRISHTI_GS,0,,DRISHTI_GS:image:DRISHTI-GS/Training-20211018T055246Z-001/Training/Images/NORMAL/drishtiGS_101.png,Normal,c51329b4932a09374c58a6f8e564748844be7b304d31bc037365dc8393ac45c8,train,train
DRISHTI-GS/Test-20211018T060000Z-001/Test/Images/glaucoma/drishtiGS_001.png,DRISHTI_GS,1,,DRISHTI_GS:image:DRISHTI-GS/Test-20211018T060000Z-001/Test/Images/glaucoma/drishtiGS_001.png,Glaucoma,1208141d490c74e6d533538fe303a619b54e9794787745b2fef2fa5945d234fc,val,val
DRISHTI-GS/Test-20211018T060000Z-001/Test/Images/glaucoma/drishtiGS_005.png,DRISHTI_GS,1,,DRISHTI_GS:image:DRISHTI-GS/Test-20211018T060000Z-001/Test/Images/glaucoma/drishtiGS_005.png,Glaucoma,de08a40352be8d4b04eed4d12dbfb6c33936492310518ceb29ca8b82e18881b9,val,val
DRISHTI-GS/Test-20211018T060000Z-001/Test/Images/glaucoma/drishtiGS_028.png,DRISHTI_GS,1,,DRISHTI_GS:image:DRISHTI-GS/Test-20211018T060000Z-001/Test/Images/glaucoma/drishtiGS_028.png,Glaucoma,0bf6abb5444a80eb4d2fdb6bc592fae19208f1005cec820b1f04f309b83c5d5b,val,val
DRISHTI-GS/Test-20211018T060000Z-001/Test/Images/glaucoma/drishtiGS_029.png,DRISHTI_GS,1,,DRISHTI_GS:image:DRISHTI-GS/Test-20211018T060000Z-001/Test/Images/glaucoma/drishtiGS_029.png,Glaucoma,0eb25cfe8320bd9c7d4e3efa8dcf08a71615cb2569059dc8377a3751b2f580f0,val,val
DRISHTI-GS/Test-20211018T060000Z-001/Test/Images/glaucoma/drishtiGS_071.png,DRISHTI_GS,1,,DRISHTI_GS:image:DRISHTI-GS/Test-20211018T060000Z-001/Test/Images/glaucoma/drishtiGS_071.png,Glaucoma,cb7a2c4f9608a7b3328cb70aa430bf94a7bbd70995bb90d4e45021cb9d7b2204,val,val
DRISHTI-GS/Training-20211018T055246Z-001/Training/Images/GLAUCOMA/drishtiGS_012.png,DRISHTI_GS,1,,DRISHTI_GS:image:DRISHTI-GS/Training-20211018T055246Z-001/Training/Images/GLAUCOMA/drishtiGS_012.png,Glaucoma,2a944649d6b0bf0d4b4d42c7444980522bcfe70d882128e14ee859dadaed2a77,val,val
DRISHTI-GS/Training-20211018T055246Z-001/Training/Images/GLAUCOMA/drishtiGS_045.png,DRISHTI_GS,1,,DRISHTI_GS:image:DRISHTI-GS/Training-20211018T055246Z-001/Training/Images/GLAUCOMA/drishtiGS_045.png,Glaucoma,315ee983bc3559e8abd4e08cd305d00a03b7a39593e8de0380f11fd40e2c4aef,val,val
DRISHTI-GS/Training-20211018T055246Z-001/Training/Images/NORMAL/drishtiGS_018.png,DRISHTI_GS,0,,DRISHTI_GS:image:DRISHTI-GS/Training-20211018T055246Z-001/Training/Images/NORMAL/drishtiGS_018.png,Normal,ce3b8084632aa68b565f379b2eee926bd9b21e0136a45cc3c132fed428aeaeb0,val,val
DRISHTI-GS/Training-20211018T055246Z-001/Training/Images/NORMAL/drishtiGS_046.png,DRISHTI_GS,0,,DRISHTI_GS:image:DRISHTI-GS/Training-20211018T055246Z-001/Training/Images/NORMAL/drishtiGS_046.png,Normal,208e86ed8ca63f324037bfa797bebb9a919027426a26974cfe3c93eaf3cc266f,val,val
DRISHTI-GS/Training-20211018T055246Z-001/Training/Images/NORMAL/drishtiGS_098.png,DRISHTI_GS,0,,DRISHTI_GS:image:DRISHTI-GS/Training-20211018T055246Z-001/Training/Images/NORMAL/drishtiGS_098.png,Normal,634d9d818a2d3141580a46614069027cd248db04fd919caddb81a92f2a3fc44e,val,val
HYDR/Images/0_0.jpg,HYRD,1,HYRD:0,HYRD:group:HYRD:0,GON+,c3820cfdc49b1e5286a9f111f5e10a0ab4d31393c65cf4e082a7e0d6301ff174,train,train
HYDR/Images/100_0.jpg,HYRD,1,HYRD:100,HYRD:group:HYRD:100,GON+,1264f6696dbb7a16db253c810cf035e0c5e01afd50e4518297c9f1c56e4168ff,train,train
HYDR/Images/100_1.jpg,HYRD,1,HYRD:100,HYRD:group:HYRD:100,GON+,3d00aa43687215ebbcbbadf51a2be293801fc57e44d86469d29dc0f43a62b29f,train,train
HYDR/Images/100_2.jpg,HYRD,1,HYRD:100,HYRD:group:HYRD:100,GON+,85a63a7d68c68fa68e27bb1bacbcc01cb4d52b993cfad17a56f6bb9ce400ba23,train,train
HYDR/Images/100_3.jpg,HYRD,1,HYRD:100,HYRD:group:HYRD:100,GON+,d5d0db26580eeadddad6fa1b0a551a8f08483328f3c4408f7cc5fbdf0a0d5d47,train,train
HYDR/Images/100_4.jpg,HYRD,1,HYRD:100,HYRD:group:HYRD:100,GON+,321ce2a5a10ee5fc21e61344629028bf3ddee622283ec027a102718463a9e0ad,train,train
HYDR/Images/100_5.jpg,HYRD,1,HYRD:100,HYRD:group:HYRD:100,GON+,078b6c4d9f83beb775cfcfc81009fceaa1836a5b0b2a14156f9c864280fb538e,train,train
HYDR/Images/100_6.jpg,HYRD,1,HYRD:100,HYRD:group:HYRD:100,GON+,432fbd34a62917c91122a8a8ca59bb5e034fd974dabf927cb261fd33ea210aa1,train,train
HYDR/Images/100_7.jpg,HYRD,1,HYRD:100,HYRD:group:HYRD:100,GON+,b627477214211f9f3479683c43d1acec199f7980e018cb109dac8d56949b0b00,train,train
HYDR/Images/100_8.jpg,HYRD,1,HYRD:100,HYRD:group:HYRD:100,GON+,b7384f41258857f80caebc88e30f431e4d79704c186386cc8711c6b10426eae0,train,train
HYDR/Images/100_9.jpg,HYRD,1,HYRD:100,HYRD:group:HYRD:100,GON+,e59aa8e6e89cb5cba5f0e614f2db49bab6ef0464f866c8ae22dac5fa2180f31b,train,train
HYDR/Images/101_0.jpg,HYRD,1,HYRD:101,HYRD:group:HYRD:101,GON+,de80817337c57da16e57728866c00b32564059b1e7ff055f28d90c8e8ffc1df0,train,train
HYDR/Images/102_0.jpg,HYRD,1,HYRD:102,HYRD:group:HYRD:102,GON+,ce934d84a70f0b85b24e0dc6be88b76d285d5b431fb1c2c8f67cca2940be1a89,train,train
HYDR/Images/102_1.jpg,HYRD,1,HYRD:102,HYRD:group:HYRD:102,GON+,94869f34768d328bd2322eb51e8f7110dfe7cacefa4b454012b385b81d52d003,train,train
HYDR/Images/103_0.jpg,HYRD,1,HYRD:103,HYRD:group:HYRD:103,GON+,d0eb4e03a466888349fb26f51407b8ae070182e36c1f4f71e7f5f9e319bb5f55,train,train
HYDR/Images/103_1.jpg,HYRD,1,HYRD:103,HYRD:group:HYRD:103,GON+,45fcb56f13485f2b6a2e6452a7c75bac1edf88228a13035664d026534ddd783f,train,train
HYDR/Images/104_0.jpg,HYRD,1,HYRD:104,HYRD:group:HYRD:104,GON+,7c9751b4bf0a1a9410f9f8a87a33391e516ea4d5b984771756afa4fedf7be2a5,train,train
HYDR/Images/104_1.jpg,HYRD,1,HYRD:104,HYRD:group:HYRD:104,GON+,ae3af95060ae10dcb87500c8f960f757568b93c180a8f63300115ae4b05f5f08,train,train
HYDR/Images/104_2.jpg,HYRD,1,HYRD:104,HYRD:group:HYRD:104,GON+,ac488e78c434f363a28f8d3182a379877dc8ba5ca380a92891828a897c5c8359,train,train
HYDR/Images/104_3.jpg,HYRD,1,HYRD:104,HYRD:group:HYRD:104,GON+,116af7e2ba5085e360e5b4b214b7bfc96ed799d5a5bc9e6672fba06a8b2a20bd,train,train
HYDR/Images/104_4.jpg,HYRD,1,HYRD:104,HYRD:group:HYRD:104,GON+,79d1e5b9d870670d1f6690d584683965899162fa81cca4592560a9e073489d7d,train,train
HYDR/Images/104_5.jpg,HYRD,1,HYRD:104,HYRD:group:HYRD:104,GON+,e28ff2cb9f6546c7fd0aca01ab67ca83f2fdedeb3c1ae53fc7247b47bab27bd9,train,train
HYDR/Images/104_6.jpg,HYRD,1,HYRD:104,HYRD:group:HYRD:104,GON+,6539ded538e0f5ba5fbec6210c5b5d8410c1fe479452ef6b449a60ae84e232f8,train,train
HYDR/Images/106_0.jpg,HYRD,1,HYRD:106,HYRD:group:HYRD:106,GON+,46ca55ce554b6096f1d665a6441be3272e1fb6938ac71fe1e66624dc49a47c72,train,train
HYDR/Images/107_0.jpg,HYRD,1,HYRD:107,HYRD:group:HYRD:107,GON+,244e60c225061e9bad09ad49eca4f2adc86186b6fde45e6ab9d3645a47f0964f,train,train
HYDR/Images/107_1.jpg,HYRD,1,HYRD:107,HYRD:group:HYRD:107,GON+,e5a12bdaf520203ab5c9bf01fa6068d0f48ead67fe9585220c5116ae13544c83,train,train
HYDR/Images/107_2.jpg,HYRD,1,HYRD:107,HYRD:group:HYRD:107,GON+,86ca35fa14420c2250c68dd34f4dd65315e406ebd5f41dba3b97638fdb061a2b,train,train
HYDR/Images/108_0.jpg,HYRD,1,HYRD:108,HYRD:group:HYRD:108,GON+,43e6334374fba7408ade8ba7bfc024ef21112d79c0da11a49af009c6087cc9c3,train,train
HYDR/Images/108_1.jpg,HYRD,1,HYRD:108,HYRD:group:HYRD:108,GON+,ad8c4f6146eb00661fa911830e58af80816e87c7159fadb795f9e8f5a0bedcc3,train,train
HYDR/Images/108_2.jpg,HYRD,1,HYRD:108,HYRD:group:HYRD:108,GON+,6a1d47b3cefc8652491ceab40c1196c5e0e10e575c1e158e03578cfcb03ec73e,train,train
HYDR/Images/108_3.jpg,HYRD,1,HYRD:108,HYRD:group:HYRD:108,GON+,d93a352c5e0f044a407857fa2ee2ab6facb0718f9b855b97af6852cf8ef4cc4c,train,train
HYDR/Images/108_4.jpg,HYRD,1,HYRD:108,HYRD:group:HYRD:108,GON+,3f51d19c2e3fea27ca233c0a6e25b657ea869be0c4bb96148a6a17cb25c80346,train,train
HYDR/Images/109_0.jpg,HYRD,1,HYRD:109,HYRD:group:HYRD:109,GON+,f04155a1ccf92793daa7d46c464fc8f72156b272d39abb989fe9b053e93c321a,train,train
HYDR/Images/109_1.jpg,HYRD,1,HYRD:109,HYRD:group:HYRD:109,GON+,db70e8d7567aa48caaec79a20ef22a98eb6f1d2cf8b441be4dff5ff16c022590,train,train
HYDR/Images/109_2.jpg,HYRD,1,HYRD:109,HYRD:group:HYRD:109,GON+,84b7b5d23d91205818cf06e43bd0421b9e76a8e61c91b5fd9aa31d76d46942f3,train,train
HYDR/Images/109_3.jpg,HYRD,1,HYRD:109,HYRD:group:HYRD:109,GON+,4387e4467571d38b69f93912c5c1a58d227f5e73aebeb78524e3ec0c66428725,train,train
HYDR/Images/109_4.jpg,HYRD,1,HYRD:109,HYRD:group:HYRD:109,GON+,4d12259265e80893fa1ee184a1c857f08921ad4b9742ee763873f1db47f6461c,train,train
HYDR/Images/10_0.jpg,HYRD,1,HYRD:10,HYRD:group:HYRD:10,GON+,e3ae9336787cfb76ffd547930fc402fe6a3e658c2ea0896d390fe3174f24da35,train,train
HYDR/Images/10_1.jpg,HYRD,1,HYRD:10,HYRD:group:HYRD:10,GON+,f8efe2e027ac6b9e9d2cc6ffcec93347386938b06b3bfcd61ae0edd94438bafd,train,train
HYDR/Images/10_2.jpg,HYRD,1,HYRD:10,HYRD:group:HYRD:10,GON+,6eb87d2bf2bb8308517ce981d3860bf3d25451b14fbb7b184905709bba1f5666,train,train
HYDR/Images/110_0.jpg,HYRD,1,HYRD:110,HYRD:group:HYRD:110,GON+,255f5edfcb938651da7907d4697685608259dac9628d9574eb8f806ebebd2892,train,train
HYDR/Images/110_1.jpg,HYRD,1,HYRD:110,HYRD:group:HYRD:110,GON+,0d5692ed6740ae09854ec55f90df0a7afae0f89b0bcca15279a3c635f6f9f2e2,train,train
HYDR/Images/110_2.jpg,HYRD,1,HYRD:110,HYRD:group:HYRD:110,GON+,27db6cc0651c28efe720ed242b8d74a9e3bdabb578d708d66cf9b9a88c653dad,train,train
HYDR/Images/111_0.jpg,HYRD,1,HYRD:111,HYRD:group:HYRD:111,GON+,09df0104c68237f37ce3ce46f8029db3c6e2da8342c12a4cd562951ab882896d,train,train
HYDR/Images/112_0.jpg,HYRD,1,HYRD:112,HYRD:group:HYRD:112,GON+,b5c42385c59857b4fd2ab6e5ce932cf73f5f4df6654392eeac7015938a9f7577,train,train
HYDR/Images/112_1.jpg,HYRD,1,HYRD:112,HYRD:group:HYRD:112,GON+,2bbef52cf4cef1caa367512460b22ebae7c62542375d68063bd2988bf126a7a4,train,train
HYDR/Images/112_2.jpg,HYRD,1,HYRD:112,HYRD:group:HYRD:112,GON+,d1c5f7217726ca10b6ec675d13abc8fa701222e5889c6c25312b8b4bb04a7fc6,train,train
HYDR/Images/113_0.jpg,HYRD,1,HYRD:113,HYRD:group:HYRD:113,GON+,0d3792466086f9607c16508368661f50c0a7552001c9b6c7a7d769a774abfc98,train,train
HYDR/Images/114_0.jpg,HYRD,1,HYRD:114,HYRD:group:HYRD:114,GON+,d68923d447f0205a3f81172a64495c5c8a33893817e0ff6ec49f3f699cfd4048,train,train
HYDR/Images/114_1.jpg,HYRD,1,HYRD:114,HYRD:group:HYRD:114,GON+,9403361c2d1cb39a975a75379826ade4d14254cdfbb57a8efa644e88ed24daee,train,train
HYDR/Images/114_2.jpg,HYRD,1,HYRD:114,HYRD:group:HYRD:114,GON+,55051f53c0d799465cf850e7c7bf70913d6232919142c3d62791065dc19ca1c5,train,train
HYDR/Images/115_0.jpg,HYRD,1,HYRD:115,HYRD:group:HYRD:115,GON+,ec042476bc937b0ae894a474f6de17761f5b2d497f8e429f3f2ad980e03d176b,train,train
HYDR/Images/115_1.jpg,HYRD,1,HYRD:115,HYRD:group:HYRD:115,GON+,3b350b8f1dad7f5eacfcc73855000c4afe1e43688fb3308781afcf34a957946f,train,train
HYDR/Images/117_0.jpg,HYRD,1,HYRD:117,HYRD:group:HYRD:117,GON+,0b3ca7726c04b00619b8472726585f435d2dfbe89c1b059b92cf1fdc7af4d980,train,train
HYDR/Images/118_0.jpg,HYRD,1,HYRD:118,HYRD:group:HYRD:118,GON+,5d8f8186b624fa55bbb7fdf2060dd302c4ab3916801e96d86344dbebc5a1e905,train,train
HYDR/Images/118_1.jpg,HYRD,1,HYRD:118,HYRD:group:HYRD:118,GON+,0dd55bb3f801a3530d662a65fb53bc8fb5091b0009304c675c58f0d9abc3b1a6,train,train
HYDR/Images/11_0.jpg,HYRD,1,HYRD:11,HYRD:group:HYRD:11,GON+,57c8d85cf81b3ebf36800b230c5fa8982f5eecc29b86a66f07580355eab37748,train,train
HYDR/Images/120_0.jpg,HYRD,1,HYRD:120,HYRD:group:HYRD:120,GON+,5de2b81b4bd715d8d8d9a11b5ef94c56ea5de5d124ebe19b8c1d31239e84fa75,train,train
HYDR/Images/120_1.jpg,HYRD,1,HYRD:120,HYRD:group:HYRD:120,GON+,869ae054db47b18998bdaa3f3776f9575ee42456ed4eefcdffafe5dc74b57a4c,train,train
HYDR/Images/121_0.jpg,HYRD,1,HYRD:121,HYRD:group:HYRD:121,GON+,068a2b89688224c2f5b6206f0e74b484bf46dfcc485f6249e74173d78c433daf,train,train
HYDR/Images/121_1.jpg,HYRD,1,HYRD:121,HYRD:group:HYRD:121,GON+,ac0a87b5f95d2915516bbb2f4d771e1d03938dce2b55b7c3a08ae2a86b995a1c,train,train
HYDR/Images/121_2.jpg,HYRD,1,HYRD:121,HYRD:group:HYRD:121,GON+,0b11cc1a35847f5260239fc36da2f56fa95e4626839d016d927a25e10d567292,train,train
HYDR/Images/122_0.jpg,HYRD,1,HYRD:122,HYRD:group:HYRD:122,GON+,b5918194554b95e5e47516fdcd6d6eb860efa55af7bb656d50e49bc042b58797,train,train
HYDR/Images/122_1.jpg,HYRD,1,HYRD:122,HYRD:group:HYRD:122,GON+,44fa38412305b5244dfa3c8a8df1142137474e21aec52426cb7e4d51534c582f,train,train
HYDR/Images/123_0.jpg,HYRD,1,HYRD:123,HYRD:group:HYRD:123,GON+,b071ac804d836dc2208e374c4bb477f4205fbef068121c951215b7854835846e,train,train
HYDR/Images/123_1.jpg,HYRD,1,HYRD:123,HYRD:group:HYRD:123,GON+,e1b67af1d98d895a78a1d5c8fc3c654a9c54264da97b1dba53e7454da0833b10,train,train
HYDR/Images/123_2.jpg,HYRD,1,HYRD:123,HYRD:group:HYRD:123,GON+,33be1c766744c47f89261e5502f7a6c1a2f7e27aaf0207e63ef095536602b227,train,train
HYDR/Images/124_0.jpg,HYRD,1,HYRD:124,HYRD:group:HYRD:124,GON+,fd957e5edeab369199cc5e3acd42354d4ce586a5ee5f53e6d94e736e2f39c6f9,train,train
HYDR/Images/125_0.jpg,HYRD,1,HYRD:125,HYRD:group:HYRD:125,GON+,715f294765865ceee4e663326cc6ee37045c53cdaabdf310c925d622739c20fc,train,train
HYDR/Images/126_0.jpg,HYRD,1,HYRD:126,HYRD:group:HYRD:126,GON+,ea72aeaafd27c77088df5b0c60e4261eb262b32d790349113e742c1aa1f21bf9,train,train
HYDR/Images/126_1.jpg,HYRD,1,HYRD:126,HYRD:group:HYRD:126,GON+,80833ce6a0d6fc6537d5a03f32bd2236213e6077899930482c4e6850ccead367,train,train
HYDR/Images/127_0.jpg,HYRD,1,HYRD:127,HYRD:group:HYRD:127,GON+,ab053159a341aacb9713d8d502905a98b216e89a970b93f2ae4ca1553bd347e2,train,train
HYDR/Images/128_0.jpg,HYRD,1,HYRD:128,HYRD:group:HYRD:128,GON+,b65ea28cfea0e47b36d11c54c2a5cbd8c1ba7aadd9f99060538d91d34114adb3,train,train
HYDR/Images/129_0.jpg,HYRD,1,HYRD:129,HYRD:group:HYRD:129,GON+,1f198f77627dd16b11c835bf740c4761cfc00fd4dcc422ee388352261612dac6,train,train
HYDR/Images/129_1.jpg,HYRD,1,HYRD:129,HYRD:group:HYRD:129,GON+,83a3b9e2942cb0ddc87db19cddb95328c7ffb29c38168b70cf9a27db1f503cde,train,train
HYDR/Images/129_2.jpg,HYRD,1,HYRD:129,HYRD:group:HYRD:129,GON+,b08066fe1ac622d6bbd77672c2eb13999283bb3db8b9ba1b4eacd3d2cc44d63b,train,train
HYDR/Images/12_0.jpg,HYRD,1,HYRD:12,HYRD:group:HYRD:12,GON+,4467f6b99c351d9def128eb95b1540ba1d1b7839f39242e0c5ed42a1c0c8f897,train,train
HYDR/Images/12_1.jpg,HYRD,1,HYRD:12,HYRD:group:HYRD:12,GON+,dbef6341c58a76488d8d4ae86526c6a1b28ea2711bf3a6c018b7e0ba45c472ab,train,train
HYDR/Images/12_2.jpg,HYRD,1,HYRD:12,HYRD:group:HYRD:12,GON+,0515214bce82237040affd0bf6e5b57fdc883605d8867d2dfce7c4c8342fa65a,train,train
HYDR/Images/12_3.jpg,HYRD,1,HYRD:12,HYRD:group:HYRD:12,GON+,cbc92be7395403fb1371e2cb4d3829ced46753204a0ecd634a3d5d6b89125a87,train,train
HYDR/Images/12_4.jpg,HYRD,1,HYRD:12,HYRD:group:HYRD:12,GON+,a5583245d1132b886a211a6d615c5b700572ce7d2ff8e282825bb14f5cf728a4,train,train
HYDR/Images/130_0.jpg,HYRD,1,HYRD:130,HYRD:group:HYRD:130,GON+,4f0923c970ccda19f977c704f2ba7ce29121b9d00a66716b15d6321884818a14,train,train
HYDR/Images/131_0.jpg,HYRD,1,HYRD:131,HYRD:group:HYRD:131,GON+,d1c09976133bbbffb7bea421f35f52ec06abb4bcf24ea1485a4af342b1805bdf,train,train
HYDR/Images/132_0.jpg,HYRD,1,HYRD:132,HYRD:group:HYRD:132,GON+,bf41fe539a2902642558f8114f14408809cf3bac9df07da56db85836c5d5fbf2,train,train
HYDR/Images/132_1.jpg,HYRD,1,HYRD:132,HYRD:group:HYRD:132,GON+,02a5d2031303db8faa0a1c2f8fc0091bf8b50192c1a2f031905880ccda20a66f,train,train
HYDR/Images/133_0.jpg,HYRD,1,HYRD:133,HYRD:group:HYRD:133,GON+,cd064bcce233b1d0051492e4d804d9e3d39075b825a79866de7baf8a405863d0,train,train
HYDR/Images/134_0.jpg,HYRD,1,HYRD:134,HYRD:group:HYRD:134,GON+,e8cd68c17f50487d17e7b6eca500fccd29096b80db4bb85b177910afadcba054,train,train
HYDR/Images/134_1.jpg,HYRD,1,HYRD:134,HYRD:group:HYRD:134,GON+,da5d5c5740c81cadababc52ca25dad528f16c7ade4f9226c35b2ee1b0926393b,train,train
HYDR/Images/135_0.jpg,HYRD,1,HYRD:135,HYRD:group:HYRD:135,GON+,526b008daf94e2072e343c42595e1b5d5f30ab8d206e91295eb9b2f881dbaed6,train,train
HYDR/Images/135_1.jpg,HYRD,1,HYRD:135,HYRD:group:HYRD:135,GON+,db09510042bd2041a78a61b39f29288fd2dfd0e718c454664e933232ec6a56bf,train,train
HYDR/Images/135_2.jpg,HYRD,1,HYRD:135,HYRD:group:HYRD:135,GON+,ef199440f04213c0eb37ba5020196e1e12a905ec96c395d0d6ca31bd4c61572a,train,train
HYDR/Images/135_3.jpg,HYRD,1,HYRD:135,HYRD:group:HYRD:135,GON+,81a109336da08a9022d82706e404ee14c3110a6b8ec7456bb2ac3a37314b9adf,train,train
HYDR/Images/135_4.jpg,HYRD,1,HYRD:135,HYRD:group:HYRD:135,GON+,bb10d869d68e68afb5cfd422a497ada75f1d28f5715a4227fc0850eacf236b3f,train,train
HYDR/Images/136_0.jpg,HYRD,1,HYRD:136,HYRD:group:HYRD:136,GON+,e095ae3ba323c1af29fb03a253bc319167e44c8ab64f744465bfc54b7b4c09f5,train,train
HYDR/Images/136_1.jpg,HYRD,1,HYRD:136,HYRD:group:HYRD:136,GON+,8effd830ae9813df6bc62ef89a2c99a9832405e7af24ce7270ad924d92936523,train,train
HYDR/Images/137_0.jpg,HYRD,1,HYRD:137,HYRD:group:HYRD:137,GON+,10d2e1160973b8b576bcbd8636dbb68a272e1edeb7ef14f002fb275c71a0085b,train,train
HYDR/Images/138_0.jpg,HYRD,1,HYRD:138,HYRD:group:HYRD:138,GON+,3ef3a08606247ceea8a96d6df927cb85bf8a560a2f0de6d973e551409f174989,train,train
HYDR/Images/138_1.jpg,HYRD,1,HYRD:138,HYRD:group:HYRD:138,GON+,bd360030da35e7ee4658244cdc23ccd11e68e4e88618c21b3e64160370cde0b0,train,train
HYDR/Images/138_2.jpg,HYRD,1,HYRD:138,HYRD:group:HYRD:138,GON+,7178275b264c35f6388a8ce47405680b5b0d4313d5dbeb71faacb48231739d71,train,train
HYDR/Images/139_0.jpg,HYRD,1,HYRD:139,HYRD:group:HYRD:139,GON+,6fb686e87f6d2807517489ad2a995a011ec11f81cd85209c90dcd120de8645c9,train,train
HYDR/Images/139_1.jpg,HYRD,1,HYRD:139,HYRD:group:HYRD:139,GON+,703533d5e6a78f410e7a34c65d6c5fc0e84e5dabee33b066f137878bafc7164e,train,train
HYDR/Images/139_2.jpg,HYRD,1,HYRD:139,HYRD:group:HYRD:139,GON+,8c81d4564c2be5bf7309b9a7e4102b05ee21e8cf7bccfd402fd018ade33d4efd,train,train
HYDR/Images/13_0.jpg,HYRD,1,HYRD:13,HYRD:group:HYRD:13,GON+,dfd83e03966d3507ca2425d0fcd64788636e145cf948d417d53246694e3868d7,train,train
HYDR/Images/13_1.jpg,HYRD,1,HYRD:13,HYRD:group:HYRD:13,GON+,19eaab4e0a7206989c83f79d261791a7adc1b226a146800deecd37f70bceb1c1,train,train
HYDR/Images/141_0.jpg,HYRD,1,HYRD:141,HYRD:group:HYRD:141,GON+,107c7ebddd200409e20e71548b6cb07f1bd701450a735ba90123aa3a3b34e56b,train,train
HYDR/Images/141_1.jpg,HYRD,1,HYRD:141,HYRD:group:HYRD:141,GON+,19783f9fe575c1180b7acd083ac6381296c2664313d68487c7c9b13d291a8729,train,train
HYDR/Images/141_2.jpg,HYRD,1,HYRD:141,HYRD:group:HYRD:141,GON+,d5c41edcfe7d29dc06f22a46ea23b6adb4d572d5e804f9509d26f5fafb57e4f5,train,train
HYDR/Images/141_3.jpg,HYRD,1,HYRD:141,HYRD:group:HYRD:141,GON+,be280dab9b70f539cde840e697d7d4122c0777515ea3731b00106c913bc18c61,train,train
HYDR/Images/141_4.jpg,HYRD,1,HYRD:141,HYRD:group:HYRD:141,GON+,f7714d33b96bd512fca2c656366cfcf84795d013a5488fc861d141470c762bb9,train,train
HYDR/Images/141_5.jpg,HYRD,1,HYRD:141,HYRD:group:HYRD:141,GON+,35442f97a4ba0d484e1025f394bdcacb2bf3060a20d8b2544d94472a65545d4c,train,train
HYDR/Images/141_6.jpg,HYRD,1,HYRD:141,HYRD:group:HYRD:141,GON+,d9aeda6a3cc577c059371b92da8a590da1cd42f7110fb26b78d0103cb54cc3d3,train,train
HYDR/Images/142_0.jpg,HYRD,1,HYRD:142,HYRD:group:HYRD:142,GON+,826935f1ef69d8d1f90e7416e864711ba0e50324b94a684aff17205256e559a8,train,train
HYDR/Images/143_0.jpg,HYRD,1,HYRD:143,HYRD:group:HYRD:143,GON+,3dcfda082b5028d959012e028bdd366d88d1a17354d0064bd03d239b324e7134,train,train
HYDR/Images/143_1.jpg,HYRD,1,HYRD:143,HYRD:group:HYRD:143,GON+,15dcdcf9bceb948758dfbd99196c34caf5a3f70859a25fc686a15f54bad50f45,train,train
HYDR/Images/143_2.jpg,HYRD,1,HYRD:143,HYRD:group:HYRD:143,GON+,1ff61ad27418cb0280a29b69b776e1c5d41a276dac8547086edf830f81e6e033,train,train
HYDR/Images/143_3.jpg,HYRD,1,HYRD:143,HYRD:group:HYRD:143,GON+,98382b9a5d51a01909934d805c15e64a63e85b937d83e1deb29e954e0c5496f1,train,train
HYDR/Images/143_4.jpg,HYRD,1,HYRD:143,HYRD:group:HYRD:143,GON+,3ba52c9f2e603614213fbf25e843db4cb66b489ca5590c47641f84462b33fe69,train,train
HYDR/Images/144_0.jpg,HYRD,1,HYRD:144,HYRD:group:HYRD:144,GON+,7f608287d6d31bf1407af1311cdc389fac0e8c39f0be6aaad4d2e22d66218315,train,train
HYDR/Images/144_1.jpg,HYRD,1,HYRD:144,HYRD:group:HYRD:144,GON+,3f7b2013ced94d0a8097ddb0113ef24bf8e95afb9ab09d6f451b5ac35e26de3f,train,train
HYDR/Images/144_2.jpg,HYRD,1,HYRD:144,HYRD:group:HYRD:144,GON+,d90e77ada41d5891c414cb4608dd1acde0ae77e17465a7e410f601c85de25272,train,train
HYDR/Images/144_3.jpg,HYRD,1,HYRD:144,HYRD:group:HYRD:144,GON+,8d87b28a5c4c24decdd53999c32bf8e543c8b26879a7c350d5a53015895ae5eb,train,train
HYDR/Images/145_0.jpg,HYRD,1,HYRD:145,HYRD:group:HYRD:145,GON+,5553f1004958320641ea7e8a6e14808a44aae03d19947e972f66c4b14a9c8e8f,train,train
HYDR/Images/145_1.jpg,HYRD,1,HYRD:145,HYRD:group:HYRD:145,GON+,c0302e25aebe81bc4c8b0e6ff8a3f6815619637dbd88c3a53c27c3692f4805dd,train,train
HYDR/Images/145_2.jpg,HYRD,1,HYRD:145,HYRD:group:HYRD:145,GON+,2763e9798c4911c262a95a80c94f9c9d4d2d39737aadc94489e727f3dbbad38d,train,train
HYDR/Images/146_0.jpg,HYRD,1,HYRD:146,HYRD:group:HYRD:146,GON+,2d282db285882e6ad0dd5bf93f3a9187b94cae45e142438d751ef9308687d350,train,train
HYDR/Images/147_0.jpg,HYRD,1,HYRD:147,HYRD:group:HYRD:147,GON+,2fb8ee0cb5e108a01d4d4b3bd40ae5671210991f38c2e5d3cb66f435726dcb76,train,train
HYDR/Images/147_1.jpg,HYRD,1,HYRD:147,HYRD:group:HYRD:147,GON+,244853e97836f9174e695f1edad489267ac8ff1f2879b5a6784898a200bf5670,train,train
HYDR/Images/148_0.jpg,HYRD,1,HYRD:148,HYRD:group:HYRD:148,GON+,b9e7c71ed1e4d76470696041d5cdb5f4e0cd429267aa27566bbbca3a4152dcc8,train,train
HYDR/Images/148_2.jpg,HYRD,1,HYRD:148,HYRD:group:HYRD:148,GON+,78ca86d9d9ce64c3d94d5ef3da187658b88733cb86726c3ae3895a8e2252326c,train,train
HYDR/Images/148_3.jpg,HYRD,1,HYRD:148,HYRD:group:HYRD:148,GON+,b4564ae83d81360df8e941f479a602a7fda4570d492f78a225b3c758ef239023,train,train
HYDR/Images/149_0.jpg,HYRD,1,HYRD:149,HYRD:group:HYRD:149,GON+,d326e59fafe08e054e733c01a160310da03debe251c598e40051129a0c9d8275,train,train
HYDR/Images/14_0.jpg,HYRD,1,HYRD:14,HYRD:group:HYRD:14,GON+,66b71265c37b91720ed8874e4d5fc337d7a5073fe5ae821ee544cc2ae77b034a,train,train
HYDR/Images/14_1.jpg,HYRD,1,HYRD:14,HYRD:group:HYRD:14,GON+,5a9f73434ad5ed608683d9962d93f8229121014e14e2ee7e373d31909502517f,train,train
HYDR/Images/150_0.jpg,HYRD,1,HYRD:150,HYRD:group:HYRD:150,GON+,dd4c2af77cb77adae96f88d8a180b5069df1e8fe05c5daa28bd08874af00e2fc,train,train
HYDR/Images/150_1.jpg,HYRD,1,HYRD:150,HYRD:group:HYRD:150,GON+,51632445c5a95a50695ea8f3055fb65fde330b0f8ac46b4e444fc5166c22db3e,train,train
HYDR/Images/150_10.jpg,HYRD,1,HYRD:150,HYRD:group:HYRD:150,GON+,7f407a6c5be290c3fefd2bb6e2306a0e9a18ca8d2acbde718d063f8d180be8c9,train,train
HYDR/Images/150_11.jpg,HYRD,1,HYRD:150,HYRD:group:HYRD:150,GON+,0fa73ad846a38d739cb0bafacd1716b81f39fca7f33244b161d0e58e1eb57fea,train,train
HYDR/Images/150_12.jpg,HYRD,1,HYRD:150,HYRD:group:HYRD:150,GON+,4b3005c4e8182fbd039207c9d35d6c13d742d9fed40fcfdb5c3b2408db09182c,train,train
HYDR/Images/150_13.jpg,HYRD,1,HYRD:150,HYRD:group:HYRD:150,GON+,10ef498bd3f882318397370489d989af7cb06c02f46d51a76a213f3b55f4a8ca,train,train
HYDR/Images/150_2.jpg,HYRD,1,HYRD:150,HYRD:group:HYRD:150,GON+,8708c0bf45ec43e9ad2718c39ec5dfc19986db18297fcd99603f4f703093cc97,train,train
HYDR/Images/150_3.jpg,HYRD,1,HYRD:150,HYRD:group:HYRD:150,GON+,6c59da6f2e6ec00bb24d853ddcee08f095a237cdb537e86905325f4ccb2798b1,train,train
HYDR/Images/150_4.jpg,HYRD,1,HYRD:150,HYRD:group:HYRD:150,GON+,9c46ff12c9b9dfed7c8ed7f605de364326afe98f441518bc2072913df4ae4429,train,train
HYDR/Images/150_5.jpg,HYRD,1,HYRD:150,HYRD:group:HYRD:150,GON+,744ae58673775ad02969dbd6a28aa435f1ba7eef825633826fff8fa4620aa477,train,train
HYDR/Images/150_6.jpg,HYRD,1,HYRD:150,HYRD:group:HYRD:150,GON+,8dce0db7ceb9332f851af36da2ba03cb05f83f1a956890ad053b28cdbcbaa271,train,train
HYDR/Images/150_7.jpg,HYRD,1,HYRD:150,HYRD:group:HYRD:150,GON+,801dbb39665fde13511b135ae218f3d031c26d4875ce826a150e5a9496d0e8ab,train,train
HYDR/Images/150_8.jpg,HYRD,1,HYRD:150,HYRD:group:HYRD:150,GON+,0cae05d3326b22f1e3e6c75b70d474effca25d053edb0bcf2cd585965199693a,train,train
HYDR/Images/150_9.jpg,HYRD,1,HYRD:150,HYRD:group:HYRD:150,GON+,e2ceaaae97569316ebf7d0475dc9397259d3c021215276a409b9a5b1c3bffc46,train,train
HYDR/Images/151_0.jpg,HYRD,1,HYRD:151,HYRD:group:HYRD:151,GON+,18dcd52b25b870ebe0c96d25e1049f98455e391d304fdc44198ea11213300968,train,train
HYDR/Images/151_1.jpg,HYRD,1,HYRD:151,HYRD:group:HYRD:151,GON+,ee5e1b1e65f4fcc4cfef8c69fa056f41711bbf8374b63a28676a8aae449be1c4,train,train
HYDR/Images/151_2.jpg,HYRD,1,HYRD:151,HYRD:group:HYRD:151,GON+,ad0bb42ae1e023c644d7466a0b089f5c7ca0782c8cb72805520d28940a7410bb,train,train
HYDR/Images/151_3.jpg,HYRD,1,HYRD:151,HYRD:group:HYRD:151,GON+,1c7428ffb7c3ee94682b22f60e8fa828d9a0e4a4a7ac7a94a884d1a89ada5351,train,train
HYDR/Images/151_4.jpg,HYRD,1,HYRD:151,HYRD:group:HYRD:151,GON+,b04123f3b623df8daf4260a117fece20f018ddf87da71e7ecdaffa31395929fc,train,train
HYDR/Images/152_0.jpg,HYRD,1,HYRD:152,HYRD:group:HYRD:152,GON+,930eef0c5e65b4df1f4f20f790da5cc83c8255d42378869b55d7451037acfa07,train,train
HYDR/Images/154_0.jpg,HYRD,1,HYRD:154,HYRD:group:HYRD:154,GON+,570d61ac0855afe3c0de8fcef15f803e4153ae08f10a703d095e5680eb327d02,train,train
HYDR/Images/154_1.jpg,HYRD,1,HYRD:154,HYRD:group:HYRD:154,GON+,9aaf6b455c578da9768f2058aed3e3a5e3fc9aa6297a249df1073ddefb341402,train,train
HYDR/Images/154_2.jpg,HYRD,1,HYRD:154,HYRD:group:HYRD:154,GON+,ac447e738eee9da81f3a18d095b9e318fda6594181bdaf501aa7763537d43c6b,train,train
HYDR/Images/154_3.jpg,HYRD,1,HYRD:154,HYRD:group:HYRD:154,GON+,11cb526eeb12624a089f40fd9de815ddb52a46f95fc8e3abe5139eeacf04def9,train,train
HYDR/Images/154_4.jpg,HYRD,1,HYRD:154,HYRD:group:HYRD:154,GON+,e846d2a3f84bdc3d0eee573d408d90fccdf920ac0115dca0b849413e1d84fc92,train,train
HYDR/Images/154_5.jpg,HYRD,1,HYRD:154,HYRD:group:HYRD:154,GON+,88c05f71ac07c5f8a9e11a2d2ac5113f8fd6e30dc4a8333b431f14c3b61a5afa,train,train
HYDR/Images/155_0.jpg,HYRD,1,HYRD:155,HYRD:group:HYRD:155,GON+,ac8564954abe6a3e83f054625d490379efb4f0493f479b8548c88eb2b8f1311f,train,train
HYDR/Images/155_1.jpg,HYRD,1,HYRD:155,HYRD:group:HYRD:155,GON+,6f0f030188f59a97d4e8e6c128a724f59b576abadf1f78a939ccd9295b78a91a,train,train
HYDR/Images/155_2.jpg,HYRD,1,HYRD:155,HYRD:group:HYRD:155,GON+,c4fc03ef24c3b36afdd3fb87df86c7d0f031aee40b20c64ea0a2d261af44e80a,train,train
HYDR/Images/155_3.jpg,HYRD,1,HYRD:155,HYRD:group:HYRD:155,GON+,c9b20dcf3162f139ad93b8e3df37a091ed649e2ca31f1134c9d9a8be6f131dc9,train,train
HYDR/Images/156_0.jpg,HYRD,1,HYRD:156,HYRD:group:HYRD:156,GON+,24f09a64323479f222925afcba328778f096a061ddfe023d26bce502c04d059b,train,train
HYDR/Images/157_0.jpg,HYRD,1,HYRD:157,HYRD:group:HYRD:157,GON+,73b1009b647f57ef4e7095fb8439d2c229867cd92f71ccfaa647288b3317f47f,train,train
HYDR/Images/157_1.jpg,HYRD,1,HYRD:157,HYRD:group:HYRD:157,GON+,6212538954298b0ef76471cadfda6c944e1ae451e0acb66505042028c9a0fb83,train,train
HYDR/Images/157_2.jpg,HYRD,1,HYRD:157,HYRD:group:HYRD:157,GON+,b762b3dba1bb857ce5c4860af9eb3bd8278a2d8f60edb8c5c7c51e02c622312a,train,train
HYDR/Images/157_3.jpg,HYRD,1,HYRD:157,HYRD:group:HYRD:157,GON+,9b0ac974f949c6bf6611a4e8b87a91740be2d44b78e2e89054d8f6ce9b433fde,train,train
HYDR/Images/158_0.jpg,HYRD,1,HYRD:158,HYRD:group:HYRD:158,GON+,ff1681fe7784d76178a24466befbb9db6ecd4475430495e2f50aaf53b241237c,train,train
HYDR/Images/158_1.jpg,HYRD,1,HYRD:158,HYRD:group:HYRD:158,GON+,747d611ec46f08ee509183229f8f4f2d8ff88895043f959b8e47b6c42d5608c0,train,train
HYDR/Images/159_0.jpg,HYRD,1,HYRD:159,HYRD:group:HYRD:159,GON+,163778e9d48b8dbd4bc3147908bd8506cbf9559662a1a17c7a3b85567f677473,train,train
HYDR/Images/159_1.jpg,HYRD,1,HYRD:159,HYRD:group:HYRD:159,GON+,461283b31e464dd4b8595b1650117acf259468e64a0af5dffb2e110c4b36fbac,train,train
HYDR/Images/15_0.jpg,HYRD,1,HYRD:15,HYRD:group:HYRD:15,GON+,dc5078c969534ddc09fe4f69fd8d1793d1293ee09c3b10adb04599221132aac9,train,train
HYDR/Images/160_0.jpg,HYRD,1,HYRD:160,HYRD:group:HYRD:160,GON+,659b76880729a6b5ed648c10adfb39c0c0d8dcb955f72649e39bb257aa07b9e3,train,train
HYDR/Images/160_1.jpg,HYRD,1,HYRD:160,HYRD:group:HYRD:160,GON+,b61e98b750271a0f6d87d9c98d82e6dd95af91cff30786ffcb3f651edceb5820,train,train
HYDR/Images/161_0.jpg,HYRD,1,HYRD:161,HYRD:group:HYRD:161,GON+,dbc6681e3c42331b660e5935f4378dc90bf57ce1165f30d9a7f04bfb8707b115,train,train
HYDR/Images/162_0.jpg,HYRD,1,HYRD:162,HYRD:group:HYRD:162,GON+,9d010b2640df44061a723e293ad4c5bd6195e4386c08d209df08a3085dd8901e,train,train
HYDR/Images/162_1.jpg,HYRD,1,HYRD:162,HYRD:group:HYRD:162,GON+,b05a014b8e35667a5ac2dc30ff0f68c723ebe038810beb758e0bd8a25f6136e1,train,train
HYDR/Images/163_0.jpg,HYRD,1,HYRD:163,HYRD:group:HYRD:163,GON+,52ca7d12e6df576bccf3ec8fd94273cbe1d8983fca5ce1bbb2da676716f5ac36,train,train
HYDR/Images/163_1.jpg,HYRD,1,HYRD:163,HYRD:group:HYRD:163,GON+,df92b503c7edf5731535afc32d81271e786390fd71a30ae4c1c74527fdc61491,train,train
HYDR/Images/163_2.jpg,HYRD,1,HYRD:163,HYRD:group:HYRD:163,GON+,d5072d51b923452652808a460f795024ee9c89ddfa32d7990a9b677831f5a068,train,train
HYDR/Images/163_3.jpg,HYRD,1,HYRD:163,HYRD:group:HYRD:163,GON+,4041d6111d41cfb309ffe2ffe67e3ebdb8a8899c8b4feb2c2a6c967971dbc239,train,train
HYDR/Images/163_4.jpg,HYRD,1,HYRD:163,HYRD:group:HYRD:163,GON+,18852e83fee1077f76b3bddeb6510b8de7e4cddbb797e5cc1822b934f55313c8,train,train
HYDR/Images/164_0.jpg,HYRD,1,HYRD:164,HYRD:group:HYRD:164,GON+,3591478d8828d6a976543991c271a2389d2221358a90de16dea342d14075424a,train,train
HYDR/Images/164_1.jpg,HYRD,1,HYRD:164,HYRD:group:HYRD:164,GON+,894678c1097c8d3abe10dfdc9b02916c49d7dad669a4ca8372a32e930602103d,train,train
HYDR/Images/164_2.jpg,HYRD,1,HYRD:164,HYRD:group:HYRD:164,GON+,c9f9ab01e3c5ffdf30d52c7d293fedc2d30071cd1fa9acc6ebebae2cbf858c3e,train,train
HYDR/Images/164_3.jpg,HYRD,1,HYRD:164,HYRD:group:HYRD:164,GON+,b383c106aacbeae1c87f34b064ec1305fa98b3db38b668f1eeab778e9ed48dfb,train,train
HYDR/Images/165_0.jpg,HYRD,1,HYRD:165,HYRD:group:HYRD:165,GON+,b047bb28c87113be95cddfe5a60d3bbf92c98f408a6e5683966956ffca5b80fb,train,train
HYDR/Images/165_1.jpg,HYRD,1,HYRD:165,HYRD:group:HYRD:165,GON+,f104b0662e8060e8a134ca01d68f146d52f1f9374279754ded09018d90d2f52f,train,train
HYDR/Images/165_2.jpg,HYRD,1,HYRD:165,HYRD:group:HYRD:165,GON+,ea64dfae99e52d787960cec939f5d2bc7bf32d65c0dffdaed07fc1626b7ef7a7,train,train
HYDR/Images/166_0.jpg,HYRD,1,HYRD:166,HYRD:group:HYRD:166,GON+,5f65d80035a9b424561727475c644b24cef4b7193bd758594abbcad30f8744fe,train,train
HYDR/Images/166_1.jpg,HYRD,1,HYRD:166,HYRD:group:HYRD:166,GON+,edac87641bfa168543a10b14fb4184062b1e4aaf6a9da8431b9e8f6814371509,train,train
HYDR/Images/166_2.jpg,HYRD,1,HYRD:166,HYRD:group:HYRD:166,GON+,325e7f85fa459fbdd9f0bd7a8495aa5abbe56e53b652953799a51574937191fa,train,train
HYDR/Images/167_0.jpg,HYRD,1,HYRD:167,HYRD:group:HYRD:167,GON+,7ce6b23d570d8e6b0357681279f7c9c7ed10db9d8976f423bea20892dc5304f6,train,train
HYDR/Images/167_1.jpg,HYRD,1,HYRD:167,HYRD:group:HYRD:167,GON+,91fc66a628aad7f282421708f36f47fc49d709e7134ebb21bf0e62021327ccaa,train,train
HYDR/Images/168_0.jpg,HYRD,1,HYRD:168,HYRD:group:HYRD:168,GON+,3d2753747f89586140ef831e8cfa71e542c2c90adec5f0423268e8b9d411b594,train,train
HYDR/Images/168_1.jpg,HYRD,1,HYRD:168,HYRD:group:HYRD:168,GON+,aabff6f18f6533c027d8c0d24426f0761a5a8c55f74a2c4ab2776f5330775602,train,train
HYDR/Images/168_2.jpg,HYRD,1,HYRD:168,HYRD:group:HYRD:168,GON+,fb0e9c85cad4c7cef0cfff43e75ad6882502e761fa3fe45894e51ff0d9b49163,train,train
HYDR/Images/169_0.jpg,HYRD,1,HYRD:169,HYRD:group:HYRD:169,GON+,fe89fab54622f7977fea4812728a1a65cb9d8fcc74dabc1594b42a224c1f2c1f,train,train
HYDR/Images/169_1.jpg,HYRD,1,HYRD:169,HYRD:group:HYRD:169,GON+,4f1c7a63858c3da93d421979db155e98d8b765221a1a8a0594afccefb2154719,train,train
HYDR/Images/169_2.jpg,HYRD,1,HYRD:169,HYRD:group:HYRD:169,GON+,07890fd1e7af9bfe8c7373bea7d888d03c675b8eec3dba8815426ad0d0d72a3d,train,train
HYDR/Images/169_3.jpg,HYRD,1,HYRD:169,HYRD:group:HYRD:169,GON+,d4106e21e262a7cba4d44975792bb0aae6e8f2041e9b3a660743f96a26bcfd6a,train,train
HYDR/Images/16_0.jpg,HYRD,1,HYRD:16,HYRD:group:HYRD:16,GON+,ee1e29c7d5969589079e20ddedc1b6d0a1157b1b2d0e4b7501a970606b0bbd23,train,train
HYDR/Images/16_1.jpg,HYRD,1,HYRD:16,HYRD:group:HYRD:16,GON+,0cfdd11aacf7e987425959a4d2396cfebef92d697f95dcda424211d554ee517f,train,train
HYDR/Images/16_2.jpg,HYRD,1,HYRD:16,HYRD:group:HYRD:16,GON+,fbccda8f6602a762c71250a01cfe29be2af05d23e6c3e943b72aecdf8f12e65b,train,train
HYDR/Images/16_3.jpg,HYRD,1,HYRD:16,HYRD:group:HYRD:16,GON+,692a4f3fd36beeb201babd371c994d8bd626e5900f7c3e1cab06bc5996de2740,train,train
HYDR/Images/16_4.jpg,HYRD,1,HYRD:16,HYRD:group:HYRD:16,GON+,9b432fe686ff6ee7ebe8d4991d3f8cfc4484680aff2fb1528357a45952a0d122,train,train
HYDR/Images/170_0.jpg,HYRD,1,HYRD:170,HYRD:group:HYRD:170,GON+,9a1ae569b051d38b318f7003faccfce530a247fdfe9537257d48deadd9fcd8fe,train,train
HYDR/Images/170_1.jpg,HYRD,1,HYRD:170,HYRD:group:HYRD:170,GON+,47e86e25a51f4446efd5c3813acc2b934cfa71be474b300e7efc0df99537abfe,train,train
HYDR/Images/170_2.jpg,HYRD,1,HYRD:170,HYRD:group:HYRD:170,GON+,c6e4f5bbc5d2fce1cf1dd8dfeaf4032f7af54ec0d8ba6b250f3dd1132c0c2bf3,train,train
HYDR/Images/170_3.jpg,HYRD,1,HYRD:170,HYRD:group:HYRD:170,GON+,7ca20b8a54ff872172cda3ba03f19e2ee0e2d447cc593eb2541567b9938518ff,train,train
HYDR/Images/170_4.jpg,HYRD,1,HYRD:170,HYRD:group:HYRD:170,GON+,274a2b87631b61ffc80d109fd30222279e18e6d90b5946182117cc0c2b39a150,train,train
HYDR/Images/170_5.jpg,HYRD,1,HYRD:170,HYRD:group:HYRD:170,GON+,ef7133e5751a23130693a180aefcd5621ba8c961d10be71bb9a28a78293748b3,train,train
HYDR/Images/171_0.jpg,HYRD,1,HYRD:171,HYRD:group:HYRD:171,GON+,d2638f26c9efd3ceab3ced350e75606aa3b699c813f200df393796984d1df6d6,train,train
HYDR/Images/172_0.jpg,HYRD,1,HYRD:172,HYRD:group:HYRD:172,GON+,6fdc76c2d799a48cd7d5ce7f0380f5ce842602f0139904fb761a951d85135e28,train,train
HYDR/Images/172_1.jpg,HYRD,1,HYRD:172,HYRD:group:HYRD:172,GON+,326e1002080369e4acaa792572119fb3c03630ad6cd4c81a96b3d188bee85461,train,train
HYDR/Images/172_2.jpg,HYRD,1,HYRD:172,HYRD:group:HYRD:172,GON+,ae8bb46b6806c8ce9132fc88a15ea72a38b3cc74ad0203daf3e5b4ef53653745,train,train
HYDR/Images/172_3.jpg,HYRD,1,HYRD:172,HYRD:group:HYRD:172,GON+,f25e62faad4f9af6cf14a6068e3feebe7b319eb8b9661d85e32978e1d93edc27,train,train
HYDR/Images/173_0.jpg,HYRD,1,HYRD:173,HYRD:group:HYRD:173,GON+,3279c5f0d426642343568d14ddd4930e78adcbed20eff18904517f8991b52894,train,train
HYDR/Images/174_0.jpg,HYRD,1,HYRD:174,HYRD:group:HYRD:174,GON+,f31d3cd311f4ea6f9d499327d1b6e457e272810506ba1cb0409b8b41e3579d3e,train,train
HYDR/Images/175_0.jpg,HYRD,1,HYRD:175,HYRD:group:HYRD:175,GON+,ba0d0e7a2bbab63a832d6208bd0ab9fbcb86be0650fb65b74bbfc36baabe78ea,train,train
HYDR/Images/175_1.jpg,HYRD,1,HYRD:175,HYRD:group:HYRD:175,GON+,3001c685918351c9d5eebf4f3cd0c822b043bf9304440faf1e7031fa8476a0a6,train,train
HYDR/Images/177_0.jpg,HYRD,1,HYRD:177,HYRD:group:HYRD:177,GON+,9c5cb32efa9a0dcdb88ac74f91f4bd04c8b5419ffcfcfefdf6b92b1b01831813,train,train
HYDR/Images/177_1.jpg,HYRD,1,HYRD:177,HYRD:group:HYRD:177,GON+,cacc31ce980290a5ee3d1d5d1ddaa6aa23634e892063101d0303287f13389f67,train,train
HYDR/Images/177_2.jpg,HYRD,1,HYRD:177,HYRD:group:HYRD:177,GON+,47aa1058d710d62122133a37bada5024006bf270db19885b16209baf2b2d91e6,train,train
HYDR/Images/178_0.jpg,HYRD,1,HYRD:178,HYRD:group:HYRD:178,GON+,c0e1dc31376e70279b486774dcad80e6533ff7f3e58694a00f9a0bdcca6a9796,train,train
HYDR/Images/17_0.jpg,HYRD,1,HYRD:17,HYRD:group:HYRD:17,GON+,91086294a262a278d58ae36d826087552680893d5fbb6e3612c03ffd958676f3,train,train
HYDR/Images/17_1.jpg,HYRD,1,HYRD:17,HYRD:group:HYRD:17,GON+,a17fa1d4c32bd54eaf94e4c48814f899abccb2ac0bde88706afdfeef63238110,train,train
HYDR/Images/17_2.jpg,HYRD,1,HYRD:17,HYRD:group:HYRD:17,GON+,212f0460c53bf4d03e7d206d66d294db297ef79faa9066175a66275ca07680e0,train,train
HYDR/Images/17_3.jpg,HYRD,1,HYRD:17,HYRD:group:HYRD:17,GON+,367c854c6dd9143eda3952aca3048dfddf44e732dfc506d3ef87fe2d706879fa,train,train
HYDR/Images/17_4.jpg,HYRD,1,HYRD:17,HYRD:group:HYRD:17,GON+,e7e5a0002f8b62aaf9d3192d69b5003864f6bb158b33d5b60f86d1d6f489c537,train,train
HYDR/Images/17_5.jpg,HYRD,1,HYRD:17,HYRD:group:HYRD:17,GON+,9e9fccc421ed19215d7d60065f3dc59831578da62eae12de0d53c03246e40a54,train,train
HYDR/Images/180_0.jpg,HYRD,1,HYRD:180,HYRD:group:HYRD:110,GON+,56131536e499f7f678527193b774806fb1d119e41b1e9cdd01c1e3cb4805d6c7,train,train
HYDR/Images/180_1.jpg,HYRD,1,HYRD:180,HYRD:group:HYRD:110,GON+,afd257b034670eaf18ca1c6843d16ffe555955157d0df6e1c101ac1fb58fcf64,train,train
HYDR/Images/180_2.jpg,HYRD,1,HYRD:180,HYRD:group:HYRD:110,GON+,319e35b9344ad22c7e639c180c74b58c1270f3749fbb2ba51d9df941c2b729eb,train,train
HYDR/Images/180_3.jpg,HYRD,1,HYRD:180,HYRD:group:HYRD:110,GON+,9eb2847e001236b09061d03fde20090bb6cd30932831046bf6cb6ed1ce6285e2,train,train
HYDR/Images/180_4.jpg,HYRD,1,HYRD:180,HYRD:group:HYRD:110,GON+,2ab8d549656f5e1136e7a685c076ed1789981eba0ef3a03f040d1f707f7031f5,train,train
HYDR/Images/180_5.jpg,HYRD,1,HYRD:180,HYRD:group:HYRD:110,GON+,0d3fb73a41016c650d7cfea5e3cfe99438e7f9fae8fea76aa483042bc6b2b3a9,train,train
HYDR/Images/181_0.jpg,HYRD,1,HYRD:181,HYRD:group:HYRD:181,GON+,7df7ab8a137b65ecdbcc161179c4d9bed367e13d66065f7bc54676625ba96dca,train,train
HYDR/Images/181_1.jpg,HYRD,1,HYRD:181,HYRD:group:HYRD:181,GON+,52fb27e9dfc17d788a32cd895caa10230eadc5534e0729117f21ac548f916892,train,train
HYDR/Images/183_0.jpg,HYRD,1,HYRD:183,HYRD:group:HYRD:183,GON+,31f96123d250e2c83e64a7590a9b3fec5ae61f1536d793e6fa6390d1f68196be,train,train
HYDR/Images/183_1.jpg,HYRD,1,HYRD:183,HYRD:group:HYRD:183,GON+,9e1687be9e193c43c56198cf1eb85145b872994ec98c2c7dfa52b5baeca6fe41,train,train
HYDR/Images/183_2.jpg,HYRD,1,HYRD:183,HYRD:group:HYRD:183,GON+,92949c0b67b952c0cabffb5d049eae81f0074760472d3586991556420d628623,train,train
HYDR/Images/183_3.jpg,HYRD,1,HYRD:183,HYRD:group:HYRD:183,GON+,5fbc344ab0fba12b0553fee94a5ee1dc88ae4f124339323925b930f2c6b1623e,train,train
HYDR/Images/183_4.jpg,HYRD,1,HYRD:183,HYRD:group:HYRD:183,GON+,fc4ef2f30324c781ec4a54f4d3b1cc3544436786dfe24ef35dc4be43e3bf0a1f,train,train
HYDR/Images/183_5.jpg,HYRD,1,HYRD:183,HYRD:group:HYRD:183,GON+,a5deae457916857bb02106ed486c1532b63c13bed99d5a630f256f6addddcad4,train,train
HYDR/Images/183_6.jpg,HYRD,1,HYRD:183,HYRD:group:HYRD:183,GON+,1a800df95e12e8a44d42fcd04f5d5eb33a9c96d149d1333c5c845283ebf0dd9f,train,train
HYDR/Images/183_7.jpg,HYRD,1,HYRD:183,HYRD:group:HYRD:183,GON+,9854c69e57dabf95ad40bcea658c57d04b85e46e87900a296bcd3989f4cb5ac1,train,train
HYDR/Images/184_0.jpg,HYRD,1,HYRD:184,HYRD:group:HYRD:184,GON+,bbe13a9cd1196444631ec19fb50896bf3917b5867b92c0bb7dccd6166e58994d,train,train
HYDR/Images/184_1.jpg,HYRD,1,HYRD:184,HYRD:group:HYRD:184,GON+,4ae62b65a801e942a3b959e9bb2233bafdd6def37948a11e3b8d6e2f2dfb2499,train,train
HYDR/Images/185_0.jpg,HYRD,1,HYRD:185,HYRD:group:HYRD:185,GON+,95e49ee0b9de497580dd0ced5d87ebf0a0ee71ff87f1e1bfcc35754fcb81d03c,train,train
HYDR/Images/185_1.jpg,HYRD,1,HYRD:185,HYRD:group:HYRD:185,GON+,9b75a7e198bd8cc81edc10fc98e592200d25ce8d3425470dd3c9a8e6c92657a8,train,train
HYDR/Images/185_2.jpg,HYRD,1,HYRD:185,HYRD:group:HYRD:185,GON+,6b310eacbcb1ddd8da61024da278c1d64461993d08895a91f93e3b9373a57b6b,train,train
HYDR/Images/186_0.jpg,HYRD,1,HYRD:186,HYRD:group:HYRD:186,GON+,95ae4150a0fd5ed92ff30c7840997893c30780f3c58cc55261aeeaab73251acf,train,train
HYDR/Images/186_1.jpg,HYRD,1,HYRD:186,HYRD:group:HYRD:186,GON+,87c438379493fc6e5d517635b86632e0a1980f0827159ca9bf8cc86f21fcc790,train,train
HYDR/Images/186_2.jpg,HYRD,1,HYRD:186,HYRD:group:HYRD:186,GON+,b38641a2a138740196dc7f95b24ee3589634e205597943db6485952e48d6d136,train,train
HYDR/Images/187_0.jpg,HYRD,0,HYRD:187,HYRD:group:HYRD:187,GON-,2cebc8a350e2334b156338dfb829430182728748a163cb1d1d6bcf426d79ff8b,train,train
HYDR/Images/188_0.jpg,HYRD,0,HYRD:188,HYRD:group:HYRD:188,GON-,2c09cc3def69924e01e8ecd28aaaed94ca95cd7cdb4b268a9d1c306f8cb99afe,train,train
HYDR/Images/188_1.jpg,HYRD,0,HYRD:188,HYRD:group:HYRD:188,GON-,3de8258b940762fb9a3e98f363880dd603b291989d6e3ec60c573414176f927d,train,train
HYDR/Images/189_0.jpg,HYRD,0,HYRD:189,HYRD:group:HYRD:189,GON-,832aae1f96d07fd3faf47c86eafa6926237f7f0e0416f2e733865ce84f3d7570,train,train
HYDR/Images/189_1.jpg,HYRD,0,HYRD:189,HYRD:group:HYRD:189,GON-,d29156512d119a6701618ef1f3df1163a4cb62743b8b1ffddf519a4a19e097b0,train,train
HYDR/Images/189_2.jpg,HYRD,0,HYRD:189,HYRD:group:HYRD:189,GON-,c95040e8ce0b9b33242b870e897476fc4b72c0356310837312706550a6fe5af6,train,train
HYDR/Images/18_0.jpg,HYRD,1,HYRD:18,HYRD:group:HYRD:18,GON+,1e05a49dba806e31d95066f045746e73f977ef35812f8e0627e8f5360918d673,train,train
HYDR/Images/18_1.jpg,HYRD,1,HYRD:18,HYRD:group:HYRD:18,GON+,f74c89f9e93069d8f8d06073ba350613ca9ec47fdb4526b332a4dd3c3401feda,train,train
HYDR/Images/18_2.jpg,HYRD,1,HYRD:18,HYRD:group:HYRD:18,GON+,f2b965c28bbc44299d51fc0dfc61d6297ae17f66e90a1395fcd86c312a552301,train,train
HYDR/Images/18_3.jpg,HYRD,1,HYRD:18,HYRD:group:HYRD:18,GON+,4eaae9d45cfd3ad44f2ac28b3fd30069e98a7b842ec1d884d0c992797f24ff49,train,train
HYDR/Images/18_4.jpg,HYRD,1,HYRD:18,HYRD:group:HYRD:18,GON+,ca584839f155d08246f3d7e3e7dbd614049ac6465a91bb29f46871b233f632d4,train,train
HYDR/Images/190_0.jpg,HYRD,0,HYRD:190,HYRD:group:HYRD:190,GON-,2eee3f44e0dceeed48a4fc89fcce4109272fcc711a8e2a6efd87f398dc01293c,train,train
HYDR/Images/191_0.jpg,HYRD,0,HYRD:191,HYRD:group:HYRD:191,GON-,ec91dd23209da68d67522b2e050c09018cc039d217a57e48542acf4f408da9a2,train,train
HYDR/Images/191_1.jpg,HYRD,0,HYRD:191,HYRD:group:HYRD:191,GON-,42d8c5d003246cb461ca91dd9e63dd7c621e17cc5b3bca5de376febba62c7285,train,train
HYDR/Images/192_0.jpg,HYRD,0,HYRD:192,HYRD:group:HYRD:192,GON-,bc15c79b63131f06e49de0aba48c0d8e67fb62d8377990677c6f7389ba2276bb,train,train
HYDR/Images/192_1.jpg,HYRD,0,HYRD:192,HYRD:group:HYRD:192,GON-,63e6c7419d30d7021dc4253c489937aa1f2f8a783db6fbf847f88446abf85fa9,train,train
HYDR/Images/193_0.jpg,HYRD,0,HYRD:193,HYRD:group:HYRD:193,GON-,8d7d4b17791685cf3827ce3a4a81e4dff8f542979a14ddb859b53161afc5a9de,train,train
HYDR/Images/193_1.jpg,HYRD,0,HYRD:193,HYRD:group:HYRD:193,GON-,1405556ee2a5bc08b6adb018de49e85f2636bb4a0676df6cc1f35920d64e6bc1,train,train
HYDR/Images/194_0.jpg,HYRD,0,HYRD:194,HYRD:group:HYRD:194,GON-,393a4e748a618d88f4846f11dd9fcc6358a52a31474827931a6973434460699f,train,train
HYDR/Images/194_1.jpg,HYRD,0,HYRD:194,HYRD:group:HYRD:194,GON-,7cf1fab12422b9e6a72cbaeb5313d3bce1b9c440c3350f9f1f8a5edc8b1c74b6,train,train
HYDR/Images/195_0.jpg,HYRD,0,HYRD:195,HYRD:group:HYRD:195,GON-,816e73a0c2c097f730406b554a23b215aea4a79d77c6202a7f2b976965538444,train,train
HYDR/Images/195_1.jpg,HYRD,0,HYRD:195,HYRD:group:HYRD:195,GON-,66d299995ea55fb4831670c528c75a90d3c422e58881823dfc4fddaae7c19dfb,train,train
HYDR/Images/195_2.jpg,HYRD,0,HYRD:195,HYRD:group:HYRD:195,GON-,f65b4af815d9e0b016bf1c846897f0c0aad9d3773d1d7d3e16dc1291b28aba8a,train,train
HYDR/Images/196_0.jpg,HYRD,0,HYRD:196,HYRD:group:HYRD:196,GON-,1151541eed7030671ad3942c82535a7ba784df9ee5bd6497b41cf10cac17fc6d,train,train
HYDR/Images/198_0.jpg,HYRD,0,HYRD:198,HYRD:group:HYRD:198,GON-,7f518681e800e3f116c9e58bbfa17e629ed41c553ba64558df271c65bc0b21c1,train,train
HYDR/Images/199_0.jpg,HYRD,0,HYRD:199,HYRD:group:HYRD:199,GON-,dcc785815edb9744b658781c1540e5354ec3ca9717c171d7962a115b96d7156e,train,train
HYDR/Images/199_1.jpg,HYRD,0,HYRD:199,HYRD:group:HYRD:199,GON-,bc1d57b00657883ade5f4809f875854bba17891854a82d6a0732c7f59a5cd684,train,train
HYDR/Images/19_0.jpg,HYRD,1,HYRD:19,HYRD:group:HYRD:19,GON+,4ace15faa85e2c02fc7b7596d38dda66e6f8182bfcb74e7a15f7522745e5e7d5,train,train
HYDR/Images/1_0.jpg,HYRD,1,HYRD:1,HYRD:group:HYRD:1,GON+,988cbad756c66b972e3af7c506af46f7a63b6f1664e5127642e1000f6b6babb1,train,train
HYDR/Images/1_1.jpg,HYRD,1,HYRD:1,HYRD:group:HYRD:1,GON+,ad6bd5dee6bdd9e355288cbb99019f8f6b394267c788e80a10f95d4a35707246,train,train
HYDR/Images/200_0.jpg,HYRD,0,HYRD:200,HYRD:group:HYRD:200,GON-,e6a2bb198f953c49cd42c9af24b1366e1840a81ffb0fca18fefbd7472c452701,train,train
HYDR/Images/200_1.jpg,HYRD,0,HYRD:200,HYRD:group:HYRD:200,GON-,1c94be45f0f7154e20ff27e14675a392e4117292e9d937d8880128ee40deca7f,train,train
HYDR/Images/200_2.jpg,HYRD,0,HYRD:200,HYRD:group:HYRD:200,GON-,2104bc5cb4b0c4ad34df44fd0c82556c8b3bcc72f3beb651a12fe5cee859af6b,train,train
HYDR/Images/200_3.jpg,HYRD,0,HYRD:200,HYRD:group:HYRD:200,GON-,ea7171cd55306eb18efe7f2f3b1133976d53d127821587f9bcaa2d7b30fc189f,train,train
HYDR/Images/201_0.jpg,HYRD,0,HYRD:201,HYRD:group:HYRD:201,GON-,6d6e21e8205c1bffe6719a639c5e2f310fbaf1cc84cca3c80381e87bde05160d,train,train
HYDR/Images/201_1.jpg,HYRD,0,HYRD:201,HYRD:group:HYRD:201,GON-,8ad63bf581ba0ae3efc57354573baa8d1ecf0b5bcf0a35010f693c719f011362,train,train
HYDR/Images/202_0.jpg,HYRD,0,HYRD:202,HYRD:group:HYRD:202,GON-,124e0f9acf044fc41988c3d53c0739e72928bb6f5e9495b667c9df6f70cd0144,train,train
HYDR/Images/202_1.jpg,HYRD,0,HYRD:202,HYRD:group:HYRD:202,GON-,ffa6bafae67ae96139e52f25f19a33c530c1bce003af1071f3064ef6b92ba588,train,train
HYDR/Images/203_0.jpg,HYRD,0,HYRD:203,HYRD:group:HYRD:203,GON-,b1dbb331ff08912b98a620b390d4a35a4d28ace0d1054f12f4c6e62ab72b2a6a,train,train
HYDR/Images/203_1.jpg,HYRD,0,HYRD:203,HYRD:group:HYRD:203,GON-,319e2e53ae2b804dc99bcf94ce0e80403d56cba0285043121ee4ae36acc3670d,train,train
HYDR/Images/204_0.jpg,HYRD,0,HYRD:204,HYRD:group:HYRD:204,GON-,c3bdeec4f366efba2cb58eb4b1423e99c85f1ab463f0119322a61b6f118c0f63,train,train
HYDR/Images/204_1.jpg,HYRD,0,HYRD:204,HYRD:group:HYRD:204,GON-,cef8f292159755513a01f906d9613040c026a2303aef16128915fd8cab59dc45,train,train
HYDR/Images/205_0.jpg,HYRD,0,HYRD:205,HYRD:group:HYRD:205,GON-,e376c9e959a3c85729ad1ec41248df834f36fcbbf1d6d882be6ffc10f8706e4c,train,train
HYDR/Images/205_1.jpg,HYRD,0,HYRD:205,HYRD:group:HYRD:205,GON-,df57428ae6f641b2e58765823256f6dfd8c9b624ab5cf3f574a5d2afa5179587,train,train
HYDR/Images/206_0.jpg,HYRD,0,HYRD:206,HYRD:group:HYRD:206,GON-,e7f14a44b84b27e0a7606674ae1b2613068409c7f85961d8f91b1c2cd8bb8f7f,train,train
HYDR/Images/208_0.jpg,HYRD,0,HYRD:208,HYRD:group:HYRD:208,GON-,1094f1be05486c6ccce3e3c8d2572ecc9272dad921fae31b3ab266ba64e0e206,train,train
HYDR/Images/208_1.jpg,HYRD,0,HYRD:208,HYRD:group:HYRD:208,GON-,4fd5f8e14ad9c2e68b8c784090924f60c5dbd7c47e3177c2532da93972e1cd43,train,train
HYDR/Images/209_0.jpg,HYRD,0,HYRD:209,HYRD:group:HYRD:209,GON-,ee644eb9a663959e1f6692e59e4156123c1cd0d702f79521344a12dc505f2dd1,train,train
HYDR/Images/20_0.jpg,HYRD,1,HYRD:20,HYRD:group:HYRD:20,GON+,b95e36b6260bade192f180f5fcaa84a28e933878df12865b2cf075e65d201f9c,train,train
HYDR/Images/20_1.jpg,HYRD,1,HYRD:20,HYRD:group:HYRD:20,GON+,62038bc4e9a03ccefeba5704826dd8dc77607df602b7254312f49aeb660f659f,train,train
HYDR/Images/211_0.jpg,HYRD,0,HYRD:211,HYRD:group:HYRD:211,GON-,4b1976fc486c2aa9da7696d30c0a60ee21792a7497db4b69cf478d55d87fdee6,train,train
HYDR/Images/211_1.jpg,HYRD,0,HYRD:211,HYRD:group:HYRD:211,GON-,e9bc4e93c0e5c6deb37077669a890b776c2cfa4197fa481862a8cfd9a3772bf0,train,train
HYDR/Images/211_2.jpg,HYRD,0,HYRD:211,HYRD:group:HYRD:211,GON-,120d74f5b83fd247eea2d7b698a22e267c668203b5d9a6acf798b3b23983b7b2,train,train
HYDR/Images/212_0.jpg,HYRD,0,HYRD:212,HYRD:group:HYRD:212,GON-,5e6bcc058a25a5ecb9589715d0d3a048935638cb2ffd760510e5f2c01e2f067a,train,train
HYDR/Images/213_0.jpg,HYRD,0,HYRD:213,HYRD:group:HYRD:213,GON-,b461fc616116cedf8391b4c245a53be008ea495f8bb499b3b2e3895d1ae685d5,train,train
HYDR/Images/214_0.jpg,HYRD,0,HYRD:214,HYRD:group:HYRD:214,GON-,45cbe0d3814288f574bac0f703ccb0d8184683d28278efe518f0e87e85f62705,train,train
HYDR/Images/214_1.jpg,HYRD,0,HYRD:214,HYRD:group:HYRD:214,GON-,fb0cea0070b54ee982a89dd57a90349566047545f183c0fea1a3cfd26a8fd731,train,train
HYDR/Images/214_2.jpg,HYRD,0,HYRD:214,HYRD:group:HYRD:214,GON-,3cc29234619fef3cd9de5eb7eba776747e99ca8bde3eb0711f3dce221b846b0e,train,train
HYDR/Images/214_3.jpg,HYRD,0,HYRD:214,HYRD:group:HYRD:214,GON-,f29238fad7a532d3e5912c3f4927325252f46459d985dbf3331568fe960c33ed,train,train
HYDR/Images/215_0.jpg,HYRD,0,HYRD:215,HYRD:group:HYRD:215,GON-,cb823fcea8b53e38240dc639e35ed2435f9d5d6dbf0e11bba116c3d0fcdc8cbc,train,train
HYDR/Images/215_1.jpg,HYRD,0,HYRD:215,HYRD:group:HYRD:215,GON-,e61d89d743052d1c8df7f353709a01e5f55a8be0036ed1a5606622b966baf003,train,train
HYDR/Images/215_2.jpg,HYRD,0,HYRD:215,HYRD:group:HYRD:215,GON-,95965bc4ed8e05ea130ad3d6238f55edee0e98dbd9a3e2202298663aeda144b9,train,train
HYDR/Images/215_3.jpg,HYRD,0,HYRD:215,HYRD:group:HYRD:215,GON-,e76f35d46703d4bb4d0765add29eff3bc1905af2f802bb46baabbc802cf7462f,train,train
HYDR/Images/216_0.jpg,HYRD,0,HYRD:216,HYRD:group:HYRD:216,GON-,860b414e1f89515525b341e536b68b70fa05d0e70b822cd3bd8c80424fc7ca9e,train,train
HYDR/Images/217_0.jpg,HYRD,0,HYRD:217,HYRD:group:HYRD:217,GON-,4aefb18b3645a962f916357252cf117ac80eac4b0167b1c9c925d6e9c30fc7d8,train,train
HYDR/Images/218_0.jpg,HYRD,0,HYRD:218,HYRD:group:HYRD:218,GON-,55e5da4a09dfa5ec021a4c3bfdcf688c48e36ca29ae0d121035664ad97384e99,train,train
HYDR/Images/219_0.jpg,HYRD,0,HYRD:219,HYRD:group:HYRD:219,GON-,fb38992768f081adb1431557697edd8add1e2624de763b4065cc53f885c81044,train,train
HYDR/Images/219_1.jpg,HYRD,0,HYRD:219,HYRD:group:HYRD:219,GON-,2f11eaafbc2551058b1aa578f50f86e27b0b1ebd60490662ac3d0187e64ef116,train,train
HYDR/Images/219_2.jpg,HYRD,0,HYRD:219,HYRD:group:HYRD:219,GON-,36d7c85f1a0fe75e23b7f892b7d00bd70f9a82e05b4251609917260dc9a95260,train,train
HYDR/Images/220_0.jpg,HYRD,0,HYRD:220,HYRD:group:HYRD:220,GON-,1057005d823d37604d91f5c73c1ed84dbadfcd53d6ac58638f372dabf3be1da5,train,train
HYDR/Images/220_1.jpg,HYRD,0,HYRD:220,HYRD:group:HYRD:220,GON-,f3ad3e88540755364eb1555202bddb76cf7a4bfc435fe35aafd9f9b8af0d514a,train,train
HYDR/Images/222_0.jpg,HYRD,0,HYRD:222,HYRD:group:HYRD:222,GON-,784ad1b02b1068f21c712360126956d50dc2c428d96a1e63bd66339ba82d0d1f,train,train
HYDR/Images/222_1.jpg,HYRD,0,HYRD:222,HYRD:group:HYRD:222,GON-,5678c32eb6ec371636bb5ed2638780ae467464055d49e95b17162c3e8f8aec2c,train,train
HYDR/Images/223_0.jpg,HYRD,0,HYRD:223,HYRD:group:HYRD:223,GON-,af94b60370de618444148d8d238bd668808c4e56e89eeec8eb6830edb2a78962,train,train
HYDR/Images/223_1.jpg,HYRD,0,HYRD:223,HYRD:group:HYRD:223,GON-,8c96695b4dcca3b9b54b37ba2e592cbe123339d1a9c1db8e1574fc3658072f01,train,train
HYDR/Images/223_2.jpg,HYRD,0,HYRD:223,HYRD:group:HYRD:223,GON-,b91e9eeecfe65df6194a086b1d46734558e4640e343a34a40e5a00df289d0cef,train,train
HYDR/Images/224_0.jpg,HYRD,0,HYRD:224,HYRD:group:HYRD:224,GON-,8c5d8d306803e9e99c8f3195d90c7891d830fa60dc6055f30c96a433fd57cf3f,train,train
HYDR/Images/224_1.jpg,HYRD,0,HYRD:224,HYRD:group:HYRD:224,GON-,53be5b3144cee44065b07a8379f4f73ee84c27d35ebe6ce3438258e62989dca2,train,train
HYDR/Images/224_2.jpg,HYRD,0,HYRD:224,HYRD:group:HYRD:224,GON-,39263b36d5b667120146415c4fd48588c51adcd9184faee8bcd65be3a9c77f31,train,train
HYDR/Images/224_3.jpg,HYRD,0,HYRD:224,HYRD:group:HYRD:224,GON-,a48282ff05942b5cd021d1a74f3f7026da685fee298539d2b4fa15707fa6c9c8,train,train
HYDR/Images/225_0.jpg,HYRD,0,HYRD:225,HYRD:group:HYRD:225,GON-,b5082263dda0c1255eeee52daa91a1b3c232509f6e11dceb2d66ee8007205f0b,train,train
HYDR/Images/225_1.jpg,HYRD,0,HYRD:225,HYRD:group:HYRD:225,GON-,038ae3905b89a2287b923700f22646111637eb20ddf3c270297040c0118267e7,train,train
HYDR/Images/226_0.jpg,HYRD,0,HYRD:226,HYRD:group:HYRD:226,GON-,d8d1eb634fc3a69df19a1ce3f10cea26f29c5f71484cfdb7ca13f2e03b4c9f0c,train,train
HYDR/Images/226_1.jpg,HYRD,0,HYRD:226,HYRD:group:HYRD:226,GON-,412c1b40908d6db528d9bf03f32bfc467731265eddd53aae495fdde3313ab84b,train,train
HYDR/Images/227_0.jpg,HYRD,0,HYRD:227,HYRD:group:HYRD:227,GON-,5025ea1ac7c8b8e8067c03e2bae08d8df08fe7be89554b049ff08df8242fd739,train,train
HYDR/Images/227_1.jpg,HYRD,0,HYRD:227,HYRD:group:HYRD:227,GON-,5bf99a8f4bd0ea9d9677ad931e0d1d8b5382d4fe0a19ddea8d494e9fcb523013,train,train
HYDR/Images/227_2.jpg,HYRD,0,HYRD:227,HYRD:group:HYRD:227,GON-,904511ba733b5f1a70d899a9cfd9b7c85ece787383f2a5dd3d4c8fa32bf06323,train,train
HYDR/Images/227_3.jpg,HYRD,0,HYRD:227,HYRD:group:HYRD:227,GON-,4e8d27cb910c428d0bcfd08cf21ce84c2a156044e5e209fc79489908303a359c,train,train
HYDR/Images/227_4.jpg,HYRD,0,HYRD:227,HYRD:group:HYRD:227,GON-,423bfe11d09d80439231a61913a3c0d504819c029a3b3e0ca29e3b1dae98492d,train,train
HYDR/Images/228_0.jpg,HYRD,0,HYRD:228,HYRD:group:HYRD:228,GON-,a04c583cffd4b9a2292c2be34a3f2696d226c27aaa84297efde5a782986d28e0,train,train
HYDR/Images/229_0.jpg,HYRD,0,HYRD:229,HYRD:group:HYRD:229,GON-,ccb8b45fb79a31701729f9304684ef2c807941522ffb51f02b03a6a958362458,train,train
HYDR/Images/229_1.jpg,HYRD,0,HYRD:229,HYRD:group:HYRD:229,GON-,bbd2e1abc855492cef107b6472de652bd0903c3efaec9e809afed750ffe6302e,train,train
HYDR/Images/22_0.jpg,HYRD,1,HYRD:22,HYRD:group:HYRD:22,GON+,8a9b30cf45afd95d191073cbbbeaba2f2cf9c77abcc044764f49801490d1f374,train,train
HYDR/Images/22_1.jpg,HYRD,1,HYRD:22,HYRD:group:HYRD:22,GON+,c823ea27ecaa9c5b82145c1ab366173af1cbd1e0640df2271c79c383670b6ac7,train,train
HYDR/Images/230_0.jpg,HYRD,0,HYRD:230,HYRD:group:HYRD:230,GON-,e1fe14b8618fd935a5b0043372c0ff281d89a05729dbab1ad6db90025fce52b6,train,train
HYDR/Images/230_1.jpg,HYRD,0,HYRD:230,HYRD:group:HYRD:230,GON-,ac4ab3eff0cd7571f4699046df228cc8102fcda17275e36ba85725765e64c04a,train,train
HYDR/Images/231_0.jpg,HYRD,0,HYRD:231,HYRD:group:HYRD:231,GON-,13e996108542443c8206ddd8bd9e5579e373265b12452e0962ce77a5ab724a57,train,train
HYDR/Images/231_1.jpg,HYRD,0,HYRD:231,HYRD:group:HYRD:231,GON-,b582fa6376228de7e083f283cd621dd7482f5abfb041a1203ce8162fc64376df,train,train
HYDR/Images/233_0.jpg,HYRD,0,HYRD:233,HYRD:group:HYRD:233,GON-,546689196cce3c0c6832736fbff2a62e7b404d7dc77c6a901d6603220c9364cb,train,train
HYDR/Images/234_0.jpg,HYRD,0,HYRD:234,HYRD:group:HYRD:234,GON-,58142c2952608c5d0238a17d7bd3a03c4c16f5b1027f5173460c5db70eb90a4f,train,train
HYDR/Images/234_1.jpg,HYRD,0,HYRD:234,HYRD:group:HYRD:234,GON-,336fd49ea3b55dd258593070594cc141b73549ad47c0c2e989bfbb44b7a79373,train,train
HYDR/Images/235_0.jpg,HYRD,0,HYRD:235,HYRD:group:HYRD:235,GON-,0b9a7fb60bbfe9153b0f9bc1c44d9a14960a533fb77035ab5cc9030dfaa978c3,train,train
HYDR/Images/236_0.jpg,HYRD,0,HYRD:236,HYRD:group:HYRD:236,GON-,1ba07d765200f7d402e28a6cc09c8afd81b4983085ef0f4ed17be7d72c815582,train,train
HYDR/Images/237_0.jpg,HYRD,0,HYRD:237,HYRD:group:HYRD:237,GON-,2e97625a85daa4514620117cb42078dfaafeeb449295f1b72736b5af13a3ea77,train,train
HYDR/Images/237_1.jpg,HYRD,0,HYRD:237,HYRD:group:HYRD:237,GON-,9a04a57bde465f877737d909c4a072c70b8f6e0feec59102b4cac91d2152c564,train,train
HYDR/Images/238_0.jpg,HYRD,0,HYRD:238,HYRD:group:HYRD:238,GON-,8eef94818bfecff4029b964c24a09c8e3a5883ce8a27ed152f28a314ab7927cf,train,train
HYDR/Images/238_1.jpg,HYRD,0,HYRD:238,HYRD:group:HYRD:238,GON-,4c1c0caa91a7ecf172eedd72493437b2ab46b4fd9ffcb3774ff3745d569efedc,train,train
HYDR/Images/239_0.jpg,HYRD,0,HYRD:239,HYRD:group:HYRD:239,GON-,242865ea54c7c0e1f948ac903de9c3b0b8460cf7e5bb5b23b203e26cb2ab50d6,train,train
HYDR/Images/239_1.jpg,HYRD,0,HYRD:239,HYRD:group:HYRD:239,GON-,12b2ed4ca0ddcaf16130942962b1b9a17e66d0e08e714cb7bddca7d3263fa245,train,train
HYDR/Images/240_0.jpg,HYRD,0,HYRD:240,HYRD:group:HYRD:240,GON-,f06d9df4f49cb46a928b4c9fc7fb60ba25a6780a683cda0e8115f6be1cbc7e3f,train,train
HYDR/Images/240_1.jpg,HYRD,0,HYRD:240,HYRD:group:HYRD:240,GON-,b1c7ab324726b196384aff8d860c8c002d4ec9be0c8aa5984d77fab1496927ee,train,train
HYDR/Images/240_2.jpg,HYRD,0,HYRD:240,HYRD:group:HYRD:240,GON-,ebf40be2f2e725eac47b2b7c763f085ceb5905a923da89aa38a57478e1f83ae7,train,train
HYDR/Images/241_0.jpg,HYRD,0,HYRD:241,HYRD:group:HYRD:241,GON-,5eed6cae44e4699280b7cf5033eae524d4fd48d36cca28c7bd937064e6020692,train,train
HYDR/Images/241_1.jpg,HYRD,0,HYRD:241,HYRD:group:HYRD:241,GON-,f6e20358f22301374b0491196f62db9eb9d3be99a41d1b7a726f1998667029be,train,train
HYDR/Images/241_2.jpg,HYRD,0,HYRD:241,HYRD:group:HYRD:241,GON-,50edd01d8b4b0f93b71125a018fc0688008ec938add8b3b7c8c180edb0e5eecc,train,train
HYDR/Images/242_0.jpg,HYRD,0,HYRD:242,HYRD:group:HYRD:242,GON-,7400ef25486b2d4e591f53484265c070717b163f0c64daec5663b5d21253a3cd,train,train
HYDR/Images/243_0.jpg,HYRD,0,HYRD:243,HYRD:group:HYRD:243,GON-,451fb1aad47e426e983048d4f360814793fd95b0f30184aded9f49c014535dd2,train,train
HYDR/Images/243_1.jpg,HYRD,0,HYRD:243,HYRD:group:HYRD:243,GON-,616fb8625be139ef5b79e61be7e1662ce50eef504d44ab58903b67bfbe04402d,train,train
HYDR/Images/244_0.jpg,HYRD,0,HYRD:244,HYRD:group:HYRD:244,GON-,beda3db3aea0bc3a9e5457390de9cd70986ac741e811b9987ef1ea47d2af2d17,train,train
HYDR/Images/244_1.jpg,HYRD,0,HYRD:244,HYRD:group:HYRD:244,GON-,bb0b6fc53cda843e5728b77e58b5b8b2c149f9d00e396ac9e94d90752f7affcf,train,train
HYDR/Images/245_0.jpg,HYRD,0,HYRD:245,HYRD:group:HYRD:245,GON-,984b2c528610388e89d75af4974638465ee64a77f97ad8ce37932ec07168d0b8,train,train
HYDR/Images/245_1.jpg,HYRD,0,HYRD:245,HYRD:group:HYRD:245,GON-,94924cdb6d2ee02be623bbaec0a4f24ff76d206ee1662ebef581436624c7ac0f,train,train
HYDR/Images/245_2.jpg,HYRD,0,HYRD:245,HYRD:group:HYRD:245,GON-,c15327e71a485ac3e19afbf4cf2372f0dad820b3e0d7651d439c10342534be4e,train,train
HYDR/Images/246_0.jpg,HYRD,0,HYRD:246,HYRD:group:HYRD:246,GON-,662fdec48f7fa01572758450ee2302eabc0d3623f89015a50d694bfeda0e25b0,train,train
HYDR/Images/247_0.jpg,HYRD,0,HYRD:247,HYRD:group:HYRD:247,GON-,5a42f13be143fd466e04f2c260a9a4a4285eaaa1a8b80ef46b72db22e770dde1,train,train
HYDR/Images/247_1.jpg,HYRD,0,HYRD:247,HYRD:group:HYRD:247,GON-,5f0c056bed94197476c07a62b456b9ee8d29c88247b94c5e616cc25a76f90ece,train,train
HYDR/Images/248_0.jpg,HYRD,0,HYRD:248,HYRD:group:HYRD:248,GON-,f9f4667bb9a82c3ab7fd142415eaa8101b2a9a3d9e415518a741b5e566ea48dc,train,train
HYDR/Images/249_0.jpg,HYRD,0,HYRD:249,HYRD:group:HYRD:249,GON-,132f18a37d34ee2b749f519a0ee21b10da7ee29b48869150fa911a63f4dc2fa8,train,train
HYDR/Images/249_1.jpg,HYRD,0,HYRD:249,HYRD:group:HYRD:249,GON-,598633c2675815cd6dd058c14cfa69d6ed5184e46c41412b5bb67025d33cedc0,train,train
HYDR/Images/249_2.jpg,HYRD,0,HYRD:249,HYRD:group:HYRD:249,GON-,738cfd5a05e2fe1f0f752ee3f6265838cc7c3384700aba25985cbb7c227db683,train,train
HYDR/Images/249_3.jpg,HYRD,0,HYRD:249,HYRD:group:HYRD:249,GON-,76a99a8f2dbedb5c219aefc2d5162a3fcdfdd11b6dd01c1c8925a7c22d1a7933,train,train
HYDR/Images/24_0.jpg,HYRD,1,HYRD:24,HYRD:group:HYRD:24,GON+,e8936a28c66e2b20cf9ca716dc90881a1178738a0dc73528e623b63cfd6b423b,train,train
HYDR/Images/250_0.jpg,HYRD,0,HYRD:250,HYRD:group:HYRD:250,GON-,3cdb65422a0ac386ccf5f26ff1d19f63cb37dbed5219392ed48d1a7f79b43e14,train,train
HYDR/Images/250_1.jpg,HYRD,0,HYRD:250,HYRD:group:HYRD:250,GON-,2f66c14b85b0281ebdd70cf0265f8fd3f311f9997c120e21c9b708330eff1f14,train,train
HYDR/Images/251_0.jpg,HYRD,0,HYRD:251,HYRD:group:HYRD:251,GON-,e502adb96043f28c7c6edd9b689b25a7482edc50546a68c91cc3a9544578b936,train,train
HYDR/Images/252_0.jpg,HYRD,0,HYRD:252,HYRD:group:HYRD:252,GON-,42b9990ac987a277ff838727df10203e84c91663b97e083ba80891052cbc924d,train,train
HYDR/Images/252_1.jpg,HYRD,0,HYRD:252,HYRD:group:HYRD:252,GON-,cf8e4c680e3ad317fd3d3a6eaa8f38284c4a0e6a6ea7f6278d5e6c1b6af9e489,train,train
HYDR/Images/253_0.jpg,HYRD,0,HYRD:253,HYRD:group:HYRD:253,GON-,dbb05c9e62c7598e135a61b4d10520d0634c77f90d6cdac89821de6f1002b8c8,train,train
HYDR/Images/253_1.jpg,HYRD,0,HYRD:253,HYRD:group:HYRD:253,GON-,41504556b6074b2512a82e22d3a05894e2a3f3c596482fcd7c0c8e51fcbec772,train,train
HYDR/Images/253_2.jpg,HYRD,0,HYRD:253,HYRD:group:HYRD:253,GON-,7e5bd283c1b6001f953b6c4423108c3879a028a470ce73e1ea07bd3d56a8c9c9,train,train
HYDR/Images/254_0.jpg,HYRD,0,HYRD:254,HYRD:group:HYRD:254,GON-,0c95c09f4f1b85ac02cf2e39c5b7d19f755e078b3fdd6ab0ecfc1ddc07cbfc22,train,train
HYDR/Images/255_0.jpg,HYRD,0,HYRD:255,HYRD:group:HYRD:255,GON-,e1331c11a120740be69426d76e27386ad57b55676c0ac11060f9916abb2b2920,train,train
HYDR/Images/255_1.jpg,HYRD,0,HYRD:255,HYRD:group:HYRD:255,GON-,83c073c010aae3e1c78742dcaa4dcf1a4861ddf9fe71032417d733f106405987,train,train
HYDR/Images/255_2.jpg,HYRD,0,HYRD:255,HYRD:group:HYRD:255,GON-,348b40f5325b6ddcbc3fd554881ab470a4c7eb3e1c522d26647d9a917aa4c0bf,train,train
HYDR/Images/256_0.jpg,HYRD,0,HYRD:256,HYRD:group:HYRD:256,GON-,7fe3de3bfa3d5d8962de2b4b5997542821a4945956a601359e1f3fd86083f19b,train,train
HYDR/Images/256_1.jpg,HYRD,0,HYRD:256,HYRD:group:HYRD:256,GON-,c2459c66ea70fac8491927c8920dc033bc9234f6464a842ccfc9b6542710adb6,train,train
HYDR/Images/257_1.jpg,HYRD,0,HYRD:257,HYRD:group:HYRD:239,GON-,e169eb4abe86d0d0b471321cadbc5f03130aea608e89d48678b01a39cc1ce819,train,train
HYDR/Images/258_0.jpg,HYRD,0,HYRD:258,HYRD:group:HYRD:258,GON-,203918656c87f633b0939b00a615fcb8886958630e63d5bb83eec2c0e54771a7,train,train
HYDR/Images/258_1.jpg,HYRD,0,HYRD:258,HYRD:group:HYRD:258,GON-,d9af279d748ace30550fc57752a6deff2a08275bd93df7661df1c00f5c23c269,train,train
HYDR/Images/25_0.jpg,HYRD,1,HYRD:25,HYRD:group:HYRD:25,GON+,1b4242f72544a685e1ac5bf5200f5edf8645156625a85929a019c97d0ee40a60,train,train
HYDR/Images/25_1.jpg,HYRD,1,HYRD:25,HYRD:group:HYRD:25,GON+,e544afa144332d0628a64a4ef8117cf06a6a90193b8806e59581d3aac453eb25,train,train
HYDR/Images/260_0.jpg,HYRD,0,HYRD:260,HYRD:group:HYRD:260,GON-,b8711b7ff769081c3d4e41bec0f7d7f575506d34df8397ef66083749fb7473c6,train,train
HYDR/Images/261_0.jpg,HYRD,0,HYRD:261,HYRD:group:HYRD:261,GON-,674b2b435d1173eec544b6781fdd71642f560debabc37d8a75ccfccec005fc7b,train,train
HYDR/Images/261_1.jpg,HYRD,0,HYRD:261,HYRD:group:HYRD:261,GON-,83779f72dad4907012d375b1e37c5980d8d6fc6a4abac8ed2093ec9ef130bde8,train,train
HYDR/Images/262_0.jpg,HYRD,0,HYRD:262,HYRD:group:HYRD:262,GON-,16eb08135be7e5cf68145b78504be475d0d30e780a3b72af9ddce4eca8f6bdb4,train,train
HYDR/Images/263_0.jpg,HYRD,0,HYRD:263,HYRD:group:HYRD:263,GON-,1c675c46b48a13f8a4d7d8cec84411a37ae09a5e9fa2c6c273908d366e33430b,train,train
HYDR/Images/264_0.jpg,HYRD,0,HYRD:264,HYRD:group:HYRD:264,GON-,fdd63f18bd4e882e48320477a633f5ea3165dcaa85035d89fd4291f0da24b7ad,train,train
HYDR/Images/265_0.jpg,HYRD,0,HYRD:265,HYRD:group:HYRD:265,GON-,c3e6c3a92b4ed9f73c67ad4f5e91415911e0ebe07c00f85c19862d3f541cda1c,train,train
HYDR/Images/265_1.jpg,HYRD,0,HYRD:265,HYRD:group:HYRD:265,GON-,bfecbdc9cc0cf6cd75de9b15259f46caaeeb58a9110152a810ec1785b8fc45f7,train,train
HYDR/Images/266_0.jpg,HYRD,0,HYRD:266,HYRD:group:HYRD:266,GON-,3b9d6dea9d4a3a912ce4881aa9ee2a72729bef03bfd3d62fd2b08b1aaf8974c9,train,train
HYDR/Images/267_0.jpg,HYRD,0,HYRD:267,HYRD:group:HYRD:267,GON-,a3f99e394a05938d31713374f46412d08596d089f3912408bec1abb83b1a1d89,train,train
HYDR/Images/269_0.jpg,HYRD,0,HYRD:269,HYRD:group:HYRD:269,GON-,702fd8c81d5df63d6082a850b8cd22604f7ca7e0773847ff3121c6a5e30ed1b3,train,train
HYDR/Images/269_1.jpg,HYRD,0,HYRD:269,HYRD:group:HYRD:269,GON-,60d32c1210d60f0fafd0f89dacd60c21b3f4389d03da51ebc76115b73ef26c5f,train,train
HYDR/Images/26_0.jpg,HYRD,1,HYRD:26,HYRD:group:HYRD:26,GON+,573512225e1aa3b40b444e607df3f76cb14b504293324720765f56d932791af8,train,train
HYDR/Images/26_1.jpg,HYRD,1,HYRD:26,HYRD:group:HYRD:26,GON+,b0c8d788fed1efab03e2dcf04184d3e9b8863f3274e42a6139f38e4f7f8a6eb9,train,train
HYDR/Images/271_0.jpg,HYRD,0,HYRD:271,HYRD:group:HYRD:271,GON-,d729b3de5e2db7ccba872fc4b0138cc20106b3da3f562b3d795e1ffada99a2c1,train,train
HYDR/Images/272_0.jpg,HYRD,0,HYRD:272,HYRD:group:HYRD:272,GON-,1adeaf4339fbe9c5263d7f451987d974ef2e8176af1ed880e4894bd06080f625,train,train
HYDR/Images/272_1.jpg,HYRD,0,HYRD:272,HYRD:group:HYRD:272,GON-,e8ec24ae993e6daaea98694c5a9ffcdb43213f93678acf1fd23421db93095f57,train,train
HYDR/Images/273_0.jpg,HYRD,0,HYRD:273,HYRD:group:HYRD:273,GON-,989b467c1d46e7b46bbcbc37e5f6636231f116029bb70b798e5e8e8d8b18955f,train,train
HYDR/Images/274_0.jpg,HYRD,0,HYRD:274,HYRD:group:HYRD:274,GON-,ea1ec79f58f3230dfa2da19201d933530b15539f4efe8f33e62f66a5250cb574,train,train
HYDR/Images/275_0.jpg,HYRD,0,HYRD:275,HYRD:group:HYRD:275,GON-,e3a23092535e3d215978bf103847f3568ff41e5ac811e69e91ebbb9c3706de3d,train,train
HYDR/Images/275_1.jpg,HYRD,0,HYRD:275,HYRD:group:HYRD:275,GON-,f2ff0d0b660ba74aeb18b48b4e0897ab2605873a3fa339210cfa33ad21cd6e47,train,train
HYDR/Images/275_2.jpg,HYRD,0,HYRD:275,HYRD:group:HYRD:275,GON-,3a9dd9bdc4795689a999c3ede0e4645f88158367ec1850c3d600f4573c23c83c,train,train
HYDR/Images/277_0.jpg,HYRD,0,HYRD:277,HYRD:group:HYRD:277,GON-,d345b13f0bcb7e667f8780c742010ebf9c9c884deb4780663cdbe808fa87a1a2,train,train
HYDR/Images/277_1.jpg,HYRD,0,HYRD:277,HYRD:group:HYRD:277,GON-,2fc622a4f4da9c42109a83e9ce5bfe5e34e4dc217534c323bc98d821f2790501,train,train
HYDR/Images/277_2.jpg,HYRD,0,HYRD:277,HYRD:group:HYRD:277,GON-,257aec02fcddddd108db3afeaf26f72771df09a2043a6defb4a5ae3adae13290,train,train
HYDR/Images/278_0.jpg,HYRD,0,HYRD:278,HYRD:group:HYRD:278,GON-,6afa5aeda782e93ebac0ffe941496477c627a80ff30dd327d17b70c7099d0808,train,train
HYDR/Images/278_1.jpg,HYRD,0,HYRD:278,HYRD:group:HYRD:278,GON-,dd052982c3cc087522fea488a3a0a894ba6362143eb04c3849fbbb16f365c262,train,train
HYDR/Images/279_0.jpg,HYRD,0,HYRD:279,HYRD:group:HYRD:279,GON-,8522daf71692a7d293676dd79ff1f38c67d9ccb1a895f3db1b522b2fd4b77d79,train,train
HYDR/Images/279_1.jpg,HYRD,0,HYRD:279,HYRD:group:HYRD:279,GON-,78f95af928dd9f33639407730571132208a0b54a3ffeb60ad6a99030082941d9,train,train
HYDR/Images/27_0.jpg,HYRD,1,HYRD:27,HYRD:group:HYRD:27,GON+,3a61cd8a4bf1616a75927b567ee749bdb4f5e7d422a3c7e276cac4996e63ff77,train,train
HYDR/Images/27_1.jpg,HYRD,1,HYRD:27,HYRD:group:HYRD:27,GON+,c799432d594de5ef70c37c9a41ef3f9d96803d75b891b2a5be5f25fabc93108c,train,train
HYDR/Images/280_0.jpg,HYRD,0,HYRD:280,HYRD:group:HYRD:280,GON-,19c702b392a508f5381893eb8cca161cc107583ae8b0a0e732ede33def32e154,train,train
HYDR/Images/280_1.jpg,HYRD,0,HYRD:280,HYRD:group:HYRD:280,GON-,db11a39a60873bb919cc44b97951ba82accf2250da7c91ea54d7d5bc838f7929,train,train
HYDR/Images/281_0.jpg,HYRD,0,HYRD:281,HYRD:group:HYRD:281,GON-,55393b0605133ba79d0b8a9c01b370ceae772758fc90e98dc34e972a78f67764,train,train
HYDR/Images/281_1.jpg,HYRD,0,HYRD:281,HYRD:group:HYRD:281,GON-,b82a45bc01877314edd4b8d0eac828f919fbbfc09c256113b4b404cf7e7acbff,train,train
HYDR/Images/282_0.jpg,HYRD,0,HYRD:282,HYRD:group:HYRD:282,GON-,121d2aa9dfb09bf4507c70d175d278c67590486f8d408f6e90a5199652440fd5,train,train
HYDR/Images/282_1.jpg,HYRD,0,HYRD:282,HYRD:group:HYRD:282,GON-,2ede9b14ab247d7710420abf28779d423f7879d22bca19c8fc3d016e3f1b8731,train,train
HYDR/Images/283_0.jpg,HYRD,0,HYRD:283,HYRD:group:HYRD:283,GON-,6aa04e504ca53a77a6df0fe45782e47fa864287a34f88d733cdc5d1a1f1822bf,train,train
HYDR/Images/283_1.jpg,HYRD,0,HYRD:283,HYRD:group:HYRD:283,GON-,0ceeb9d039b1cdc6eb09e8cb1f11cced18dd8776223e6cfd5ce8fc7b328be5ee,train,train
HYDR/Images/284_0.jpg,HYRD,0,HYRD:284,HYRD:group:HYRD:284,GON-,d542dae5e242aab43ae3cbdcdde41c8f2a88673e592f89980d30a7c4eba562fb,train,train
HYDR/Images/284_1.jpg,HYRD,0,HYRD:284,HYRD:group:HYRD:284,GON-,65c7842d4f16b01be17fe61f360beb078b3587053a86d9ff7b7572e3266776d3,train,train
HYDR/Images/285_0.jpg,HYRD,0,HYRD:285,HYRD:group:HYRD:285,GON-,3e18563310c5bf5bc56edd599325371efb342f5cbf4c167e331810ce269a455b,train,train
HYDR/Images/287_0.jpg,HYRD,0,HYRD:287,HYRD:group:HYRD:287,GON-,db9e15133991f414f8d8b63e0a06d9ae16652d08519e8b387f2ffd76b8fb00b7,train,train
HYDR/Images/287_1.jpg,HYRD,0,HYRD:287,HYRD:group:HYRD:287,GON-,c82b68f902c62000fe222ca0284503ff3d0aa22ada272bdf7570229d4b2373e0,train,train
HYDR/Images/288_0.jpg,HYRD,0,HYRD:288,HYRD:group:HYRD:288,GON-,e1ca8e9422cb4dda3e382d31a86f59dbaeb4f31b43fe85536279b250d79b8ce2,train,train
HYDR/Images/28_0.jpg,HYRD,1,HYRD:28,HYRD:group:HYRD:28,GON+,ddf89739455e8989c24c0af65f7a6eceba5e2f9298fd0f4ed5091d344ce34e36,train,train
HYDR/Images/28_1.jpg,HYRD,1,HYRD:28,HYRD:group:HYRD:28,GON+,305ad1b27ae7f8bc370899534866a8571de26daac551565dc6828c872ca76a26,train,train
HYDR/Images/28_2.jpg,HYRD,1,HYRD:28,HYRD:group:HYRD:28,GON+,b08d2201d017ea26baf9f20418042a5c7b65a2578938e5fd137885d3f1bea10a,train,train
HYDR/Images/28_3.jpg,HYRD,1,HYRD:28,HYRD:group:HYRD:28,GON+,7d8d500ffd14191048f77048341f1cffdc0518b2f834ec74831680418319b605,train,train
HYDR/Images/2_0.jpg,HYRD,1,HYRD:2,HYRD:group:HYRD:2,GON+,27f0ae5fac7e10b98ea6bc706347d79bed7fc5c50054aa4c4ef170be2633714d,train,train
HYDR/Images/2_1.jpg,HYRD,1,HYRD:2,HYRD:group:HYRD:2,GON+,a95cc2f4337e2a9e0ec357be2733408a39c55a5a43f492c59a3424ffb8c83de4,train,train
HYDR/Images/30_0.jpg,HYRD,1,HYRD:30,HYRD:group:HYRD:30,GON+,00461efc205d89ecaabb236a8e91f30e30fc4ed53a42f8f9011d70edaabda2c0,train,train
HYDR/Images/33_0.jpg,HYRD,1,HYRD:33,HYRD:group:HYRD:33,GON+,02f36eae3fa8a6541fb87e2c730f20277b562615caa08590a014c4ef366e066a,train,train
HYDR/Images/33_1.jpg,HYRD,1,HYRD:33,HYRD:group:HYRD:33,GON+,8d3958b6e87a8916648643bbbdc81136fd0d43ef1cd463ed2d733e4f8c87fcf5,train,train
HYDR/Images/35_0.jpg,HYRD,1,HYRD:35,HYRD:group:HYRD:35,GON+,1da179f988e0d57736f81425867b3ff4d457ed1debfc496167daac14d8d1ca39,train,train
HYDR/Images/35_1.jpg,HYRD,1,HYRD:35,HYRD:group:HYRD:35,GON+,3a69a8fe463be496f68cab91dd09934a200d7d9c2931c15a875ef6eb09ac655f,train,train
HYDR/Images/36_0.jpg,HYRD,1,HYRD:36,HYRD:group:HYRD:36,GON+,9842ed5f53720d57070694761cfe71d02ebbaa38123a2c656a189e6d81229ed0,train,train
HYDR/Images/36_1.jpg,HYRD,1,HYRD:36,HYRD:group:HYRD:36,GON+,4bb1b52fda6c4f5203dc8441af682356e3c9fcde7836e10899739fdb0e15bcec,train,train
HYDR/Images/36_10.jpg,HYRD,1,HYRD:36,HYRD:group:HYRD:36,GON+,8872b40058415b024f097051aff8f19c40dd1dc7e6bc6940b708b5c05f3387be,train,train
HYDR/Images/36_11.jpg,HYRD,1,HYRD:36,HYRD:group:HYRD:36,GON+,3a0e46dffc50a5ab9ab10137497509843522620b1c89477dbfdca7ee1acf80db,train,train
HYDR/Images/36_2.jpg,HYRD,1,HYRD:36,HYRD:group:HYRD:36,GON+,d6cde1bb3720754a07750909e3a39fb616510f9abb051d45ce6a2e6e57cdd694,train,train
HYDR/Images/36_3.jpg,HYRD,1,HYRD:36,HYRD:group:HYRD:36,GON+,380499839585f24fde9b39728608a916dc1074f1441feb3bbfae3d14019213a6,train,train
HYDR/Images/36_4.jpg,HYRD,1,HYRD:36,HYRD:group:HYRD:36,GON+,dcd872009108c5b6c3073455f0e2eabfc29638dc54c0fd382723289ae662b842,train,train
HYDR/Images/36_5.jpg,HYRD,1,HYRD:36,HYRD:group:HYRD:36,GON+,19f569bfa344e11abc6ea15557690a231a2db8c73ab3b0595fccc2aeb04bf233,train,train
HYDR/Images/36_6.jpg,HYRD,1,HYRD:36,HYRD:group:HYRD:36,GON+,3f3cbe2f1f9d19ec06e5e67de4e6b9ca599cff79fd53e4288dc6986fcf5a6cc7,train,train
HYDR/Images/36_7.jpg,HYRD,1,HYRD:36,HYRD:group:HYRD:36,GON+,9e7ff7fbebb575e73343b8ce8e425d43dbfe05acbc54af061eb57eca3c6e3f13,train,train
HYDR/Images/36_8.jpg,HYRD,1,HYRD:36,HYRD:group:HYRD:36,GON+,2bd9ed47f78f822b2feda51f7e7cf1d487d9f3d642168e72469427ed6f015e68,train,train
HYDR/Images/36_9.jpg,HYRD,1,HYRD:36,HYRD:group:HYRD:36,GON+,600f748ed705415c752dbfe58dca99dabd8e81463b78dc6344cd6e33aee073a5,train,train
HYDR/Images/37_0.jpg,HYRD,1,HYRD:37,HYRD:group:HYRD:37,GON+,cca86890c63608f768f4e76dd3d5df9cfccf3d05397aa511595d3c489f044355,train,train
HYDR/Images/39_0.jpg,HYRD,1,HYRD:39,HYRD:group:HYRD:39,GON+,74c001426da36295c4425af25e13c1db6dcbb3970f45fca4216f22d663362f8c,train,train
HYDR/Images/39_1.jpg,HYRD,1,HYRD:39,HYRD:group:HYRD:39,GON+,055626e3e74d80ac41ec56c851e8e886865bfcafda8c859a7cf9b8d6be4883a6,train,train
HYDR/Images/39_2.jpg,HYRD,1,HYRD:39,HYRD:group:HYRD:39,GON+,733f9c15b6a9272dba2f5247e935fa6499577e92799419faa076609c692fbb88,train,train
HYDR/Images/39_3.jpg,HYRD,1,HYRD:39,HYRD:group:HYRD:39,GON+,f49291a6e7cfa2c32355a8fdc50afe6fadd2d9b2d23ed2108bcd69b1542da001,train,train
HYDR/Images/3_0.jpg,HYRD,1,HYRD:3,HYRD:group:HYRD:3,GON+,4012fe0fca39303df8828b843802586314d224ead92a82783c534cd9732f2866,train,train
HYDR/Images/3_1.jpg,HYRD,1,HYRD:3,HYRD:group:HYRD:3,GON+,c483e9508e025cadbccb8c5a4d71e69dab372c7305f680210a7a49caace554d2,train,train
HYDR/Images/40_0.jpg,HYRD,1,HYRD:40,HYRD:group:HYRD:40,GON+,239f79953e84e53f17b70c5437b9ebc4c805a46cd15a8d77486a79735dfb277d,train,train
HYDR/Images/40_1.jpg,HYRD,1,HYRD:40,HYRD:group:HYRD:40,GON+,5b17e4adf778c3bd22563e7d3a6f1a1dbe28012002868249c4e604ece8845e79,train,train
HYDR/Images/41_0.jpg,HYRD,1,HYRD:41,HYRD:group:HYRD:41,GON+,026b7906d0766e8cd0b7c1bb3838bdcd91c3ab8723fc06b78eb6f5b63cade972,train,train
HYDR/Images/42_0.jpg,HYRD,1,HYRD:42,HYRD:group:HYRD:42,GON+,0f9e536b2fda940cc9386c4eb42701083af7e125fb3a05c4d27e1e32ab26202a,train,train
HYDR/Images/42_1.jpg,HYRD,1,HYRD:42,HYRD:group:HYRD:42,GON+,139f16273be691b59354feb14addf87fa60aa83e4b056abfd51cbc310dac4444,train,train
HYDR/Images/42_2.jpg,HYRD,1,HYRD:42,HYRD:group:HYRD:42,GON+,78cc6beb24e63c25691fcaf201ee7dbd3d434a1d5bd97f3aae61e344fb0fa600,train,train
HYDR/Images/42_3.jpg,HYRD,1,HYRD:42,HYRD:group:HYRD:42,GON+,344c78b003ca2bcb930ebb4890b5fbe080127940e6c77fad96cc1f366e13b400,train,train
HYDR/Images/43_0.jpg,HYRD,1,HYRD:43,HYRD:group:HYRD:43,GON+,1002b63ad8d01b5fddc418e31b6d014a1aa3d2395cb4cfe06acc84fcd048fd83,train,train
HYDR/Images/43_1.jpg,HYRD,1,HYRD:43,HYRD:group:HYRD:43,GON+,5d724a6899ab4428f08608fef3593713d56249e94bdc7f502dc98740df6a9148,train,train
HYDR/Images/43_2.jpg,HYRD,1,HYRD:43,HYRD:group:HYRD:43,GON+,38e6eb0c4b962b426c67fb89a95679cd2986e7e0d91bc93e8c5242f0e18dc51f,train,train
HYDR/Images/43_3.jpg,HYRD,1,HYRD:43,HYRD:group:HYRD:43,GON+,e2f6e2458d0c0b8f4aa6de30426a6f808ac4cf48ba27ca72dd7c64730a342fef,train,train
HYDR/Images/44_0.jpg,HYRD,1,HYRD:44,HYRD:group:HYRD:44,GON+,447435afa82e1942215c446a849b9cf47e5d06435cfc4e77a6831478e48c1354,train,train
HYDR/Images/44_1.jpg,HYRD,1,HYRD:44,HYRD:group:HYRD:44,GON+,a9870029c0a9d131c62211c2cca4f2269620450bcb323fe5397423961bc40d70,train,train
HYDR/Images/44_2.jpg,HYRD,1,HYRD:44,HYRD:group:HYRD:44,GON+,116c056ab4ebae299721a44f1085a1940816b05e800bf2a22019f964effa3f0c,train,train
HYDR/Images/44_3.jpg,HYRD,1,HYRD:44,HYRD:group:HYRD:44,GON+,d611aad8b91205206011cdf00f23c2bfb7cf2006feb1935b028495c56a923671,train,train
HYDR/Images/44_4.jpg,HYRD,1,HYRD:44,HYRD:group:HYRD:44,GON+,d55eb27ce3c033d31998804e24223200eb9a8b1630d544364d9ca0671862a782,train,train
HYDR/Images/44_5.jpg,HYRD,1,HYRD:44,HYRD:group:HYRD:44,GON+,dcf34b1f233c8e251db4813759b1bc1cacca0779353d07669ced7550864df7ff,train,train
HYDR/Images/44_6.jpg,HYRD,1,HYRD:44,HYRD:group:HYRD:44,GON+,289a2cc40385b6a3d467f0d250919afd9d1c74bb8d96c82811811808b4157f14,train,train
HYDR/Images/45_0.jpg,HYRD,1,HYRD:45,HYRD:group:HYRD:45,GON+,b46bfcff629d4ef845b46fb8d013baab86f7e59a6dc178f4570d49e406ffa950,train,train
HYDR/Images/46_0.jpg,HYRD,1,HYRD:46,HYRD:group:HYRD:46,GON+,6f368070c55cf414f6175b9ab342b3db16a1ba9378e991ea0e0074b8631eea63,train,train
HYDR/Images/46_1.jpg,HYRD,1,HYRD:46,HYRD:group:HYRD:46,GON+,86224d8c613736f69e7f633c2a2d92f7ed07b1c2512d2b1623fd445044aea4a2,train,train
HYDR/Images/47_0.jpg,HYRD,1,HYRD:47,HYRD:group:HYRD:47,GON+,cae0949adae6423b16b2ef5bcc434a66c90869488817ee36ea1d23eedf9fe575,train,train
HYDR/Images/47_1.jpg,HYRD,1,HYRD:47,HYRD:group:HYRD:47,GON+,104f7808e05f4744179c6f036d80efc850884c28a914ea2da03dbaf10996afad,train,train
HYDR/Images/47_2.jpg,HYRD,1,HYRD:47,HYRD:group:HYRD:47,GON+,d94eced7913dd0d73403740cc0c433efaa3680facbf4020a56987bd47dfd4598,train,train
HYDR/Images/47_3.jpg,HYRD,1,HYRD:47,HYRD:group:HYRD:47,GON+,c1d496cb1f2fe3989f999c29ab52f71f270e5cbbde63e8a21ac02a4f4d3ee8dc,train,train
HYDR/Images/47_4.jpg,HYRD,1,HYRD:47,HYRD:group:HYRD:47,GON+,c2b5e0bff9e1e7679265aae96ef10cb2d103f167ee34a4acd1a86871c3dc28ad,train,train
HYDR/Images/47_5.jpg,HYRD,1,HYRD:47,HYRD:group:HYRD:47,GON+,7b8473c7e1c7df4c66a189a0c8468392d8995e5a6ba210e4ed18ad59d2dd4339,train,train
HYDR/Images/47_6.jpg,HYRD,1,HYRD:47,HYRD:group:HYRD:47,GON+,a6c5b3fe2d640dedad8eed97fd23f186ded3cd592853f7b7195652f2bf9eecb8,train,train
HYDR/Images/47_7.jpg,HYRD,1,HYRD:47,HYRD:group:HYRD:47,GON+,20e643d16b742ecf2b8236aec9344fb57be7049389698330fdd055639ffd3353,train,train
HYDR/Images/48_0.jpg,HYRD,1,HYRD:48,HYRD:group:HYRD:48,GON+,0ae77d46fe0395cd5d87286c434c898346a6eb19bdaf2ea22f98f77a39cc21c4,train,train
HYDR/Images/49_0.jpg,HYRD,1,HYRD:49,HYRD:group:HYRD:49,GON+,38e356e8eb684d384feb2e81a7634e9c50dc304e9feaa35d86bf0dec733f1c2f,train,train
HYDR/Images/49_1.jpg,HYRD,1,HYRD:49,HYRD:group:HYRD:49,GON+,5a379eed0cbb72e9418a2b7e69bff1297278148c6e59a2729f064be8cdcc06ca,train,train
HYDR/Images/4_0.jpg,HYRD,1,HYRD:4,HYRD:group:HYRD:4,GON+,c2522be90e860f1c4a0c92ada374ff11b9df7844fa40b0a10d6e39420c1e630d,train,train
HYDR/Images/50_0.jpg,HYRD,1,HYRD:50,HYRD:group:HYRD:50,GON+,0d591333c7af83dede343ea70494e0b10055d75e04b35b25571c61875eb90fd5,train,train
HYDR/Images/50_1.jpg,HYRD,1,HYRD:50,HYRD:group:HYRD:50,GON+,980b9fe41e49861cc11c6fca8a7b98d19820383f9a58938f749fa3259c732e34,train,train
HYDR/Images/50_2.jpg,HYRD,1,HYRD:50,HYRD:group:HYRD:50,GON+,ab6ad779eec1780690b52b4f3c8ff90ae316c11a2223c992ec6d2e9f798a4778,train,train
HYDR/Images/51_0.jpg,HYRD,1,HYRD:51,HYRD:group:HYRD:51,GON+,aa62eed530c50e5bb5cd79182b2ac1447bdfc79604afb9ea8412261f9a6885c5,train,train
HYDR/Images/52_0.jpg,HYRD,1,HYRD:52,HYRD:group:HYRD:52,GON+,20d367b524e1e874882435d52cc6c9d86edbe8046e9e76aa818458b656315495,train,train
HYDR/Images/52_1.jpg,HYRD,1,HYRD:52,HYRD:group:HYRD:52,GON+,cec7ed0786f7d62c07a88d193e2fc581e86f4a742b79a1e87bb6fb9940974dc5,train,train
HYDR/Images/53_0.jpg,HYRD,1,HYRD:53,HYRD:group:HYRD:53,GON+,890810451c381e99283ab47607c0e990c4926b3b237f7a542904ed635fe13042,train,train
HYDR/Images/53_1.jpg,HYRD,1,HYRD:53,HYRD:group:HYRD:53,GON+,c87e9f3f90a337da4d76010b6ddf2f9149821fb2bde22668884d2026e18af2e9,train,train
HYDR/Images/53_2.jpg,HYRD,1,HYRD:53,HYRD:group:HYRD:53,GON+,42de47e4bdad072301db23373f57006e8c28c13440c3343e47e1fa8376842484,train,train
HYDR/Images/53_3.jpg,HYRD,1,HYRD:53,HYRD:group:HYRD:53,GON+,3bf454c26a2b2357e3867436c7dca355a7c0e798819f1d7b49ef9cb0940cc9a0,train,train
HYDR/Images/53_4.jpg,HYRD,1,HYRD:53,HYRD:group:HYRD:53,GON+,e36947296baf89b2f67d4144b8b665a50fa3b25fe1bd7447c91015a3e7a4b45a,train,train
HYDR/Images/54_0.jpg,HYRD,1,HYRD:54,HYRD:group:HYRD:54,GON+,0855a89060a7dcf4ea29a2673a5b7bb16288d0d732a6f65dff748b25b838bf55,train,train
HYDR/Images/54_1.jpg,HYRD,1,HYRD:54,HYRD:group:HYRD:54,GON+,e6531946038f882d0322a59ab39a426bb3d61afea0fd38f2ddffbbaf76992880,train,train
HYDR/Images/54_2.jpg,HYRD,1,HYRD:54,HYRD:group:HYRD:54,GON+,20cb63021aeed143f6a382b4bac70596c7b02082ce880ba849dfaf92544840bd,train,train
HYDR/Images/54_3.jpg,HYRD,1,HYRD:54,HYRD:group:HYRD:54,GON+,380aaedb9ae835e4954aee75c7f7c2c9dd4a39ad967d2fe54bf0ae5871e2ad3b,train,train
HYDR/Images/55_0.jpg,HYRD,1,HYRD:55,HYRD:group:HYRD:55,GON+,41273ca154ca432730924dd9912deb1df140effe75c71f31f01ff429863e8977,train,train
HYDR/Images/55_1.jpg,HYRD,1,HYRD:55,HYRD:group:HYRD:55,GON+,33d4b77106cbc465438dc41dc0c771782a37c3cbbb3129421cc9734bad660d6e,train,train
HYDR/Images/55_2.jpg,HYRD,1,HYRD:55,HYRD:group:HYRD:55,GON+,165e7d62d9e554fdcb299fda17907780b3d96f95974310c4e3d557a9768644dd,train,train
HYDR/Images/55_3.jpg,HYRD,1,HYRD:55,HYRD:group:HYRD:55,GON+,aa00987f87a12eb2475639c87df3267f3ae939cfd3a597217cb12bf85ef6b901,train,train
HYDR/Images/55_4.jpg,HYRD,1,HYRD:55,HYRD:group:HYRD:55,GON+,d2798654fa0b7644b58dc6a3b232518121ef30a7472ba070613e238e3a4b4adb,train,train
HYDR/Images/56_0.jpg,HYRD,1,HYRD:56,HYRD:group:HYRD:56,GON+,d8266fc7e194cad29a50e60eb86fc133436a29d33921b2251b3e1dc24379e5c9,train,train
HYDR/Images/56_2.jpg,HYRD,1,HYRD:56,HYRD:group:HYRD:56,GON+,a8707327a03e057601d7a599fe0524b775a5f9d00450cc80729b0a20fc34e8d4,train,train
HYDR/Images/56_3.jpg,HYRD,1,HYRD:56,HYRD:group:HYRD:56,GON+,73aa3373fe16dbaa3e11066aea19d427bc12daf42a0e44b7e48069f7383bfd58,train,train
HYDR/Images/57_0.jpg,HYRD,1,HYRD:57,HYRD:group:HYRD:57,GON+,fd2dd89edb0230ed3d07ef10139f0f0ca34b4bad493fe89961d1a10acc41db1d,train,train
HYDR/Images/57_1.jpg,HYRD,1,HYRD:57,HYRD:group:HYRD:57,GON+,61448f7c598a7a9b68700218017a4f286368c671af03860250358bd8e877b664,train,train
HYDR/Images/57_2.jpg,HYRD,1,HYRD:57,HYRD:group:HYRD:57,GON+,645cbdf6bd0ae495ff8eb4b96a0b4da69941c5e89e11ea065d87fe02c1b6b356,train,train
HYDR/Images/58_0.jpg,HYRD,1,HYRD:58,HYRD:group:HYRD:58,GON+,622af6e94e9201747fc2004d6e43e56c37b3e883249e336d09b20bc75755d7a1,train,train
HYDR/Images/58_1.jpg,HYRD,1,HYRD:58,HYRD:group:HYRD:58,GON+,9aa32e560736d66881c08df65eee7edc4d097680d5a7c7d3171ded67b192af9b,train,train
HYDR/Images/58_2.jpg,HYRD,1,HYRD:58,HYRD:group:HYRD:58,GON+,dc33af957b589ea6861a88261df7419416c18c5cdbd8da275e47ffd5fac2c31c,train,train
HYDR/Images/59_0.jpg,HYRD,1,HYRD:59,HYRD:group:HYRD:59,GON+,bf37bfe197e4f06c6ce6312ae292837fd2f04de543c26cfa416eb35d819660df,train,train
HYDR/Images/59_1.jpg,HYRD,1,HYRD:59,HYRD:group:HYRD:59,GON+,80a3e5b4d58632fe39af8f0dc9d06a4c0088db2723ec2b3b16104ce3edd7e944,train,train
HYDR/Images/5_0.jpg,HYRD,1,HYRD:5,HYRD:group:HYRD:5,GON+,bc5726f1cdaa1c4ed226b81dc3183f89ce8edecb9eaeab5628e79250589030ae,train,train
HYDR/Images/5_1.jpg,HYRD,1,HYRD:5,HYRD:group:HYRD:5,GON+,7dcb29816657f6fe012dbe4366939eeb6d4633abc9234ff0bdbb507feb6ca507,train,train
HYDR/Images/60_0.jpg,HYRD,1,HYRD:60,HYRD:group:HYRD:60,GON+,5330725d343a7722e1b460d415339ae0c35aa72fcd3f56a56fb47331e0c09127,train,train
HYDR/Images/61_0.jpg,HYRD,1,HYRD:61,HYRD:group:HYRD:61,GON+,8fb881f5da3387420dd2b1ff61d913b864c757863f55b64720af8a23fcb0de1a,train,train
HYDR/Images/61_1.jpg,HYRD,1,HYRD:61,HYRD:group:HYRD:61,GON+,a9e7f5e4f65516912dc47500c462dd55e9720609c1a7f1d1993fbe684329f2cd,train,train
HYDR/Images/61_2.jpg,HYRD,1,HYRD:61,HYRD:group:HYRD:61,GON+,6d01b8365d3ad7e7b98f654a922de62978c210b5a86f70af7e7b4c0ab59e79d4,train,train
HYDR/Images/61_3.jpg,HYRD,1,HYRD:61,HYRD:group:HYRD:61,GON+,077d795460a896e0fbd34f2357066e474d5222a4c59549d10672dfd6df4e4989,train,train
HYDR/Images/61_4.jpg,HYRD,1,HYRD:61,HYRD:group:HYRD:61,GON+,eb737bcfe2af927206cd0251200d00dc06641fe197f2e05bfefd9869f4d0dd32,train,train
HYDR/Images/62_0.jpg,HYRD,1,HYRD:62,HYRD:group:HYRD:62,GON+,7cfa0bd7fb2e7ac0d9e39b32ea4ccc17c1a61f11d08027d5c40aabc6acbbb75c,train,train
HYDR/Images/62_1.jpg,HYRD,1,HYRD:62,HYRD:group:HYRD:62,GON+,b98ad538594893422d677d8adbf2a78cd7b8f7958daa1362c29368bc9674df0d,train,train
HYDR/Images/62_2.jpg,HYRD,1,HYRD:62,HYRD:group:HYRD:62,GON+,800c849f5cab26d58f3f15434485620262fa5130ee2d86cd3ae93b2dddbb7726,train,train
HYDR/Images/62_3.jpg,HYRD,1,HYRD:62,HYRD:group:HYRD:62,GON+,931cc7dff52fb367e2294a2f25456e777e2c910d7df2e61a5817d1ac96b47d5d,train,train
HYDR/Images/62_4.jpg,HYRD,1,HYRD:62,HYRD:group:HYRD:62,GON+,733a688eacea921561b83da172140258dfdad8073171c3abf278030c9aa3e9a0,train,train
HYDR/Images/62_5.jpg,HYRD,1,HYRD:62,HYRD:group:HYRD:62,GON+,e5cb63cea3f70f24425abbc33dab717eb5c7fb726ef2bcbe9753412d62065518,train,train
HYDR/Images/63_0.jpg,HYRD,1,HYRD:63,HYRD:group:HYRD:63,GON+,c137110d05718dbf2613da2a7bd2f6a17b36fbc736b255c5c2092056b831c35b,train,train
HYDR/Images/63_1.jpg,HYRD,1,HYRD:63,HYRD:group:HYRD:63,GON+,50ef1d4ffb4264847411d208ecc341b191adc7c985915499c30483437c5304a8,train,train
HYDR/Images/63_2.jpg,HYRD,1,HYRD:63,HYRD:group:HYRD:63,GON+,07f4639874a0a2231ae918cc9b2477834d7d0541ad02a24101fcec906858564e,train,train
HYDR/Images/63_3.jpg,HYRD,1,HYRD:63,HYRD:group:HYRD:63,GON+,282ef327a585955f239f5303d8ca919bee2deb6ba2c09de800be8cbe13ccadbf,train,train
HYDR/Images/63_4.jpg,HYRD,1,HYRD:63,HYRD:group:HYRD:63,GON+,25f16bb08b145716e965ab3373b363f59b0b85d25147e55fabeb074de1050962,train,train
HYDR/Images/63_5.jpg,HYRD,1,HYRD:63,HYRD:group:HYRD:63,GON+,26be419646a35d03edd2c857ae9fb29eb0327d0ae381ef6a5e8b74136e74bb5d,train,train
HYDR/Images/63_6.jpg,HYRD,1,HYRD:63,HYRD:group:HYRD:63,GON+,cdf96eabd5a03afcacd337e2ccb8e73b2737dae225391054bbc7964a734d4620,train,train
HYDR/Images/64_0.jpg,HYRD,1,HYRD:64,HYRD:group:HYRD:64,GON+,772a7a3f4dab621639abdaceb3ed0d423f86994e74b7b407ee9c9e5fbce4cc18,train,train
HYDR/Images/64_1.jpg,HYRD,1,HYRD:64,HYRD:group:HYRD:64,GON+,ced7260009dd20c85c69c69764a4e7655df74fa39321c827f6b7540342e0d6fb,train,train
HYDR/Images/64_2.jpg,HYRD,1,HYRD:64,HYRD:group:HYRD:64,GON+,1446e1a9535c03a8293145b6f74e77b236b7caae913159f8b759e15de172709e,train,train
HYDR/Images/64_3.jpg,HYRD,1,HYRD:64,HYRD:group:HYRD:64,GON+,60c30c8d89f0d89088db14feff5ac7a899501d9bc460addcb1e30ce0f271fc47,train,train
HYDR/Images/64_4.jpg,HYRD,1,HYRD:64,HYRD:group:HYRD:64,GON+,e7b785baee3e204640d0dcd7fbb3470f4647861e1d94ba2ca6a33bd45d054361,train,train
HYDR/Images/65_0.jpg,HYRD,1,HYRD:65,HYRD:group:HYRD:110,GON+,b8be49ecbf301df096d08b3cdd7d69c2eb39966b5a6cbc84616d1cdb01e9801f,train,train
HYDR/Images/65_1.jpg,HYRD,1,HYRD:65,HYRD:group:HYRD:110,GON+,fa59d27960c62ae1a2bdab8e6972b56ffea7ec77273d69a84f5246cedbb89d0c,train,train
HYDR/Images/65_2.jpg,HYRD,1,HYRD:65,HYRD:group:HYRD:110,GON+,41002591793ba148fe48c8f47807a29c44c2c60b42f2d56559c62b96e4ca23be,train,train
HYDR/Images/65_3.jpg,HYRD,1,HYRD:65,HYRD:group:HYRD:110,GON+,4f19c082f1fe094fa98287362a9285ce8f64e666580df41fb9b03394f466731c,train,train
HYDR/Images/65_4.jpg,HYRD,1,HYRD:65,HYRD:group:HYRD:110,GON+,61877496735644f27eaeec282e2f9973b3db91fcc12acbb7344ecb180675022f,train,train
HYDR/Images/65_6.jpg,HYRD,1,HYRD:65,HYRD:group:HYRD:110,GON+,afd74b4d05a08a5e1d40896ae0f2096c22162fccb0f66b24ba285a4e03e78838,train,train
HYDR/Images/65_7.jpg,HYRD,1,HYRD:65,HYRD:group:HYRD:110,GON+,4d46379cc19c82a79ec3c1b801aabbd6f67bef83d7baa0634a8f956c4e9b9155,train,train
HYDR/Images/66_0.jpg,HYRD,1,HYRD:66,HYRD:group:HYRD:66,GON+,0e63021908cb544418516afa51c8f092343241c0b77a1f26d8a1748cd1061197,train,train
HYDR/Images/66_1.jpg,HYRD,1,HYRD:66,HYRD:group:HYRD:66,GON+,f62438e5f053a6a323b4e0f54a8a96d303ebd6ce6dd65431785982b2f6407aff,train,train
HYDR/Images/66_2.jpg,HYRD,1,HYRD:66,HYRD:group:HYRD:66,GON+,c15bfe7573bb9cbece7c7fa72a9ac2b109eedb44eb2b667af3e102a269cbd29b,train,train
HYDR/Images/66_3.jpg,HYRD,1,HYRD:66,HYRD:group:HYRD:66,GON+,21d8999520cf5898aab179bc2b9c4c08c62b5a637cce60fbe01ef774e19bab4f,train,train
HYDR/Images/66_4.jpg,HYRD,1,HYRD:66,HYRD:group:HYRD:66,GON+,d04aa7c4a42eddb28e04f127c091a8dc134292beeaae1237d58c1dd07504fc3a,train,train
HYDR/Images/66_5.jpg,HYRD,1,HYRD:66,HYRD:group:HYRD:66,GON+,013b8b9611639b4e305dadd14af7976207ab1152851a02cfeef218203f63fb20,train,train
HYDR/Images/67_0.jpg,HYRD,1,HYRD:67,HYRD:group:HYRD:67,GON+,d8bec343c506b040b392059c5ae81fb71b6c3868af2244429ef59dcef156bab8,train,train
HYDR/Images/68_0.jpg,HYRD,1,HYRD:68,HYRD:group:HYRD:68,GON+,95b507bc43afe31e04617307c57bcaa13f1346f2c2765f2498e4b086d211e6f3,train,train
HYDR/Images/68_1.jpg,HYRD,1,HYRD:68,HYRD:group:HYRD:68,GON+,b050e3cb494314633be3671a0f5cb3cbc98f145ac73cbc85f2240b724e651a69,train,train
HYDR/Images/69_0.jpg,HYRD,1,HYRD:69,HYRD:group:HYRD:69,GON+,30d179e6da7317afe3358fc628d505774e7ab565ebae3860d311689163399d9b,train,train
HYDR/Images/69_1.jpg,HYRD,1,HYRD:69,HYRD:group:HYRD:69,GON+,bf3273fb79ff0ba35671676765c6733de8728ea22fc2d131506e73e90b8c4225,train,train
HYDR/Images/6_0.jpg,HYRD,1,HYRD:6,HYRD:group:HYRD:6,GON+,ab07aa8ced9615715753197194a28e41e68d61bc34a6035fcd3f6f791b10e7ba,train,train
HYDR/Images/6_1.jpg,HYRD,1,HYRD:6,HYRD:group:HYRD:6,GON+,dfb217c7717a5327d184db6b3da614540574a3a2c12000ed8930412892bf8f01,train,train
HYDR/Images/70_0.jpg,HYRD,1,HYRD:70,HYRD:group:HYRD:70,GON+,eee4774ae10098dde4e333cfef3dceca8154b6824d06e353cde2885c03574bb5,train,train
HYDR/Images/70_1.jpg,HYRD,1,HYRD:70,HYRD:group:HYRD:70,GON+,fb533f2eb49805af648fbcbdbed89fa1e7a24be8dc1839733a97013bd66d0f71,train,train
HYDR/Images/70_2.jpg,HYRD,1,HYRD:70,HYRD:group:HYRD:70,GON+,ef3eace6f2a2c89b984b9204fbc1d2592fd6001f9ab9bea6c7233ed9dc491c28,train,train
HYDR/Images/71_0.jpg,HYRD,1,HYRD:71,HYRD:group:HYRD:71,GON+,90e1931939ece21166494010823e106d47c60f950504e1997370aba67c02898d,train,train
HYDR/Images/71_1.jpg,HYRD,1,HYRD:71,HYRD:group:HYRD:71,GON+,9be9e6b61d6f245f1adcd1449b45ac4f36c8d8a98dfee3385e40b6bcfb9ad4d6,train,train
HYDR/Images/72_0.jpg,HYRD,1,HYRD:72,HYRD:group:HYRD:72,GON+,9aa7664fcc898f67307e2a3c143caf1a2e0deab2d84c89100c3821481b7fa760,train,train
HYDR/Images/72_1.jpg,HYRD,1,HYRD:72,HYRD:group:HYRD:72,GON+,e5ab0a7407840a17d11a0b1a8251507ba6a49d1ad4d70c9056f924e08c036355,train,train
HYDR/Images/72_2.jpg,HYRD,1,HYRD:72,HYRD:group:HYRD:72,GON+,00dcbe789f851e74e8b09c867d72c93ae0da5fa9902047523f783a7cd0cf2a7f,train,train
HYDR/Images/72_3.jpg,HYRD,1,HYRD:72,HYRD:group:HYRD:72,GON+,10dc4d5393378d4071983c53984254dc5e9230777b55aefde60cf2a55e90ae8d,train,train
HYDR/Images/74_0.jpg,HYRD,1,HYRD:74,HYRD:group:HYRD:74,GON+,b98dd252d85c9028562b78a444b8bb9348824d0cd6e8319f258158fe741d8c32,train,train
HYDR/Images/74_1.jpg,HYRD,1,HYRD:74,HYRD:group:HYRD:74,GON+,f26072fd2141da4ec7d317b5efbb2cace7b5ba88ab31d7ecdcdc8cc86ae97b1b,train,train
HYDR/Images/75_0.jpg,HYRD,1,HYRD:75,HYRD:group:HYRD:75,GON+,3bd24fe453348c75d37a5a6aae659846c365dd674fd4dd18fad676db6bb2d29e,train,train
HYDR/Images/75_1.jpg,HYRD,1,HYRD:75,HYRD:group:HYRD:75,GON+,cdf2e66b7b37633699b59fba821396ac38c282a8a96c839ad579cfb21b61b0d6,train,train
HYDR/Images/75_2.jpg,HYRD,1,HYRD:75,HYRD:group:HYRD:75,GON+,5b3399df8d2b5e56c3a86b0f98e97f9e0411512b657c77ffc19533573363784b,train,train
HYDR/Images/77_0.jpg,HYRD,1,HYRD:77,HYRD:group:HYRD:77,GON+,1110726d59d1dc303296f07555161b4db63dd2d70bc5b432eabc754491ed1f5f,train,train
HYDR/Images/77_1.jpg,HYRD,1,HYRD:77,HYRD:group:HYRD:77,GON+,7909a5c01424da293018416fec6960c42831d524f33734790b7bd6c58212003e,train,train
HYDR/Images/77_2.jpg,HYRD,1,HYRD:77,HYRD:group:HYRD:77,GON+,e8339b7365a6e3fb9c9f47c6e4b2dbe88057faacc1cec3e3956f91f8088daf5a,train,train
HYDR/Images/77_3.jpg,HYRD,1,HYRD:77,HYRD:group:HYRD:77,GON+,a53dcd47f7af67fb44feddeeb5879d2a08ee4529ad349f5ece12d010bf0eded3,train,train
HYDR/Images/78_0.jpg,HYRD,1,HYRD:78,HYRD:group:HYRD:78,GON+,18b51038b31d2fc52f033dc803b57b98860fe5e4a268bd7cc4f8ec6a6d1b4999,train,train
HYDR/Images/78_1.jpg,HYRD,1,HYRD:78,HYRD:group:HYRD:78,GON+,ef6d480905a0741956ed1f0e34469aff59f6a864a5009ad1bf0fba4ff6a26f8d,train,train
HYDR/Images/79_0.jpg,HYRD,1,HYRD:79,HYRD:group:HYRD:79,GON+,feb4421baa344a3e59a771c3cbadb479a95e72ac2bbda7f164ec8360072f6413,train,train
HYDR/Images/79_1.jpg,HYRD,1,HYRD:79,HYRD:group:HYRD:79,GON+,2775c0d5d29d12e41cb6a6ab6198716562d3c688bf6cd72f2a91bb3e6c2de24b,train,train
HYDR/Images/7_0.jpg,HYRD,1,HYRD:7,HYRD:group:HYRD:7,GON+,8ed3a60d69852badce5b3214e6521a3b5e0548fbe521161b00ccf412c48f69e5,train,train
HYDR/Images/82_0.jpg,HYRD,1,HYRD:82,HYRD:group:HYRD:82,GON+,d3cf82f78d9170c14588f8fb6d3885dc56e2044a7970b5ff106a577be9709400,train,train
HYDR/Images/82_1.jpg,HYRD,1,HYRD:82,HYRD:group:HYRD:82,GON+,938c9224e8ee5e0f4beffdf5210165ac468347871848fb714562d0ce33cd764e,train,train
HYDR/Images/83_0.jpg,HYRD,1,HYRD:83,HYRD:group:HYRD:83,GON+,6d81e97b7018775bb8bf0a40f1ea4afa2aebd51926b8c1cc5644dbcd3d897383,train,train
HYDR/Images/83_1.jpg,HYRD,1,HYRD:83,HYRD:group:HYRD:83,GON+,994b433afc91441bd78234fc4a7b8d01eee3ff05e00793e08989178f31a5e5d0,train,train
HYDR/Images/84_0.jpg,HYRD,1,HYRD:84,HYRD:group:HYRD:84,GON+,82d322152532c48566ebc7eb8b08eac1861e76c2343014d6e7aa017c559bdcf3,train,train
HYDR/Images/84_1.jpg,HYRD,1,HYRD:84,HYRD:group:HYRD:84,GON+,c7e60c2884edc616c28c7c5e7f667fea2528e837e3f7afd8cbc89161c7bf5b16,train,train
HYDR/Images/85_0.jpg,HYRD,1,HYRD:85,HYRD:group:HYRD:85,GON+,d8402ec810b1c60c5640680d21d90265bac4c5c6b84e0b06483750aa45dddd43,train,train
HYDR/Images/86_0.jpg,HYRD,1,HYRD:86,HYRD:group:HYRD:86,GON+,ecd59a719dd8c4608d4b2cc3b276d9d42dd9bda4b951abae908153d1911d480a,train,train
HYDR/Images/87_0.jpg,HYRD,1,HYRD:87,HYRD:group:HYRD:87,GON+,22582d9a81b1633284f70f271630a7e0ae76a405d513f33c7ab202fb70e63812,train,train
HYDR/Images/87_1.jpg,HYRD,1,HYRD:87,HYRD:group:HYRD:87,GON+,459affc8823e4ecef9e6d3a007dffd403d4913d82b68503c456e179c5dd9351a,train,train
HYDR/Images/87_2.jpg,HYRD,1,HYRD:87,HYRD:group:HYRD:87,GON+,0c2e161f8507534bff2f7291afdded273bcb11e0c03f086471fb40762d4879f9,train,train
HYDR/Images/87_3.jpg,HYRD,1,HYRD:87,HYRD:group:HYRD:87,GON+,dbc0f9f11e6f2ea105641b1a8279d5b470715e1bbf6f7e52c41ea46d0004579e,train,train
HYDR/Images/87_4.jpg,HYRD,1,HYRD:87,HYRD:group:HYRD:87,GON+,58f24b7edd2ddc311ee8a23b17d061903c007fef57c054a1b97bc48d45c9b07a,train,train
HYDR/Images/87_5.jpg,HYRD,1,HYRD:87,HYRD:group:HYRD:87,GON+,afaaf5aba681706602dfac2085ddf8e7ab0600ae10566fbeddd88e3c1622eb00,train,train
HYDR/Images/87_6.jpg,HYRD,1,HYRD:87,HYRD:group:HYRD:87,GON+,e39b2debe725f6097589221f61281dd2ebd048cc14961b11d4e0dd824a66da58,train,train
HYDR/Images/88_0.jpg,HYRD,1,HYRD:88,HYRD:group:HYRD:88,GON+,301048de904e485ccde2d098ae0666d1c01cae8acd719f3bd7a03b783b3e544c,train,train
HYDR/Images/89_0.jpg,HYRD,1,HYRD:89,HYRD:group:HYRD:89,GON+,c60ee3f2fe17b04aefef9a6926e5190ae4d43ddba89d4080a207f3dad0d1032f,train,train
HYDR/Images/90_0.jpg,HYRD,1,HYRD:90,HYRD:group:HYRD:90,GON+,b2d443bc61e284ca6732e189e3a82c82be30058cbf74cbeea7f797a641891724,train,train
HYDR/Images/91_0.jpg,HYRD,1,HYRD:91,HYRD:group:HYRD:91,GON+,030d27c07977ab2ad2f459325fd8e5dbedb19857072bdd1d31bb42be2e19c344,train,train
HYDR/Images/91_1.jpg,HYRD,1,HYRD:91,HYRD:group:HYRD:91,GON+,aee21f59a7386656f86eb41b554d25397133ec7fb5670461cde8f3b209beb958,train,train
HYDR/Images/91_2.jpg,HYRD,1,HYRD:91,HYRD:group:HYRD:91,GON+,f0b8840af94fc2906ffb54f3e6ff44e1e5deb2d5c75c4d20ee10805c876669b4,train,train
HYDR/Images/91_3.jpg,HYRD,1,HYRD:91,HYRD:group:HYRD:91,GON+,d87479c65f5545313b72338e743041a72e562a2e9ed32eb59f2f00888e188c98,train,train
HYDR/Images/91_4.jpg,HYRD,1,HYRD:91,HYRD:group:HYRD:91,GON+,a7d5887fdc8db7732856ef48580cb49d8f6d1d9278e67035ef9501826c114395,train,train
HYDR/Images/91_5.jpg,HYRD,1,HYRD:91,HYRD:group:HYRD:91,GON+,752a627897722d8e752b867c16c4b026230c14b597f345b5c62c579ef00c6f0e,train,train
HYDR/Images/91_6.jpg,HYRD,1,HYRD:91,HYRD:group:HYRD:91,GON+,57db335529ee1fc5d24e907040549cd792359e2619485907af038888d5e103d6,train,train
HYDR/Images/91_7.jpg,HYRD,1,HYRD:91,HYRD:group:HYRD:91,GON+,07b0e2cd268c40db1e98ce95ec9bad2a42a37e40bde56d6f45113c9b776b484a,train,train
HYDR/Images/92_0.jpg,HYRD,1,HYRD:92,HYRD:group:HYRD:92,GON+,b92aeff58858d05a7d4b0353e497a59bf5a6a8b0d74982590e60522283f1bfef,train,train
HYDR/Images/92_1.jpg,HYRD,1,HYRD:92,HYRD:group:HYRD:92,GON+,6b3a6fcde3c93449ed4a898555360e6cef5edf9fd6e7d44513d8d9f96775c148,train,train
HYDR/Images/93_0.jpg,HYRD,1,HYRD:93,HYRD:group:HYRD:93,GON+,4a860d3cfff6708f598307f38f8411131d7d74a2911f4dddc4eb4554a6394cb1,train,train
HYDR/Images/93_1.jpg,HYRD,1,HYRD:93,HYRD:group:HYRD:93,GON+,a2987f4c53d907688eb5ef095418da3b791cf86fbe049dcbe0170258f059a7fe,train,train
HYDR/Images/94_0.jpg,HYRD,1,HYRD:94,HYRD:group:HYRD:94,GON+,783081bd7c2893f93698e43ac27dfcfbf9580b9ded09a0e8998f3e2947093730,train,train
HYDR/Images/94_2.jpg,HYRD,1,HYRD:94,HYRD:group:HYRD:94,GON+,05b7050a916ff44cbf17a8e205dbb03c2fb31080f9ebd84cf0158d5a2acacbc0,train,train
HYDR/Images/94_3.jpg,HYRD,1,HYRD:94,HYRD:group:HYRD:94,GON+,2b6f29fdacc53fcec97524c0fb7b6ae7fde9e6ce7bf4da7355fe5f6376bb7184,train,train
HYDR/Images/95_0.jpg,HYRD,1,HYRD:95,HYRD:group:HYRD:95,GON+,826f871197e13fbc64e28064006933c4020fbf4edaf9091e0f53478fd8deeb3a,train,train
HYDR/Images/95_1.jpg,HYRD,1,HYRD:95,HYRD:group:HYRD:95,GON+,3e49124fc40049b81109024ea41da5044dbef17db15e3e739275ad122d94721e,train,train
HYDR/Images/96_0.jpg,HYRD,1,HYRD:96,HYRD:group:HYRD:96,GON+,b8eab6a006219aafde8f266be5c0fb181aca4b482d7b5ad34662835a5702bf95,train,train
HYDR/Images/96_1.jpg,HYRD,1,HYRD:96,HYRD:group:HYRD:96,GON+,fe8f8678134ee722f1f81416aaa259dcf83971abce9d3dbd22d7210d904f43db,train,train
HYDR/Images/96_2.jpg,HYRD,1,HYRD:96,HYRD:group:HYRD:96,GON+,01fe60cb0e81fc0dccc1d89eec0c47a5dcbc3131a18e144e65b5d1b4ea958003,train,train
HYDR/Images/97_0.jpg,HYRD,1,HYRD:97,HYRD:group:HYRD:97,GON+,4e883b1d2a79cc1370d128ea394f76bd9ef923b86ea42a289d193be2d7f8b189,train,train
HYDR/Images/98_0.jpg,HYRD,1,HYRD:98,HYRD:group:HYRD:98,GON+,b9ff43e95d079d53db0710d8778fc31b80ec4de1f42975d0166845307347c2ac,train,train
HYDR/Images/99_0.jpg,HYRD,1,HYRD:99,HYRD:group:HYRD:99,GON+,d337de438bebc68bed07a3979259fcdf535a60330c2b60c1f54c8fe7a130f7de,train,train
HYDR/Images/99_1.jpg,HYRD,1,HYRD:99,HYRD:group:HYRD:99,GON+,032ad065355b2db1b35143e2da2d2c95049cad133e325ea3269b16160031907d,train,train
HYDR/Images/99_2.jpg,HYRD,1,HYRD:99,HYRD:group:HYRD:99,GON+,71c06daaacdc17e08a3c35f3b510ca0dbe02a4c3ee0009b498c1bf1e41cdb01a,train,train
HYDR/Images/99_3.jpg,HYRD,1,HYRD:99,HYRD:group:HYRD:99,GON+,623b4cec23dfada059f390f816c698327dd8c6639c06766ec64b4739dc5b4b3c,train,train
HYDR/Images/99_4.jpg,HYRD,1,HYRD:99,HYRD:group:HYRD:99,GON+,b5be12230b4169cc81c7fb50283f79586e90beae587533f8c441a2312be82787,train,train
HYDR/Images/99_5.jpg,HYRD,1,HYRD:99,HYRD:group:HYRD:99,GON+,6607e668dc3e29780c1935ebcaf7dcb666cb1ee7c54a9cbaf162b0f12b7b48e0,train,train
HYDR/Images/9_0.jpg,HYRD,1,HYRD:9,HYRD:group:HYRD:9,GON+,2ebc5356cf81e6fd6cefb54a8088fa5d756ec70bd00a5caea86e8d405ed42375,train,train
HYDR/Images/9_1.jpg,HYRD,1,HYRD:9,HYRD:group:HYRD:9,GON+,cb1f0e5d454c25a758b05bdce05aaf1d5fd4cdeb4158dc1bd62eb936b70ba2f1,train,train
HYDR/Images/105_0.jpg,HYRD,1,HYRD:105,HYRD:group:HYRD:105,GON+,bb71a0537e8424383c7c1e853633ffeb2cb40c8196d1bebdc74e6f572a7032e0,val,val
HYDR/Images/105_1.jpg,HYRD,1,HYRD:105,HYRD:group:HYRD:105,GON+,c6501c09ffbd84b6dfbcc31ba029077fa25332db0309b198a38850acd2a7e279,val,val
HYDR/Images/116_0.jpg,HYRD,1,HYRD:116,HYRD:group:HYRD:116,GON+,d0b0e8bf21983921feaa380719c5783e64ac3d09f430af3f6ba1fee3dd02e579,val,val
HYDR/Images/116_1.jpg,HYRD,1,HYRD:116,HYRD:group:HYRD:116,GON+,6f1f7ecd939ef2e5ee80b92ff77fa747acb0f2380940ff7d4fa6eadc9592cbcf,val,val
HYDR/Images/119_0.jpg,HYRD,1,HYRD:119,HYRD:group:HYRD:119,GON+,cfc9696b9f76650a4ac65d6d5e99d127de7d9dcc58d607edc80c124365d2b426,val,val
HYDR/Images/119_1.jpg,HYRD,1,HYRD:119,HYRD:group:HYRD:119,GON+,eded82ba78443066189339eef7f8cba6c3fe4871839655fd72404672b734de28,val,val
HYDR/Images/140_0.jpg,HYRD,1,HYRD:140,HYRD:group:HYRD:140,GON+,1cd904cfd4ccfebead8b92b5bbc01c6b401b5309f1a439cf086547de9f669f24,val,val
HYDR/Images/140_1.jpg,HYRD,1,HYRD:140,HYRD:group:HYRD:140,GON+,d6b56b578acf7f1145a1a5abac8cbe3b3092914209d2d97fc2a04ad41c6cf0b2,val,val
HYDR/Images/140_2.jpg,HYRD,1,HYRD:140,HYRD:group:HYRD:140,GON+,75639c7d03a58124c04df73b68465eb771bd7c2db7f4bb03896ae51aacae59c1,val,val
HYDR/Images/153_0.jpg,HYRD,1,HYRD:153,HYRD:group:HYRD:153,GON+,be29116cb6df3b6b26d1cda1116769fcd8a4510bf5969e86eb9cf96cbf1d2151,val,val
HYDR/Images/153_1.jpg,HYRD,1,HYRD:153,HYRD:group:HYRD:153,GON+,b61b2fb9de6e7f041b955c8359b82347cfe92063c75b3a0234c90686980996b2,val,val
HYDR/Images/153_2.jpg,HYRD,1,HYRD:153,HYRD:group:HYRD:153,GON+,4da22405ec7956efc3479969a5fb4065e8d593534aae1ecd8fc36b5bd4e55bee,val,val
HYDR/Images/153_3.jpg,HYRD,1,HYRD:153,HYRD:group:HYRD:153,GON+,5a545d74b126aba061edeba541f150730ef1fb48f6769cd9f6d43d98ad65ffd0,val,val
HYDR/Images/176_0.jpg,HYRD,1,HYRD:176,HYRD:group:HYRD:176,GON+,fed45c4866c26bc555e06fff76fa4a7a7966e1a864e2404adbf074e214bc892a,val,val
HYDR/Images/176_1.jpg,HYRD,1,HYRD:176,HYRD:group:HYRD:176,GON+,d8738aec34637d9f0bfeba18aea69288465d1d831e91e5aa12e12b58232cb120,val,val
HYDR/Images/176_2.jpg,HYRD,1,HYRD:176,HYRD:group:HYRD:176,GON+,71c847b61f9aae575d2e4b676d595d5e5b4d66050e5e1bd1383f149bb228b8c8,val,val
HYDR/Images/179_0.jpg,HYRD,1,HYRD:179,HYRD:group:HYRD:179,GON+,5b5de91672b4fd3e74eb1ba919feb4df99189c66687e66fb82fb7431ec4e7ddd,val,val
HYDR/Images/179_1.jpg,HYRD,1,HYRD:179,HYRD:group:HYRD:179,GON+,e9180f30fa45332c3fc5b0d150d04a7ca578abb799af39490dce061b91ea3f7e,val,val
HYDR/Images/179_2.jpg,HYRD,1,HYRD:179,HYRD:group:HYRD:179,GON+,b00a85c3001192ce7972a767e6736870f98fbaa8004ee5ff07ecff8eeb53c669,val,val
HYDR/Images/207_0.jpg,HYRD,0,HYRD:207,HYRD:group:HYRD:207,GON-,42b6abe19f0626dd34540d51c54c0d7bd18938fbe4289f69ba54ca2b4489f997,val,val
HYDR/Images/207_1.jpg,HYRD,0,HYRD:207,HYRD:group:HYRD:207,GON-,38fe1aba8c7134e5ca78907b763cbeee6241205454a2b8aa0524f5dfd3014954,val,val
HYDR/Images/207_2.jpg,HYRD,0,HYRD:207,HYRD:group:HYRD:207,GON-,16458172f155f93db25a1de5feea5e5b057598c92462a8d4d471f3f0abe1d7fc,val,val
HYDR/Images/210_0.jpg,HYRD,0,HYRD:210,HYRD:group:HYRD:210,GON-,34c0e49dff6d25e28b00e7f14f8363bf83446db93b7bbe2b766af6fcb867da95,val,val
HYDR/Images/21_0.jpg,HYRD,1,HYRD:21,HYRD:group:HYRD:21,GON+,c9f6245d415535ec3c90e5a7ec01948eca514f79eaf54d46f39d2e898be009fd,val,val
HYDR/Images/21_1.jpg,HYRD,1,HYRD:21,HYRD:group:HYRD:21,GON+,db6577bee982bb91aee5dc31be6ff8a89be7c2a1b401a7665ea784533f635bdc,val,val
HYDR/Images/221_0.jpg,HYRD,0,HYRD:221,HYRD:group:HYRD:221,GON-,b993f3a008df8bbccbd10c9f5fa34145c5f52a172d6c8218e2eb03227fc8ec96,val,val
HYDR/Images/232_0.jpg,HYRD,0,HYRD:232,HYRD:group:HYRD:232,GON-,3453f51aa4069852317287c24d355953be2573e249d193efba7883fd766e709e,val,val
HYDR/Images/23_0.jpg,HYRD,1,HYRD:23,HYRD:group:HYRD:23,GON+,d16a428195192295c94b9654f268b1ad43d04b1e30cc4aa8564300a5b35ac726,val,val
HYDR/Images/23_1.jpg,HYRD,1,HYRD:23,HYRD:group:HYRD:23,GON+,743a595044343d2924efec186745c0ef0fda6c38b4e3c5294992463c13eafa69,val,val
HYDR/Images/259_0.jpg,HYRD,0,HYRD:259,HYRD:group:HYRD:259,GON-,ba47d0509f0a7c041aaec8da92da2bf26e67e0dd7a04a58b4f9cb7d6200bb8fc,val,val
HYDR/Images/259_1.jpg,HYRD,0,HYRD:259,HYRD:group:HYRD:259,GON-,dda7464cacc77da35c501137760c492992b223e1489d6107c10e20c52dd6faf8,val,val
HYDR/Images/259_2.jpg,HYRD,0,HYRD:259,HYRD:group:HYRD:259,GON-,7ec323a5d3a91c4352a8cd40fcbcd29e16a99b06743909f6d87481e2ddeecb03,val,val
HYDR/Images/259_3.jpg,HYRD,0,HYRD:259,HYRD:group:HYRD:259,GON-,e743c7f3fb1bb8c303e25dbab308686cd74357ffd0a023b1f949a0ab72d0f45b,val,val
HYDR/Images/259_4.jpg,HYRD,0,HYRD:259,HYRD:group:HYRD:259,GON-,604a25dfca65cb4b5e1e86fad3be8e535fef8d620f33de84048be2bea8545e08,val,val
HYDR/Images/259_5.jpg,HYRD,0,HYRD:259,HYRD:group:HYRD:259,GON-,c135149edfdf1b5416699717babab223bab3e68f3192ea3d2c8defc6579d8038,val,val
HYDR/Images/268_0.jpg,HYRD,0,HYRD:268,HYRD:group:HYRD:268,GON-,a85fb21aec03038f5909781ace94f9826bcb0b4059757de6f3e69973813627e8,val,val
HYDR/Images/270_0.jpg,HYRD,0,HYRD:270,HYRD:group:HYRD:270,GON-,ee84967f7a36a8f0d48589ca3747ae2fc67a8fd9f9a13299232e40403ccd80ed,val,val
HYDR/Images/270_1.jpg,HYRD,0,HYRD:270,HYRD:group:HYRD:270,GON-,b7f9bed12c6b1b8dcadbb6d6f8686855f374522f7016e6abee3ada3d141d5f0d,val,val
HYDR/Images/276_0.jpg,HYRD,0,HYRD:276,HYRD:group:HYRD:276,GON-,b3989da1593eec9f71bbc1afbd6dc8c7a6fb73962514bd58e00a0fc1ddda9ff9,val,val
HYDR/Images/276_1.jpg,HYRD,0,HYRD:276,HYRD:group:HYRD:276,GON-,e6dd8e9e29a763dfd4290f09395bf9f181701d89baa0cc52eba1c246db8378a0,val,val
HYDR/Images/276_2.jpg,HYRD,0,HYRD:276,HYRD:group:HYRD:276,GON-,b1e7c5b4c08ca370d85c99928f14ae51092ceb46b0a097fd49311b07f9615c0a,val,val
HYDR/Images/286_0.jpg,HYRD,0,HYRD:286,HYRD:group:HYRD:286,GON-,017c99df58b87e149f6999d023dc4516ce5ed6c1ee6534c6037b0bf6a9292406,val,val
HYDR/Images/286_1.jpg,HYRD,0,HYRD:286,HYRD:group:HYRD:286,GON-,270b782ae824ca086b1bb077134d6881d941a9ab4a641dc61de323d91e929594,val,val
HYDR/Images/29_0.jpg,HYRD,1,HYRD:29,HYRD:group:HYRD:29,GON+,3ab98cbf4c9ca181000d8fcbcf3462161289d8a90ae1092849cc5d9269eda665,val,val
HYDR/Images/29_1.jpg,HYRD,1,HYRD:29,HYRD:group:HYRD:29,GON+,eca7d3ed848859041d4e6f9ca41515c6440013aecc172db6a2074195d7e4c1c2,val,val
HYDR/Images/29_2.jpg,HYRD,1,HYRD:29,HYRD:group:HYRD:29,GON+,d64b145314f9239da1df87046637eb33a0e6539ff8823632dff4c9bcd8ca9de4,val,val
HYDR/Images/31_0.jpg,HYRD,1,HYRD:31,HYRD:group:HYRD:31,GON+,4ce4e0faa98372523b8a039a86a2ccfabfb12545af354df5da7222170b11b840,val,val
HYDR/Images/31_1.jpg,HYRD,1,HYRD:31,HYRD:group:HYRD:31,GON+,0ed279d116b27b54b85b537090083e60ac8c68551b8886b882614f4b1d305ac9,val,val
HYDR/Images/31_2.jpg,HYRD,1,HYRD:31,HYRD:group:HYRD:31,GON+,52a614b1782b3db246309dd64ebefed25fdf53f29f31dc2998d017447e0ce497,val,val
HYDR/Images/31_3.jpg,HYRD,1,HYRD:31,HYRD:group:HYRD:31,GON+,4e912315fae99df95b3027145031cf321c89a537d87482aab7e2508f88307408,val,val
HYDR/Images/31_4.jpg,HYRD,1,HYRD:31,HYRD:group:HYRD:31,GON+,cd6b6724a4db542f634f91ee4c39459f66fac4488b66c992cf61ddee385e3880,val,val
HYDR/Images/31_5.jpg,HYRD,1,HYRD:31,HYRD:group:HYRD:31,GON+,949db5208734a2e5f07209abec9875409346f10ded68ada8ed95e43eba462a02,val,val
HYDR/Images/31_6.jpg,HYRD,1,HYRD:31,HYRD:group:HYRD:31,GON+,1b6847bd21318a0473573541df9e6f509835b92a0b131d03f6047d4d4e10a900,val,val
HYDR/Images/32_0.jpg,HYRD,1,HYRD:32,HYRD:group:HYRD:32,GON+,c3c5d71684f996584a9d59c400f20e75edd0def99a8ae0ba92475e234eefcb0d,val,val
HYDR/Images/32_1.jpg,HYRD,1,HYRD:32,HYRD:group:HYRD:32,GON+,5f28bc6bce13d152f75f1b98723cfb366bfcd010b2d46de8ddc52b996cc77abf,val,val
HYDR/Images/32_2.jpg,HYRD,1,HYRD:32,HYRD:group:HYRD:32,GON+,0ff264bf518e40e9733764dd021ed8f11caf228ba394c0830f55337484a961c0,val,val
HYDR/Images/34_0.jpg,HYRD,1,HYRD:34,HYRD:group:HYRD:34,GON+,79c036f0829586e962634eea0b065a967a7442b4c4c2cf8455c7d6ea6e96f340,val,val
HYDR/Images/34_1.jpg,HYRD,1,HYRD:34,HYRD:group:HYRD:34,GON+,4dc7e0ab99e533a141c531a4be9786ab3ab601be353fa21e9c74f029845f6df4,val,val
HYDR/Images/34_2.jpg,HYRD,1,HYRD:34,HYRD:group:HYRD:34,GON+,b082bdeca12a93a3e958bd34ceeedf8fe728e9f6ecea82e940063cfe2b55c97c,val,val
HYDR/Images/34_3.jpg,HYRD,1,HYRD:34,HYRD:group:HYRD:34,GON+,e2e6cd7cf9a2c3858c543b59fe78f5c99cffce07ab82e325a92474914d408a79,val,val
HYDR/Images/38_0.jpg,HYRD,1,HYRD:38,HYRD:group:HYRD:38,GON+,e8b9abc83680a37029697b5ed26b4f97e625f57aacdc5dabdd42698bd27be1f4,val,val
HYDR/Images/73_0.jpg,HYRD,1,HYRD:73,HYRD:group:HYRD:73,GON+,f717ac14120eab81676f97a00069f5b20df1ecd7cc984a9a1fa678281a2a5e52,val,val
HYDR/Images/73_1.jpg,HYRD,1,HYRD:73,HYRD:group:HYRD:73,GON+,9dc027b59571099ac85ee7bb6528f02bea229fc3e4c592d4cd24a8b9149d6d6a,val,val
HYDR/Images/73_2.jpg,HYRD,1,HYRD:73,HYRD:group:HYRD:73,GON+,a5121579dd85b14359bc2940e87dbadec3002c518d0d180c344b8a7474743b7c,val,val
HYDR/Images/73_3.jpg,HYRD,1,HYRD:73,HYRD:group:HYRD:73,GON+,f4206e38fa1913c86a07700de4e46f5e4bce34d674df94ef30a5d44979744897,val,val
HYDR/Images/76_0.jpg,HYRD,1,HYRD:76,HYRD:group:HYRD:76,GON+,99264d3f68cdf4542a5633b01643b5e22ef4951bbbe1e5d867b1405cab0ff57e,val,val
HYDR/Images/76_1.jpg,HYRD,1,HYRD:76,HYRD:group:HYRD:76,GON+,cb4c0592bb54597cc6a27d5984232ba376bf5a2f75f4e2f4855510491518523d,val,val
HYDR/Images/80_0.jpg,HYRD,1,HYRD:80,HYRD:group:HYRD:80,GON+,7f9f1abb066123eebcb77b057014a9ce7fcd5e885231151004d6e505276880b3,val,val
HYDR/Images/80_1.jpg,HYRD,1,HYRD:80,HYRD:group:HYRD:80,GON+,ba76cd8c601a22c9b0de3b88532fd2841823c037803a4c054a4f7e50906c03a4,val,val
HYDR/Images/80_2.jpg,HYRD,1,HYRD:80,HYRD:group:HYRD:80,GON+,a17cfa4a89f6c44d7b22d91084a266cef15f4e8a8bad1e156ed4321e2be4b117,val,val
HYDR/Images/8_0.jpg,HYRD,1,HYRD:8,HYRD:group:HYRD:8,GON+,4b5f05c79316c8268490d596c8d383d18e363f3b20d051e93a86b983fb53acf7,val,val
HYDR/Images/8_1.jpg,HYRD,1,HYRD:8,HYRD:group:HYRD:8,GON+,5aa27351539f274e74780f6e18742a2943edfbcd87ba806a23fd2c101a1708b3,val,val
HYDR/Images/8_2.jpg,HYRD,1,HYRD:8,HYRD:group:HYRD:8,GON+,09214e17283342290f377f778e8870c34318b48593a5551d0f9e33e7325bfa51,val,val
HYDR/Images/8_3.jpg,HYRD,1,HYRD:8,HYRD:group:HYRD:8,GON+,efd19b37c78b07dd5771b427acf61a88a36a2f554e5cedc7feecae82a699a5a0,val,val
PAPILA/PapilaDB-PAPILA-9c67b80983805f0f886b068af800ef2b507e7dc0/FundusImages/RET005OD.jpg,PAPILA,1,PAPILA:RET005,PAPILA:group:PAPILA:RET005,glaucoma,5ca05b17e1b02426d8e2628ca95ed0566b6ec4b58c8d3b45e37de0b1dbff36c4,train,train
PAPILA/PapilaDB-PAPILA-9c67b80983805f0f886b068af800ef2b507e7dc0/FundusImages/RET005OS.jpg,PAPILA,1,PAPILA:RET005,PAPILA:group:PAPILA:RET005,glaucoma,fb764b9613ff14e5315172990c0d52d238ecf0b7a44cf703f52fd9d578f4a63a,train,train
PAPILA/PapilaDB-PAPILA-9c67b80983805f0f886b068af800ef2b507e7dc0/FundusImages/RET010OD.jpg,PAPILA,1,PAPILA:RET010,PAPILA:group:PAPILA:RET010,glaucoma,76f4507a7095384e77fe329e3459fa5d2d16df6eebb0a76ff38a1d17d7cb5635,train,train
PAPILA/PapilaDB-PAPILA-9c67b80983805f0f886b068af800ef2b507e7dc0/FundusImages/RET010OS.jpg,PAPILA,1,PAPILA:RET010,PAPILA:group:PAPILA:RET010,glaucoma,4b2f4d4fdedb7b3ca18c61a9d424dedf771e6fd218f743bf4007f12b35ccb0b7,train,train
PAPILA/PapilaDB-PAPILA-9c67b80983805f0f886b068af800ef2b507e7dc0/FundusImages/RET013OD.jpg,PAPILA,1,PAPILA:RET013,PAPILA:group:PAPILA:RET013,glaucoma,586ad8bf0bc0a19ef07a8a698888c04e7204c5efc07c54c05a07b8b12cc7d693,train,train
PAPILA/PapilaDB-PAPILA-9c67b80983805f0f886b068af800ef2b507e7dc0/FundusImages/RET013OS.jpg,PAPILA,1,PAPILA:RET013,PAPILA:group:PAPILA:RET013,glaucoma,a12b7edae3901739688d2a9ccd5331e69092bb1838ba95b27a9e61bf7f0a2ae3,train,train
PAPILA/PapilaDB-PAPILA-9c67b80983805f0f886b068af800ef2b507e7dc0/FundusImages/RET014OD.jpg,PAPILA,1,PAPILA:RET014,PAPILA:group:PAPILA:RET014,glaucoma,e55cce9feb222da757a9c19c02fa4f6ed2093c61082232c562bf45d34d9b67ba,train,train
PAPILA/PapilaDB-PAPILA-9c67b80983805f0f886b068af800ef2b507e7dc0/FundusImages/RET014OS.jpg,PAPILA,1,PAPILA:RET014,PAPILA:group:PAPILA:RET014,glaucoma,f41441a5ac4c704fb0ecdc2155f9200c5fcdbf5d15f81788f1e948db9b896412,train,train
PAPILA/PapilaDB-PAPILA-9c67b80983805f0f886b068af800ef2b507e7dc0/FundusImages/RET015OD.jpg,PAPILA,1,PAPILA:RET015,PAPILA:group:PAPILA:RET015,glaucoma,7ae7487cf972077a24e75903f6125486be031ddd92f45359bf80b319acfe8a77,train,train
PAPILA/PapilaDB-PAPILA-9c67b80983805f0f886b068af800ef2b507e7dc0/FundusImages/RET015OS.jpg,PAPILA,1,PAPILA:RET015,PAPILA:group:PAPILA:RET015,glaucoma,5a72632904a58dbb9ae5f29660cc6a9557ca089e11adeb65fa505bd685c17870,train,train
PAPILA/PapilaDB-PAPILA-9c67b80983805f0f886b068af800ef2b507e7dc0/FundusImages/RET016OD.jpg,PAPILA,1,PAPILA:RET016,PAPILA:group:PAPILA:RET016,glaucoma,498469311d7a6c6161206bebc998119432020a4d5b75abf218b85264e27c9867,train,train
PAPILA/PapilaDB-PAPILA-9c67b80983805f0f886b068af800ef2b507e7dc0/FundusImages/RET016OS.jpg,PAPILA,1,PAPILA:RET016,PAPILA:group:PAPILA:RET016,glaucoma,a6b595b80f9353f616f92c1d34b7d881c2546c47b3b8dde265c5478c2e6c9244,train,train
PAPILA/PapilaDB-PAPILA-9c67b80983805f0f886b068af800ef2b507e7dc0/FundusImages/RET019OD.jpg,PAPILA,1,PAPILA:RET019,PAPILA:group:PAPILA:RET019,glaucoma,a82f39be138ef70c73f37c064359f5943ebada9a61b243704378393dc36dd6c1,train,train
PAPILA/PapilaDB-PAPILA-9c67b80983805f0f886b068af800ef2b507e7dc0/FundusImages/RET019OS.jpg,PAPILA,1,PAPILA:RET019,PAPILA:group:PAPILA:RET019,glaucoma,c4d09eb905fba4de2d6134a4ed742b145d8ea79e1043adb136b34bb198330f00,train,train
PAPILA/PapilaDB-PAPILA-9c67b80983805f0f886b068af800ef2b507e7dc0/FundusImages/RET020OD.jpg,PAPILA,1,PAPILA:RET020,PAPILA:group:PAPILA:RET020,glaucoma,1d58ed2ed782baa38e646524ebbea3b27a83c17c85651a88f192fe841cf2be06,train,train
PAPILA/PapilaDB-PAPILA-9c67b80983805f0f886b068af800ef2b507e7dc0/FundusImages/RET020OS.jpg,PAPILA,1,PAPILA:RET020,PAPILA:group:PAPILA:RET020,glaucoma,88879dae21284ccc57ef2f0e304524cc5c62dd12f997b94df953d4af1a5199d3,train,train
PAPILA/PapilaDB-PAPILA-9c67b80983805f0f886b068af800ef2b507e7dc0/FundusImages/RET021OD.jpg,PAPILA,1,PAPILA:RET021,PAPILA:group:PAPILA:RET021,glaucoma,0f7b028fee91bd497b0049ad53e2aa5464281df6e7eba0846c084949b228b481,train,train
PAPILA/PapilaDB-PAPILA-9c67b80983805f0f886b068af800ef2b507e7dc0/FundusImages/RET021OS.jpg,PAPILA,1,PAPILA:RET021,PAPILA:group:PAPILA:RET021,glaucoma,06978e3bc34a965f76c05b04357eee7b187a46bcb58b280bf643b11d8d4a4dbb,train,train
PAPILA/PapilaDB-PAPILA-9c67b80983805f0f886b068af800ef2b507e7dc0/FundusImages/RET025OD.jpg,PAPILA,1,PAPILA:RET025,PAPILA:group:PAPILA:RET025,glaucoma,fd71147d679ad27884e8912ed67cf4606885509a7d001d86faf0fb23616de6e5,train,train
PAPILA/PapilaDB-PAPILA-9c67b80983805f0f886b068af800ef2b507e7dc0/FundusImages/RET025OS.jpg,PAPILA,1,PAPILA:RET025,PAPILA:group:PAPILA:RET025,glaucoma,e9c3d00d6052b605535efd3c0b510bb0d1b5d6728d1d0f6be3e9c4981d63e4d3,train,train
PAPILA/PapilaDB-PAPILA-9c67b80983805f0f886b068af800ef2b507e7dc0/FundusImages/RET026OD.jpg,PAPILA,1,PAPILA:RET026,PAPILA:group:PAPILA:RET026,glaucoma,c873a6c79a6795484649743f65358408e4d70944b4f562e14288b1761e75f536,train,train
PAPILA/PapilaDB-PAPILA-9c67b80983805f0f886b068af800ef2b507e7dc0/FundusImages/RET026OS.jpg,PAPILA,1,PAPILA:RET026,PAPILA:group:PAPILA:RET026,glaucoma,93c0fe813eb7b8ea033c47a9e0bbc07184cd644bbd96cfd14d47bcdc434cacb2,train,train
PAPILA/PapilaDB-PAPILA-9c67b80983805f0f886b068af800ef2b507e7dc0/FundusImages/RET027OD.jpg,PAPILA,0,PAPILA:RET027,PAPILA:group:PAPILA:RET027,healthy,c35ad59275e40538db351fc44a6126d13d52446a164053849782bb064d5b12d3,train,train
PAPILA/PapilaDB-PAPILA-9c67b80983805f0f886b068af800ef2b507e7dc0/FundusImages/RET027OS.jpg,PAPILA,1,PAPILA:RET027,PAPILA:group:PAPILA:RET027,glaucoma,e5b6fb2345464a529c4f3c95aecf5afb4f4070e31230ab351d815ba446aa2bf2,train,train
PAPILA/PapilaDB-PAPILA-9c67b80983805f0f886b068af800ef2b507e7dc0/FundusImages/RET028OD.jpg,PAPILA,0,PAPILA:RET028,PAPILA:group:PAPILA:RET028,healthy,d09410dcdec6e09005f32a472b44d7df6f86b3e0ede433d47f091bdbc132851b,train,train
PAPILA/PapilaDB-PAPILA-9c67b80983805f0f886b068af800ef2b507e7dc0/FundusImages/RET028OS.jpg,PAPILA,0,PAPILA:RET028,PAPILA:group:PAPILA:RET028,healthy,f0cdbed9e14e0f13af870d26b67bcd83217417f3ecb7eb6db997c27b9d0f429a,train,train
PAPILA/PapilaDB-PAPILA-9c67b80983805f0f886b068af800ef2b507e7dc0/FundusImages/RET029OD.jpg,PAPILA,0,PAPILA:RET029,PAPILA:group:PAPILA:RET029,healthy,994f40fc8145ddced17c6c6a1a8f9ca0ba4cb10746ffcdb38ae44fb4b8bc58f2,train,train
PAPILA/PapilaDB-PAPILA-9c67b80983805f0f886b068af800ef2b507e7dc0/FundusImages/RET029OS.jpg,PAPILA,0,PAPILA:RET029,PAPILA:group:PAPILA:RET029,healthy,b48fef447ef62a660f8fd5fb82527590016124aaaccf96ec44dafff56179784d,train,train
PAPILA/PapilaDB-PAPILA-9c67b80983805f0f886b068af800ef2b507e7dc0/FundusImages/RET030OD.jpg,PAPILA,0,PAPILA:RET030,PAPILA:group:PAPILA:RET030,healthy,fc2698abc6f8e14083b8e744e657324cb5b45af8828717b678f9a7bf3f79d95f,train,train
PAPILA/PapilaDB-PAPILA-9c67b80983805f0f886b068af800ef2b507e7dc0/FundusImages/RET030OS.jpg,PAPILA,0,PAPILA:RET030,PAPILA:group:PAPILA:RET030,healthy,731d5e7143158295ea888ba9ce5e4a9584b25cbbd294093fdb5d05fae1aa5470,train,train
PAPILA/PapilaDB-PAPILA-9c67b80983805f0f886b068af800ef2b507e7dc0/FundusImages/RET031OD.jpg,PAPILA,0,PAPILA:RET031,PAPILA:group:PAPILA:RET031,healthy,50584b03898b0ac5c4d2157d767f365ecb350536055a8c983b54905fc24d564e,train,train
PAPILA/PapilaDB-PAPILA-9c67b80983805f0f886b068af800ef2b507e7dc0/FundusImages/RET031OS.jpg,PAPILA,0,PAPILA:RET031,PAPILA:group:PAPILA:RET031,healthy,111461e8d67e6791ed9b117dde1ee0d17738082a68e9c871757c2ac117342209,train,train
PAPILA/PapilaDB-PAPILA-9c67b80983805f0f886b068af800ef2b507e7dc0/FundusImages/RET032OD.jpg,PAPILA,0,PAPILA:RET032,PAPILA:group:PAPILA:RET032,healthy,53ca9f6498ce5bce13e68eb651a36a03ece535ee9b86a8b569468c4fedcfc6da,train,train
PAPILA/PapilaDB-PAPILA-9c67b80983805f0f886b068af800ef2b507e7dc0/FundusImages/RET032OS.jpg,PAPILA,0,PAPILA:RET032,PAPILA:group:PAPILA:RET032,healthy,52cf7e627b3a77f30e7fbfe04ed384c6896cbfc043f0fdd26c92e52bcb5af36a,train,train
PAPILA/PapilaDB-PAPILA-9c67b80983805f0f886b068af800ef2b507e7dc0/FundusImages/RET033OD.jpg,PAPILA,0,PAPILA:RET033,PAPILA:group:PAPILA:RET033,healthy,25c36693701c0e9c51bcf63bfef4f38f3b81804122ac9b99931e9105f151e4de,train,train
PAPILA/PapilaDB-PAPILA-9c67b80983805f0f886b068af800ef2b507e7dc0/FundusImages/RET033OS.jpg,PAPILA,0,PAPILA:RET033,PAPILA:group:PAPILA:RET033,healthy,1d9894dccdc6c451c4bebce698481231a0e8c31d584714772ffc5a7eee4fb606,train,train
PAPILA/PapilaDB-PAPILA-9c67b80983805f0f886b068af800ef2b507e7dc0/FundusImages/RET034OD.jpg,PAPILA,0,PAPILA:RET034,PAPILA:group:PAPILA:RET034,healthy,b8017e59a109ae9038000602c2731e657cb80e76f80db8eff9fb9700caf471f8,train,train
PAPILA/PapilaDB-PAPILA-9c67b80983805f0f886b068af800ef2b507e7dc0/FundusImages/RET034OS.jpg,PAPILA,0,PAPILA:RET034,PAPILA:group:PAPILA:RET034,healthy,47da36790803cd6e22c03e6db6a4e1a5b578343e0018be8290f039293395b30b,train,train
PAPILA/PapilaDB-PAPILA-9c67b80983805f0f886b068af800ef2b507e7dc0/FundusImages/RET035OD.jpg,PAPILA,0,PAPILA:RET035,PAPILA:group:PAPILA:RET035,healthy,93efa382872dbd02cf939ac618b74c9cbb404e8e2a809492e73ebbb995bd564c,train,train
PAPILA/PapilaDB-PAPILA-9c67b80983805f0f886b068af800ef2b507e7dc0/FundusImages/RET035OS.jpg,PAPILA,0,PAPILA:RET035,PAPILA:group:PAPILA:RET035,healthy,3e13bc8a78913ac16a73bdea54645607257dc1beff53db95cc7d8583dff7f194,train,train
PAPILA/PapilaDB-PAPILA-9c67b80983805f0f886b068af800ef2b507e7dc0/FundusImages/RET036OD.jpg,PAPILA,0,PAPILA:RET036,PAPILA:group:PAPILA:RET036,healthy,3881e96bf2bcac300ec85ecb8adbaa28c2848c86146a73d9eb3bad46bd5e852a,train,train
PAPILA/PapilaDB-PAPILA-9c67b80983805f0f886b068af800ef2b507e7dc0/FundusImages/RET036OS.jpg,PAPILA,0,PAPILA:RET036,PAPILA:group:PAPILA:RET036,healthy,9d0713439e2c8e17225a7604d7bbf8e582de05e8d0065b6c91d69eee7775fe61,train,train
PAPILA/PapilaDB-PAPILA-9c67b80983805f0f886b068af800ef2b507e7dc0/FundusImages/RET037OD.jpg,PAPILA,0,PAPILA:RET037,PAPILA:group:PAPILA:RET037,healthy,ce8fdd44d39987adfb9b5d81f596e1fb4884cace44543074a91d0c76f7266293,train,train
PAPILA/PapilaDB-PAPILA-9c67b80983805f0f886b068af800ef2b507e7dc0/FundusImages/RET037OS.jpg,PAPILA,0,PAPILA:RET037,PAPILA:group:PAPILA:RET037,healthy,e0d86b1caf4f2a1792e6e6fc522662644365b574780e8c0d8d6f8e7c3a5cf476,train,train
PAPILA/PapilaDB-PAPILA-9c67b80983805f0f886b068af800ef2b507e7dc0/FundusImages/RET038OD.jpg,PAPILA,0,PAPILA:RET038,PAPILA:group:PAPILA:RET038,healthy,5f7497df43e5f8ef01cabca166e5c27275dd5158eb64dd2623c6e49f08f5a773,train,train
PAPILA/PapilaDB-PAPILA-9c67b80983805f0f886b068af800ef2b507e7dc0/FundusImages/RET038OS.jpg,PAPILA,0,PAPILA:RET038,PAPILA:group:PAPILA:RET038,healthy,5f8a72743dbcff2514d13f6761528697e5f8e22d4aa9a06b2fc55230b16767e7,train,train
PAPILA/PapilaDB-PAPILA-9c67b80983805f0f886b068af800ef2b507e7dc0/FundusImages/RET039OD.jpg,PAPILA,0,PAPILA:RET039,PAPILA:group:PAPILA:RET039,healthy,e5e79667d5bb842733cfe9b05b2ba77b4949d7da604f7bfab707f97761cb911a,train,train
PAPILA/PapilaDB-PAPILA-9c67b80983805f0f886b068af800ef2b507e7dc0/FundusImages/RET039OS.jpg,PAPILA,0,PAPILA:RET039,PAPILA:group:PAPILA:RET039,healthy,e13edf78efe9a250bbc37a70a3b431b5e6edfddd9b50859862d73ee013e6b3fd,train,train
PAPILA/PapilaDB-PAPILA-9c67b80983805f0f886b068af800ef2b507e7dc0/FundusImages/RET042OD.jpg,PAPILA,1,PAPILA:RET042,PAPILA:group:PAPILA:RET042,glaucoma,3a72ad3bfbbf7e3c0555e8c03ae925c07d798e30f482ecec81310d2de318a639,train,train
PAPILA/PapilaDB-PAPILA-9c67b80983805f0f886b068af800ef2b507e7dc0/FundusImages/RET042OS.jpg,PAPILA,1,PAPILA:RET042,PAPILA:group:PAPILA:RET042,glaucoma,b52acdfca9ade26d31077fdd9a0e25858dc6493ca10a5fd09acb5e3bd68540e8,train,train
PAPILA/PapilaDB-PAPILA-9c67b80983805f0f886b068af800ef2b507e7dc0/FundusImages/RET044OD.jpg,PAPILA,1,PAPILA:RET044,PAPILA:group:PAPILA:RET044,glaucoma,33741d502ed04895a6c082786085e4748095df65a4408508aab5c29e4f2aa027,train,train
PAPILA/PapilaDB-PAPILA-9c67b80983805f0f886b068af800ef2b507e7dc0/FundusImages/RET044OS.jpg,PAPILA,1,PAPILA:RET044,PAPILA:group:PAPILA:RET044,glaucoma,fb5ca14fef5be7548a65470b635c09662b53d0ac8e1c518d487c553a3a920d2f,train,train
PAPILA/PapilaDB-PAPILA-9c67b80983805f0f886b068af800ef2b507e7dc0/FundusImages/RET045OD.jpg,PAPILA,0,PAPILA:RET045,PAPILA:group:PAPILA:RET045,healthy,a6ebb0c2588aa810314117c82a3414063755c6938b6fcb4a0052f3c904c215c8,train,train
PAPILA/PapilaDB-PAPILA-9c67b80983805f0f886b068af800ef2b507e7dc0/FundusImages/RET045OS.jpg,PAPILA,1,PAPILA:RET045,PAPILA:group:PAPILA:RET045,glaucoma,5c1680c9f3c3486c4ccc17626b4960917efe11e94b329bda81261681ba3b3ac4,train,train
PAPILA/PapilaDB-PAPILA-9c67b80983805f0f886b068af800ef2b507e7dc0/FundusImages/RET047OD.jpg,PAPILA,1,PAPILA:RET047,PAPILA:group:PAPILA:RET047,glaucoma,3d3cb9a5253cd441eb8cfe26f862e0aab133ebb09414b387a39f33db3cf56245,train,train
PAPILA/PapilaDB-PAPILA-9c67b80983805f0f886b068af800ef2b507e7dc0/FundusImages/RET047OS.jpg,PAPILA,1,PAPILA:RET047,PAPILA:group:PAPILA:RET047,glaucoma,50cd8317a90638247d3816c0fdea3c9dfb154dc76c58d4979f63128c940c20f1,train,train
PAPILA/PapilaDB-PAPILA-9c67b80983805f0f886b068af800ef2b507e7dc0/FundusImages/RET048OD.jpg,PAPILA,1,PAPILA:RET048,PAPILA:group:PAPILA:RET048,glaucoma,5f468ee1a77ec60ec70ad6cde42dfa31e5da3e947f7e2c6c5ac5023064a0da85,train,train
PAPILA/PapilaDB-PAPILA-9c67b80983805f0f886b068af800ef2b507e7dc0/FundusImages/RET048OS.jpg,PAPILA,1,PAPILA:RET048,PAPILA:group:PAPILA:RET048,glaucoma,6def22bfecfdec21e41b29736d42d1f2b9ad55d9006f196b1e62321fd066f50f,train,train
PAPILA/PapilaDB-PAPILA-9c67b80983805f0f886b068af800ef2b507e7dc0/FundusImages/RET050OD.jpg,PAPILA,1,PAPILA:RET050,PAPILA:group:PAPILA:RET050,glaucoma,261c89fa4cfdf19c661cbd0e2f435ffa6490c0a79e2afc37c2759c32d6a552df,train,train
PAPILA/PapilaDB-PAPILA-9c67b80983805f0f886b068af800ef2b507e7dc0/FundusImages/RET050OS.jpg,PAPILA,1,PAPILA:RET050,PAPILA:group:PAPILA:RET050,glaucoma,efa7576897322b7789123f39dcabe54ba9940e2ac94440e091bb16916faeebdf,train,train
PAPILA/PapilaDB-PAPILA-9c67b80983805f0f886b068af800ef2b507e7dc0/FundusImages/RET051OD.jpg,PAPILA,1,PAPILA:RET051,PAPILA:group:PAPILA:RET051,glaucoma,6a9b08ff574cf9ae65833d6457e3dd9e6fcf9bf6257c830592ec9c2bfabdd4b2,train,train
PAPILA/PapilaDB-PAPILA-9c67b80983805f0f886b068af800ef2b507e7dc0/FundusImages/RET051OS.jpg,PAPILA,1,PAPILA:RET051,PAPILA:group:PAPILA:RET051,glaucoma,db18dd741b791c4f04fe9c776b1ecc4758568c6c74b8d525f76fbfaa9fbc6b62,train,train
PAPILA/PapilaDB-PAPILA-9c67b80983805f0f886b068af800ef2b507e7dc0/FundusImages/RET055OD.jpg,PAPILA,1,PAPILA:RET055,PAPILA:group:PAPILA:RET055,glaucoma,9da26827bbd143bb6a72a2ccf80a7ddfb0524a0e2a99752c813c08db90755296,train,train
PAPILA/PapilaDB-PAPILA-9c67b80983805f0f886b068af800ef2b507e7dc0/FundusImages/RET055OS.jpg,PAPILA,1,PAPILA:RET055,PAPILA:group:PAPILA:RET055,glaucoma,526cadf4083899033b27bfc0e788e6c2cd893da7176682fc5323ae9f9aaed07d,train,train
PAPILA/PapilaDB-PAPILA-9c67b80983805f0f886b068af800ef2b507e7dc0/FundusImages/RET056OD.jpg,PAPILA,1,PAPILA:RET056,PAPILA:group:PAPILA:RET056,glaucoma,8f4fd0e5cf380478a186c7effe8e1c4ae56d4b3643952920ce2298c61969f321,train,train
PAPILA/PapilaDB-PAPILA-9c67b80983805f0f886b068af800ef2b507e7dc0/FundusImages/RET056OS.jpg,PAPILA,1,PAPILA:RET056,PAPILA:group:PAPILA:RET056,glaucoma,3745dbdafe106134131ed618a5f1b332226def723725ca85c1880d06fede4503,train,train
PAPILA/PapilaDB-PAPILA-9c67b80983805f0f886b068af800ef2b507e7dc0/FundusImages/RET057OD.jpg,PAPILA,1,PAPILA:RET057,PAPILA:group:PAPILA:RET057,glaucoma,63503b801637aeb0acd814efc041f76fc160a407ac919a4ea7f69e47607491cf,train,train
PAPILA/PapilaDB-PAPILA-9c67b80983805f0f886b068af800ef2b507e7dc0/FundusImages/RET057OS.jpg,PAPILA,1,PAPILA:RET057,PAPILA:group:PAPILA:RET057,glaucoma,dea642f06f036d1b06a0e21726d3d10a644e003559fe516333957372da179428,train,train
PAPILA/PapilaDB-PAPILA-9c67b80983805f0f886b068af800ef2b507e7dc0/FundusImages/RET062OD.jpg,PAPILA,1,PAPILA:RET062,PAPILA:group:PAPILA:RET062,glaucoma,06a88b404cf437096c21f83565e6f43bc2aae1ada6506d97002821ac194005cf,train,train
PAPILA/PapilaDB-PAPILA-9c67b80983805f0f886b068af800ef2b507e7dc0/FundusImages/RET062OS.jpg,PAPILA,1,PAPILA:RET062,PAPILA:group:PAPILA:RET062,glaucoma,643464f38c14694872aad6a1fa2b6674a68df5834947353a8b5b2bd539e48e56,train,train
PAPILA/PapilaDB-PAPILA-9c67b80983805f0f886b068af800ef2b507e7dc0/FundusImages/RET064OD.jpg,PAPILA,1,PAPILA:RET064,PAPILA:group:PAPILA:RET064,glaucoma,bd64619692723eb8d557e7dc6c3c423ff56e85dc4eda7686b2cb935d4078c5aa,train,train
PAPILA/PapilaDB-PAPILA-9c67b80983805f0f886b068af800ef2b507e7dc0/FundusImages/RET064OS.jpg,PAPILA,1,PAPILA:RET064,PAPILA:group:PAPILA:RET064,glaucoma,ff65b59b7dde0e6ca443ed3f0ee0a7edb1d4bb2e29e497c7563441ee6ded111d,train,train
PAPILA/PapilaDB-PAPILA-9c67b80983805f0f886b068af800ef2b507e7dc0/FundusImages/RET068OD.jpg,PAPILA,1,PAPILA:RET068,PAPILA:group:PAPILA:RET068,glaucoma,cafcca8f814c4a890710c80043505a6af63e76d988ae0e63947d93975b660270,train,train
PAPILA/PapilaDB-PAPILA-9c67b80983805f0f886b068af800ef2b507e7dc0/FundusImages/RET068OS.jpg,PAPILA,1,PAPILA:RET068,PAPILA:group:PAPILA:RET068,glaucoma,c73eb0b7e923b2c032442780197c93968ccbcad8679cef3e14cdc19db61dae9f,train,train
PAPILA/PapilaDB-PAPILA-9c67b80983805f0f886b068af800ef2b507e7dc0/FundusImages/RET069OD.jpg,PAPILA,1,PAPILA:RET069,PAPILA:group:PAPILA:RET069,glaucoma,0df34e6dc4c3e3d8f6381de88d8afeb3f19159ea8548527618803a0f208fac1e,train,train
PAPILA/PapilaDB-PAPILA-9c67b80983805f0f886b068af800ef2b507e7dc0/FundusImages/RET069OS.jpg,PAPILA,1,PAPILA:RET069,PAPILA:group:PAPILA:RET069,glaucoma,a2c4592b31b20662622c24f135424d135a709fcba2f907e465f02c6e6d65a5dc,train,train
PAPILA/PapilaDB-PAPILA-9c67b80983805f0f886b068af800ef2b507e7dc0/FundusImages/RET077OD.jpg,PAPILA,1,PAPILA:RET077,PAPILA:group:PAPILA:RET077,glaucoma,7c449da5c47b4e1db57f2b84ac4d1ff0a98266468e4894427f5a661a8aa00ce5,train,train
PAPILA/PapilaDB-PAPILA-9c67b80983805f0f886b068af800ef2b507e7dc0/FundusImages/RET077OS.jpg,PAPILA,1,PAPILA:RET077,PAPILA:group:PAPILA:RET077,glaucoma,2579271a9875b802bfcea3c0644dc2d11b0448eff61d3f7b50100b5f7862d22d,train,train
PAPILA/PapilaDB-PAPILA-9c67b80983805f0f886b068af800ef2b507e7dc0/FundusImages/RET081OD.jpg,PAPILA,1,PAPILA:RET081,PAPILA:group:PAPILA:RET081,glaucoma,9604ab068e83adc165933dea4a889939598c9684b19f0a4b3abb51b3938abf98,train,train
PAPILA/PapilaDB-PAPILA-9c67b80983805f0f886b068af800ef2b507e7dc0/FundusImages/RET081OS.jpg,PAPILA,1,PAPILA:RET081,PAPILA:group:PAPILA:RET081,glaucoma,cf61fb3bd0f07be04f4a60cb35bb6cefc20df0dc2c879c98b18cde64ab34256d,train,train
PAPILA/PapilaDB-PAPILA-9c67b80983805f0f886b068af800ef2b507e7dc0/FundusImages/RET084OD.jpg,PAPILA,1,PAPILA:RET084,PAPILA:group:PAPILA:RET084,glaucoma,abef0077916906752b9c808625f3fc3a8b8e97f721e6780bd27421e8e52ca868,train,train
PAPILA/PapilaDB-PAPILA-9c67b80983805f0f886b068af800ef2b507e7dc0/FundusImages/RET084OS.jpg,PAPILA,1,PAPILA:RET084,PAPILA:group:PAPILA:RET084,glaucoma,f7455bf3716e82affa0a6764515f040ecba7cf30e91b28d5574e57cb602ab9d9,train,train
PAPILA/PapilaDB-PAPILA-9c67b80983805f0f886b068af800ef2b507e7dc0/FundusImages/RET087OD.jpg,PAPILA,1,PAPILA:RET087,PAPILA:group:PAPILA:RET087,glaucoma,67a76720fc530b73ba58cb2af756b9dc42ee1baef5914a6480457c19a33e8929,train,train
PAPILA/PapilaDB-PAPILA-9c67b80983805f0f886b068af800ef2b507e7dc0/FundusImages/RET087OS.jpg,PAPILA,1,PAPILA:RET087,PAPILA:group:PAPILA:RET087,glaucoma,ec5e26600add702dde55c0058368a8a3ead190eda28257e0669f7ff71e2ac432,train,train
PAPILA/PapilaDB-PAPILA-9c67b80983805f0f886b068af800ef2b507e7dc0/FundusImages/RET088OD.jpg,PAPILA,1,PAPILA:RET088,PAPILA:group:PAPILA:RET088,glaucoma,a4bf3fbe02201970458f5f7c205311a43df70ebc96378b4f6f2dcf55bf79ca2e,train,train
PAPILA/PapilaDB-PAPILA-9c67b80983805f0f886b068af800ef2b507e7dc0/FundusImages/RET088OS.jpg,PAPILA,1,PAPILA:RET088,PAPILA:group:PAPILA:RET088,glaucoma,0ee4548d85c8a10ca137022c9fdb00ddd7319c7ecb40437b193b8790d70c2ff4,train,train
PAPILA/PapilaDB-PAPILA-9c67b80983805f0f886b068af800ef2b507e7dc0/FundusImages/RET090OD.jpg,PAPILA,1,PAPILA:RET090,PAPILA:group:PAPILA:RET090,glaucoma,3697875d6690ad5de5128aadbfc64fa1553a240194f671fe7258aada3d5a070c,train,train
PAPILA/PapilaDB-PAPILA-9c67b80983805f0f886b068af800ef2b507e7dc0/FundusImages/RET090OS.jpg,PAPILA,1,PAPILA:RET090,PAPILA:group:PAPILA:RET090,glaucoma,e1b10b6ae4e5c622d55925f22dbf25689c4e3c24ec371b990a63e61e6f57c9dd,train,train
PAPILA/PapilaDB-PAPILA-9c67b80983805f0f886b068af800ef2b507e7dc0/FundusImages/RET096OD.jpg,PAPILA,0,PAPILA:RET096,PAPILA:group:PAPILA:RET096,healthy,dd301ed90dbc1ccc90014dc58e3244f3504d83dde8b150de22074c86dbefa353,train,train
PAPILA/PapilaDB-PAPILA-9c67b80983805f0f886b068af800ef2b507e7dc0/FundusImages/RET096OS.jpg,PAPILA,1,PAPILA:RET096,PAPILA:group:PAPILA:RET096,glaucoma,654ae8f8b238c3018aa7236ba6c2a39c56073c32bb013b6d9a537117b4ecd48a,train,train
PAPILA/PapilaDB-PAPILA-9c67b80983805f0f886b068af800ef2b507e7dc0/FundusImages/RET105OD.jpg,PAPILA,1,PAPILA:RET105,PAPILA:group:PAPILA:RET105,glaucoma,cac9c4526bb9fa7098f7bddbb5a5097e705951c4e8ca188aaf6f58bce5ccc950,train,train
PAPILA/PapilaDB-PAPILA-9c67b80983805f0f886b068af800ef2b507e7dc0/FundusImages/RET105OS.jpg,PAPILA,1,PAPILA:RET105,PAPILA:group:PAPILA:RET105,glaucoma,30ea8afd50f2024755eb6bfc76e481868be87c6b6393d0552c505f467a865c1f,train,train
PAPILA/PapilaDB-PAPILA-9c67b80983805f0f886b068af800ef2b507e7dc0/FundusImages/RET107OD.jpg,PAPILA,0,PAPILA:RET107,PAPILA:group:PAPILA:RET107,healthy,5b7e44d426dd6bf1c37dfb8294cf830e39b248088289e780de1dec2686ea8c41,train,train
PAPILA/PapilaDB-PAPILA-9c67b80983805f0f886b068af800ef2b507e7dc0/FundusImages/RET107OS.jpg,PAPILA,1,PAPILA:RET107,PAPILA:group:PAPILA:RET107,glaucoma,1c391ce6641fdf4783989207885af42241aec90bbcd55d09a1366b8a6f6cfae4,train,train
PAPILA/PapilaDB-PAPILA-9c67b80983805f0f886b068af800ef2b507e7dc0/FundusImages/RET108OD.jpg,PAPILA,0,PAPILA:RET108,PAPILA:group:PAPILA:RET108,healthy,a550bae5be56f9b40b9d4e30bf4ae631c33f442020bf943239fb78a9388b558c,train,train
PAPILA/PapilaDB-PAPILA-9c67b80983805f0f886b068af800ef2b507e7dc0/FundusImages/RET108OS.jpg,PAPILA,0,PAPILA:RET108,PAPILA:group:PAPILA:RET108,healthy,b82d4f783d8654277748a9c314f8914c78fe0373d7313ee60ac716d9577d18b4,train,train
PAPILA/PapilaDB-PAPILA-9c67b80983805f0f886b068af800ef2b507e7dc0/FundusImages/RET116OD.jpg,PAPILA,0,PAPILA:RET116,PAPILA:group:PAPILA:RET116,healthy,595d7e0ddc30dd4818807906a31b2b33b46be9657066374e896e29f2d4c367d0,train,train
PAPILA/PapilaDB-PAPILA-9c67b80983805f0f886b068af800ef2b507e7dc0/FundusImages/RET116OS.jpg,PAPILA,1,PAPILA:RET116,PAPILA:group:PAPILA:RET116,glaucoma,3923f02e89795932aaeae5f8596e3b47939a9fe0dd86b7ebff7f1ab8d62906d6,train,train
PAPILA/PapilaDB-PAPILA-9c67b80983805f0f886b068af800ef2b507e7dc0/FundusImages/RET119OD.jpg,PAPILA,1,PAPILA:RET119,PAPILA:group:PAPILA:RET119,glaucoma,d06d5438a3b2b8911ce69282fee7fab5904050148ab325f7470a8d681ceeb5ef,train,train
PAPILA/PapilaDB-PAPILA-9c67b80983805f0f886b068af800ef2b507e7dc0/FundusImages/RET119OS.jpg,PAPILA,1,PAPILA:RET119,PAPILA:group:PAPILA:RET119,glaucoma,59f71eb26c50c58a19271f33b1968accbf373c3ecc4a748933a18d6e33d74b30,train,train
PAPILA/PapilaDB-PAPILA-9c67b80983805f0f886b068af800ef2b507e7dc0/FundusImages/RET123OD.jpg,PAPILA,0,PAPILA:RET123,PAPILA:group:PAPILA:RET123,healthy,6e98d6738d2331f548d6e9bb9e7990319d859a49c3f9ed39193f556cd9792213,train,train
PAPILA/PapilaDB-PAPILA-9c67b80983805f0f886b068af800ef2b507e7dc0/FundusImages/RET123OS.jpg,PAPILA,1,PAPILA:RET123,PAPILA:group:PAPILA:RET123,glaucoma,549eac5ae071a495a92ebd19646287ba2ad60b4c22116e1aba1dc2680233e60f,train,train
PAPILA/PapilaDB-PAPILA-9c67b80983805f0f886b068af800ef2b507e7dc0/FundusImages/RET124OD.jpg,PAPILA,1,PAPILA:RET124,PAPILA:group:PAPILA:RET124,glaucoma,4c8fa1bec2a0d74ae6f7d26946fb57d68eb749f8304ae5e794315f946261336e,train,train
PAPILA/PapilaDB-PAPILA-9c67b80983805f0f886b068af800ef2b507e7dc0/FundusImages/RET124OS.jpg,PAPILA,1,PAPILA:RET124,PAPILA:group:PAPILA:RET124,glaucoma,3b4982bf6f90cc4dd564092fec96adb714a1a56c1c389bf1f0d843b805f85be7,train,train
PAPILA/PapilaDB-PAPILA-9c67b80983805f0f886b068af800ef2b507e7dc0/FundusImages/RET125OD.jpg,PAPILA,0,PAPILA:RET125,PAPILA:group:PAPILA:RET125,healthy,5d3eb8e1de73cbae90e9d1e78b45ab24eed1ee24876aa5114a9f5403d6e1d3dc,train,train
PAPILA/PapilaDB-PAPILA-9c67b80983805f0f886b068af800ef2b507e7dc0/FundusImages/RET125OS.jpg,PAPILA,0,PAPILA:RET125,PAPILA:group:PAPILA:RET125,healthy,65657c831b697e828837d734f061c8a1d784c23dd83fcfe4a6a581f16c6b9a5c,train,train
PAPILA/PapilaDB-PAPILA-9c67b80983805f0f886b068af800ef2b507e7dc0/FundusImages/RET126OD.jpg,PAPILA,0,PAPILA:RET126,PAPILA:group:PAPILA:RET126,healthy,b99f8bbba1838b67c3e4c87db05daaa50b4885af0242733ed9e5673df7aee634,train,train
PAPILA/PapilaDB-PAPILA-9c67b80983805f0f886b068af800ef2b507e7dc0/FundusImages/RET126OS.jpg,PAPILA,0,PAPILA:RET126,PAPILA:group:PAPILA:RET126,healthy,575f3cb4e87d0149fc086ccd1f716aace941ecb5b2ea9660d92d924b0c679644,train,train
PAPILA/PapilaDB-PAPILA-9c67b80983805f0f886b068af800ef2b507e7dc0/FundusImages/RET127OD.jpg,PAPILA,0,PAPILA:RET127,PAPILA:group:PAPILA:RET127,healthy,88e739bc880df70a17418661ddb500174c94407e8b7d67c56e4f35be2bb7f01f,train,train
PAPILA/PapilaDB-PAPILA-9c67b80983805f0f886b068af800ef2b507e7dc0/FundusImages/RET127OS.jpg,PAPILA,0,PAPILA:RET127,PAPILA:group:PAPILA:RET127,healthy,cf7a2862f4cc0b8948b951fe2558ba2905305090f5c7e6beecd711a0e602cebb,train,train
PAPILA/PapilaDB-PAPILA-9c67b80983805f0f886b068af800ef2b507e7dc0/FundusImages/RET128OD.jpg,PAPILA,0,PAPILA:RET128,PAPILA:group:PAPILA:RET128,healthy,25e22a546c88a2c4a50c08ecbd2c4b3988f5fa953608b3bdaf5d6d4fc17cf936,train,train
PAPILA/PapilaDB-PAPILA-9c67b80983805f0f886b068af800ef2b507e7dc0/FundusImages/RET128OS.jpg,PAPILA,0,PAPILA:RET128,PAPILA:group:PAPILA:RET128,healthy,13bef64c438772c80530c1c67896332540b46abe4a7b58669ce40cb2fb7aa898,train,train
PAPILA/PapilaDB-PAPILA-9c67b80983805f0f886b068af800ef2b507e7dc0/FundusImages/RET129OD.jpg,PAPILA,0,PAPILA:RET129,PAPILA:group:PAPILA:RET129,healthy,9b64972aa62164bc994f0df8603ccfe844ef5418070857462b0b4d71edf48c1b,train,train
PAPILA/PapilaDB-PAPILA-9c67b80983805f0f886b068af800ef2b507e7dc0/FundusImages/RET129OS.jpg,PAPILA,0,PAPILA:RET129,PAPILA:group:PAPILA:RET129,healthy,7fc51b7b078fe2834b355fb7af82ecb78dff904ce1373c1f3b965226ce548634,train,train
PAPILA/PapilaDB-PAPILA-9c67b80983805f0f886b068af800ef2b507e7dc0/FundusImages/RET131OD.jpg,PAPILA,0,PAPILA:RET131,PAPILA:group:PAPILA:RET131,healthy,e837b7e47f7317044b111650186ee97ea414382a1bebbadaa8b334528ef6ba28,train,train
PAPILA/PapilaDB-PAPILA-9c67b80983805f0f886b068af800ef2b507e7dc0/FundusImages/RET131OS.jpg,PAPILA,0,PAPILA:RET131,PAPILA:group:PAPILA:RET131,healthy,92f35e904e74eaa49ca03a06f0f64a17189e99a3438660b1c7b71612b65d1dd1,train,train
PAPILA/PapilaDB-PAPILA-9c67b80983805f0f886b068af800ef2b507e7dc0/FundusImages/RET132OD.jpg,PAPILA,0,PAPILA:RET132,PAPILA:group:PAPILA:RET132,healthy,9cf6a7a99ac7e23c4fdd7f314b2e7e262f62cd40f767c177f573caf7b4154b9a,train,train
PAPILA/PapilaDB-PAPILA-9c67b80983805f0f886b068af800ef2b507e7dc0/FundusImages/RET132OS.jpg,PAPILA,0,PAPILA:RET132,PAPILA:group:PAPILA:RET132,healthy,b0a75b57b1aaaa15d04898056982a38ab02c0a20f308ac50ced5f7e746447b19,train,train
PAPILA/PapilaDB-PAPILA-9c67b80983805f0f886b068af800ef2b507e7dc0/FundusImages/RET133OD.jpg,PAPILA,0,PAPILA:RET133,PAPILA:group:PAPILA:RET133,healthy,9e56242e501ebf4a1ad504b6111cf6b570d1171e74b559e0dc1ac25f9ac7fe86,train,train
PAPILA/PapilaDB-PAPILA-9c67b80983805f0f886b068af800ef2b507e7dc0/FundusImages/RET133OS.jpg,PAPILA,0,PAPILA:RET133,PAPILA:group:PAPILA:RET133,healthy,ca1077c9e0d21128eed5ed16d667db8e52a1474a2a9567ac388c5aaaf8253656,train,train
PAPILA/PapilaDB-PAPILA-9c67b80983805f0f886b068af800ef2b507e7dc0/FundusImages/RET135OD.jpg,PAPILA,0,PAPILA:RET135,PAPILA:group:PAPILA:RET135,healthy,e68a4d8d529057e2197b29c9a8db26f23868b0ce7eae591f0e6dfc05c131d8f7,train,train
PAPILA/PapilaDB-PAPILA-9c67b80983805f0f886b068af800ef2b507e7dc0/FundusImages/RET135OS.jpg,PAPILA,0,PAPILA:RET135,PAPILA:group:PAPILA:RET135,healthy,c96710d8472adcdc1011b4505cf4b8b910a4c3b499b929e4b359f97feae4e324,train,train
PAPILA/PapilaDB-PAPILA-9c67b80983805f0f886b068af800ef2b507e7dc0/FundusImages/RET136OD.jpg,PAPILA,0,PAPILA:RET136,PAPILA:group:PAPILA:RET136,healthy,df789bc587da1807a8e856336d50f396053f02b328b313efb4935491e16574d8,train,train
PAPILA/PapilaDB-PAPILA-9c67b80983805f0f886b068af800ef2b507e7dc0/FundusImages/RET136OS.jpg,PAPILA,0,PAPILA:RET136,PAPILA:group:PAPILA:RET136,healthy,2ab724bb52f80557efd9cd28935e815a6b2b623472256d8b5b8d05489a96e3f2,train,train
PAPILA/PapilaDB-PAPILA-9c67b80983805f0f886b068af800ef2b507e7dc0/FundusImages/RET137OD.jpg,PAPILA,0,PAPILA:RET137,PAPILA:group:PAPILA:RET137,healthy,591d8b5ca3e3e24945aee251934c70b12e85f74cc4262e295b695d412960fb0f,train,train
PAPILA/PapilaDB-PAPILA-9c67b80983805f0f886b068af800ef2b507e7dc0/FundusImages/RET137OS.jpg,PAPILA,0,PAPILA:RET137,PAPILA:group:PAPILA:RET137,healthy,70c6762d211bdfc5994f3f4f75651148bc4af2aed7c32ff805b9512c31628513,train,train
PAPILA/PapilaDB-PAPILA-9c67b80983805f0f886b068af800ef2b507e7dc0/FundusImages/RET138OD.jpg,PAPILA,0,PAPILA:RET138,PAPILA:group:PAPILA:RET138,healthy,6ef8ba7c9ae8e7a557ed044cd83fe440e8f2925eccb9df9b1351816b1ecbda02,train,train
PAPILA/PapilaDB-PAPILA-9c67b80983805f0f886b068af800ef2b507e7dc0/FundusImages/RET138OS.jpg,PAPILA,0,PAPILA:RET138,PAPILA:group:PAPILA:RET138,healthy,aa6c31609638642dfc775df7c7db6dee0c195660e1869cf8515c7fc90c32fa0e,train,train
PAPILA/PapilaDB-PAPILA-9c67b80983805f0f886b068af800ef2b507e7dc0/FundusImages/RET139OD.jpg,PAPILA,0,PAPILA:RET139,PAPILA:group:PAPILA:RET139,healthy,b893044e5d85a73a90ff3abf0378d64d64b3c80327273866c4b121d5399abc04,train,train
PAPILA/PapilaDB-PAPILA-9c67b80983805f0f886b068af800ef2b507e7dc0/FundusImages/RET139OS.jpg,PAPILA,0,PAPILA:RET139,PAPILA:group:PAPILA:RET139,healthy,ff63ff9777c4fdf0101f18bab1860be74e7ddc3f23911df058c18a153b80e3d1,train,train
PAPILA/PapilaDB-PAPILA-9c67b80983805f0f886b068af800ef2b507e7dc0/FundusImages/RET140OD.jpg,PAPILA,0,PAPILA:RET140,PAPILA:group:PAPILA:RET140,healthy,3be5536557dce6ca93bfc3ec7681dc242378e723b6dad9fe5672a46c901972aa,train,train
PAPILA/PapilaDB-PAPILA-9c67b80983805f0f886b068af800ef2b507e7dc0/FundusImages/RET140OS.jpg,PAPILA,0,PAPILA:RET140,PAPILA:group:PAPILA:RET140,healthy,56910dde3713a339484ff3c8eaab6b80c015c65498b21945c02d93f006d7e913,train,train
PAPILA/PapilaDB-PAPILA-9c67b80983805f0f886b068af800ef2b507e7dc0/FundusImages/RET141OD.jpg,PAPILA,0,PAPILA:RET141,PAPILA:group:PAPILA:RET141,healthy,e855a2cde49cdad63e0790af2815c203ee3555b8e8b80ba10fe3c2db477123a7,train,train
PAPILA/PapilaDB-PAPILA-9c67b80983805f0f886b068af800ef2b507e7dc0/FundusImages/RET141OS.jpg,PAPILA,0,PAPILA:RET141,PAPILA:group:PAPILA:RET141,healthy,08733cc114f41c4fd547e2fcce67c56c6e955cc145b055d065e748c9ca5f04b1,train,train
PAPILA/PapilaDB-PAPILA-9c67b80983805f0f886b068af800ef2b507e7dc0/FundusImages/RET142OD.jpg,PAPILA,0,PAPILA:RET142,PAPILA:group:PAPILA:RET142,healthy,da8eb2ab380d5c8a719504588c43bddb8d8a65d0aa10c695973060f789568b73,train,train
PAPILA/PapilaDB-PAPILA-9c67b80983805f0f886b068af800ef2b507e7dc0/FundusImages/RET142OS.jpg,PAPILA,0,PAPILA:RET142,PAPILA:group:PAPILA:RET142,healthy,1071d1b5ca7ef05093bcb353ef77d32b706b95d79bfdc79b33df097037ab8937,train,train
PAPILA/PapilaDB-PAPILA-9c67b80983805f0f886b068af800ef2b507e7dc0/FundusImages/RET143OD.jpg,PAPILA,0,PAPILA:RET143,PAPILA:group:PAPILA:RET143,healthy,d048af33a94ebf283703d4a88902b3dcd3e0b091f3ae798035d9549b824da197,train,train
PAPILA/PapilaDB-PAPILA-9c67b80983805f0f886b068af800ef2b507e7dc0/FundusImages/RET143OS.jpg,PAPILA,0,PAPILA:RET143,PAPILA:group:PAPILA:RET143,healthy,94959dbcf0aa5d4a500743cb205a89b1072ff4855a476dd46e0e74ced5b38710,train,train
PAPILA/PapilaDB-PAPILA-9c67b80983805f0f886b068af800ef2b507e7dc0/FundusImages/RET144OD.jpg,PAPILA,0,PAPILA:RET144,PAPILA:group:PAPILA:RET144,healthy,dd5b16985c0c7bb59fafdb399f8196df9c633558ead0a77c2cbf547ab0a09dfc,train,train
PAPILA/PapilaDB-PAPILA-9c67b80983805f0f886b068af800ef2b507e7dc0/FundusImages/RET144OS.jpg,PAPILA,0,PAPILA:RET144,PAPILA:group:PAPILA:RET144,healthy,6f80812774a179d34a1b02d67acc32a6573ad58b703f3fbfcfd2702ce983b492,train,train
PAPILA/PapilaDB-PAPILA-9c67b80983805f0f886b068af800ef2b507e7dc0/FundusImages/RET146OD.jpg,PAPILA,0,PAPILA:RET146,PAPILA:group:PAPILA:RET146,healthy,3e387186c71d98e15f87cded8d94041fea82811fe06037a3d6938b877c4073e2,train,train
PAPILA/PapilaDB-PAPILA-9c67b80983805f0f886b068af800ef2b507e7dc0/FundusImages/RET146OS.jpg,PAPILA,0,PAPILA:RET146,PAPILA:group:PAPILA:RET146,healthy,de9d2c4f65ba5d48ab71ee22fc72a4fb48126ef7bfa3b16e5861520347e375be,train,train
PAPILA/PapilaDB-PAPILA-9c67b80983805f0f886b068af800ef2b507e7dc0/FundusImages/RET147OD.jpg,PAPILA,0,PAPILA:RET147,PAPILA:group:PAPILA:RET147,healthy,eb90e8f8b85d8dc4a5a871287f506de1ed2ed649a24d09c2749949b06845311f,train,train
PAPILA/PapilaDB-PAPILA-9c67b80983805f0f886b068af800ef2b507e7dc0/FundusImages/RET147OS.jpg,PAPILA,0,PAPILA:RET147,PAPILA:group:PAPILA:RET147,healthy,ade6d9ee363d34b7f6a9f63bdbfc2c18a0d503780d42281a84c70d3c2a84e09e,train,train
PAPILA/PapilaDB-PAPILA-9c67b80983805f0f886b068af800ef2b507e7dc0/FundusImages/RET149OD.jpg,PAPILA,0,PAPILA:RET149,PAPILA:group:PAPILA:RET149,healthy,b9d6aa10647314ddebdfe80a19e31602ca2344a5f486115b5526e974c26024f3,train,train
PAPILA/PapilaDB-PAPILA-9c67b80983805f0f886b068af800ef2b507e7dc0/FundusImages/RET149OS.jpg,PAPILA,0,PAPILA:RET149,PAPILA:group:PAPILA:RET149,healthy,34ab4e01ab1068981b77ff1f2bdf16a722de40894ab1f765cfc5faf44907721e,train,train
PAPILA/PapilaDB-PAPILA-9c67b80983805f0f886b068af800ef2b507e7dc0/FundusImages/RET150OD.jpg,PAPILA,0,PAPILA:RET150,PAPILA:group:PAPILA:RET150,healthy,76140a220444e1cc323c5d98b2a910270a240b9d03274d487b6aa2ecf29401f2,train,train
PAPILA/PapilaDB-PAPILA-9c67b80983805f0f886b068af800ef2b507e7dc0/FundusImages/RET150OS.jpg,PAPILA,0,PAPILA:RET150,PAPILA:group:PAPILA:RET150,healthy,05156c5e923294fe624c8235e135df2a115e1da9182054422a4aef47483eb9f4,train,train
PAPILA/PapilaDB-PAPILA-9c67b80983805f0f886b068af800ef2b507e7dc0/FundusImages/RET151OD.jpg,PAPILA,0,PAPILA:RET151,PAPILA:group:PAPILA:RET151,healthy,25ad544c1802b0fe6f3017c9a61ec6ab86c4731904f0a8eee375b2fc1235bcc8,train,train
PAPILA/PapilaDB-PAPILA-9c67b80983805f0f886b068af800ef2b507e7dc0/FundusImages/RET151OS.jpg,PAPILA,0,PAPILA:RET151,PAPILA:group:PAPILA:RET151,healthy,44dbf824018821a4636d5716b7bf86cd5547ab28f95a7313936c28fec36d848f,train,train
PAPILA/PapilaDB-PAPILA-9c67b80983805f0f886b068af800ef2b507e7dc0/FundusImages/RET152OD.jpg,PAPILA,0,PAPILA:RET152,PAPILA:group:PAPILA:RET152,healthy,1387bae2a2947cbb65b4afb5a24a89a87b6efe7288f77a826f085088b6c7b9b7,train,train
PAPILA/PapilaDB-PAPILA-9c67b80983805f0f886b068af800ef2b507e7dc0/FundusImages/RET152OS.jpg,PAPILA,0,PAPILA:RET152,PAPILA:group:PAPILA:RET152,healthy,0f3b655ab04ac9a2f1dd2a18ca2c02a38308b5e3a1fedf96eb9e2bdfb8187f68,train,train
PAPILA/PapilaDB-PAPILA-9c67b80983805f0f886b068af800ef2b507e7dc0/FundusImages/RET153OD.jpg,PAPILA,0,PAPILA:RET153,PAPILA:group:PAPILA:RET153,healthy,431744093c6337594d7930bd99194fdd164eddfe517dc2f7ac611873c8128966,train,train
PAPILA/PapilaDB-PAPILA-9c67b80983805f0f886b068af800ef2b507e7dc0/FundusImages/RET153OS.jpg,PAPILA,0,PAPILA:RET153,PAPILA:group:PAPILA:RET153,healthy,e1aa3c9a546fbc2e2439f4163c66bf418bfad2067c39164d8f59937767f293d4,train,train
PAPILA/PapilaDB-PAPILA-9c67b80983805f0f886b068af800ef2b507e7dc0/FundusImages/RET154OD.jpg,PAPILA,0,PAPILA:RET154,PAPILA:group:PAPILA:RET154,healthy,26913774c92a30c3b79560b90ba1aaa2f33f489af7ac57dcb1a46bec31a46298,train,train
PAPILA/PapilaDB-PAPILA-9c67b80983805f0f886b068af800ef2b507e7dc0/FundusImages/RET154OS.jpg,PAPILA,0,PAPILA:RET154,PAPILA:group:PAPILA:RET154,healthy,b95c56de7d8ae03ae4dbf7a6e095b81cbb237e1bf1fc3ed230a1b586d5cb6c51,train,train
PAPILA/PapilaDB-PAPILA-9c67b80983805f0f886b068af800ef2b507e7dc0/FundusImages/RET155OD.jpg,PAPILA,0,PAPILA:RET155,PAPILA:group:PAPILA:RET155,healthy,5d6513088a5e55f0c4cdab8593b09f1581941f4c846a6b743abd816b942cf737,train,train
PAPILA/PapilaDB-PAPILA-9c67b80983805f0f886b068af800ef2b507e7dc0/FundusImages/RET155OS.jpg,PAPILA,0,PAPILA:RET155,PAPILA:group:PAPILA:RET155,healthy,a5822710cf356fd20deb5c5256a4f91a0b1d82b1e62e377c68c55a9015a99178,train,train
PAPILA/PapilaDB-PAPILA-9c67b80983805f0f886b068af800ef2b507e7dc0/FundusImages/RET156OD.jpg,PAPILA,0,PAPILA:RET156,PAPILA:group:PAPILA:RET156,healthy,338be3a5011304d773431f3b5cb61748f447bb089f35bc79ee741b426ad9dc7a,train,train
PAPILA/PapilaDB-PAPILA-9c67b80983805f0f886b068af800ef2b507e7dc0/FundusImages/RET156OS.jpg,PAPILA,0,PAPILA:RET156,PAPILA:group:PAPILA:RET156,healthy,47dafa064c14bb6cbf1792207026864ddb11a1d64f33850bfe1e9f2886e05873,train,train
PAPILA/PapilaDB-PAPILA-9c67b80983805f0f886b068af800ef2b507e7dc0/FundusImages/RET157OD.jpg,PAPILA,0,PAPILA:RET157,PAPILA:group:PAPILA:RET157,healthy,7183a7e283720537fcf0f0f1da979602ce04edf84d691130b363b066c7ce0474,train,train
PAPILA/PapilaDB-PAPILA-9c67b80983805f0f886b068af800ef2b507e7dc0/FundusImages/RET157OS.jpg,PAPILA,0,PAPILA:RET157,PAPILA:group:PAPILA:RET157,healthy,779e50a6c3f5c4676e25e2e54397dd0e9348754d20158e83656e97a59b756c5f,train,train
PAPILA/PapilaDB-PAPILA-9c67b80983805f0f886b068af800ef2b507e7dc0/FundusImages/RET158OD.jpg,PAPILA,0,PAPILA:RET158,PAPILA:group:PAPILA:RET158,healthy,dbccccbcab3388dd00b2d89faeefa2c346dcf25e70da34f2d4884b5ae4995208,train,train
PAPILA/PapilaDB-PAPILA-9c67b80983805f0f886b068af800ef2b507e7dc0/FundusImages/RET158OS.jpg,PAPILA,0,PAPILA:RET158,PAPILA:group:PAPILA:RET158,healthy,352c654180cf5e8e498d84194e4765d5cf16b862acd15ba17af0bd281113625e,train,train
PAPILA/PapilaDB-PAPILA-9c67b80983805f0f886b068af800ef2b507e7dc0/FundusImages/RET159OD.jpg,PAPILA,0,PAPILA:RET159,PAPILA:group:PAPILA:RET159,healthy,f66e0b8a5941db1b2666cbfb5fcd6a2abc44afb9b876d2e847221e4353da61b5,train,train
PAPILA/PapilaDB-PAPILA-9c67b80983805f0f886b068af800ef2b507e7dc0/FundusImages/RET159OS.jpg,PAPILA,0,PAPILA:RET159,PAPILA:group:PAPILA:RET159,healthy,b3983e39c76fa115b402c85eab10997cd765cf58909398a962b7351b80509b70,train,train
PAPILA/PapilaDB-PAPILA-9c67b80983805f0f886b068af800ef2b507e7dc0/FundusImages/RET160OD.jpg,PAPILA,0,PAPILA:RET160,PAPILA:group:PAPILA:RET160,healthy,1caf3baf9cf53ed675698025591842132416bc0c8cd1d149bf2b45e331f7e596,train,train
PAPILA/PapilaDB-PAPILA-9c67b80983805f0f886b068af800ef2b507e7dc0/FundusImages/RET160OS.jpg,PAPILA,0,PAPILA:RET160,PAPILA:group:PAPILA:RET160,healthy,bf7098bb615c6479741ca440ead2a57c5454e80dcb11e16401bf198df96f6162,train,train
PAPILA/PapilaDB-PAPILA-9c67b80983805f0f886b068af800ef2b507e7dc0/FundusImages/RET162OD.jpg,PAPILA,0,PAPILA:RET162,PAPILA:group:PAPILA:RET162,healthy,a45a3dd6f42542b63482269d964fe39d40e489e298823b894a1c3c0781c66136,train,train
PAPILA/PapilaDB-PAPILA-9c67b80983805f0f886b068af800ef2b507e7dc0/FundusImages/RET162OS.jpg,PAPILA,0,PAPILA:RET162,PAPILA:group:PAPILA:RET162,healthy,b2801573272bb42802da918564e5d38d7229f9ce1059637546251d9f360c8c7c,train,train
PAPILA/PapilaDB-PAPILA-9c67b80983805f0f886b068af800ef2b507e7dc0/FundusImages/RET163OD.jpg,PAPILA,0,PAPILA:RET163,PAPILA:group:PAPILA:RET163,healthy,bff1e84399cd5131b122302eab9afdcb6f82bbbd455c24af305e93711040d11e,train,train
PAPILA/PapilaDB-PAPILA-9c67b80983805f0f886b068af800ef2b507e7dc0/FundusImages/RET163OS.jpg,PAPILA,0,PAPILA:RET163,PAPILA:group:PAPILA:RET163,healthy,5a29cba891106866d048f35ba45df2542aa6ef3d770899e5e1359ab84328af8b,train,train
PAPILA/PapilaDB-PAPILA-9c67b80983805f0f886b068af800ef2b507e7dc0/FundusImages/RET164OD.jpg,PAPILA,0,PAPILA:RET164,PAPILA:group:PAPILA:RET164,healthy,f722e409f40b4e37a5e09a11b213112d01071dc5bff63a97ace22fb25dbd048a,train,train
PAPILA/PapilaDB-PAPILA-9c67b80983805f0f886b068af800ef2b507e7dc0/FundusImages/RET164OS.jpg,PAPILA,0,PAPILA:RET164,PAPILA:group:PAPILA:RET164,healthy,d43560eb2fddb5b479e52544a58f59e3a97b096f8e3014cc895e563788c094c4,train,train
PAPILA/PapilaDB-PAPILA-9c67b80983805f0f886b068af800ef2b507e7dc0/FundusImages/RET165OD.jpg,PAPILA,0,PAPILA:RET165,PAPILA:group:PAPILA:RET165,healthy,2692b659066737bb39730da72c6467af1a9f5f8a9e5e2307458c3a1f0a0aa9d4,train,train
PAPILA/PapilaDB-PAPILA-9c67b80983805f0f886b068af800ef2b507e7dc0/FundusImages/RET165OS.jpg,PAPILA,0,PAPILA:RET165,PAPILA:group:PAPILA:RET165,healthy,674529bb625aa8f93893b1263208930b57e9e51626409c2ce14b2ece595419e2,train,train
PAPILA/PapilaDB-PAPILA-9c67b80983805f0f886b068af800ef2b507e7dc0/FundusImages/RET168OD.jpg,PAPILA,0,PAPILA:RET168,PAPILA:group:PAPILA:RET168,healthy,006ce87453eb2dfa2c3398cd98b79700d3a1591c77c974112ed5396b73a2f33b,train,train
PAPILA/PapilaDB-PAPILA-9c67b80983805f0f886b068af800ef2b507e7dc0/FundusImages/RET168OS.jpg,PAPILA,0,PAPILA:RET168,PAPILA:group:PAPILA:RET168,healthy,00bef60da518c9a106c2deb52d80c75b1052581145105b49ad21755fae132d8f,train,train
PAPILA/PapilaDB-PAPILA-9c67b80983805f0f886b068af800ef2b507e7dc0/FundusImages/RET169OD.jpg,PAPILA,0,PAPILA:RET169,PAPILA:group:PAPILA:RET169,healthy,8b7a4a11249cebc1a47175be018a4e0bc64bef59b703c56933547bb0bb84e0a8,train,train
PAPILA/PapilaDB-PAPILA-9c67b80983805f0f886b068af800ef2b507e7dc0/FundusImages/RET169OS.jpg,PAPILA,0,PAPILA:RET169,PAPILA:group:PAPILA:RET169,healthy,34b997438531eb013bc3babdaf880ea57a9f81990b9ba47ce1647028cf4f53a2,train,train
PAPILA/PapilaDB-PAPILA-9c67b80983805f0f886b068af800ef2b507e7dc0/FundusImages/RET170OD.jpg,PAPILA,0,PAPILA:RET170,PAPILA:group:PAPILA:RET170,healthy,9444534f11ffa0e070f8406e2186878446e43f9cddcdb35afff82004d5058d6f,train,train
PAPILA/PapilaDB-PAPILA-9c67b80983805f0f886b068af800ef2b507e7dc0/FundusImages/RET170OS.jpg,PAPILA,0,PAPILA:RET170,PAPILA:group:PAPILA:RET170,healthy,d6ecd7b83719282b5aadf70a70048819e7cd9ac64dfa9f56f4b80ce515c372e6,train,train
PAPILA/PapilaDB-PAPILA-9c67b80983805f0f886b068af800ef2b507e7dc0/FundusImages/RET171OD.jpg,PAPILA,0,PAPILA:RET171,PAPILA:group:PAPILA:RET171,healthy,8710234f45efd7f815e386bbecc21ca24141d687226d5465c4cfaaeed3638717,train,train
PAPILA/PapilaDB-PAPILA-9c67b80983805f0f886b068af800ef2b507e7dc0/FundusImages/RET171OS.jpg,PAPILA,0,PAPILA:RET171,PAPILA:group:PAPILA:RET171,healthy,14ff3c4fa32e5f45a0ca60b1af92b1428d1424ba4a0044e17083cb43b0385308,train,train
PAPILA/PapilaDB-PAPILA-9c67b80983805f0f886b068af800ef2b507e7dc0/FundusImages/RET172OD.jpg,PAPILA,0,PAPILA:RET172,PAPILA:group:PAPILA:RET172,healthy,7c10a8805fe5e8ca209c24e0f8c269d3c4186aefd28ff888628fec5a3cd003b8,train,train
PAPILA/PapilaDB-PAPILA-9c67b80983805f0f886b068af800ef2b507e7dc0/FundusImages/RET172OS.jpg,PAPILA,0,PAPILA:RET172,PAPILA:group:PAPILA:RET172,healthy,ee1636ea919f1a245cba8f40303dc8354d46f9229093a6829402d9b47b1d7b96,train,train
PAPILA/PapilaDB-PAPILA-9c67b80983805f0f886b068af800ef2b507e7dc0/FundusImages/RET174OD.jpg,PAPILA,0,PAPILA:RET174,PAPILA:group:PAPILA:RET174,healthy,fe23617a172a5113d90e9a72b7b3032603e7e405e6e9709fb46aba1d573b338a,train,train
PAPILA/PapilaDB-PAPILA-9c67b80983805f0f886b068af800ef2b507e7dc0/FundusImages/RET174OS.jpg,PAPILA,0,PAPILA:RET174,PAPILA:group:PAPILA:RET174,healthy,a35441a7fda1e1b40a83a7b4ee19fd0814377d13e0b3f3ef666cc5eefec9cd6e,train,train
PAPILA/PapilaDB-PAPILA-9c67b80983805f0f886b068af800ef2b507e7dc0/FundusImages/RET175OD.jpg,PAPILA,0,PAPILA:RET175,PAPILA:group:PAPILA:RET175,healthy,c86cef60996dd84998789ad8c29807254d67441eebba2c63762f6117d35edd05,train,train
PAPILA/PapilaDB-PAPILA-9c67b80983805f0f886b068af800ef2b507e7dc0/FundusImages/RET175OS.jpg,PAPILA,0,PAPILA:RET175,PAPILA:group:PAPILA:RET175,healthy,6ef182edee203803b9e20260cc0e15b381740177cc6f69e17323f6ce3373130a,train,train
PAPILA/PapilaDB-PAPILA-9c67b80983805f0f886b068af800ef2b507e7dc0/FundusImages/RET176OD.jpg,PAPILA,0,PAPILA:RET176,PAPILA:group:PAPILA:RET176,healthy,1ce7cc2938d9d0a030db123ffb1199e873f95169c86dc8f9f0a82c4f671559d4,train,train
PAPILA/PapilaDB-PAPILA-9c67b80983805f0f886b068af800ef2b507e7dc0/FundusImages/RET176OS.jpg,PAPILA,0,PAPILA:RET176,PAPILA:group:PAPILA:RET176,healthy,29d02e1e7d2b0650e85355cdfbf0dfe8915cac41eb5d9888cde9ef1b54d03e3a,train,train
PAPILA/PapilaDB-PAPILA-9c67b80983805f0f886b068af800ef2b507e7dc0/FundusImages/RET177OD.jpg,PAPILA,0,PAPILA:RET177,PAPILA:group:PAPILA:RET177,healthy,1e53d8da5bc37f5f51021a8a96a1a761140792522569ef2140a70b04974d6803,train,train
PAPILA/PapilaDB-PAPILA-9c67b80983805f0f886b068af800ef2b507e7dc0/FundusImages/RET177OS.jpg,PAPILA,0,PAPILA:RET177,PAPILA:group:PAPILA:RET177,healthy,ffca592994207c6eceeb5366897aaad89abe2626dc4125e741143f8cd3b7922d,train,train
PAPILA/PapilaDB-PAPILA-9c67b80983805f0f886b068af800ef2b507e7dc0/FundusImages/RET178OD.jpg,PAPILA,0,PAPILA:RET178,PAPILA:group:PAPILA:RET178,healthy,1a48c2eb18aff31dbd7cfcbe6c8032235b77a2fe99f315baf7a1a38fcc0e75ed,train,train
PAPILA/PapilaDB-PAPILA-9c67b80983805f0f886b068af800ef2b507e7dc0/FundusImages/RET178OS.jpg,PAPILA,0,PAPILA:RET178,PAPILA:group:PAPILA:RET178,healthy,cdb0ce010bd74a74f1d5e143e23b938bd67434d157e52aff08f50945fe005c5c,train,train
PAPILA/PapilaDB-PAPILA-9c67b80983805f0f886b068af800ef2b507e7dc0/FundusImages/RET179OD.jpg,PAPILA,0,PAPILA:RET179,PAPILA:group:PAPILA:RET179,healthy,210e5d26dc0e9c0300f21e53e8090a7bc2bc98163adbfb0f4e7273e764faa7f5,train,train
PAPILA/PapilaDB-PAPILA-9c67b80983805f0f886b068af800ef2b507e7dc0/FundusImages/RET179OS.jpg,PAPILA,0,PAPILA:RET179,PAPILA:group:PAPILA:RET179,healthy,99ba3b91fe84da4b100e5e9a7414d7ec1b3cbab15f3f2fbb65af2f67b8e3d529,train,train
PAPILA/PapilaDB-PAPILA-9c67b80983805f0f886b068af800ef2b507e7dc0/FundusImages/RET181OD.jpg,PAPILA,0,PAPILA:RET181,PAPILA:group:PAPILA:RET181,healthy,4e763ac7b0771349486af64f0982f78512f82edace191abe11143fa9329aa52d,train,train
PAPILA/PapilaDB-PAPILA-9c67b80983805f0f886b068af800ef2b507e7dc0/FundusImages/RET181OS.jpg,PAPILA,0,PAPILA:RET181,PAPILA:group:PAPILA:RET181,healthy,11a8deeb036ec2d7ace67390f7af420949bb976ca9119a49bdfbf686bad3cfb3,train,train
PAPILA/PapilaDB-PAPILA-9c67b80983805f0f886b068af800ef2b507e7dc0/FundusImages/RET182OD.jpg,PAPILA,0,PAPILA:RET182,PAPILA:group:PAPILA:RET182,healthy,7e6d9887e3e5a0bd115832a038666342e9b7c63c5c9eea31d056348a3964d79d,train,train
PAPILA/PapilaDB-PAPILA-9c67b80983805f0f886b068af800ef2b507e7dc0/FundusImages/RET182OS.jpg,PAPILA,0,PAPILA:RET182,PAPILA:group:PAPILA:RET182,healthy,f0f7fc1649a5037c863298e5b8af5a8b982652cfc3c213f3cce3a93cec84d776,train,train
PAPILA/PapilaDB-PAPILA-9c67b80983805f0f886b068af800ef2b507e7dc0/FundusImages/RET183OD.jpg,PAPILA,0,PAPILA:RET183,PAPILA:group:PAPILA:RET183,healthy,6139d3879a9d46f996d392be821a7487f1f1d617d4353f3a9aaef88a7784c0e1,train,train
PAPILA/PapilaDB-PAPILA-9c67b80983805f0f886b068af800ef2b507e7dc0/FundusImages/RET183OS.jpg,PAPILA,0,PAPILA:RET183,PAPILA:group:PAPILA:RET183,healthy,4a32e6ed30984fea45d69bb7de355403b9d705342489943c104979aabec03ee7,train,train
PAPILA/PapilaDB-PAPILA-9c67b80983805f0f886b068af800ef2b507e7dc0/FundusImages/RET184OD.jpg,PAPILA,0,PAPILA:RET184,PAPILA:group:PAPILA:RET184,healthy,89fab904dd79156770cfddd7c5723d1de88a02a709315532bf4cb5adbaccc1ec,train,train
PAPILA/PapilaDB-PAPILA-9c67b80983805f0f886b068af800ef2b507e7dc0/FundusImages/RET184OS.jpg,PAPILA,0,PAPILA:RET184,PAPILA:group:PAPILA:RET184,healthy,41de932e5f2047584895a26a953e28d78240f009b2cce30049755ec559056a40,train,train
PAPILA/PapilaDB-PAPILA-9c67b80983805f0f886b068af800ef2b507e7dc0/FundusImages/RET186OD.jpg,PAPILA,0,PAPILA:RET186,PAPILA:group:PAPILA:RET186,healthy,c6763ef45918dc9f7082db7b765b815f4aca0c200d9e302327b1f4ce73c52c99,train,train
PAPILA/PapilaDB-PAPILA-9c67b80983805f0f886b068af800ef2b507e7dc0/FundusImages/RET186OS.jpg,PAPILA,0,PAPILA:RET186,PAPILA:group:PAPILA:RET186,healthy,bf03aed7a38602303a00625ad8118b1bcc4bf5e03ce93fa66c1e0d6809c299d8,train,train
PAPILA/PapilaDB-PAPILA-9c67b80983805f0f886b068af800ef2b507e7dc0/FundusImages/RET187OD.jpg,PAPILA,0,PAPILA:RET187,PAPILA:group:PAPILA:RET187,healthy,6064edcfcac8e901a55c46ea59c884226a2ce9a07978d4f76863b6c5aa5edab8,train,train
PAPILA/PapilaDB-PAPILA-9c67b80983805f0f886b068af800ef2b507e7dc0/FundusImages/RET187OS.jpg,PAPILA,0,PAPILA:RET187,PAPILA:group:PAPILA:RET187,healthy,9a577831c61e26ef09a0e4b0176f633be504bf15143d700d663a8050de4988ff,train,train
PAPILA/PapilaDB-PAPILA-9c67b80983805f0f886b068af800ef2b507e7dc0/FundusImages/RET188OD.jpg,PAPILA,0,PAPILA:RET188,PAPILA:group:PAPILA:RET188,healthy,23a23252a187bc8a6356043036767b743f707eed9b38d97e5e1502d6e224cf11,train,train
PAPILA/PapilaDB-PAPILA-9c67b80983805f0f886b068af800ef2b507e7dc0/FundusImages/RET188OS.jpg,PAPILA,0,PAPILA:RET188,PAPILA:group:PAPILA:RET188,healthy,9ed9d4342a8e1a96693b73ec7547acf9cf1a1b43840bc17c861d667363d97ce4,train,train
PAPILA/PapilaDB-PAPILA-9c67b80983805f0f886b068af800ef2b507e7dc0/FundusImages/RET189OD.jpg,PAPILA,0,PAPILA:RET189,PAPILA:group:PAPILA:RET189,healthy,31b4ef3f843c7a3727d1490fcef91e3eb8d2d1a895d23f9efd4203f64452bd02,train,train
PAPILA/PapilaDB-PAPILA-9c67b80983805f0f886b068af800ef2b507e7dc0/FundusImages/RET189OS.jpg,PAPILA,0,PAPILA:RET189,PAPILA:group:PAPILA:RET189,healthy,4fcdb7e382a1cf8a5bf21e8153eb89df06c3a8bc09cf30a976d78b911d309f5e,train,train
PAPILA/PapilaDB-PAPILA-9c67b80983805f0f886b068af800ef2b507e7dc0/FundusImages/RET190OD.jpg,PAPILA,0,PAPILA:RET190,PAPILA:group:PAPILA:RET190,healthy,33d8a1b2932bc5b673074a29afffc97cad4e040ac22e6d993ae19436c577e9da,train,train
PAPILA/PapilaDB-PAPILA-9c67b80983805f0f886b068af800ef2b507e7dc0/FundusImages/RET190OS.jpg,PAPILA,0,PAPILA:RET190,PAPILA:group:PAPILA:RET190,healthy,25fc99a3897bcd1f4a42ebeed96815f3c3cc36ae61b3177e4cb8162019a4fb90,train,train
PAPILA/PapilaDB-PAPILA-9c67b80983805f0f886b068af800ef2b507e7dc0/FundusImages/RET191OD.jpg,PAPILA,0,PAPILA:RET191,PAPILA:group:PAPILA:RET191,healthy,240af8a92c1fc0ce6d9377e066790b500a1bebbb778eb8f1bb3e4799cf224034,train,train
PAPILA/PapilaDB-PAPILA-9c67b80983805f0f886b068af800ef2b507e7dc0/FundusImages/RET191OS.jpg,PAPILA,0,PAPILA:RET191,PAPILA:group:PAPILA:RET191,healthy,0d52ae300d40b7c7cbb2ea9d75235c3c52618afad59175a0bcfaa1039a907152,train,train
PAPILA/PapilaDB-PAPILA-9c67b80983805f0f886b068af800ef2b507e7dc0/FundusImages/RET192OD.jpg,PAPILA,0,PAPILA:RET192,PAPILA:group:PAPILA:RET192,healthy,aaacce8e42e9efb85bb4c1cb942dd4f1305e77ca3fb687b5ed4ffc660121673d,train,train
PAPILA/PapilaDB-PAPILA-9c67b80983805f0f886b068af800ef2b507e7dc0/FundusImages/RET192OS.jpg,PAPILA,0,PAPILA:RET192,PAPILA:group:PAPILA:RET192,healthy,34a4a6bea3063a3101d15775dd3f7c5ee081ea5e82e77020774a9be55c33a0ad,train,train
PAPILA/PapilaDB-PAPILA-9c67b80983805f0f886b068af800ef2b507e7dc0/FundusImages/RET194OD.jpg,PAPILA,0,PAPILA:RET194,PAPILA:group:PAPILA:RET194,healthy,3e7817b7b539fadcd08db9250c6e68c27bcc71cafdb4568534e24194ca35e8db,train,train
PAPILA/PapilaDB-PAPILA-9c67b80983805f0f886b068af800ef2b507e7dc0/FundusImages/RET194OS.jpg,PAPILA,0,PAPILA:RET194,PAPILA:group:PAPILA:RET194,healthy,7b05b7a7c9839d9e7f29f1bc511f30e9bf1efd0981305100ecb5051ef0cc7bda,train,train
PAPILA/PapilaDB-PAPILA-9c67b80983805f0f886b068af800ef2b507e7dc0/FundusImages/RET196OD.jpg,PAPILA,0,PAPILA:RET196,PAPILA:group:PAPILA:RET196,healthy,cfaf3c9cdafd49069ef7a879543bc9d8339f01023f66116d289ca374114fa5d4,train,train
PAPILA/PapilaDB-PAPILA-9c67b80983805f0f886b068af800ef2b507e7dc0/FundusImages/RET196OS.jpg,PAPILA,0,PAPILA:RET196,PAPILA:group:PAPILA:RET196,healthy,343657ad00cee292c529564f0672c4c14445cc6e2399dc9d91ca9276fba0d1dc,train,train
PAPILA/PapilaDB-PAPILA-9c67b80983805f0f886b068af800ef2b507e7dc0/FundusImages/RET197OD.jpg,PAPILA,0,PAPILA:RET197,PAPILA:group:PAPILA:RET197,healthy,18668e9cc92856da59111dc56ac9ba2c7425045febab01e4ecbf1cc10a311fba,train,train
PAPILA/PapilaDB-PAPILA-9c67b80983805f0f886b068af800ef2b507e7dc0/FundusImages/RET197OS.jpg,PAPILA,0,PAPILA:RET197,PAPILA:group:PAPILA:RET197,healthy,32c6f18ce42c37f7df7d244699593a5bd438f1bddafa9a38735f503115475a0d,train,train
PAPILA/PapilaDB-PAPILA-9c67b80983805f0f886b068af800ef2b507e7dc0/FundusImages/RET198OD.jpg,PAPILA,0,PAPILA:RET198,PAPILA:group:PAPILA:RET198,healthy,9e169c5a12c2bcacfd0455c59370e12a48bf40ea280c9a02c4e82f7fea95d778,train,train
PAPILA/PapilaDB-PAPILA-9c67b80983805f0f886b068af800ef2b507e7dc0/FundusImages/RET198OS.jpg,PAPILA,0,PAPILA:RET198,PAPILA:group:PAPILA:RET198,healthy,788279960a7eae47a5436ce395a5f0fddcffdc2167e90e98bcebea0c3a1fd8ad,train,train
PAPILA/PapilaDB-PAPILA-9c67b80983805f0f886b068af800ef2b507e7dc0/FundusImages/RET199OD.jpg,PAPILA,0,PAPILA:RET199,PAPILA:group:PAPILA:RET199,healthy,47b76539ee49aa1ea4d79ccdd438de70badef69c5ca146046e60e319ec1d51a3,train,train
PAPILA/PapilaDB-PAPILA-9c67b80983805f0f886b068af800ef2b507e7dc0/FundusImages/RET199OS.jpg,PAPILA,0,PAPILA:RET199,PAPILA:group:PAPILA:RET199,healthy,9731819e29781e47a09047718fdc298776e953ddb450b6beb5d6d208bb8ab0d6,train,train
PAPILA/PapilaDB-PAPILA-9c67b80983805f0f886b068af800ef2b507e7dc0/FundusImages/RET200OD.jpg,PAPILA,0,PAPILA:RET200,PAPILA:group:PAPILA:RET200,healthy,9aba2855ceea0223acabc605821852e1bea1d763e1fab4445adb4cb1c055c7e3,train,train
PAPILA/PapilaDB-PAPILA-9c67b80983805f0f886b068af800ef2b507e7dc0/FundusImages/RET200OS.jpg,PAPILA,0,PAPILA:RET200,PAPILA:group:PAPILA:RET200,healthy,2bf41bc135970a9b60ee3dbdbb75820f6c0a67366c0a6100b62910088bf7e9c6,train,train
PAPILA/PapilaDB-PAPILA-9c67b80983805f0f886b068af800ef2b507e7dc0/FundusImages/RET201OD.jpg,PAPILA,0,PAPILA:RET201,PAPILA:group:PAPILA:RET201,healthy,078c249e8a0094a24b3b6a7f0caa919eb56e889f0155be27ef41a17cacf3162e,train,train
PAPILA/PapilaDB-PAPILA-9c67b80983805f0f886b068af800ef2b507e7dc0/FundusImages/RET201OS.jpg,PAPILA,0,PAPILA:RET201,PAPILA:group:PAPILA:RET201,healthy,3d95355aca19de0b8252d92693efa0104984c50f94cf329e56c697473c576eee,train,train
PAPILA/PapilaDB-PAPILA-9c67b80983805f0f886b068af800ef2b507e7dc0/FundusImages/RET202OD.jpg,PAPILA,0,PAPILA:RET202,PAPILA:group:PAPILA:RET202,healthy,b13b142c4e3e480f5a5b018d71f8fcea7c004501dec2db0ce40546df838a9155,train,train
PAPILA/PapilaDB-PAPILA-9c67b80983805f0f886b068af800ef2b507e7dc0/FundusImages/RET202OS.jpg,PAPILA,0,PAPILA:RET202,PAPILA:group:PAPILA:RET202,healthy,13b460bae465ee72b96e5591361bbe3477e3835e6ae14363f246f6f9ce5d9981,train,train
PAPILA/PapilaDB-PAPILA-9c67b80983805f0f886b068af800ef2b507e7dc0/FundusImages/RET204OD.jpg,PAPILA,0,PAPILA:RET204,PAPILA:group:PAPILA:RET204,healthy,1b25c3813979b7e81af3d0b614bdd27848a0120aba419fa66ff1e3c0bdcb3f00,train,train
PAPILA/PapilaDB-PAPILA-9c67b80983805f0f886b068af800ef2b507e7dc0/FundusImages/RET204OS.jpg,PAPILA,0,PAPILA:RET204,PAPILA:group:PAPILA:RET204,healthy,b5047d1cbbc91e35e1e71c6dec831496e73dd8ae4b8f4620511bc067887e5b3c,train,train
PAPILA/PapilaDB-PAPILA-9c67b80983805f0f886b068af800ef2b507e7dc0/FundusImages/RET206OD.jpg,PAPILA,0,PAPILA:RET206,PAPILA:group:PAPILA:RET206,healthy,6b43a79f886995490c6042b226801b252be98768c926cbb8ae8a9e6e9e747196,train,train
PAPILA/PapilaDB-PAPILA-9c67b80983805f0f886b068af800ef2b507e7dc0/FundusImages/RET206OS.jpg,PAPILA,0,PAPILA:RET206,PAPILA:group:PAPILA:RET206,healthy,b42069e6935bd39771e8345f715e5278ec0107a6b5df4a0d95fb57178e3bce16,train,train
PAPILA/PapilaDB-PAPILA-9c67b80983805f0f886b068af800ef2b507e7dc0/FundusImages/RET207OD.jpg,PAPILA,0,PAPILA:RET207,PAPILA:group:PAPILA:RET207,healthy,3339d46a91a56bb37e0cb09e12e448aa0d43ddf2be5f30ab77243e516edb2f7b,train,train
PAPILA/PapilaDB-PAPILA-9c67b80983805f0f886b068af800ef2b507e7dc0/FundusImages/RET207OS.jpg,PAPILA,0,PAPILA:RET207,PAPILA:group:PAPILA:RET207,healthy,7781cdc5acc35ce6826c867d0a6d84d0d2b3d5ea746d3d242a4b4b3ee3906fcb,train,train
PAPILA/PapilaDB-PAPILA-9c67b80983805f0f886b068af800ef2b507e7dc0/FundusImages/RET208OD.jpg,PAPILA,0,PAPILA:RET208,PAPILA:group:PAPILA:RET208,healthy,69d547a9a746da756ca2626256cb831ac9856cdc7529d8757e0fb8704c0da127,train,train
PAPILA/PapilaDB-PAPILA-9c67b80983805f0f886b068af800ef2b507e7dc0/FundusImages/RET208OS.jpg,PAPILA,0,PAPILA:RET208,PAPILA:group:PAPILA:RET208,healthy,d15348bc0364ed3d8a1fb072047b5740e3922fa2fbb4f094a5d29c2cb40460f4,train,train
PAPILA/PapilaDB-PAPILA-9c67b80983805f0f886b068af800ef2b507e7dc0/FundusImages/RET209OD.jpg,PAPILA,0,PAPILA:RET209,PAPILA:group:PAPILA:RET209,healthy,c400746d41a93295c2334615aa0bf2f97c9657ff1a2e6d5841a1e5e37d292bc2,train,train
PAPILA/PapilaDB-PAPILA-9c67b80983805f0f886b068af800ef2b507e7dc0/FundusImages/RET209OS.jpg,PAPILA,0,PAPILA:RET209,PAPILA:group:PAPILA:RET209,healthy,2ff01372d39c49447112c2d3d9deab876734ff8d89d60b16a60fce0d5e5c2fc1,train,train
PAPILA/PapilaDB-PAPILA-9c67b80983805f0f886b068af800ef2b507e7dc0/FundusImages/RET210OD.jpg,PAPILA,0,PAPILA:RET210,PAPILA:group:PAPILA:RET210,healthy,8de3487aaf78227e69dfa45104daa4d9bee181d7c27d18580949633b97d7cf7f,train,train
PAPILA/PapilaDB-PAPILA-9c67b80983805f0f886b068af800ef2b507e7dc0/FundusImages/RET210OS.jpg,PAPILA,0,PAPILA:RET210,PAPILA:group:PAPILA:RET210,healthy,e72ab1147ae6c4107f2f42591f3add4c8f215430cc4dd3b0c38bebee78e85c75,train,train
PAPILA/PapilaDB-PAPILA-9c67b80983805f0f886b068af800ef2b507e7dc0/FundusImages/RET212OD.jpg,PAPILA,0,PAPILA:RET212,PAPILA:group:PAPILA:RET212,healthy,3ae465528361f969a3f352ef7c167dd8392805574bc35bd50374417630d69761,train,train
PAPILA/PapilaDB-PAPILA-9c67b80983805f0f886b068af800ef2b507e7dc0/FundusImages/RET212OS.jpg,PAPILA,0,PAPILA:RET212,PAPILA:group:PAPILA:RET212,healthy,e9be06d1e36d1689f409c835ae420af8982877704dcc64ed1ee7ac506450c4a0,train,train
PAPILA/PapilaDB-PAPILA-9c67b80983805f0f886b068af800ef2b507e7dc0/FundusImages/RET213OD.jpg,PAPILA,0,PAPILA:RET213,PAPILA:group:PAPILA:RET213,healthy,d184ef786db130115ca65d29341fdf539e1d290f9990042cfb4afa2a2c11fcde,train,train
PAPILA/PapilaDB-PAPILA-9c67b80983805f0f886b068af800ef2b507e7dc0/FundusImages/RET213OS.jpg,PAPILA,0,PAPILA:RET213,PAPILA:group:PAPILA:RET213,healthy,4aa4eb2634d07fd00a6d0c92e14ff75ca093c234d8257fb0cbb4ea0807bf9f9b,train,train
PAPILA/PapilaDB-PAPILA-9c67b80983805f0f886b068af800ef2b507e7dc0/FundusImages/RET214OD.jpg,PAPILA,0,PAPILA:RET214,PAPILA:group:PAPILA:RET214,healthy,4cd97de071c5e33b9afb2ace6d6f6a4213f7d443047766af019419d943162e0f,train,train
PAPILA/PapilaDB-PAPILA-9c67b80983805f0f886b068af800ef2b507e7dc0/FundusImages/RET214OS.jpg,PAPILA,0,PAPILA:RET214,PAPILA:group:PAPILA:RET214,healthy,6c21d90fb30c74877bd773558fcde5e53eabbf8ba7e4c070d7dcc8695a2ec671,train,train
PAPILA/PapilaDB-PAPILA-9c67b80983805f0f886b068af800ef2b507e7dc0/FundusImages/RET218OD.jpg,PAPILA,0,PAPILA:RET218,PAPILA:group:PAPILA:RET218,healthy,a18a146bf8794b64bf520176cc69fc2df2a50471dfa6c17e72165b9daef4d75e,train,train
PAPILA/PapilaDB-PAPILA-9c67b80983805f0f886b068af800ef2b507e7dc0/FundusImages/RET218OS.jpg,PAPILA,0,PAPILA:RET218,PAPILA:group:PAPILA:RET218,healthy,aeee7ec7fe6d09c5b02fc1bb5587542ba104967331e455fbe38c070a477a2fc3,train,train
PAPILA/PapilaDB-PAPILA-9c67b80983805f0f886b068af800ef2b507e7dc0/FundusImages/RET219OD.jpg,PAPILA,0,PAPILA:RET219,PAPILA:group:PAPILA:RET219,healthy,d1075994d8aaf8645c8e17e1e2faf0969cd8edb0c774c4d806818a986c87820d,train,train
PAPILA/PapilaDB-PAPILA-9c67b80983805f0f886b068af800ef2b507e7dc0/FundusImages/RET219OS.jpg,PAPILA,0,PAPILA:RET219,PAPILA:group:PAPILA:RET219,healthy,5d2c7f72de33b6af9c99bdee59ecff7303eeea3664501959129f5385cd93ad8e,train,train
PAPILA/PapilaDB-PAPILA-9c67b80983805f0f886b068af800ef2b507e7dc0/FundusImages/RET220OD.jpg,PAPILA,0,PAPILA:RET220,PAPILA:group:PAPILA:RET220,healthy,439ee173a20f5ba08e00dd27b87a8483d77e8a5267262801ba79f093af51a73e,train,train
PAPILA/PapilaDB-PAPILA-9c67b80983805f0f886b068af800ef2b507e7dc0/FundusImages/RET220OS.jpg,PAPILA,0,PAPILA:RET220,PAPILA:group:PAPILA:RET220,healthy,2a139b5002fd3367c8e6d1dad9cd30d6cf5981566edce5690d2f645bd1dda167,train,train
PAPILA/PapilaDB-PAPILA-9c67b80983805f0f886b068af800ef2b507e7dc0/FundusImages/RET221OD.jpg,PAPILA,0,PAPILA:RET221,PAPILA:group:PAPILA:RET221,healthy,0f99979b19a616d32b71d0d3efe35792da70faeb1fda5125f4477384632ffa1a,train,train
PAPILA/PapilaDB-PAPILA-9c67b80983805f0f886b068af800ef2b507e7dc0/FundusImages/RET221OS.jpg,PAPILA,0,PAPILA:RET221,PAPILA:group:PAPILA:RET221,healthy,c07f7abca320fa5b802bd97eae929efbb067e03530511830642c09c1731b1c30,train,train
PAPILA/PapilaDB-PAPILA-9c67b80983805f0f886b068af800ef2b507e7dc0/FundusImages/RET222OD.jpg,PAPILA,0,PAPILA:RET222,PAPILA:group:PAPILA:RET222,healthy,1c1a9288d246042b24e2a410f52d25c558ee7df6b78f71c4cffc882284987cec,train,train
PAPILA/PapilaDB-PAPILA-9c67b80983805f0f886b068af800ef2b507e7dc0/FundusImages/RET222OS.jpg,PAPILA,0,PAPILA:RET222,PAPILA:group:PAPILA:RET222,healthy,4cdb4c8604401002db8a740f08ae1d8e6cebed9218e678e54512785e473b388e,train,train
PAPILA/PapilaDB-PAPILA-9c67b80983805f0f886b068af800ef2b507e7dc0/FundusImages/RET223OD.jpg,PAPILA,0,PAPILA:RET223,PAPILA:group:PAPILA:RET223,healthy,d65e82dedd5a238b4058ae72c0857249d4065f79396bff62fa40dd73b5255595,train,train
PAPILA/PapilaDB-PAPILA-9c67b80983805f0f886b068af800ef2b507e7dc0/FundusImages/RET223OS.jpg,PAPILA,0,PAPILA:RET223,PAPILA:group:PAPILA:RET223,healthy,d1c4efe530e295c0a0c9f005dba6bf0b3b8f6c49b04da551e73110c2426b68dd,train,train
PAPILA/PapilaDB-PAPILA-9c67b80983805f0f886b068af800ef2b507e7dc0/FundusImages/RET224OD.jpg,PAPILA,0,PAPILA:RET224,PAPILA:group:PAPILA:RET224,healthy,463e66157421f455ba21f2cac337acc861ed76d49ffd38b1b22fe26eacc0eb6c,train,train
PAPILA/PapilaDB-PAPILA-9c67b80983805f0f886b068af800ef2b507e7dc0/FundusImages/RET224OS.jpg,PAPILA,0,PAPILA:RET224,PAPILA:group:PAPILA:RET224,healthy,3f1a9fb1df118e9eb1ef0e75a673f80a9dbbf659e8183c23664e01a0177a45b0,train,train
PAPILA/PapilaDB-PAPILA-9c67b80983805f0f886b068af800ef2b507e7dc0/FundusImages/RET225OD.jpg,PAPILA,0,PAPILA:RET225,PAPILA:group:PAPILA:RET225,healthy,c455454c8af8d6d1a3a8e962d7be8c06e41bc3f9971fda29c1ad80ce3219763d,train,train
PAPILA/PapilaDB-PAPILA-9c67b80983805f0f886b068af800ef2b507e7dc0/FundusImages/RET225OS.jpg,PAPILA,0,PAPILA:RET225,PAPILA:group:PAPILA:RET225,healthy,78c49f4d450561ca927aa8baf4e9fbba864730bebf8a303ba452f44d7711da4b,train,train
PAPILA/PapilaDB-PAPILA-9c67b80983805f0f886b068af800ef2b507e7dc0/FundusImages/RET227OD.jpg,PAPILA,0,PAPILA:RET227,PAPILA:group:PAPILA:RET227,healthy,62972f696cc9b8bfbb44edb7bef9a5c399837af510a2b678b257744affcb0909,train,train
PAPILA/PapilaDB-PAPILA-9c67b80983805f0f886b068af800ef2b507e7dc0/FundusImages/RET227OS.jpg,PAPILA,0,PAPILA:RET227,PAPILA:group:PAPILA:RET227,healthy,25630b88883570be17aa796be43eabd002cf1c37e3ebc7a34c7e9e23e60c50eb,train,train
PAPILA/PapilaDB-PAPILA-9c67b80983805f0f886b068af800ef2b507e7dc0/FundusImages/RET228OD.jpg,PAPILA,0,PAPILA:RET228,PAPILA:group:PAPILA:RET228,healthy,079ad6a4bb93c06224b976d4eb20da61e86416fe34d57d1a43835f5389dfd9c0,train,train
PAPILA/PapilaDB-PAPILA-9c67b80983805f0f886b068af800ef2b507e7dc0/FundusImages/RET228OS.jpg,PAPILA,0,PAPILA:RET228,PAPILA:group:PAPILA:RET228,healthy,3c0b33f0d8166ae70a8a4dd8ba2e3c2d5b841cfc31b6c4a5f155ddb05f3f2b92,train,train
PAPILA/PapilaDB-PAPILA-9c67b80983805f0f886b068af800ef2b507e7dc0/FundusImages/RET229OD.jpg,PAPILA,0,PAPILA:RET229,PAPILA:group:PAPILA:RET229,healthy,85091f355adafa1bdc27e9728370bc6dd48d38c8ded74f3d4b814308a8232701,train,train
PAPILA/PapilaDB-PAPILA-9c67b80983805f0f886b068af800ef2b507e7dc0/FundusImages/RET229OS.jpg,PAPILA,0,PAPILA:RET229,PAPILA:group:PAPILA:RET229,healthy,2f22162095afa43d8d3a6beeb07a4eb92d87fbeb00f082857533a68d74ac2690,train,train
PAPILA/PapilaDB-PAPILA-9c67b80983805f0f886b068af800ef2b507e7dc0/FundusImages/RET230OD.jpg,PAPILA,0,PAPILA:RET230,PAPILA:group:PAPILA:RET230,healthy,5ac06af2ac82ca2d5b22d83eb9895f8c853e2d103c384e120d80d4558deaaf25,train,train
PAPILA/PapilaDB-PAPILA-9c67b80983805f0f886b068af800ef2b507e7dc0/FundusImages/RET230OS.jpg,PAPILA,0,PAPILA:RET230,PAPILA:group:PAPILA:RET230,healthy,acdebdb0391535e276087aaa73c91bea63d9fcb3ad2ac00cbbf7ab179fb67ef0,train,train
PAPILA/PapilaDB-PAPILA-9c67b80983805f0f886b068af800ef2b507e7dc0/FundusImages/RET231OD.jpg,PAPILA,0,PAPILA:RET231,PAPILA:group:PAPILA:RET231,healthy,0f57c23dcb30c6f1032b686fd68d71dccd0686d868234d87a326a840a452b5ce,train,train
PAPILA/PapilaDB-PAPILA-9c67b80983805f0f886b068af800ef2b507e7dc0/FundusImages/RET231OS.jpg,PAPILA,0,PAPILA:RET231,PAPILA:group:PAPILA:RET231,healthy,90d487e750acb0c92d14f4d416f175ca44e56e9cf23b9aef7f8d14839ed93984,train,train
PAPILA/PapilaDB-PAPILA-9c67b80983805f0f886b068af800ef2b507e7dc0/FundusImages/RET232OD.jpg,PAPILA,0,PAPILA:RET232,PAPILA:group:PAPILA:RET232,healthy,6d70ebd6f5856dd07e32d0a4d153ba4310d8ea37f8e289762bf1067261d4d764,train,train
PAPILA/PapilaDB-PAPILA-9c67b80983805f0f886b068af800ef2b507e7dc0/FundusImages/RET232OS.jpg,PAPILA,0,PAPILA:RET232,PAPILA:group:PAPILA:RET232,healthy,fa198b505aa2b9677f685cdf0b974808964b56c1b5f3e6026c863217d0f06010,train,train
PAPILA/PapilaDB-PAPILA-9c67b80983805f0f886b068af800ef2b507e7dc0/FundusImages/RET233OD.jpg,PAPILA,1,PAPILA:RET233,PAPILA:group:PAPILA:RET233,glaucoma,e95faf9449be3cd448c9f0d8f2e4f75a3fc01caef1cb87075c9758b3cb88cf1c,train,train
PAPILA/PapilaDB-PAPILA-9c67b80983805f0f886b068af800ef2b507e7dc0/FundusImages/RET233OS.jpg,PAPILA,1,PAPILA:RET233,PAPILA:group:PAPILA:RET233,glaucoma,7b859238484c833a1677898b3eba79074d7bf4bf3d2cc700015987cbd7586820,train,train
PAPILA/PapilaDB-PAPILA-9c67b80983805f0f886b068af800ef2b507e7dc0/FundusImages/RET234OD.jpg,PAPILA,0,PAPILA:RET234,PAPILA:group:PAPILA:RET234,healthy,5a6e6671989a293a09962c83458c7ce3f33084d3292a5ac2b0fe710773a5be0e,train,train
PAPILA/PapilaDB-PAPILA-9c67b80983805f0f886b068af800ef2b507e7dc0/FundusImages/RET234OS.jpg,PAPILA,0,PAPILA:RET234,PAPILA:group:PAPILA:RET234,healthy,3167d48f6f9766c32c357bc20b5b887ad7e6d62f2636f276a36836f6950db631,train,train
PAPILA/PapilaDB-PAPILA-9c67b80983805f0f886b068af800ef2b507e7dc0/FundusImages/RET235OD.jpg,PAPILA,0,PAPILA:RET235,PAPILA:group:PAPILA:RET235,healthy,28042dc40e937a8076622f00d1bc4e65594736c81522c800b893c9ded749413a,train,train
PAPILA/PapilaDB-PAPILA-9c67b80983805f0f886b068af800ef2b507e7dc0/FundusImages/RET235OS.jpg,PAPILA,0,PAPILA:RET235,PAPILA:group:PAPILA:RET235,healthy,3216f95801cb010891c9d58288d25805849bcebfe9ca5f4ea4027584aa06a093,train,train
PAPILA/PapilaDB-PAPILA-9c67b80983805f0f886b068af800ef2b507e7dc0/FundusImages/RET236OD.jpg,PAPILA,0,PAPILA:RET236,PAPILA:group:PAPILA:RET236,healthy,84ccae0fe9789d691d5f60e2052d44f465da2c131f5fcb40397ce33d7958a95f,train,train
PAPILA/PapilaDB-PAPILA-9c67b80983805f0f886b068af800ef2b507e7dc0/FundusImages/RET236OS.jpg,PAPILA,0,PAPILA:RET236,PAPILA:group:PAPILA:RET236,healthy,1c9bbc12a17baf5f48dca5b8bcef4f5f312f71897b45c404140a05c72d0b4855,train,train
PAPILA/PapilaDB-PAPILA-9c67b80983805f0f886b068af800ef2b507e7dc0/FundusImages/RET238OD.jpg,PAPILA,0,PAPILA:RET238,PAPILA:group:PAPILA:RET238,healthy,0341a4d564a0f8ae6901ecf2481c11d17d7f09892b2235b9260291247b1a0aec,train,train
PAPILA/PapilaDB-PAPILA-9c67b80983805f0f886b068af800ef2b507e7dc0/FundusImages/RET238OS.jpg,PAPILA,0,PAPILA:RET238,PAPILA:group:PAPILA:RET238,healthy,b5368a4ef8c6381d4d52cedcaeb28c6f2ba4caf694ada31b0db0753bcf9c005c,train,train
PAPILA/PapilaDB-PAPILA-9c67b80983805f0f886b068af800ef2b507e7dc0/FundusImages/RET239OD.jpg,PAPILA,0,PAPILA:RET239,PAPILA:group:PAPILA:RET239,healthy,4c322fb82e377c9dc14716705ef519774942edf90a9371cf2e966e574bb037d1,train,train
PAPILA/PapilaDB-PAPILA-9c67b80983805f0f886b068af800ef2b507e7dc0/FundusImages/RET239OS.jpg,PAPILA,0,PAPILA:RET239,PAPILA:group:PAPILA:RET239,healthy,c82c4b3798fb7d8cb89715567cd338959fe4267766abb05fe52f53a3bbf67830,train,train
PAPILA/PapilaDB-PAPILA-9c67b80983805f0f886b068af800ef2b507e7dc0/FundusImages/RET240OD.jpg,PAPILA,0,PAPILA:RET240,PAPILA:group:PAPILA:RET240,healthy,6bad908f3af3e3ef56b44b18ff04e49d10502173d664ad804fbc8012e3042591,train,train
PAPILA/PapilaDB-PAPILA-9c67b80983805f0f886b068af800ef2b507e7dc0/FundusImages/RET240OS.jpg,PAPILA,0,PAPILA:RET240,PAPILA:group:PAPILA:RET240,healthy,79af8987878cfa3f58f07d98dd6c97a85df8600a2cf52dd438d033b31c3acc7a,train,train
PAPILA/PapilaDB-PAPILA-9c67b80983805f0f886b068af800ef2b507e7dc0/FundusImages/RET241OD.jpg,PAPILA,0,PAPILA:RET241,PAPILA:group:PAPILA:RET241,healthy,1837efbccdc7f1e0af65e57f2173130dac5dc24b214ebbfaf7297ca2000741d0,train,train
PAPILA/PapilaDB-PAPILA-9c67b80983805f0f886b068af800ef2b507e7dc0/FundusImages/RET241OS.jpg,PAPILA,0,PAPILA:RET241,PAPILA:group:PAPILA:RET241,healthy,f6c9e49a12a24dc43ec82831504e6b13183c2dc402f00c0094af354f4f6b8c89,train,train
PAPILA/PapilaDB-PAPILA-9c67b80983805f0f886b068af800ef2b507e7dc0/FundusImages/RET243OD.jpg,PAPILA,0,PAPILA:RET243,PAPILA:group:PAPILA:RET243,healthy,cc82d599f4135aa7d1e6911385cb86b82d6d14e2991fbe1acfb6cdec1e9296e1,train,train
PAPILA/PapilaDB-PAPILA-9c67b80983805f0f886b068af800ef2b507e7dc0/FundusImages/RET243OS.jpg,PAPILA,0,PAPILA:RET243,PAPILA:group:PAPILA:RET243,healthy,fe4d5988a50d9d110452700177f230f710ed623c0833b7f1e2346994c5a39d84,train,train
PAPILA/PapilaDB-PAPILA-9c67b80983805f0f886b068af800ef2b507e7dc0/FundusImages/RET244OD.jpg,PAPILA,0,PAPILA:RET244,PAPILA:group:PAPILA:RET244,healthy,c1f0b9365382257b5fd539f92b7fb92c6fc00e6c0929a1d19a67344641496484,train,train
PAPILA/PapilaDB-PAPILA-9c67b80983805f0f886b068af800ef2b507e7dc0/FundusImages/RET244OS.jpg,PAPILA,0,PAPILA:RET244,PAPILA:group:PAPILA:RET244,healthy,6121f0f261e024dc04539cf0634b904251e367405ceee83e2b9a7b7aa17db42e,train,train
PAPILA/PapilaDB-PAPILA-9c67b80983805f0f886b068af800ef2b507e7dc0/FundusImages/RET246OD.jpg,PAPILA,0,PAPILA:RET246,PAPILA:group:PAPILA:RET246,healthy,3670d48b52084d4c59407673c37ad3e08115816a7e8b266040ef48ba9f931baf,train,train
PAPILA/PapilaDB-PAPILA-9c67b80983805f0f886b068af800ef2b507e7dc0/FundusImages/RET246OS.jpg,PAPILA,0,PAPILA:RET246,PAPILA:group:PAPILA:RET246,healthy,b91886fd11327f8e32f393d9de7527569f3c8a77d9b7d07bd6e289d59d98eee0,train,train
PAPILA/PapilaDB-PAPILA-9c67b80983805f0f886b068af800ef2b507e7dc0/FundusImages/RET248OD.jpg,PAPILA,1,PAPILA:RET248,PAPILA:group:PAPILA:RET248,glaucoma,cebbfa5135ddab9eb2701ebe978a10b0a9ac08f5ae66be1ef573ccd9dc524ac5,train,train
PAPILA/PapilaDB-PAPILA-9c67b80983805f0f886b068af800ef2b507e7dc0/FundusImages/RET248OS.jpg,PAPILA,1,PAPILA:RET248,PAPILA:group:PAPILA:RET248,glaucoma,df119a0f80ad796bcb209fbb6103d47e1bee6caf20fea3bc4c4215ce9b2d14b8,train,train
PAPILA/PapilaDB-PAPILA-9c67b80983805f0f886b068af800ef2b507e7dc0/FundusImages/RET250OD.jpg,PAPILA,0,PAPILA:RET250,PAPILA:group:PAPILA:RET250,healthy,1b75ecad025715017629585531d7d17588db64d5de0bb8acb1555f6bd115581f,train,train
PAPILA/PapilaDB-PAPILA-9c67b80983805f0f886b068af800ef2b507e7dc0/FundusImages/RET250OS.jpg,PAPILA,0,PAPILA:RET250,PAPILA:group:PAPILA:RET250,healthy,f04cd70a599283fea9ddafc55c505ce2761dc747b8f95fc06b8fe5400cbaafe5,train,train
PAPILA/PapilaDB-PAPILA-9c67b80983805f0f886b068af800ef2b507e7dc0/FundusImages/RET251OD.jpg,PAPILA,0,PAPILA:RET251,PAPILA:group:PAPILA:RET251,healthy,998a41b2af6f394c9ad014aeb6ee1cd78153f210a1141f5cf1f922d5a32d3488,train,train
PAPILA/PapilaDB-PAPILA-9c67b80983805f0f886b068af800ef2b507e7dc0/FundusImages/RET251OS.jpg,PAPILA,0,PAPILA:RET251,PAPILA:group:PAPILA:RET251,healthy,a995d77be6594f8cdcc7274af1bc9e424b0ba1ecf4743f2381ce26f446bc5646,train,train
PAPILA/PapilaDB-PAPILA-9c67b80983805f0f886b068af800ef2b507e7dc0/FundusImages/RET252OD.jpg,PAPILA,0,PAPILA:RET252,PAPILA:group:PAPILA:RET252,healthy,d1b601d8be067a7bf90a12bdd8511bc2e445b828425d882d88b9f0a8b17fd9db,train,train
PAPILA/PapilaDB-PAPILA-9c67b80983805f0f886b068af800ef2b507e7dc0/FundusImages/RET252OS.jpg,PAPILA,0,PAPILA:RET252,PAPILA:group:PAPILA:RET252,healthy,9e4b77ffbe329576a896d773e4c46e9c8a4351dba903a2f65993813926495877,train,train
PAPILA/PapilaDB-PAPILA-9c67b80983805f0f886b068af800ef2b507e7dc0/FundusImages/RET253OD.jpg,PAPILA,0,PAPILA:RET253,PAPILA:group:PAPILA:RET253,healthy,684c91addb73bdb8ac95d928a00c702851fc8a351567926cda4034210cf48942,train,train
PAPILA/PapilaDB-PAPILA-9c67b80983805f0f886b068af800ef2b507e7dc0/FundusImages/RET253OS.jpg,PAPILA,0,PAPILA:RET253,PAPILA:group:PAPILA:RET253,healthy,7614d62da8d471fa23b685785c6ed5e65bccd37646a4c2026b2bbcba844decff,train,train
PAPILA/PapilaDB-PAPILA-9c67b80983805f0f886b068af800ef2b507e7dc0/FundusImages/RET254OD.jpg,PAPILA,0,PAPILA:RET254,PAPILA:group:PAPILA:RET254,healthy,9c13299786bc3bf631e04a406075de86352bc477b7b1c1cbe99e08b1f59d9d22,train,train
PAPILA/PapilaDB-PAPILA-9c67b80983805f0f886b068af800ef2b507e7dc0/FundusImages/RET254OS.jpg,PAPILA,0,PAPILA:RET254,PAPILA:group:PAPILA:RET254,healthy,67be69b438eca38ecca3c90ae3d884a7c68263e91b2ccc21f765659b7eff6904,train,train
PAPILA/PapilaDB-PAPILA-9c67b80983805f0f886b068af800ef2b507e7dc0/FundusImages/RET255OD.jpg,PAPILA,0,PAPILA:RET255,PAPILA:group:PAPILA:RET255,healthy,4e41b577baf83cc293a4b830487c7ce1b399774ed07060095a512925e9df208a,train,train
PAPILA/PapilaDB-PAPILA-9c67b80983805f0f886b068af800ef2b507e7dc0/FundusImages/RET255OS.jpg,PAPILA,0,PAPILA:RET255,PAPILA:group:PAPILA:RET255,healthy,1734ee5434c2519318f55d50837c61213d7a64b16bb7484d65ca225692f20153,train,train
PAPILA/PapilaDB-PAPILA-9c67b80983805f0f886b068af800ef2b507e7dc0/FundusImages/RET257OD.jpg,PAPILA,0,PAPILA:RET257,PAPILA:group:PAPILA:RET257,healthy,c081ad52b41a42b1a8e3cc5c8a2ec5ddb5332c611eba0a8fbafa37d37935d5af,train,train
PAPILA/PapilaDB-PAPILA-9c67b80983805f0f886b068af800ef2b507e7dc0/FundusImages/RET257OS.jpg,PAPILA,0,PAPILA:RET257,PAPILA:group:PAPILA:RET257,healthy,4b30fbecadf0f6b12386fbc3fa1fa60d37676e5d96771dfeba3afa0e0c880cb8,train,train
PAPILA/PapilaDB-PAPILA-9c67b80983805f0f886b068af800ef2b507e7dc0/FundusImages/RET258OD.jpg,PAPILA,0,PAPILA:RET258,PAPILA:group:PAPILA:RET258,healthy,e4553bbf3f7151b07b5ec8f066e9d5bd689c6f29a4793484e93a18b965eaecae,train,train
PAPILA/PapilaDB-PAPILA-9c67b80983805f0f886b068af800ef2b507e7dc0/FundusImages/RET258OS.jpg,PAPILA,0,PAPILA:RET258,PAPILA:group:PAPILA:RET258,healthy,0779b14799e6963ef0cd9cd376463041f03dd2504e88672502dd8612a1586191,train,train
PAPILA/PapilaDB-PAPILA-9c67b80983805f0f886b068af800ef2b507e7dc0/FundusImages/RET259OD.jpg,PAPILA,0,PAPILA:RET259,PAPILA:group:PAPILA:RET259,healthy,ffcc58a7dedb9a524f104c7ac7ca02ef4fb47b5445812e92b34dcf4b921d3083,train,train
PAPILA/PapilaDB-PAPILA-9c67b80983805f0f886b068af800ef2b507e7dc0/FundusImages/RET259OS.jpg,PAPILA,0,PAPILA:RET259,PAPILA:group:PAPILA:RET259,healthy,5c41374e45b4d446f6428b4f21a0b1ecfc0c8b0356c4a7b5fcc63e530d508fa5,train,train
PAPILA/PapilaDB-PAPILA-9c67b80983805f0f886b068af800ef2b507e7dc0/FundusImages/RET260OD.jpg,PAPILA,0,PAPILA:RET260,PAPILA:group:PAPILA:RET260,healthy,29f0d4e7c851dd722a7123cba9d6cee3a80cf55c06269ea0b844450fcdbff2c2,train,train
PAPILA/PapilaDB-PAPILA-9c67b80983805f0f886b068af800ef2b507e7dc0/FundusImages/RET260OS.jpg,PAPILA,0,PAPILA:RET260,PAPILA:group:PAPILA:RET260,healthy,1994cfbd0c527f991c2eb1cde249fef9bbe4b79c66949ecd6085a7817ae87476,train,train
PAPILA/PapilaDB-PAPILA-9c67b80983805f0f886b068af800ef2b507e7dc0/FundusImages/RET262OD.jpg,PAPILA,0,PAPILA:RET262,PAPILA:group:PAPILA:RET262,healthy,5abb0619e467231922331c9be88ffa7c7f0ca772fab5498c3f16face46460cb2,train,train
PAPILA/PapilaDB-PAPILA-9c67b80983805f0f886b068af800ef2b507e7dc0/FundusImages/RET262OS.jpg,PAPILA,0,PAPILA:RET262,PAPILA:group:PAPILA:RET262,healthy,879a6fb1a5316d6f96b76e0cad4da85396611c10df207387017d4df6cfc2c312,train,train
PAPILA/PapilaDB-PAPILA-9c67b80983805f0f886b068af800ef2b507e7dc0/FundusImages/RET265OD.jpg,PAPILA,1,PAPILA:RET265,PAPILA:group:PAPILA:RET265,glaucoma,093feef09dd61d34b6e7ed07dabd0059bb975c8ad1723200a00674380884a7a5,train,train
PAPILA/PapilaDB-PAPILA-9c67b80983805f0f886b068af800ef2b507e7dc0/FundusImages/RET265OS.jpg,PAPILA,1,PAPILA:RET265,PAPILA:group:PAPILA:RET265,glaucoma,04b871a9fb904a1955ec64043e0c3c7dd5ad48fad14f4a6995a02c4cdda1c281,train,train
PAPILA/PapilaDB-PAPILA-9c67b80983805f0f886b068af800ef2b507e7dc0/FundusImages/RET267OD.jpg,PAPILA,0,PAPILA:RET267,PAPILA:group:PAPILA:RET267,healthy,67b87d037573d72aa731a9461701aa7c6d7d23cfa30317b76023598c9102e01e,train,train
PAPILA/PapilaDB-PAPILA-9c67b80983805f0f886b068af800ef2b507e7dc0/FundusImages/RET267OS.jpg,PAPILA,0,PAPILA:RET267,PAPILA:group:PAPILA:RET267,healthy,a1c17c43b6074414f3f8ad7261b5e6f67d01bae04028f6e413015a504ab321e8,train,train
PAPILA/PapilaDB-PAPILA-9c67b80983805f0f886b068af800ef2b507e7dc0/FundusImages/RET268OD.jpg,PAPILA,0,PAPILA:RET268,PAPILA:group:PAPILA:RET268,healthy,0df59d98a009181a5fd5d0b001557995cdd8f853322334ffb987e2eaee16616e,train,train
PAPILA/PapilaDB-PAPILA-9c67b80983805f0f886b068af800ef2b507e7dc0/FundusImages/RET268OS.jpg,PAPILA,0,PAPILA:RET268,PAPILA:group:PAPILA:RET268,healthy,d4d2c130448b475e1e0fa4a7941464f6fcbfded6793ed9547d7268099fa20d11,train,train
PAPILA/PapilaDB-PAPILA-9c67b80983805f0f886b068af800ef2b507e7dc0/FundusImages/RET269OD.jpg,PAPILA,0,PAPILA:RET269,PAPILA:group:PAPILA:RET269,healthy,bbb616bd5a415ba187c956eda3ef0cc9b6d603e94d11bf0f4b288583b8716c3e,train,train
PAPILA/PapilaDB-PAPILA-9c67b80983805f0f886b068af800ef2b507e7dc0/FundusImages/RET269OS.jpg,PAPILA,0,PAPILA:RET269,PAPILA:group:PAPILA:RET269,healthy,3215d1e2e0b96a0c55d44c5708d100b453482659eb2e47f15fb62e213f42bfff,train,train
PAPILA/PapilaDB-PAPILA-9c67b80983805f0f886b068af800ef2b507e7dc0/FundusImages/RET270OD.jpg,PAPILA,0,PAPILA:RET270,PAPILA:group:PAPILA:RET270,healthy,6e282f1d30b2154b631058758e72edfa40c0c21b9982cf145677a7e266654414,train,train
PAPILA/PapilaDB-PAPILA-9c67b80983805f0f886b068af800ef2b507e7dc0/FundusImages/RET270OS.jpg,PAPILA,0,PAPILA:RET270,PAPILA:group:PAPILA:RET270,healthy,6fa071f2d03140f8336b2fc4a95949add9724c3af14db5dff9f4bb119a922d82,train,train
PAPILA/PapilaDB-PAPILA-9c67b80983805f0f886b068af800ef2b507e7dc0/FundusImages/RET271OD.jpg,PAPILA,0,PAPILA:RET271,PAPILA:group:PAPILA:RET271,healthy,3f6b5f5ebfd9af131dec89cf8744eb4c60da2373b72a49815d3a82adab9c90f2,train,train
PAPILA/PapilaDB-PAPILA-9c67b80983805f0f886b068af800ef2b507e7dc0/FundusImages/RET271OS.jpg,PAPILA,0,PAPILA:RET271,PAPILA:group:PAPILA:RET271,healthy,92622a6aff9c79d12723905173998ec0d469d7d2178a414fb78deb0b94fb9979,train,train
PAPILA/PapilaDB-PAPILA-9c67b80983805f0f886b068af800ef2b507e7dc0/FundusImages/RET272OD.jpg,PAPILA,0,PAPILA:RET272,PAPILA:group:PAPILA:RET272,healthy,6b25257856fc6acab93a7078763c48b85f8e8b6a24743d41cc5c360dc561611c,train,train
PAPILA/PapilaDB-PAPILA-9c67b80983805f0f886b068af800ef2b507e7dc0/FundusImages/RET272OS.jpg,PAPILA,0,PAPILA:RET272,PAPILA:group:PAPILA:RET272,healthy,601614378b88684ef84e8ee5df08df27a7895cd0f9841806d42a4ba165de1133,train,train
PAPILA/PapilaDB-PAPILA-9c67b80983805f0f886b068af800ef2b507e7dc0/FundusImages/RET273OD.jpg,PAPILA,0,PAPILA:RET273,PAPILA:group:PAPILA:RET273,healthy,e3feed9b8eafba9c5c5eea0fc908fd04c2bcf50310a6ae841e0b193a30d1bfef,train,train
PAPILA/PapilaDB-PAPILA-9c67b80983805f0f886b068af800ef2b507e7dc0/FundusImages/RET273OS.jpg,PAPILA,0,PAPILA:RET273,PAPILA:group:PAPILA:RET273,healthy,1300ace8bdde9fb11c539e182578ce0e13380d6fa81accea3c4c899591e5695b,train,train
PAPILA/PapilaDB-PAPILA-9c67b80983805f0f886b068af800ef2b507e7dc0/FundusImages/RET274OD.jpg,PAPILA,0,PAPILA:RET274,PAPILA:group:PAPILA:RET274,healthy,b56c38fce2f69b4cd3fdbb1a34d43299f8300a19a89fcb91317b6e65af6016c8,train,train
PAPILA/PapilaDB-PAPILA-9c67b80983805f0f886b068af800ef2b507e7dc0/FundusImages/RET274OS.jpg,PAPILA,0,PAPILA:RET274,PAPILA:group:PAPILA:RET274,healthy,3dd65034afe5987eeadbc5bc259c144d8788014398621c1e6ca93f17fe3fe1dc,train,train
PAPILA/PapilaDB-PAPILA-9c67b80983805f0f886b068af800ef2b507e7dc0/FundusImages/RET275OD.jpg,PAPILA,0,PAPILA:RET275,PAPILA:group:PAPILA:RET275,healthy,e82a00e530d5e8c0a679e60a7fc5bb08616b1df6f665d7f24ddcd68d07a3bde8,train,train
PAPILA/PapilaDB-PAPILA-9c67b80983805f0f886b068af800ef2b507e7dc0/FundusImages/RET275OS.jpg,PAPILA,0,PAPILA:RET275,PAPILA:group:PAPILA:RET275,healthy,b6c04166a3875f0abd3efc5c8ea56bfd7fc118a58ecf55754498533d52e3bc8e,train,train
PAPILA/PapilaDB-PAPILA-9c67b80983805f0f886b068af800ef2b507e7dc0/FundusImages/RET277OD.jpg,PAPILA,0,PAPILA:RET277,PAPILA:group:PAPILA:RET277,healthy,ca26c498713e856039b6ff888001a63c53269565c5d96f2d82f5b3cc838b6458,train,train
PAPILA/PapilaDB-PAPILA-9c67b80983805f0f886b068af800ef2b507e7dc0/FundusImages/RET277OS.jpg,PAPILA,0,PAPILA:RET277,PAPILA:group:PAPILA:RET277,healthy,d14868a41ad14bf9b2688cb598c5dddfb2668131b1506a7f6b82fa04aaf0ae30,train,train
PAPILA/PapilaDB-PAPILA-9c67b80983805f0f886b068af800ef2b507e7dc0/FundusImages/RET280OD.jpg,PAPILA,0,PAPILA:RET280,PAPILA:group:PAPILA:RET280,healthy,f878db08e2d35283b1e8984b4f62575f2eb63babb95dcf798d6557b7acea4a86,train,train
PAPILA/PapilaDB-PAPILA-9c67b80983805f0f886b068af800ef2b507e7dc0/FundusImages/RET280OS.jpg,PAPILA,0,PAPILA:RET280,PAPILA:group:PAPILA:RET280,healthy,cbe949c295fe49a256a6bc910e3f9a3afd2efbfd830823301da62532aa36e677,train,train
PAPILA/PapilaDB-PAPILA-9c67b80983805f0f886b068af800ef2b507e7dc0/FundusImages/RET281OD.jpg,PAPILA,0,PAPILA:RET281,PAPILA:group:PAPILA:RET281,healthy,abddaa665e81dbe904ebd3c3d3973176fec1c70cb12eb930a1a5213fc0491474,train,train
PAPILA/PapilaDB-PAPILA-9c67b80983805f0f886b068af800ef2b507e7dc0/FundusImages/RET281OS.jpg,PAPILA,0,PAPILA:RET281,PAPILA:group:PAPILA:RET281,healthy,602f2c53b276c3983d16ed21c8470850b7826bc2259dc1d2defb78e507e01ed5,train,train
PAPILA/PapilaDB-PAPILA-9c67b80983805f0f886b068af800ef2b507e7dc0/FundusImages/RET282OD.jpg,PAPILA,0,PAPILA:RET282,PAPILA:group:PAPILA:RET282,healthy,b9e59b1e6ee8c061b0a7179ed7972c911497862ed88e4fb840eb7312aa778a60,train,train
PAPILA/PapilaDB-PAPILA-9c67b80983805f0f886b068af800ef2b507e7dc0/FundusImages/RET282OS.jpg,PAPILA,0,PAPILA:RET282,PAPILA:group:PAPILA:RET282,healthy,5e76a2cd00ea915172e3bf7996e592e0c1d0ab947d797d1eeecc483d41ee4097,train,train
PAPILA/PapilaDB-PAPILA-9c67b80983805f0f886b068af800ef2b507e7dc0/FundusImages/RET283OD.jpg,PAPILA,0,PAPILA:RET283,PAPILA:group:PAPILA:RET283,healthy,cb32fee0419e88189008bd0723464906245a3d56239ea5b60a86233a021c1b9e,train,train
PAPILA/PapilaDB-PAPILA-9c67b80983805f0f886b068af800ef2b507e7dc0/FundusImages/RET283OS.jpg,PAPILA,0,PAPILA:RET283,PAPILA:group:PAPILA:RET283,healthy,11ccd04334c8b25f27e8e5a30c4aa8833d79830cf3120508f689c3715ef364dc,train,train
PAPILA/PapilaDB-PAPILA-9c67b80983805f0f886b068af800ef2b507e7dc0/FundusImages/RET284OD.jpg,PAPILA,0,PAPILA:RET284,PAPILA:group:PAPILA:RET284,healthy,4c382590e3a105484d6563fd172df46cc7bacc0464e5f31b910601de03da6fe8,train,train
PAPILA/PapilaDB-PAPILA-9c67b80983805f0f886b068af800ef2b507e7dc0/FundusImages/RET284OS.jpg,PAPILA,0,PAPILA:RET284,PAPILA:group:PAPILA:RET284,healthy,ce12bc4cbd5275e52e5dab4d5df41aeca03d6ffd0f3ff132f4df06c6b8cd8f9b,train,train
PAPILA/PapilaDB-PAPILA-9c67b80983805f0f886b068af800ef2b507e7dc0/FundusImages/RET285OD.jpg,PAPILA,0,PAPILA:RET285,PAPILA:group:PAPILA:RET285,healthy,7a372dca551482d0f6655db492e00e4b92170a7bd958b07ac2fa95363cfc05e0,train,train
PAPILA/PapilaDB-PAPILA-9c67b80983805f0f886b068af800ef2b507e7dc0/FundusImages/RET285OS.jpg,PAPILA,0,PAPILA:RET285,PAPILA:group:PAPILA:RET285,healthy,7a119deb8b14bdea5da9e683cf68c8beaddb5e55e3925f4e64d80bf06e92599d,train,train
PAPILA/PapilaDB-PAPILA-9c67b80983805f0f886b068af800ef2b507e7dc0/FundusImages/RET286OD.jpg,PAPILA,0,PAPILA:RET286,PAPILA:group:PAPILA:RET286,healthy,cd9e7dc123e085d52a5179e19eb2b1746f9e91266a47b7da6665ddd2f56de745,train,train
PAPILA/PapilaDB-PAPILA-9c67b80983805f0f886b068af800ef2b507e7dc0/FundusImages/RET286OS.jpg,PAPILA,0,PAPILA:RET286,PAPILA:group:PAPILA:RET286,healthy,fdbc2ee0aef21e52d939a418c867941222f7f5cfb69c2fc4e5c42a7d916e9721,train,train
PAPILA/PapilaDB-PAPILA-9c67b80983805f0f886b068af800ef2b507e7dc0/FundusImages/RET287OD.jpg,PAPILA,0,PAPILA:RET287,PAPILA:group:PAPILA:RET287,healthy,4c9530c75784cbc29ee7cd9bcefbba43e6bf1d5877ab356b689a9749a77fd526,train,train
PAPILA/PapilaDB-PAPILA-9c67b80983805f0f886b068af800ef2b507e7dc0/FundusImages/RET287OS.jpg,PAPILA,0,PAPILA:RET287,PAPILA:group:PAPILA:RET287,healthy,ca60453f5233ab0dc3debdd37d5c9efa4cbeb08453ccf9d3d7b295db870f41e7,train,train
PAPILA/PapilaDB-PAPILA-9c67b80983805f0f886b068af800ef2b507e7dc0/FundusImages/RET288OD.jpg,PAPILA,0,PAPILA:RET288,PAPILA:group:PAPILA:RET288,healthy,485bbc2faf194ab4200b9c9ee72e5696d97c3655cd06ba685450692e1935612a,train,train
PAPILA/PapilaDB-PAPILA-9c67b80983805f0f886b068af800ef2b507e7dc0/FundusImages/RET288OS.jpg,PAPILA,0,PAPILA:RET288,PAPILA:group:PAPILA:RET288,healthy,d77266bc490952c6a96ace0f4f657c5db8c6eceeee868b8820f4de02e5d4ce80,train,train
PAPILA/PapilaDB-PAPILA-9c67b80983805f0f886b068af800ef2b507e7dc0/FundusImages/RET289OD.jpg,PAPILA,0,PAPILA:RET289,PAPILA:group:PAPILA:RET289,healthy,ca7d71a94ec3e96b3a76d304a2947cdcf032237309d7410a937d36de343682f1,train,train
PAPILA/PapilaDB-PAPILA-9c67b80983805f0f886b068af800ef2b507e7dc0/FundusImages/RET289OS.jpg,PAPILA,0,PAPILA:RET289,PAPILA:group:PAPILA:RET289,healthy,3fa98b957160b46e43896d98d108868eb2be09984f46a5017d298587d1c84969,train,train
PAPILA/PapilaDB-PAPILA-9c67b80983805f0f886b068af800ef2b507e7dc0/FundusImages/RET290OD.jpg,PAPILA,0,PAPILA:RET290,PAPILA:group:PAPILA:RET290,healthy,f81f5b8078cb5c311751a0f38d57759dcb5ba3f3938aa819eab906d754b00a8d,train,train
PAPILA/PapilaDB-PAPILA-9c67b80983805f0f886b068af800ef2b507e7dc0/FundusImages/RET290OS.jpg,PAPILA,0,PAPILA:RET290,PAPILA:group:PAPILA:RET290,healthy,f816883d3b0c88ae3a1f9fd986d3820314f238c5825f4374646d28d77ad21078,train,train
PAPILA/PapilaDB-PAPILA-9c67b80983805f0f886b068af800ef2b507e7dc0/FundusImages/RET291OD.jpg,PAPILA,0,PAPILA:RET291,PAPILA:group:PAPILA:RET291,healthy,e8e08460fe1823d907b2f2a3e4c7d80a725b66550938220858a7484b7330e84d,train,train
PAPILA/PapilaDB-PAPILA-9c67b80983805f0f886b068af800ef2b507e7dc0/FundusImages/RET291OS.jpg,PAPILA,0,PAPILA:RET291,PAPILA:group:PAPILA:RET291,healthy,9535dad340a893416f2db3199f930afc47aeafa46820aa143d9fa5f100184de3,train,train
PAPILA/PapilaDB-PAPILA-9c67b80983805f0f886b068af800ef2b507e7dc0/FundusImages/RET292OD.jpg,PAPILA,0,PAPILA:RET292,PAPILA:group:PAPILA:RET292,healthy,74525c9b11eab16759efc2648814d8fef1f490b7ac0db0450a77b1d194b973e7,train,train
PAPILA/PapilaDB-PAPILA-9c67b80983805f0f886b068af800ef2b507e7dc0/FundusImages/RET292OS.jpg,PAPILA,0,PAPILA:RET292,PAPILA:group:PAPILA:RET292,healthy,4e026fc4e2a840562008fbcbce6a7e2e4099a735e9f61696d213b84c231d6d7f,train,train
PAPILA/PapilaDB-PAPILA-9c67b80983805f0f886b068af800ef2b507e7dc0/FundusImages/RET293OD.jpg,PAPILA,0,PAPILA:RET293,PAPILA:group:PAPILA:RET293,healthy,816d94b94b7bf01c3eedaf1f24f419ca961779a1c498fd4e4f906ab8ba136358,train,train
PAPILA/PapilaDB-PAPILA-9c67b80983805f0f886b068af800ef2b507e7dc0/FundusImages/RET293OS.jpg,PAPILA,0,PAPILA:RET293,PAPILA:group:PAPILA:RET293,healthy,5413877d5fe12d12d50d811c3743968b606b48a7604eabe230119d21847f5d5a,train,train
PAPILA/PapilaDB-PAPILA-9c67b80983805f0f886b068af800ef2b507e7dc0/FundusImages/RET004OD.jpg,PAPILA,1,PAPILA:RET004,PAPILA:group:PAPILA:RET004,glaucoma,6cb2568e36073234b9e212a1fbd6f1726346c7437c6ef572ab45c6c9cc508d1b,val,val
PAPILA/PapilaDB-PAPILA-9c67b80983805f0f886b068af800ef2b507e7dc0/FundusImages/RET004OS.jpg,PAPILA,1,PAPILA:RET004,PAPILA:group:PAPILA:RET004,glaucoma,078390b2c8c2e6c3101d94bf27d7ef068f1ae7aab979d29d7970e4645cb18333,val,val
PAPILA/PapilaDB-PAPILA-9c67b80983805f0f886b068af800ef2b507e7dc0/FundusImages/RET023OD.jpg,PAPILA,1,PAPILA:RET023,PAPILA:group:PAPILA:RET023,glaucoma,53710794bc7e5a5446eafe7f6961de4b0b2f2cf6cdd05573867ff2d2aaeb80a0,val,val
PAPILA/PapilaDB-PAPILA-9c67b80983805f0f886b068af800ef2b507e7dc0/FundusImages/RET023OS.jpg,PAPILA,1,PAPILA:RET023,PAPILA:group:PAPILA:RET023,glaucoma,0cfdc3e00c10e3dbc57f0970b890e5ec34f1cbe33bd5b6da1aca25f688218747,val,val
PAPILA/PapilaDB-PAPILA-9c67b80983805f0f886b068af800ef2b507e7dc0/FundusImages/RET065OD.jpg,PAPILA,1,PAPILA:RET065,PAPILA:group:PAPILA:RET065,glaucoma,bb360289adb0088528710a6e441b4bfd215161119a612e614f96f56d7664bb0c,val,val
PAPILA/PapilaDB-PAPILA-9c67b80983805f0f886b068af800ef2b507e7dc0/FundusImages/RET065OS.jpg,PAPILA,1,PAPILA:RET065,PAPILA:group:PAPILA:RET065,glaucoma,de3ac8659542b189be9b3433ec62d4b0b1cbabcc477acf8d2028075849335098,val,val
PAPILA/PapilaDB-PAPILA-9c67b80983805f0f886b068af800ef2b507e7dc0/FundusImages/RET074OD.jpg,PAPILA,1,PAPILA:RET074,PAPILA:group:PAPILA:RET074,glaucoma,578752c62fe452c2019541128fe247fabf618fbc6c90dab5fb588547ef428f8a,val,val
PAPILA/PapilaDB-PAPILA-9c67b80983805f0f886b068af800ef2b507e7dc0/FundusImages/RET074OS.jpg,PAPILA,1,PAPILA:RET074,PAPILA:group:PAPILA:RET074,glaucoma,8c9a74a64ab39c9a124f38114fae81e5344b28ed37d4767f0b8e1265061fb859,val,val
PAPILA/PapilaDB-PAPILA-9c67b80983805f0f886b068af800ef2b507e7dc0/FundusImages/RET098OD.jpg,PAPILA,0,PAPILA:RET098,PAPILA:group:PAPILA:RET098,healthy,154de98312055cca56c29fdfd7903922654c34368d701e8973ff45cf006f5fc2,val,val
PAPILA/PapilaDB-PAPILA-9c67b80983805f0f886b068af800ef2b507e7dc0/FundusImages/RET098OS.jpg,PAPILA,1,PAPILA:RET098,PAPILA:group:PAPILA:RET098,glaucoma,f851142db0887482403f7fe0dd4308e4956b9457090dc8c315a5b03537432148,val,val
PAPILA/PapilaDB-PAPILA-9c67b80983805f0f886b068af800ef2b507e7dc0/FundusImages/RET130OD.jpg,PAPILA,0,PAPILA:RET130,PAPILA:group:PAPILA:RET130,healthy,568ce147b2604d5c1129ddfe5c12a7b152b18befccc6ce8e6ed1ba317b127d80,val,val
PAPILA/PapilaDB-PAPILA-9c67b80983805f0f886b068af800ef2b507e7dc0/FundusImages/RET130OS.jpg,PAPILA,0,PAPILA:RET130,PAPILA:group:PAPILA:RET130,healthy,13616bf8fc6d2c33bb3372e0ee52a77843dcd496c56a5827eeee2fc36c42fdf4,val,val
PAPILA/PapilaDB-PAPILA-9c67b80983805f0f886b068af800ef2b507e7dc0/FundusImages/RET134OD.jpg,PAPILA,0,PAPILA:RET134,PAPILA:group:PAPILA:RET134,healthy,2bdb5f72c158937a57a396f9ed1aefb65b7f3b347a9d5a7b594fbdaa68a8d9bf,val,val
PAPILA/PapilaDB-PAPILA-9c67b80983805f0f886b068af800ef2b507e7dc0/FundusImages/RET134OS.jpg,PAPILA,0,PAPILA:RET134,PAPILA:group:PAPILA:RET134,healthy,c15e329d7c5a1e30f82ac47dddca7da05ff0de578e1d258366d75361d9e09645,val,val
PAPILA/PapilaDB-PAPILA-9c67b80983805f0f886b068af800ef2b507e7dc0/FundusImages/RET166OD.jpg,PAPILA,0,PAPILA:RET166,PAPILA:group:PAPILA:RET166,healthy,7328e1363dde7aeb13e46c387ccd6c94ecaa82396d4d49df3fcc1e70d15973d1,val,val
PAPILA/PapilaDB-PAPILA-9c67b80983805f0f886b068af800ef2b507e7dc0/FundusImages/RET166OS.jpg,PAPILA,0,PAPILA:RET166,PAPILA:group:PAPILA:RET166,healthy,e813f3174cae2c34393dd08d775a9112d6bcff9b74aa82dd628484e47eb9cfdf,val,val
PAPILA/PapilaDB-PAPILA-9c67b80983805f0f886b068af800ef2b507e7dc0/FundusImages/RET203OD.jpg,PAPILA,0,PAPILA:RET203,PAPILA:group:PAPILA:RET203,healthy,734ad4c27cc636af0694261483c048b0cf79b0838532f79fc1201602ab38bf2a,val,val
PAPILA/PapilaDB-PAPILA-9c67b80983805f0f886b068af800ef2b507e7dc0/FundusImages/RET203OS.jpg,PAPILA,0,PAPILA:RET203,PAPILA:group:PAPILA:RET203,healthy,7722e6748b923f40edd779258ab33c4ccd7bd81adb995d7f3155d6a46e5260b2,val,val
PAPILA/PapilaDB-PAPILA-9c67b80983805f0f886b068af800ef2b507e7dc0/FundusImages/RET205OD.jpg,PAPILA,0,PAPILA:RET205,PAPILA:group:PAPILA:RET205,healthy,e5c1d82222eeea79b4dc68e8f32448fcb8449fdc592f67c31e365507b549ea45,val,val
PAPILA/PapilaDB-PAPILA-9c67b80983805f0f886b068af800ef2b507e7dc0/FundusImages/RET205OS.jpg,PAPILA,0,PAPILA:RET205,PAPILA:group:PAPILA:RET205,healthy,6ab3e40d51b4ec22b52863aa5e22786685cae4fbc4880048ceb15ef0f252a9d1,val,val
PAPILA/PapilaDB-PAPILA-9c67b80983805f0f886b068af800ef2b507e7dc0/FundusImages/RET211OD.jpg,PAPILA,0,PAPILA:RET211,PAPILA:group:PAPILA:RET211,healthy,00159a0f2c60e8f235a546c543bbdbc54ff5762dc0d6b49226a6c43dd50f9a46,val,val
PAPILA/PapilaDB-PAPILA-9c67b80983805f0f886b068af800ef2b507e7dc0/FundusImages/RET211OS.jpg,PAPILA,0,PAPILA:RET211,PAPILA:group:PAPILA:RET211,healthy,8ac074a65bee44d64217bd676ef5f3b82e25ceaa8f5b32e6b71d0b91b215d58b,val,val
PAPILA/PapilaDB-PAPILA-9c67b80983805f0f886b068af800ef2b507e7dc0/FundusImages/RET215OD.jpg,PAPILA,0,PAPILA:RET215,PAPILA:group:PAPILA:RET215,healthy,1c3f705d725ebfddb5d682c42578b59900e8c240f12d58874fb67eef9a86397d,val,val
PAPILA/PapilaDB-PAPILA-9c67b80983805f0f886b068af800ef2b507e7dc0/FundusImages/RET215OS.jpg,PAPILA,0,PAPILA:RET215,PAPILA:group:PAPILA:RET215,healthy,9df1c86037510db5d925fcb39afa4fe82db4a51655d6701a63ee7e51d2a65dd1,val,val
PAPILA/PapilaDB-PAPILA-9c67b80983805f0f886b068af800ef2b507e7dc0/FundusImages/RET216OD.jpg,PAPILA,0,PAPILA:RET216,PAPILA:group:PAPILA:RET216,healthy,b34534da29bb043d0a9b1ce0c85bd5479be2cf3b6e5b0e3a45abd9a16a2257f1,val,val
PAPILA/PapilaDB-PAPILA-9c67b80983805f0f886b068af800ef2b507e7dc0/FundusImages/RET216OS.jpg,PAPILA,0,PAPILA:RET216,PAPILA:group:PAPILA:RET216,healthy,333048a934e626a4d8a8aa81c8bff22256535940b93b77957b078db53e68f3fc,val,val
PAPILA/PapilaDB-PAPILA-9c67b80983805f0f886b068af800ef2b507e7dc0/FundusImages/RET217OD.jpg,PAPILA,0,PAPILA:RET217,PAPILA:group:PAPILA:RET217,healthy,cdad44ea217e6f6c3804d0520cd511e3282bccab1bd4ff31cd4a57f6e0bd2615,val,val
PAPILA/PapilaDB-PAPILA-9c67b80983805f0f886b068af800ef2b507e7dc0/FundusImages/RET217OS.jpg,PAPILA,0,PAPILA:RET217,PAPILA:group:PAPILA:RET217,healthy,3b6b3ddf834e24be3dadeb68b6197f760594cc95640b4319bc65ce730f5b271b,val,val
PAPILA/PapilaDB-PAPILA-9c67b80983805f0f886b068af800ef2b507e7dc0/FundusImages/RET237OD.jpg,PAPILA,0,PAPILA:RET237,PAPILA:group:PAPILA:RET237,healthy,e072891b488dc1069c8963466041bbe82b3c5ac56404bf4598f185ecd2c965e5,val,val
PAPILA/PapilaDB-PAPILA-9c67b80983805f0f886b068af800ef2b507e7dc0/FundusImages/RET237OS.jpg,PAPILA,0,PAPILA:RET237,PAPILA:group:PAPILA:RET237,healthy,13ab736693a354ae1213a79b51ae5898dca79fb5c00737a21276972baa6ec253,val,val
PAPILA/PapilaDB-PAPILA-9c67b80983805f0f886b068af800ef2b507e7dc0/FundusImages/RET242OD.jpg,PAPILA,0,PAPILA:RET242,PAPILA:group:PAPILA:RET242,healthy,27e0527eec727ad3223732e793dacc816266a3e0383de99c0377ef8208f24ff1,val,val
PAPILA/PapilaDB-PAPILA-9c67b80983805f0f886b068af800ef2b507e7dc0/FundusImages/RET242OS.jpg,PAPILA,0,PAPILA:RET242,PAPILA:group:PAPILA:RET242,healthy,5761fead237012660f9cd8952b2d2bb15cf79278a561165a87515cb796f5d036,val,val
PAPILA/PapilaDB-PAPILA-9c67b80983805f0f886b068af800ef2b507e7dc0/FundusImages/RET245OD.jpg,PAPILA,0,PAPILA:RET245,PAPILA:group:PAPILA:RET245,healthy,6b60bdd07bfa56d6ae4a36094b1fef00ed4368d4d3a2189d550e8f3e33c68a0c,val,val
PAPILA/PapilaDB-PAPILA-9c67b80983805f0f886b068af800ef2b507e7dc0/FundusImages/RET245OS.jpg,PAPILA,0,PAPILA:RET245,PAPILA:group:PAPILA:RET245,healthy,f7b99cb76182a6d382ee524d4d6f4c30cee94e2d198814b3f0eb6393444b8af7,val,val
PAPILA/PapilaDB-PAPILA-9c67b80983805f0f886b068af800ef2b507e7dc0/FundusImages/RET249OD.jpg,PAPILA,0,PAPILA:RET249,PAPILA:group:PAPILA:RET249,healthy,3b439a9e3b8e3e6d2ad2a4bbf3d31d75f8c03b0633a71955051d0dde0fcb8260,val,val
PAPILA/PapilaDB-PAPILA-9c67b80983805f0f886b068af800ef2b507e7dc0/FundusImages/RET249OS.jpg,PAPILA,0,PAPILA:RET249,PAPILA:group:PAPILA:RET249,healthy,5860d145352a4b4cb0b720f45878a7110b79cff50a420681f4261e64ee5ee929,val,val
PAPILA/PapilaDB-PAPILA-9c67b80983805f0f886b068af800ef2b507e7dc0/FundusImages/RET256OD.jpg,PAPILA,0,PAPILA:RET256,PAPILA:group:PAPILA:RET256,healthy,05bc247389e114bb463306e08cb038c0702c0328d5f3ac23a6a05023fac5dab0,val,val
PAPILA/PapilaDB-PAPILA-9c67b80983805f0f886b068af800ef2b507e7dc0/FundusImages/RET256OS.jpg,PAPILA,0,PAPILA:RET256,PAPILA:group:PAPILA:RET256,healthy,fdece2afe3890dad7633eff55dcd463bbbdfafce8fadd7ad00f7928a9710f0f9,val,val
PAPILA/PapilaDB-PAPILA-9c67b80983805f0f886b068af800ef2b507e7dc0/FundusImages/RET261OD.jpg,PAPILA,0,PAPILA:RET261,PAPILA:group:PAPILA:RET261,healthy,7b58ae8ca9f18f453a59b90af83fd48a57600632b0e39bfd869a2fdb57876512,val,val
PAPILA/PapilaDB-PAPILA-9c67b80983805f0f886b068af800ef2b507e7dc0/FundusImages/RET261OS.jpg,PAPILA,0,PAPILA:RET261,PAPILA:group:PAPILA:RET261,healthy,59599a95427231420b24c1d8bc2f814c90560013f81c0d1ba539433ca3fa6daf,val,val
PAPILA/PapilaDB-PAPILA-9c67b80983805f0f886b068af800ef2b507e7dc0/FundusImages/RET266OD.jpg,PAPILA,0,PAPILA:RET266,PAPILA:group:PAPILA:RET266,healthy,7603888d294892ecad56c44b93a9b9aad442aa20fb587f275c4e6be50550195c,val,val
PAPILA/PapilaDB-PAPILA-9c67b80983805f0f886b068af800ef2b507e7dc0/FundusImages/RET266OS.jpg,PAPILA,0,PAPILA:RET266,PAPILA:group:PAPILA:RET266,healthy,3cf17b2b3d7720f69ce46f12b0102d01e82032ba0dc9f44357b9bf9c63a43e4f,val,val
REFUGE/Refuge/REFUGE-Validation400/REFUGE-Validation400/V0001.jpg,REFUGE,0,,REFUGE:image:REFUGE/Refuge/REFUGE-Validation400/REFUGE-Validation400/V0001.jpg,non-glaucoma,ef64663453c5fad21ef720effcb1826f29f575a1b54984de734566bf302847e7,val,test
REFUGE/Refuge/REFUGE-Validation400/REFUGE-Validation400/V0002.jpg,REFUGE,0,,REFUGE:image:REFUGE/Refuge/REFUGE-Validation400/REFUGE-Validation400/V0002.jpg,non-glaucoma,a85e63eadc570ec19643d9df8a16283f4f64b482f0aa43def0c82b9d88b4153f,train,test
REFUGE/Refuge/REFUGE-Validation400/REFUGE-Validation400/V0003.jpg,REFUGE,0,,REFUGE:image:REFUGE/Refuge/REFUGE-Validation400/REFUGE-Validation400/V0003.jpg,non-glaucoma,77df527264911b7a95188954b03f32ebc2cf5869475f4759fdaa43032c2656d9,train,test
REFUGE/Refuge/REFUGE-Validation400/REFUGE-Validation400/V0004.jpg,REFUGE,0,,REFUGE:image:REFUGE/Refuge/REFUGE-Validation400/REFUGE-Validation400/V0004.jpg,non-glaucoma,5adb8be0a81641405f29456fb83d138f8a110f566ae9fd1ca9eca01b98295be8,train,test
REFUGE/Refuge/REFUGE-Validation400/REFUGE-Validation400/V0005.jpg,REFUGE,0,,REFUGE:image:REFUGE/Refuge/REFUGE-Validation400/REFUGE-Validation400/V0005.jpg,non-glaucoma,995153999823b9b98c8b96c9ec4934b8bc32fcbf64220a2968068bc47e1f3c4c,train,test
REFUGE/Refuge/REFUGE-Validation400/REFUGE-Validation400/V0006.jpg,REFUGE,1,,REFUGE:image:REFUGE/Refuge/REFUGE-Validation400/REFUGE-Validation400/V0006.jpg,glaucoma,7efae4f94c0be9ae6aec21090b4673b2624241ec397db80f5e6f6452398fc31a,train,test
REFUGE/Refuge/REFUGE-Validation400/REFUGE-Validation400/V0007.jpg,REFUGE,0,,REFUGE:image:REFUGE/Refuge/REFUGE-Validation400/REFUGE-Validation400/V0007.jpg,non-glaucoma,0631e36952c47a5fa6fb8a835f1b0b6858210cd6778a7ed344c7468bf80594e3,train,test
REFUGE/Refuge/REFUGE-Validation400/REFUGE-Validation400/V0008.jpg,REFUGE,0,,REFUGE:image:REFUGE/Refuge/REFUGE-Validation400/REFUGE-Validation400/V0008.jpg,non-glaucoma,71b0e81d8dfd171cc8a4cd27e80c9384ec16d0dd57999131a9171018ed078bc9,train,test
REFUGE/Refuge/REFUGE-Validation400/REFUGE-Validation400/V0009.jpg,REFUGE,0,,REFUGE:image:REFUGE/Refuge/REFUGE-Validation400/REFUGE-Validation400/V0009.jpg,non-glaucoma,07d351bbbf97f594a410f1e2f085006f356766c9a655097b01710aae6839b7d4,train,test
REFUGE/Refuge/REFUGE-Validation400/REFUGE-Validation400/V0010.jpg,REFUGE,0,,REFUGE:image:REFUGE/Refuge/REFUGE-Validation400/REFUGE-Validation400/V0010.jpg,non-glaucoma,fa9785aef96f6538ae7b6df579f3fa19f0775c37fc59f4c7a46c6e5211bd8673,train,test
REFUGE/Refuge/REFUGE-Validation400/REFUGE-Validation400/V0011.jpg,REFUGE,0,,REFUGE:image:REFUGE/Refuge/REFUGE-Validation400/REFUGE-Validation400/V0011.jpg,non-glaucoma,efee28de9f3331d0fa5a515786b15e4d569231a5ae4d0f80d57aff68e7aa11f9,train,test
REFUGE/Refuge/REFUGE-Validation400/REFUGE-Validation400/V0012.jpg,REFUGE,0,,REFUGE:image:REFUGE/Refuge/REFUGE-Validation400/REFUGE-Validation400/V0012.jpg,non-glaucoma,3d877134cf3b92cf651010e9a61988015d6d7273c4201c7361af84a195063f9a,train,test
REFUGE/Refuge/REFUGE-Validation400/REFUGE-Validation400/V0013.jpg,REFUGE,0,,REFUGE:image:REFUGE/Refuge/REFUGE-Validation400/REFUGE-Validation400/V0013.jpg,non-glaucoma,1c618f995121315b7b8cdc9bcd988ba2564e7e1ebcc91327feb1478467adfaaa,val,test
REFUGE/Refuge/REFUGE-Validation400/REFUGE-Validation400/V0014.jpg,REFUGE,0,,REFUGE:image:REFUGE/Refuge/REFUGE-Validation400/REFUGE-Validation400/V0014.jpg,non-glaucoma,61cf9b119494b0c41f4eb5e43365de46d99c242e2c1aaea454e9da871a7c5cf5,train,test
REFUGE/Refuge/REFUGE-Validation400/REFUGE-Validation400/V0015.jpg,REFUGE,0,,REFUGE:image:REFUGE/Refuge/REFUGE-Validation400/REFUGE-Validation400/V0015.jpg,non-glaucoma,dd2dbfc01d67d7f3d7d32eeb675a52a1d9e4fe7d96a0fa53378b46f13f9c4a36,train,test
REFUGE/Refuge/REFUGE-Validation400/REFUGE-Validation400/V0016.jpg,REFUGE,0,,REFUGE:image:REFUGE/Refuge/REFUGE-Validation400/REFUGE-Validation400/V0016.jpg,non-glaucoma,6f7d98cae38326b024f22d7c73cbdcc216a55292fd5ad000ee4cde6baf6211b7,train,test
REFUGE/Refuge/REFUGE-Validation400/REFUGE-Validation400/V0017.jpg,REFUGE,0,,REFUGE:image:REFUGE/Refuge/REFUGE-Validation400/REFUGE-Validation400/V0017.jpg,non-glaucoma,6b4d353287a7c2d6144ae26c0771283c4017b79cf3c26ff35762f96db0c44dc3,train,test
REFUGE/Refuge/REFUGE-Validation400/REFUGE-Validation400/V0018.jpg,REFUGE,0,,REFUGE:image:REFUGE/Refuge/REFUGE-Validation400/REFUGE-Validation400/V0018.jpg,non-glaucoma,39e2492cc2e6619530313599f146c45c135fb1d6a5a8421a1cf5e5b1380909da,val,test
REFUGE/Refuge/REFUGE-Validation400/REFUGE-Validation400/V0019.jpg,REFUGE,0,,REFUGE:image:REFUGE/Refuge/REFUGE-Validation400/REFUGE-Validation400/V0019.jpg,non-glaucoma,0f7c3daf7c6044a4c8204a04a21631b4301b565b51d1a5ec5492bbdb6781b7d3,train,test
REFUGE/Refuge/REFUGE-Validation400/REFUGE-Validation400/V0020.jpg,REFUGE,0,,REFUGE:image:REFUGE/Refuge/REFUGE-Validation400/REFUGE-Validation400/V0020.jpg,non-glaucoma,adf11f9c6127cd7b5802fc5b4bbc5a2b96825ffa5ed8cb319062426eeed2eb36,train,test
REFUGE/Refuge/REFUGE-Validation400/REFUGE-Validation400/V0021.jpg,REFUGE,0,,REFUGE:image:REFUGE/Refuge/REFUGE-Validation400/REFUGE-Validation400/V0021.jpg,non-glaucoma,9d8fb8e3664c61ba4cab9abca24f4ede0192bad818e2ef077d7fed423e2a0fe2,train,test
REFUGE/Refuge/REFUGE-Validation400/REFUGE-Validation400/V0022.jpg,REFUGE,0,,REFUGE:image:REFUGE/Refuge/REFUGE-Validation400/REFUGE-Validation400/V0022.jpg,non-glaucoma,9cc581a2c207c05a5b09f44c4f21192b707354a5b66cd085b6fbaa9497287683,train,test
REFUGE/Refuge/REFUGE-Validation400/REFUGE-Validation400/V0023.jpg,REFUGE,0,,REFUGE:image:REFUGE/Refuge/REFUGE-Validation400/REFUGE-Validation400/V0023.jpg,non-glaucoma,0b0d72c776444143bbd8e7ebc14be282a400ca47ce5f3c471577d27cf013fb00,train,test
REFUGE/Refuge/REFUGE-Validation400/REFUGE-Validation400/V0024.jpg,REFUGE,0,,REFUGE:image:REFUGE/Refuge/REFUGE-Validation400/REFUGE-Validation400/V0024.jpg,non-glaucoma,1458a281b61f911a3ae383046c49536c3d796ff9a60d5452e6630a12cc57c842,train,test
REFUGE/Refuge/REFUGE-Validation400/REFUGE-Validation400/V0025.jpg,REFUGE,0,,REFUGE:image:REFUGE/Refuge/REFUGE-Validation400/REFUGE-Validation400/V0025.jpg,non-glaucoma,2e8dd85fc420202dc4b6184dcb9a3714302d25a8c39bf0ed89dd61e34f2f2bf9,train,test
REFUGE/Refuge/REFUGE-Validation400/REFUGE-Validation400/V0026.jpg,REFUGE,1,,REFUGE:image:REFUGE/Refuge/REFUGE-Validation400/REFUGE-Validation400/V0026.jpg,glaucoma,9cfdea0ed58a78a057e81a103c31fe424c5a820fc4af88cd31595435dfb3c15c,train,test
REFUGE/Refuge/REFUGE-Validation400/REFUGE-Validation400/V0027.jpg,REFUGE,0,,REFUGE:image:REFUGE/Refuge/REFUGE-Validation400/REFUGE-Validation400/V0027.jpg,non-glaucoma,bc32c08850dbbbf51e4c252a9cabee98c125e709a131ac65e15a85be564366b7,train,test
REFUGE/Refuge/REFUGE-Validation400/REFUGE-Validation400/V0028.jpg,REFUGE,1,,REFUGE:image:REFUGE/Refuge/REFUGE-Validation400/REFUGE-Validation400/V0028.jpg,glaucoma,a19892f6730a2670c5c1be606cc1434597251db7c845e9a71c371abe8c0b1d26,train,test
REFUGE/Refuge/REFUGE-Validation400/REFUGE-Validation400/V0029.jpg,REFUGE,0,,REFUGE:image:REFUGE/Refuge/REFUGE-Validation400/REFUGE-Validation400/V0029.jpg,non-glaucoma,98686258076edade15c9a8a8474d7a958f9ce6204b167b22d74aa7ec2067907c,train,test
REFUGE/Refuge/REFUGE-Validation400/REFUGE-Validation400/V0030.jpg,REFUGE,0,,REFUGE:image:REFUGE/Refuge/REFUGE-Validation400/REFUGE-Validation400/V0030.jpg,non-glaucoma,b4bda46f471ebf3128f8045c2e32aa1f9c895b9a9db0c296e5ffc9f98c061724,train,test
REFUGE/Refuge/REFUGE-Validation400/REFUGE-Validation400/V0031.jpg,REFUGE,0,,REFUGE:image:REFUGE/Refuge/REFUGE-Validation400/REFUGE-Validation400/V0031.jpg,non-glaucoma,c0004aeae0e5ef5913834dae9da351be625b5552c93a92b3ef494483e6e5c428,train,test
REFUGE/Refuge/REFUGE-Validation400/REFUGE-Validation400/V0032.jpg,REFUGE,1,,REFUGE:image:REFUGE/Refuge/REFUGE-Validation400/REFUGE-Validation400/V0032.jpg,glaucoma,cd3ff6c59984789af3e5a35ae7a7c913555e19ee0094e611f5477d2c2ae00cf2,train,test
REFUGE/Refuge/REFUGE-Validation400/REFUGE-Validation400/V0033.jpg,REFUGE,0,,REFUGE:image:REFUGE/Refuge/REFUGE-Validation400/REFUGE-Validation400/V0033.jpg,non-glaucoma,8e13d71f4c24385779161bf90b2d0640c564ef672e4f253ff2409bd3cbb48c77,train,test
REFUGE/Refuge/REFUGE-Validation400/REFUGE-Validation400/V0034.jpg,REFUGE,0,,REFUGE:image:REFUGE/Refuge/REFUGE-Validation400/REFUGE-Validation400/V0034.jpg,non-glaucoma,1d3c792370d6013fd857197a3fcd56bfa5aad37f9ed4333761e88f18f93bc197,train,test
REFUGE/Refuge/REFUGE-Validation400/REFUGE-Validation400/V0035.jpg,REFUGE,0,,REFUGE:image:REFUGE/Refuge/REFUGE-Validation400/REFUGE-Validation400/V0035.jpg,non-glaucoma,efecf6c89435a8e1224a1ecf3dbc59dbf09d1cbfcd3965af426609896b659b8f,train,test
REFUGE/Refuge/REFUGE-Validation400/REFUGE-Validation400/V0036.jpg,REFUGE,0,,REFUGE:image:REFUGE/Refuge/REFUGE-Validation400/REFUGE-Validation400/V0036.jpg,non-glaucoma,a978b99795364f637d12b83b2343e39de04ce323732dd3be5de8af68a19e5bd1,val,test
REFUGE/Refuge/REFUGE-Validation400/REFUGE-Validation400/V0037.jpg,REFUGE,0,,REFUGE:image:REFUGE/Refuge/REFUGE-Validation400/REFUGE-Validation400/V0037.jpg,non-glaucoma,5d5518b05eb636dfa466206ac8570c51ccafef9f74d963e55113ad376b60dfc7,train,test
REFUGE/Refuge/REFUGE-Validation400/REFUGE-Validation400/V0038.jpg,REFUGE,0,,REFUGE:image:REFUGE/Refuge/REFUGE-Validation400/REFUGE-Validation400/V0038.jpg,non-glaucoma,949347e38719887959d886c2fd6ad9def959838ad84495caf807f146cc7c9d70,val,test
REFUGE/Refuge/REFUGE-Validation400/REFUGE-Validation400/V0039.jpg,REFUGE,0,,REFUGE:image:REFUGE/Refuge/REFUGE-Validation400/REFUGE-Validation400/V0039.jpg,non-glaucoma,31cb9ac633221eaf04d2bf277f8abd9ffe023a75fd370c52d2965ea5a8581caf,val,test
REFUGE/Refuge/REFUGE-Validation400/REFUGE-Validation400/V0040.jpg,REFUGE,0,,REFUGE:image:REFUGE/Refuge/REFUGE-Validation400/REFUGE-Validation400/V0040.jpg,non-glaucoma,868096d7989cbe071adf24c43946c27b78582ed4c34daf61c10be1a6a4da078b,train,test
REFUGE/Refuge/REFUGE-Validation400/REFUGE-Validation400/V0041.jpg,REFUGE,1,,REFUGE:image:REFUGE/Refuge/REFUGE-Validation400/REFUGE-Validation400/V0041.jpg,glaucoma,42f3a9ad1222ad0ebe56fb6027cc9ffb170fa2698a0e015638a3723f3d616f95,train,test
REFUGE/Refuge/REFUGE-Validation400/REFUGE-Validation400/V0042.jpg,REFUGE,0,,REFUGE:image:REFUGE/Refuge/REFUGE-Validation400/REFUGE-Validation400/V0042.jpg,non-glaucoma,af8920d4a0782ff1dc67612fec208767da85b39c9640705b517f82b0c796d7d6,train,test
REFUGE/Refuge/REFUGE-Validation400/REFUGE-Validation400/V0043.jpg,REFUGE,0,,REFUGE:image:REFUGE/Refuge/REFUGE-Validation400/REFUGE-Validation400/V0043.jpg,non-glaucoma,1b1efea83b5ec9d7705eaa08a34aaf410aed1f349225482a17f84d714b8ccb77,train,test
REFUGE/Refuge/REFUGE-Validation400/REFUGE-Validation400/V0044.jpg,REFUGE,0,,REFUGE:image:REFUGE/Refuge/REFUGE-Validation400/REFUGE-Validation400/V0044.jpg,non-glaucoma,8a6bc30e62ef6a7c119abcea1442e6240b4195db53872b1f0bcd73c82cb41ee4,train,test
REFUGE/Refuge/REFUGE-Validation400/REFUGE-Validation400/V0045.jpg,REFUGE,0,,REFUGE:image:REFUGE/Refuge/REFUGE-Validation400/REFUGE-Validation400/V0045.jpg,non-glaucoma,141f33b23d99377ac82292eddc1983e6caf55546d5dd2caeb2a6f73893d8218c,train,test
REFUGE/Refuge/REFUGE-Validation400/REFUGE-Validation400/V0046.jpg,REFUGE,1,,REFUGE:image:REFUGE/Refuge/REFUGE-Validation400/REFUGE-Validation400/V0046.jpg,glaucoma,b16d12c6b8dbd95f7aa12c38ce66d033ea4c31a9748d5545968c3a33d4c141e7,train,test
REFUGE/Refuge/REFUGE-Validation400/REFUGE-Validation400/V0047.jpg,REFUGE,0,,REFUGE:image:REFUGE/Refuge/REFUGE-Validation400/REFUGE-Validation400/V0047.jpg,non-glaucoma,8649dfb2f04a784c8a551a9703a0fb488eeb6d09330cc505c803f6194eb8ee8e,train,test
REFUGE/Refuge/REFUGE-Validation400/REFUGE-Validation400/V0048.jpg,REFUGE,0,,REFUGE:image:REFUGE/Refuge/REFUGE-Validation400/REFUGE-Validation400/V0048.jpg,non-glaucoma,6acf108d918341300b9fd9f74315d5ed731ad1d8edd4c03be64ed44963f88f31,train,test
REFUGE/Refuge/REFUGE-Validation400/REFUGE-Validation400/V0049.jpg,REFUGE,1,,REFUGE:image:REFUGE/Refuge/REFUGE-Validation400/REFUGE-Validation400/V0049.jpg,glaucoma,889decb84505c6741c05488259687e2cecd098005c89d76b8c1d7c59c21a6355,train,test
REFUGE/Refuge/REFUGE-Validation400/REFUGE-Validation400/V0050.jpg,REFUGE,0,,REFUGE:image:REFUGE/Refuge/REFUGE-Validation400/REFUGE-Validation400/V0050.jpg,non-glaucoma,4922fc9d0890f02c019f4d293e69360264d53dd77e4335f0e7d8c8a25dedb68f,train,test
REFUGE/Refuge/REFUGE-Validation400/REFUGE-Validation400/V0051.jpg,REFUGE,0,,REFUGE:image:REFUGE/Refuge/REFUGE-Validation400/REFUGE-Validation400/V0051.jpg,non-glaucoma,6b8fbe9a38dcb655beadc3d32041d0966dd660d01f96d6428bfcb7f340788caf,train,test
REFUGE/Refuge/REFUGE-Validation400/REFUGE-Validation400/V0052.jpg,REFUGE,0,,REFUGE:image:REFUGE/Refuge/REFUGE-Validation400/REFUGE-Validation400/V0052.jpg,non-glaucoma,8e6fc8a5ed7b2475dc05a3e0c30c4d8af5f3c8b82cd5919a20e228f84dd31539,train,test
REFUGE/Refuge/REFUGE-Validation400/REFUGE-Validation400/V0053.jpg,REFUGE,0,,REFUGE:image:REFUGE/Refuge/REFUGE-Validation400/REFUGE-Validation400/V0053.jpg,non-glaucoma,b5c7761bf4919051da253feb4146a64f0068c4b5eb6760425fa57be0e1910f0c,val,test
REFUGE/Refuge/REFUGE-Validation400/REFUGE-Validation400/V0054.jpg,REFUGE,1,,REFUGE:image:REFUGE/Refuge/REFUGE-Validation400/REFUGE-Validation400/V0054.jpg,glaucoma,dcd5e20c87f8104d7e1aa47ab6679c3a22d6029411df2e102ae5292622ecbbd3,train,test
REFUGE/Refuge/REFUGE-Validation400/REFUGE-Validation400/V0055.jpg,REFUGE,0,,REFUGE:image:REFUGE/Refuge/REFUGE-Validation400/REFUGE-Validation400/V0055.jpg,non-glaucoma,dd3ce89bdf60c5ddca961a7be12c7d2401f2ee6fdad6f80b0cdccc5b2d216668,train,test
REFUGE/Refuge/REFUGE-Validation400/REFUGE-Validation400/V0056.jpg,REFUGE,0,,REFUGE:image:REFUGE/Refuge/REFUGE-Validation400/REFUGE-Validation400/V0056.jpg,non-glaucoma,dc52f3c2351f32d297a3d36bfd5e554da731f4e533515af62175bcddc881b594,val,test
REFUGE/Refuge/REFUGE-Validation400/REFUGE-Validation400/V0057.jpg,REFUGE,0,,REFUGE:image:REFUGE/Refuge/REFUGE-Validation400/REFUGE-Validation400/V0057.jpg,non-glaucoma,00336bdf1ecc8c1d15ade327c1d932757501b0d033d45befcffda829eeab9c08,train,test
REFUGE/Refuge/REFUGE-Validation400/REFUGE-Validation400/V0058.jpg,REFUGE,0,,REFUGE:image:REFUGE/Refuge/REFUGE-Validation400/REFUGE-Validation400/V0058.jpg,non-glaucoma,75c79b2370cae9bf6a91ec110d266fa93b94e0d1277927e30a4512b780a170b1,train,test
REFUGE/Refuge/REFUGE-Validation400/REFUGE-Validation400/V0059.jpg,REFUGE,0,,REFUGE:image:REFUGE/Refuge/REFUGE-Validation400/REFUGE-Validation400/V0059.jpg,non-glaucoma,60d75a77d6d42ba7ec44a2d39a069235c71306cfc8321a83a8f934f311da77bf,train,test
REFUGE/Refuge/REFUGE-Validation400/REFUGE-Validation400/V0060.jpg,REFUGE,0,,REFUGE:image:REFUGE/Refuge/REFUGE-Validation400/REFUGE-Validation400/V0060.jpg,non-glaucoma,f4050d5a1343ea60d3480ca0d20f9ff2e73a9f80f6ce29cd002d73eb371fae2c,train,test
REFUGE/Refuge/REFUGE-Validation400/REFUGE-Validation400/V0061.jpg,REFUGE,0,,REFUGE:image:REFUGE/Refuge/REFUGE-Validation400/REFUGE-Validation400/V0061.jpg,non-glaucoma,f36e7dafa4f49f01a47ab704f03ed00a8a1e60ca0f5dc9d78d9c53c5ef6c9033,val,test
REFUGE/Refuge/REFUGE-Validation400/REFUGE-Validation400/V0062.jpg,REFUGE,0,,REFUGE:image:REFUGE/Refuge/REFUGE-Validation400/REFUGE-Validation400/V0062.jpg,non-glaucoma,d9823088ae818959ae3f511e7d40a61134669cd4034d530ef4d61f38f044e508,train,test
REFUGE/Refuge/REFUGE-Validation400/REFUGE-Validation400/V0063.jpg,REFUGE,0,,REFUGE:image:REFUGE/Refuge/REFUGE-Validation400/REFUGE-Validation400/V0063.jpg,non-glaucoma,50748563201e6a47447e40a5dbb235c9f10ad1d2c9bb274ec91049efe423aea2,train,test
REFUGE/Refuge/REFUGE-Validation400/REFUGE-Validation400/V0064.jpg,REFUGE,0,,REFUGE:image:REFUGE/Refuge/REFUGE-Validation400/REFUGE-Validation400/V0064.jpg,non-glaucoma,cbe7cbf8e1904e7561338996bed442e04ed5da3375104657cf9555d466bdfa50,val,test
REFUGE/Refuge/REFUGE-Validation400/REFUGE-Validation400/V0065.jpg,REFUGE,0,,REFUGE:image:REFUGE/Refuge/REFUGE-Validation400/REFUGE-Validation400/V0065.jpg,non-glaucoma,93ed7646b72b8eb944927225533515ceb87abe3bc9badbe6ba2dfbf8794bba3c,train,test
REFUGE/Refuge/REFUGE-Validation400/REFUGE-Validation400/V0066.jpg,REFUGE,0,,REFUGE:image:REFUGE/Refuge/REFUGE-Validation400/REFUGE-Validation400/V0066.jpg,non-glaucoma,2c99dbe9f49bdcdf2bc22d8dbd87beffbf48a4a1f7b5b8cbfba7c76bf589b4f3,train,test
REFUGE/Refuge/REFUGE-Validation400/REFUGE-Validation400/V0067.jpg,REFUGE,0,,REFUGE:image:REFUGE/Refuge/REFUGE-Validation400/REFUGE-Validation400/V0067.jpg,non-glaucoma,cbefe7b58d391252cb2eae43a29ba4d225404284607e5362c0627092e9e7b0b8,train,test
REFUGE/Refuge/REFUGE-Validation400/REFUGE-Validation400/V0068.jpg,REFUGE,0,,REFUGE:image:REFUGE/Refuge/REFUGE-Validation400/REFUGE-Validation400/V0068.jpg,non-glaucoma,d9bd9939b3b7058a5e6adf80d6e4dffcab15824cd275013683d55a291944a057,train,test
REFUGE/Refuge/REFUGE-Validation400/REFUGE-Validation400/V0069.jpg,REFUGE,0,,REFUGE:image:REFUGE/Refuge/REFUGE-Validation400/REFUGE-Validation400/V0069.jpg,non-glaucoma,31a806f33747fcb6bc1ba7e8e49819433648f2026fec214025d5503430c9f507,train,test
REFUGE/Refuge/REFUGE-Validation400/REFUGE-Validation400/V0070.jpg,REFUGE,0,,REFUGE:image:REFUGE/Refuge/REFUGE-Validation400/REFUGE-Validation400/V0070.jpg,non-glaucoma,20d95aa25a3b5f131092a00635e44fa8c241f2e9b10e3d4efd4dcf8efccb1b47,train,test
REFUGE/Refuge/REFUGE-Validation400/REFUGE-Validation400/V0071.jpg,REFUGE,0,,REFUGE:image:REFUGE/Refuge/REFUGE-Validation400/REFUGE-Validation400/V0071.jpg,non-glaucoma,5b25ca654d34da3e899ebe840066ef7d5cad7c54932149acc4bb8ed9d600fff9,train,test
REFUGE/Refuge/REFUGE-Validation400/REFUGE-Validation400/V0072.jpg,REFUGE,0,,REFUGE:image:REFUGE/Refuge/REFUGE-Validation400/REFUGE-Validation400/V0072.jpg,non-glaucoma,c03c20d7cb77cf6f0d6e94ffee9bef98c1c3e1bef255d9ff5375952111c0fc87,train,test
REFUGE/Refuge/REFUGE-Validation400/REFUGE-Validation400/V0073.jpg,REFUGE,0,,REFUGE:image:REFUGE/Refuge/REFUGE-Validation400/REFUGE-Validation400/V0073.jpg,non-glaucoma,c99a5f24ef9162f5de9992b0d3c934a695cef9bfdf0051a2332852f0bcff2421,train,test
REFUGE/Refuge/REFUGE-Validation400/REFUGE-Validation400/V0074.jpg,REFUGE,0,,REFUGE:image:REFUGE/Refuge/REFUGE-Validation400/REFUGE-Validation400/V0074.jpg,non-glaucoma,89cb05336913c737e4eb40b0850dd9669b3ea4063d176d0a07bfed90d9440040,train,test
REFUGE/Refuge/REFUGE-Validation400/REFUGE-Validation400/V0075.jpg,REFUGE,1,,REFUGE:image:REFUGE/Refuge/REFUGE-Validation400/REFUGE-Validation400/V0075.jpg,glaucoma,6ee71c259ec76554ad96daf28328204cd86574549015068ac1a19fad151760fe,train,test
REFUGE/Refuge/REFUGE-Validation400/REFUGE-Validation400/V0076.jpg,REFUGE,0,,REFUGE:image:REFUGE/Refuge/REFUGE-Validation400/REFUGE-Validation400/V0076.jpg,non-glaucoma,12ca113632d543022999d5ac9fe559532568aae6946cd1b4f08e3baeb911bb9d,train,test
REFUGE/Refuge/REFUGE-Validation400/REFUGE-Validation400/V0077.jpg,REFUGE,0,,REFUGE:image:REFUGE/Refuge/REFUGE-Validation400/REFUGE-Validation400/V0077.jpg,non-glaucoma,97449879fb6575b850e292ce713a0907de55ccac9faa5f1b682d293a32544e57,train,test
REFUGE/Refuge/REFUGE-Validation400/REFUGE-Validation400/V0078.jpg,REFUGE,0,,REFUGE:image:REFUGE/Refuge/REFUGE-Validation400/REFUGE-Validation400/V0078.jpg,non-glaucoma,a9518965b4dd8f94bae8ba5befbb3d73b0414a39a4238cff053d0f4324fd4157,val,test
REFUGE/Refuge/REFUGE-Validation400/REFUGE-Validation400/V0079.jpg,REFUGE,0,,REFUGE:image:REFUGE/Refuge/REFUGE-Validation400/REFUGE-Validation400/V0079.jpg,non-glaucoma,e5cdb4effac3901a4388368fc6c8d500786640c606f1ad2d325f18fdf87fabef,train,test
REFUGE/Refuge/REFUGE-Validation400/REFUGE-Validation400/V0080.jpg,REFUGE,0,,REFUGE:image:REFUGE/Refuge/REFUGE-Validation400/REFUGE-Validation400/V0080.jpg,non-glaucoma,7b3f62930e6ac08829180f686647b39b7dff51059286dde2ccaf045fcaa91c5d,train,test
REFUGE/Refuge/REFUGE-Validation400/REFUGE-Validation400/V0081.jpg,REFUGE,0,,REFUGE:image:REFUGE/Refuge/REFUGE-Validation400/REFUGE-Validation400/V0081.jpg,non-glaucoma,15ed18d1f55f966212e294f7f19de88be36c61605a91b558ea1b56b94a53cd54,train,test
REFUGE/Refuge/REFUGE-Validation400/REFUGE-Validation400/V0082.jpg,REFUGE,0,,REFUGE:image:REFUGE/Refuge/REFUGE-Validation400/REFUGE-Validation400/V0082.jpg,non-glaucoma,9ce36dc797d59c19742875d7f06ee4a10fa6e31990ae21052cb4f7e51c0c889f,val,test
REFUGE/Refuge/REFUGE-Validation400/REFUGE-Validation400/V0083.jpg,REFUGE,0,,REFUGE:image:REFUGE/Refuge/REFUGE-Validation400/REFUGE-Validation400/V0083.jpg,non-glaucoma,078ce161670d108c2abff5c97d775ac18e1f185d2347286bdf1470cefd6092f5,val,test
REFUGE/Refuge/REFUGE-Validation400/REFUGE-Validation400/V0084.jpg,REFUGE,0,,REFUGE:image:REFUGE/Refuge/REFUGE-Validation400/REFUGE-Validation400/V0084.jpg,non-glaucoma,87c1b325af30a4470800f91de69a33ddf41ad46b504090726beea699ea4c5e43,train,test
REFUGE/Refuge/REFUGE-Validation400/REFUGE-Validation400/V0085.jpg,REFUGE,0,,REFUGE:image:REFUGE/Refuge/REFUGE-Validation400/REFUGE-Validation400/V0085.jpg,non-glaucoma,d385f05c90970947cf73f68127559a50ace392bb218cb73ba778d2ab2340eb86,train,test
REFUGE/Refuge/REFUGE-Validation400/REFUGE-Validation400/V0086.jpg,REFUGE,0,,REFUGE:image:REFUGE/Refuge/REFUGE-Validation400/REFUGE-Validation400/V0086.jpg,non-glaucoma,bd46dde17a6e28418cd0a0d23ac225b72b2c3978a76aff959b829ef2594a34c2,val,test
REFUGE/Refuge/REFUGE-Validation400/REFUGE-Validation400/V0087.jpg,REFUGE,0,,REFUGE:image:REFUGE/Refuge/REFUGE-Validation400/REFUGE-Validation400/V0087.jpg,non-glaucoma,51689fcaa84aa4c98b6b75daaa32490d6e06f259bc5ce5f18daf47286d8f2d34,train,test
REFUGE/Refuge/REFUGE-Validation400/REFUGE-Validation400/V0088.jpg,REFUGE,0,,REFUGE:image:REFUGE/Refuge/REFUGE-Validation400/REFUGE-Validation400/V0088.jpg,non-glaucoma,ca2563c2e45b1d2c96279d4c73a61c5035695ed0b4ddb18c244bd53d14c431d6,train,test
REFUGE/Refuge/REFUGE-Validation400/REFUGE-Validation400/V0089.jpg,REFUGE,0,,REFUGE:image:REFUGE/Refuge/REFUGE-Validation400/REFUGE-Validation400/V0089.jpg,non-glaucoma,b5f49227fe53bba67a082987d4c8a0df454c9593ce94a44cbed3cc28f6760268,train,test
REFUGE/Refuge/REFUGE-Validation400/REFUGE-Validation400/V0090.jpg,REFUGE,0,,REFUGE:image:REFUGE/Refuge/REFUGE-Validation400/REFUGE-Validation400/V0090.jpg,non-glaucoma,cae6026c81cfa152fc031f11fc8bc717945551d2a7661d20c7008f04ff090cf6,val,test
REFUGE/Refuge/REFUGE-Validation400/REFUGE-Validation400/V0091.jpg,REFUGE,0,,REFUGE:image:REFUGE/Refuge/REFUGE-Validation400/REFUGE-Validation400/V0091.jpg,non-glaucoma,e890f9412677454b492d68c325c83d86f5dc020440d00c27da856d2e815299f5,train,test
REFUGE/Refuge/REFUGE-Validation400/REFUGE-Validation400/V0092.jpg,REFUGE,0,,REFUGE:image:REFUGE/Refuge/REFUGE-Validation400/REFUGE-Validation400/V0092.jpg,non-glaucoma,fb3bb520249ff3fbed9fae667a8194eeb7fdb612521eddeceabfaec0b8bd262b,train,test
REFUGE/Refuge/REFUGE-Validation400/REFUGE-Validation400/V0093.jpg,REFUGE,0,,REFUGE:image:REFUGE/Refuge/REFUGE-Validation400/REFUGE-Validation400/V0093.jpg,non-glaucoma,ad03ce215184cac19a57406e6dd205d4a56fdb39ef8aa6ae01d6d3c2b317b232,val,test
REFUGE/Refuge/REFUGE-Validation400/REFUGE-Validation400/V0094.jpg,REFUGE,0,,REFUGE:image:REFUGE/Refuge/REFUGE-Validation400/REFUGE-Validation400/V0094.jpg,non-glaucoma,adaf1c2ae6e3e2c08a3f2053651985afeb363e679edab7ab7c93ee34d3191689,train,test
REFUGE/Refuge/REFUGE-Validation400/REFUGE-Validation400/V0095.jpg,REFUGE,1,,REFUGE:image:REFUGE/Refuge/REFUGE-Validation400/REFUGE-Validation400/V0095.jpg,glaucoma,9cf449e8767ff1a3e02aa78dc5b1f294c1fa1b7c7c85c957a019a7f697c0ff1a,train,test
REFUGE/Refuge/REFUGE-Validation400/REFUGE-Validation400/V0096.jpg,REFUGE,0,,REFUGE:image:REFUGE/Refuge/REFUGE-Validation400/REFUGE-Validation400/V0096.jpg,non-glaucoma,7f3dc0597a357e2ce10f8f4d51ddb2d9262568f5523cd4268b75c6aa5288cbd2,train,test
REFUGE/Refuge/REFUGE-Validation400/REFUGE-Validation400/V0097.jpg,REFUGE,0,,REFUGE:image:REFUGE/Refuge/REFUGE-Validation400/REFUGE-Validation400/V0097.jpg,non-glaucoma,4373956fd3b67ccd9df3f9e1aae4c64bd6e1ce1e9a3e8794adccb007f04ccaeb,train,test
REFUGE/Refuge/REFUGE-Validation400/REFUGE-Validation400/V0098.jpg,REFUGE,1,,REFUGE:image:REFUGE/Refuge/REFUGE-Validation400/REFUGE-Validation400/V0098.jpg,glaucoma,93351c675be1a1a48a1942f2472c3724d545a4814de04a9b338e7e6c7721310b,train,test
REFUGE/Refuge/REFUGE-Validation400/REFUGE-Validation400/V0099.jpg,REFUGE,0,,REFUGE:image:REFUGE/Refuge/REFUGE-Validation400/REFUGE-Validation400/V0099.jpg,non-glaucoma,a80c1a8f0b5221aa3a72c7233c5dca46ed28fdbe03449c820ef8e0ac27ae96f1,train,test
REFUGE/Refuge/REFUGE-Validation400/REFUGE-Validation400/V0100.jpg,REFUGE,1,,REFUGE:image:REFUGE/Refuge/REFUGE-Validation400/REFUGE-Validation400/V0100.jpg,glaucoma,1cfe70ec8bbb0be3a925ab582b3bbfe896a83cde3ec804a9dad74b2e4b38fe63,train,test
REFUGE/Refuge/REFUGE-Validation400/REFUGE-Validation400/V0101.jpg,REFUGE,0,,REFUGE:image:REFUGE/Refuge/REFUGE-Validation400/REFUGE-Validation400/V0101.jpg,non-glaucoma,f32c660125d799a8a3729346874439560f9fde03b60e48f524267bf56bfe55af,train,test
REFUGE/Refuge/REFUGE-Validation400/REFUGE-Validation400/V0102.jpg,REFUGE,0,,REFUGE:image:REFUGE/Refuge/REFUGE-Validation400/REFUGE-Validation400/V0102.jpg,non-glaucoma,92634d97e12f806fdabf70015a14b865e697db6f4c364e3afece7b0d405ea6d7,train,test
REFUGE/Refuge/REFUGE-Validation400/REFUGE-Validation400/V0103.jpg,REFUGE,0,,REFUGE:image:REFUGE/Refuge/REFUGE-Validation400/REFUGE-Validation400/V0103.jpg,non-glaucoma,445bc9cb75c3aa96cd4d88d42277d570d6e02b235d3352cc51f51414288eb378,train,test
REFUGE/Refuge/REFUGE-Validation400/REFUGE-Validation400/V0104.jpg,REFUGE,0,,REFUGE:image:REFUGE/Refuge/REFUGE-Validation400/REFUGE-Validation400/V0104.jpg,non-glaucoma,d7945f5d31fff96dcb06a7d790ab41aed2f3150effe654d3e3601f2ae7d2a7fe,train,test
REFUGE/Refuge/REFUGE-Validation400/REFUGE-Validation400/V0105.jpg,REFUGE,0,,REFUGE:image:REFUGE/Refuge/REFUGE-Validation400/REFUGE-Validation400/V0105.jpg,non-glaucoma,6dc6e2b0b4d5d3103f785da884cd3724916e1311fa0a52ad0c72b97d616b423d,train,test
REFUGE/Refuge/REFUGE-Validation400/REFUGE-Validation400/V0106.jpg,REFUGE,0,,REFUGE:image:REFUGE/Refuge/REFUGE-Validation400/REFUGE-Validation400/V0106.jpg,non-glaucoma,cd18b0d90f2b7f98ef4546150eb39226bb11cfba5c6a9e13b58f01b83b3040e4,train,test
REFUGE/Refuge/REFUGE-Validation400/REFUGE-Validation400/V0107.jpg,REFUGE,0,,REFUGE:image:REFUGE/Refuge/REFUGE-Validation400/REFUGE-Validation400/V0107.jpg,non-glaucoma,44170fb246c98a2986121fc8c8d748fb920f7f47160fc776d373496f913ddb2b,train,test
REFUGE/Refuge/REFUGE-Validation400/REFUGE-Validation400/V0108.jpg,REFUGE,0,,REFUGE:image:REFUGE/Refuge/REFUGE-Validation400/REFUGE-Validation400/V0108.jpg,non-glaucoma,befec6eaca4bf7510ea9ec78555edcf063501666059410c1982149bf47233c05,train,test
REFUGE/Refuge/REFUGE-Validation400/REFUGE-Validation400/V0109.jpg,REFUGE,0,,REFUGE:image:REFUGE/Refuge/REFUGE-Validation400/REFUGE-Validation400/V0109.jpg,non-glaucoma,8f0e2ca8722d4db1d174e296ed323c171edd4b49f2249127e88b1e89bbda1772,train,test
REFUGE/Refuge/REFUGE-Validation400/REFUGE-Validation400/V0110.jpg,REFUGE,0,,REFUGE:image:REFUGE/Refuge/REFUGE-Validation400/REFUGE-Validation400/V0110.jpg,non-glaucoma,f2899845618af7f084ae3a0fa868ecb5ca5c36616130dd7a60a6158b58153cde,train,test
REFUGE/Refuge/REFUGE-Validation400/REFUGE-Validation400/V0111.jpg,REFUGE,0,,REFUGE:image:REFUGE/Refuge/REFUGE-Validation400/REFUGE-Validation400/V0111.jpg,non-glaucoma,e7369934235f579c5628e05290e7ab2a44dbaec1f3a1e753a5031595a93434b3,train,test
REFUGE/Refuge/REFUGE-Validation400/REFUGE-Validation400/V0112.jpg,REFUGE,0,,REFUGE:image:REFUGE/Refuge/REFUGE-Validation400/REFUGE-Validation400/V0112.jpg,non-glaucoma,c7c2926a899fc55d5cc9539331c31b217c4df9f55474cc5fc52097a316b35fcd,train,test
REFUGE/Refuge/REFUGE-Validation400/REFUGE-Validation400/V0113.jpg,REFUGE,0,,REFUGE:image:REFUGE/Refuge/REFUGE-Validation400/REFUGE-Validation400/V0113.jpg,non-glaucoma,bd13eeed5dd856bd02ef6170c132f7c08c8adc91bc752056c36b59c162e0cf78,train,test
REFUGE/Refuge/REFUGE-Validation400/REFUGE-Validation400/V0114.jpg,REFUGE,0,,REFUGE:image:REFUGE/Refuge/REFUGE-Validation400/REFUGE-Validation400/V0114.jpg,non-glaucoma,7e595426710fe9d7852ca7c4f1f24860dfdfb6f7eb0febe87b569d4ab2e0b43f,train,test
REFUGE/Refuge/REFUGE-Validation400/REFUGE-Validation400/V0115.jpg,REFUGE,0,,REFUGE:image:REFUGE/Refuge/REFUGE-Validation400/REFUGE-Validation400/V0115.jpg,non-glaucoma,6452b59a7c185a1695dd77c6c628af1bc84b0984d1f99ebe5c9b2f6090369619,train,test
REFUGE/Refuge/REFUGE-Validation400/REFUGE-Validation400/V0116.jpg,REFUGE,0,,REFUGE:image:REFUGE/Refuge/REFUGE-Validation400/REFUGE-Validation400/V0116.jpg,non-glaucoma,75c092c42072ab069255888fe218a1eb7155a7dacd359e455bd7a437883cf2f8,train,test
REFUGE/Refuge/REFUGE-Validation400/REFUGE-Validation400/V0117.jpg,REFUGE,0,,REFUGE:image:REFUGE/Refuge/REFUGE-Validation400/REFUGE-Validation400/V0117.jpg,non-glaucoma,9337c3e1a4d961979f1f5231eb078cb79b00ecc32fc86bfc6bdc78d6e746384a,train,test
REFUGE/Refuge/REFUGE-Validation400/REFUGE-Validation400/V0118.jpg,REFUGE,0,,REFUGE:image:REFUGE/Refuge/REFUGE-Validation400/REFUGE-Validation400/V0118.jpg,non-glaucoma,41f9d02ff10ec86a23d530cf48b81a177c8787b28e7baa5c78d893e54a2c6ad2,train,test
REFUGE/Refuge/REFUGE-Validation400/REFUGE-Validation400/V0119.jpg,REFUGE,0,,REFUGE:image:REFUGE/Refuge/REFUGE-Validation400/REFUGE-Validation400/V0119.jpg,non-glaucoma,e8ac5ee8ab913499003529dddea5a308e91f9e501241c93796880787b00176ca,train,test
REFUGE/Refuge/REFUGE-Validation400/REFUGE-Validation400/V0120.jpg,REFUGE,0,,REFUGE:image:REFUGE/Refuge/REFUGE-Validation400/REFUGE-Validation400/V0120.jpg,non-glaucoma,506cec3e3d91dc38e93d10ff4f92a24d41c249e9d749738690e93bee04ae0cc9,train,test
REFUGE/Refuge/REFUGE-Validation400/REFUGE-Validation400/V0121.jpg,REFUGE,0,,REFUGE:image:REFUGE/Refuge/REFUGE-Validation400/REFUGE-Validation400/V0121.jpg,non-glaucoma,faa0271c17206c111d5fb8388e2858eafd3639392ccdfbacdf3b97fe5a47b29b,val,test
REFUGE/Refuge/REFUGE-Validation400/REFUGE-Validation400/V0122.jpg,REFUGE,0,,REFUGE:image:REFUGE/Refuge/REFUGE-Validation400/REFUGE-Validation400/V0122.jpg,non-glaucoma,36e6e9821b1145076740b4677005a90aca5726703bcac9e55be37e4d43fb6f8e,train,test
REFUGE/Refuge/REFUGE-Validation400/REFUGE-Validation400/V0123.jpg,REFUGE,0,,REFUGE:image:REFUGE/Refuge/REFUGE-Validation400/REFUGE-Validation400/V0123.jpg,non-glaucoma,485c83d1cfb7fa6ccf37b92939bd479b58f569b8f3b787073d296519e1401dc7,train,test
REFUGE/Refuge/REFUGE-Validation400/REFUGE-Validation400/V0124.jpg,REFUGE,0,,REFUGE:image:REFUGE/Refuge/REFUGE-Validation400/REFUGE-Validation400/V0124.jpg,non-glaucoma,9ceba0acf36e2a94ba13712d8f827cd565cb3e2232a8cddb118272402f655135,val,test
REFUGE/Refuge/REFUGE-Validation400/REFUGE-Validation400/V0125.jpg,REFUGE,1,,REFUGE:image:REFUGE/Refuge/REFUGE-Validation400/REFUGE-Validation400/V0125.jpg,glaucoma,1977973878ea29784534fa25b214c3f16578158d9920ce79f93b56da3592be54,train,test
REFUGE/Refuge/REFUGE-Validation400/REFUGE-Validation400/V0126.jpg,REFUGE,0,,REFUGE:image:REFUGE/Refuge/REFUGE-Validation400/REFUGE-Validation400/V0126.jpg,non-glaucoma,7a8ba1097336b296ce7ae359bba02b9f0ce71293f9ce047665fc3240921562ba,train,test
REFUGE/Refuge/REFUGE-Validation400/REFUGE-Validation400/V0127.jpg,REFUGE,0,,REFUGE:image:REFUGE/Refuge/REFUGE-Validation400/REFUGE-Validation400/V0127.jpg,non-glaucoma,36750635f3be7b472b070ec132c5f8e2a7fe481d0c8a5c3ab3a164ca93b37449,train,test
REFUGE/Refuge/REFUGE-Validation400/REFUGE-Validation400/V0128.jpg,REFUGE,1,,REFUGE:image:REFUGE/Refuge/REFUGE-Validation400/REFUGE-Validation400/V0128.jpg,glaucoma,092e3b473ec782c7772704e719b861cc145542890f8874445a965af4c7dd2cf7,train,test
REFUGE/Refuge/REFUGE-Validation400/REFUGE-Validation400/V0129.jpg,REFUGE,0,,REFUGE:image:REFUGE/Refuge/REFUGE-Validation400/REFUGE-Validation400/V0129.jpg,non-glaucoma,dc932241d1b3c1cd82e6bbd2470a4315e48ff063c44660a1fadf8a6e26374492,train,test
REFUGE/Refuge/REFUGE-Validation400/REFUGE-Validation400/V0130.jpg,REFUGE,0,,REFUGE:image:REFUGE/Refuge/REFUGE-Validation400/REFUGE-Validation400/V0130.jpg,non-glaucoma,fde8c70b53c9986afa1f1101efeeb7e7b43d15e6df128c41e71bf5f09181cd30,train,test
REFUGE/Refuge/REFUGE-Validation400/REFUGE-Validation400/V0131.jpg,REFUGE,0,,REFUGE:image:REFUGE/Refuge/REFUGE-Validation400/REFUGE-Validation400/V0131.jpg,non-glaucoma,25da1f97ecebc640e0558bad09e5fb2cced767fcc712f628ee8e03e4466a2273,train,test
REFUGE/Refuge/REFUGE-Validation400/REFUGE-Validation400/V0132.jpg,REFUGE,0,,REFUGE:image:REFUGE/Refuge/REFUGE-Validation400/REFUGE-Validation400/V0132.jpg,non-glaucoma,6bf17f52881f93614ebe3fd5e8a595ac8ae86e3d88fb6d690a19eb11a7de70c6,train,test
REFUGE/Refuge/REFUGE-Validation400/REFUGE-Validation400/V0133.jpg,REFUGE,0,,REFUGE:image:REFUGE/Refuge/REFUGE-Validation400/REFUGE-Validation400/V0133.jpg,non-glaucoma,b872f079c4f2d73ece8206cb301d1d0100c0810f13f16965307523a23ef92766,train,test
REFUGE/Refuge/REFUGE-Validation400/REFUGE-Validation400/V0134.jpg,REFUGE,0,,REFUGE:image:REFUGE/Refuge/REFUGE-Validation400/REFUGE-Validation400/V0134.jpg,non-glaucoma,0d8a318d01a8bedbdcbe199543976b32360d4738b2c591156442829aa1dc36ec,train,test
REFUGE/Refuge/REFUGE-Validation400/REFUGE-Validation400/V0135.jpg,REFUGE,0,,REFUGE:image:REFUGE/Refuge/REFUGE-Validation400/REFUGE-Validation400/V0135.jpg,non-glaucoma,c4e6bd350182f77666a1be542ed7e0f2a6750686936649008943be6c3c85fd35,train,test
REFUGE/Refuge/REFUGE-Validation400/REFUGE-Validation400/V0136.jpg,REFUGE,0,,REFUGE:image:REFUGE/Refuge/REFUGE-Validation400/REFUGE-Validation400/V0136.jpg,non-glaucoma,e86889235082769e0722d8033c8f07a70a1dd7ade9bf01dba8c62a6ba6f4dfb9,train,test
REFUGE/Refuge/REFUGE-Validation400/REFUGE-Validation400/V0137.jpg,REFUGE,0,,REFUGE:image:REFUGE/Refuge/REFUGE-Validation400/REFUGE-Validation400/V0137.jpg,non-glaucoma,2d77f61865f2fc976463c8ffe45404c558d647c7becd7a8bd2bba9523e141342,train,test
REFUGE/Refuge/REFUGE-Validation400/REFUGE-Validation400/V0138.jpg,REFUGE,0,,REFUGE:image:REFUGE/Refuge/REFUGE-Validation400/REFUGE-Validation400/V0138.jpg,non-glaucoma,29186db931d9cade71885d3829651d7af9e6cf9c27b71cbf30ad0bc54a7e88f6,train,test
REFUGE/Refuge/REFUGE-Validation400/REFUGE-Validation400/V0139.jpg,REFUGE,0,,REFUGE:image:REFUGE/Refuge/REFUGE-Validation400/REFUGE-Validation400/V0139.jpg,non-glaucoma,a9606b987b701582eccf03e8420b766dc2e9cacaaf51305952c9d65ea68ffaba,train,test
REFUGE/Refuge/REFUGE-Validation400/REFUGE-Validation400/V0140.jpg,REFUGE,0,,REFUGE:image:REFUGE/Refuge/REFUGE-Validation400/REFUGE-Validation400/V0140.jpg,non-glaucoma,0b9c620d42a3069297e8646e010deca8a0834e84c4ad2388344fc32b57f3005c,train,test
REFUGE/Refuge/REFUGE-Validation400/REFUGE-Validation400/V0141.jpg,REFUGE,0,,REFUGE:image:REFUGE/Refuge/REFUGE-Validation400/REFUGE-Validation400/V0141.jpg,non-glaucoma,e08a8b1d952934c2e84d96656691ee8319ab571978ab2d8bbbb706f6a9a4c560,train,test
REFUGE/Refuge/REFUGE-Validation400/REFUGE-Validation400/V0142.jpg,REFUGE,0,,REFUGE:image:REFUGE/Refuge/REFUGE-Validation400/REFUGE-Validation400/V0142.jpg,non-glaucoma,e13778beb15f9a98588a179d91f8a87556c7ebca461217db2528925f626637c9,train,test
REFUGE/Refuge/REFUGE-Validation400/REFUGE-Validation400/V0143.jpg,REFUGE,0,,REFUGE:image:REFUGE/Refuge/REFUGE-Validation400/REFUGE-Validation400/V0143.jpg,non-glaucoma,bea9cbf1b08e06feb069f59dff4592f93a7333befdb1d711c51e789a667abf67,train,test
REFUGE/Refuge/REFUGE-Validation400/REFUGE-Validation400/V0144.jpg,REFUGE,0,,REFUGE:image:REFUGE/Refuge/REFUGE-Validation400/REFUGE-Validation400/V0144.jpg,non-glaucoma,848135c0fcfefaa71e73ccb035594a6634430a21023db421ebe5c37faaa1ea05,train,test
REFUGE/Refuge/REFUGE-Validation400/REFUGE-Validation400/V0145.jpg,REFUGE,0,,REFUGE:image:REFUGE/Refuge/REFUGE-Validation400/REFUGE-Validation400/V0145.jpg,non-glaucoma,1836e6f423a2e5737d9d1073771cfac2d66f94412e72e34a05ddea01670e3410,train,test
REFUGE/Refuge/REFUGE-Validation400/REFUGE-Validation400/V0146.jpg,REFUGE,0,,REFUGE:image:REFUGE/Refuge/REFUGE-Validation400/REFUGE-Validation400/V0146.jpg,non-glaucoma,cb7e1fa2b7242a6965515ab210f38e5417f45e2d8aa455ef5aba8dd0b5cc9f58,train,test
REFUGE/Refuge/REFUGE-Validation400/REFUGE-Validation400/V0147.jpg,REFUGE,0,,REFUGE:image:REFUGE/Refuge/REFUGE-Validation400/REFUGE-Validation400/V0147.jpg,non-glaucoma,050576514abb0f3fa8b1c5b7fca57d8a7d5c68235951f6ca3118311966e798ec,train,test
REFUGE/Refuge/REFUGE-Validation400/REFUGE-Validation400/V0148.jpg,REFUGE,0,,REFUGE:image:REFUGE/Refuge/REFUGE-Validation400/REFUGE-Validation400/V0148.jpg,non-glaucoma,d1764ff86c90e73b6a1cd2f52a4e46ca5dd00a7e5dc9eb95218416b225e63d2a,train,test
REFUGE/Refuge/REFUGE-Validation400/REFUGE-Validation400/V0149.jpg,REFUGE,1,,REFUGE:image:REFUGE/Refuge/REFUGE-Validation400/REFUGE-Validation400/V0149.jpg,glaucoma,60ff9cb7c792c9c96a2c533532fec07289c3eb835626b4103bce5710b2931f6d,train,test
REFUGE/Refuge/REFUGE-Validation400/REFUGE-Validation400/V0150.jpg,REFUGE,0,,REFUGE:image:REFUGE/Refuge/REFUGE-Validation400/REFUGE-Validation400/V0150.jpg,non-glaucoma,b3f7c0d75e31abda3fa3d945697dfe8f5aa9de6c70ffc5a00b4716bc17e64e08,train,test
REFUGE/Refuge/REFUGE-Validation400/REFUGE-Validation400/V0151.jpg,REFUGE,0,,REFUGE:image:REFUGE/Refuge/REFUGE-Validation400/REFUGE-Validation400/V0151.jpg,non-glaucoma,f4c0ff506bfbb056e1f0ba054462a1bbb9f3c73ec4247297fde258b7bde1f5d6,train,test
REFUGE/Refuge/REFUGE-Validation400/REFUGE-Validation400/V0152.jpg,REFUGE,0,,REFUGE:image:REFUGE/Refuge/REFUGE-Validation400/REFUGE-Validation400/V0152.jpg,non-glaucoma,03efbb11c49938e96bbe2e4fc4b98ddf972499abb2baddbafea3cb4b924e886c,train,test
REFUGE/Refuge/REFUGE-Validation400/REFUGE-Validation400/V0153.jpg,REFUGE,0,,REFUGE:image:REFUGE/Refuge/REFUGE-Validation400/REFUGE-Validation400/V0153.jpg,non-glaucoma,4c14bc7a67f44f7f713b4df0740969a120a8b198d736ddfaabd8f565b349633a,train,test
REFUGE/Refuge/REFUGE-Validation400/REFUGE-Validation400/V0154.jpg,REFUGE,0,,REFUGE:image:REFUGE/Refuge/REFUGE-Validation400/REFUGE-Validation400/V0154.jpg,non-glaucoma,f35d080603daa7f6449a33f6c3e203ad4dd314ad6d0a7ebe4715c91ccfb0dc69,train,test
REFUGE/Refuge/REFUGE-Validation400/REFUGE-Validation400/V0155.jpg,REFUGE,0,,REFUGE:image:REFUGE/Refuge/REFUGE-Validation400/REFUGE-Validation400/V0155.jpg,non-glaucoma,925a8a53421433131573b5a0d132c07b9101bf6f75ff81de72eff1e9b20493e5,train,test
REFUGE/Refuge/REFUGE-Validation400/REFUGE-Validation400/V0156.jpg,REFUGE,0,,REFUGE:image:REFUGE/Refuge/REFUGE-Validation400/REFUGE-Validation400/V0156.jpg,non-glaucoma,208331e466691539faa270450c5f8ea0b13ca5cfcd2b19ba2e6d28bf89c9980a,train,test
REFUGE/Refuge/REFUGE-Validation400/REFUGE-Validation400/V0157.jpg,REFUGE,0,,REFUGE:image:REFUGE/Refuge/REFUGE-Validation400/REFUGE-Validation400/V0157.jpg,non-glaucoma,a17840f28212e539a2a7319c97b124e01309badfdcf52d01135897e1b44da68e,train,test
REFUGE/Refuge/REFUGE-Validation400/REFUGE-Validation400/V0158.jpg,REFUGE,0,,REFUGE:image:REFUGE/Refuge/REFUGE-Validation400/REFUGE-Validation400/V0158.jpg,non-glaucoma,156137b098ab3387e541748473fc8126a2deb434165c743fc289c2f91d0859cc,train,test
REFUGE/Refuge/REFUGE-Validation400/REFUGE-Validation400/V0159.jpg,REFUGE,1,,REFUGE:image:REFUGE/Refuge/REFUGE-Validation400/REFUGE-Validation400/V0159.jpg,glaucoma,5d9f7ca4bd4844758301544558a971292ff989b992b8dc63f44ba80e555f1e62,train,test
REFUGE/Refuge/REFUGE-Validation400/REFUGE-Validation400/V0160.jpg,REFUGE,1,,REFUGE:image:REFUGE/Refuge/REFUGE-Validation400/REFUGE-Validation400/V0160.jpg,glaucoma,22262d5a820d5e3bf00d9c376c6ea741ab97bc39004db9c5468b982b3a3a4068,train,test
REFUGE/Refuge/REFUGE-Validation400/REFUGE-Validation400/V0161.jpg,REFUGE,0,,REFUGE:image:REFUGE/Refuge/REFUGE-Validation400/REFUGE-Validation400/V0161.jpg,non-glaucoma,4e2638e0c1c151191970ef7c2615c77b0f316ac8cd64b5750cf3b7d030329084,train,test
REFUGE/Refuge/REFUGE-Validation400/REFUGE-Validation400/V0162.jpg,REFUGE,0,,REFUGE:image:REFUGE/Refuge/REFUGE-Validation400/REFUGE-Validation400/V0162.jpg,non-glaucoma,ccc7a747973148554b801a75ac4cf8bf2b1a2a18d680b844503f725621d6dadd,train,test
REFUGE/Refuge/REFUGE-Validation400/REFUGE-Validation400/V0163.jpg,REFUGE,0,,REFUGE:image:REFUGE/Refuge/REFUGE-Validation400/REFUGE-Validation400/V0163.jpg,non-glaucoma,a8279f13e1ed21e6839b8da7d177248514033b85f62d6f6450545e609ce53e6d,train,test
REFUGE/Refuge/REFUGE-Validation400/REFUGE-Validation400/V0164.jpg,REFUGE,0,,REFUGE:image:REFUGE/Refuge/REFUGE-Validation400/REFUGE-Validation400/V0164.jpg,non-glaucoma,4879d552f12ab23a941a1c906559825e492a0728ca2defb0aae37a06ba5687d8,train,test
REFUGE/Refuge/REFUGE-Validation400/REFUGE-Validation400/V0165.jpg,REFUGE,0,,REFUGE:image:REFUGE/Refuge/REFUGE-Validation400/REFUGE-Validation400/V0165.jpg,non-glaucoma,93d1126e8447ce30fd337143ee3a5de3521835d1da1da4999b4f0354ab3884e4,train,test
REFUGE/Refuge/REFUGE-Validation400/REFUGE-Validation400/V0166.jpg,REFUGE,0,,REFUGE:image:REFUGE/Refuge/REFUGE-Validation400/REFUGE-Validation400/V0166.jpg,non-glaucoma,100a468b90a6ca8e699bc607f89918cfc6299013d3b4dc6deff7ae15b613f5f8,train,test
REFUGE/Refuge/REFUGE-Validation400/REFUGE-Validation400/V0167.jpg,REFUGE,0,,REFUGE:image:REFUGE/Refuge/REFUGE-Validation400/REFUGE-Validation400/V0167.jpg,non-glaucoma,cd24180a670ba04949d8909555fb8538a33fbf9edf616c09c53f0bd7d1c8730c,train,test
REFUGE/Refuge/REFUGE-Validation400/REFUGE-Validation400/V0168.jpg,REFUGE,0,,REFUGE:image:REFUGE/Refuge/REFUGE-Validation400/REFUGE-Validation400/V0168.jpg,non-glaucoma,5194a87c97b0caad16765706473420535058e9008c7620db80ae4e7073d149cb,train,test
REFUGE/Refuge/REFUGE-Validation400/REFUGE-Validation400/V0169.jpg,REFUGE,0,,REFUGE:image:REFUGE/Refuge/REFUGE-Validation400/REFUGE-Validation400/V0169.jpg,non-glaucoma,0c36b23b5e2986a33744eb55c3dcda0687064d629203e905697c275cb50e5c4a,train,test
REFUGE/Refuge/REFUGE-Validation400/REFUGE-Validation400/V0170.jpg,REFUGE,0,,REFUGE:image:REFUGE/Refuge/REFUGE-Validation400/REFUGE-Validation400/V0170.jpg,non-glaucoma,5386c88023e08e2813212110ac31120d14fc260eac9ba25e99a6acb1bfd2757f,train,test
REFUGE/Refuge/REFUGE-Validation400/REFUGE-Validation400/V0171.jpg,REFUGE,1,,REFUGE:image:REFUGE/Refuge/REFUGE-Validation400/REFUGE-Validation400/V0171.jpg,glaucoma,774eae790339cfcc7bfb762c7f4c2915866553442473950f0f82eb4ed5a67b3f,train,test
REFUGE/Refuge/REFUGE-Validation400/REFUGE-Validation400/V0172.jpg,REFUGE,0,,REFUGE:image:REFUGE/Refuge/REFUGE-Validation400/REFUGE-Validation400/V0172.jpg,non-glaucoma,b9f5459f573ee55db83a0a305dabe989f3382af9a04ea72ea17e1f1625099118,train,test
REFUGE/Refuge/REFUGE-Validation400/REFUGE-Validation400/V0173.jpg,REFUGE,0,,REFUGE:image:REFUGE/Refuge/REFUGE-Validation400/REFUGE-Validation400/V0173.jpg,non-glaucoma,ffbcb5b460f54c60acbb499756a0790985a7a5dc6787fe882eb7caf7359b2e7e,train,test
REFUGE/Refuge/REFUGE-Validation400/REFUGE-Validation400/V0174.jpg,REFUGE,0,,REFUGE:image:REFUGE/Refuge/REFUGE-Validation400/REFUGE-Validation400/V0174.jpg,non-glaucoma,f743570c18eee59af38cee6d013367234dc57ed52e426898a16e69059aedf636,train,test
REFUGE/Refuge/REFUGE-Validation400/REFUGE-Validation400/V0175.jpg,REFUGE,1,,REFUGE:image:REFUGE/Refuge/REFUGE-Validation400/REFUGE-Validation400/V0175.jpg,glaucoma,9b4d38aa88886da6f6b845e2ba91da6a24c5c0f21818d102c6601b254777b4bc,val,test
REFUGE/Refuge/REFUGE-Validation400/REFUGE-Validation400/V0176.jpg,REFUGE,0,,REFUGE:image:REFUGE/Refuge/REFUGE-Validation400/REFUGE-Validation400/V0176.jpg,non-glaucoma,9c0defce2cc943c5aaef37e53875bd5e24a3ff1a25a6014130ccc01500e05877,val,test
REFUGE/Refuge/REFUGE-Validation400/REFUGE-Validation400/V0177.jpg,REFUGE,0,,REFUGE:image:REFUGE/Refuge/REFUGE-Validation400/REFUGE-Validation400/V0177.jpg,non-glaucoma,4faf81680e17cef3b25c4a1be654f421c81031522b7ca543327d2f3bd4597111,train,test
REFUGE/Refuge/REFUGE-Validation400/REFUGE-Validation400/V0178.jpg,REFUGE,0,,REFUGE:image:REFUGE/Refuge/REFUGE-Validation400/REFUGE-Validation400/V0178.jpg,non-glaucoma,ce958815deb7af9705c188006afb542cb892367a79c04735ae2d4fd19f61a9d3,train,test
REFUGE/Refuge/REFUGE-Validation400/REFUGE-Validation400/V0179.jpg,REFUGE,0,,REFUGE:image:REFUGE/Refuge/REFUGE-Validation400/REFUGE-Validation400/V0179.jpg,non-glaucoma,ff3232f545eefe6dc524dd87b1c1828574f9a8ccbebb9bdf934548def727e178,train,test
REFUGE/Refuge/REFUGE-Validation400/REFUGE-Validation400/V0180.jpg,REFUGE,0,,REFUGE:image:REFUGE/Refuge/REFUGE-Validation400/REFUGE-Validation400/V0180.jpg,non-glaucoma,86797b959f134bbeeb15c06e69484534284df3fb5851aa35589e964798530502,train,test
REFUGE/Refuge/REFUGE-Validation400/REFUGE-Validation400/V0181.jpg,REFUGE,1,,REFUGE:image:REFUGE/Refuge/REFUGE-Validation400/REFUGE-Validation400/V0181.jpg,glaucoma,40ce6210cb0344d4a4e793ee9ba2b3dcd035bf5dc87b001f934a72d1a3b6ad90,train,test
REFUGE/Refuge/REFUGE-Validation400/REFUGE-Validation400/V0182.jpg,REFUGE,0,,REFUGE:image:REFUGE/Refuge/REFUGE-Validation400/REFUGE-Validation400/V0182.jpg,non-glaucoma,6b7e9380e8c79d253c3795cc7cc651c01f08da8ca2308cc2d3a6628d61b37729,train,test
REFUGE/Refuge/REFUGE-Validation400/REFUGE-Validation400/V0183.jpg,REFUGE,0,,REFUGE:image:REFUGE/Refuge/REFUGE-Validation400/REFUGE-Validation400/V0183.jpg,non-glaucoma,9432575f33fb2ba4a441cdd3be2654f70eec2bb2975be5a5d47703a9d419c124,train,test
REFUGE/Refuge/REFUGE-Validation400/REFUGE-Validation400/V0184.jpg,REFUGE,0,,REFUGE:image:REFUGE/Refuge/REFUGE-Validation400/REFUGE-Validation400/V0184.jpg,non-glaucoma,84919a085ce9c3f420e26e3955000919105521de7fa0d520bc7f3bc688853612,train,test
REFUGE/Refuge/REFUGE-Validation400/REFUGE-Validation400/V0185.jpg,REFUGE,0,,REFUGE:image:REFUGE/Refuge/REFUGE-Validation400/REFUGE-Validation400/V0185.jpg,non-glaucoma,ceb64a67e69966db8fb295554a2ca4b62eb02c8009b49d56ca51f19080393de0,train,test
REFUGE/Refuge/REFUGE-Validation400/REFUGE-Validation400/V0186.jpg,REFUGE,0,,REFUGE:image:REFUGE/Refuge/REFUGE-Validation400/REFUGE-Validation400/V0186.jpg,non-glaucoma,98eb669a038ba15820c2e5450ea3ca0fcd4e950a1b9a49a94981c3637070d010,train,test
REFUGE/Refuge/REFUGE-Validation400/REFUGE-Validation400/V0187.jpg,REFUGE,0,,REFUGE:image:REFUGE/Refuge/REFUGE-Validation400/REFUGE-Validation400/V0187.jpg,non-glaucoma,d6285d2b0ef47cb1fa695a6b12a81e166824bbd599a69c6956b4bce85909d5ce,train,test
REFUGE/Refuge/REFUGE-Validation400/REFUGE-Validation400/V0188.jpg,REFUGE,0,,REFUGE:image:REFUGE/Refuge/REFUGE-Validation400/REFUGE-Validation400/V0188.jpg,non-glaucoma,7a3a5a03b2a6d642a2cf42cf89ef3ba15d0399a8f6e6999cf48e25464607e2a9,train,test
REFUGE/Refuge/REFUGE-Validation400/REFUGE-Validation400/V0189.jpg,REFUGE,0,,REFUGE:image:REFUGE/Refuge/REFUGE-Validation400/REFUGE-Validation400/V0189.jpg,non-glaucoma,12c883fbad9f88d32c695973937f99e34846da35e67968a1d5a296cd095b42c1,train,test
REFUGE/Refuge/REFUGE-Validation400/REFUGE-Validation400/V0190.jpg,REFUGE,0,,REFUGE:image:REFUGE/Refuge/REFUGE-Validation400/REFUGE-Validation400/V0190.jpg,non-glaucoma,79fa2faca045cb7ec6bcb3053c7d38461dfb19343d87a03aad431a0a783f2361,train,test
REFUGE/Refuge/REFUGE-Validation400/REFUGE-Validation400/V0191.jpg,REFUGE,0,,REFUGE:image:REFUGE/Refuge/REFUGE-Validation400/REFUGE-Validation400/V0191.jpg,non-glaucoma,8e8af5d008b77c8f07f463213bbf7af6178106e5923ab16f401f4da5d0aa0795,train,test
REFUGE/Refuge/REFUGE-Validation400/REFUGE-Validation400/V0192.jpg,REFUGE,0,,REFUGE:image:REFUGE/Refuge/REFUGE-Validation400/REFUGE-Validation400/V0192.jpg,non-glaucoma,7e697993848355ff96c1cd042c864970e2e3ec4e81a138a2f28eb41e1cd0138d,train,test
REFUGE/Refuge/REFUGE-Validation400/REFUGE-Validation400/V0193.jpg,REFUGE,0,,REFUGE:image:REFUGE/Refuge/REFUGE-Validation400/REFUGE-Validation400/V0193.jpg,non-glaucoma,e940e13d23722fded1703c811b1136f16dc2800a04d5bd46c3474abd227d3f22,train,test
REFUGE/Refuge/REFUGE-Validation400/REFUGE-Validation400/V0194.jpg,REFUGE,0,,REFUGE:image:REFUGE/Refuge/REFUGE-Validation400/REFUGE-Validation400/V0194.jpg,non-glaucoma,05759a33c85eca2782149608308d08bcffb524486dd3c93e58c5dd951e4a1d98,train,test
REFUGE/Refuge/REFUGE-Validation400/REFUGE-Validation400/V0195.jpg,REFUGE,0,,REFUGE:image:REFUGE/Refuge/REFUGE-Validation400/REFUGE-Validation400/V0195.jpg,non-glaucoma,5dbf5d8a0748f83e740b96e9e4a3630ef332d6e7647ebb45b89910601690a39e,train,test
REFUGE/Refuge/REFUGE-Validation400/REFUGE-Validation400/V0196.jpg,REFUGE,0,,REFUGE:image:REFUGE/Refuge/REFUGE-Validation400/REFUGE-Validation400/V0196.jpg,non-glaucoma,6b4e838f7bd985244f2bec585ed3fb62f203bf8452e948fecad420c01332b99c,train,test
REFUGE/Refuge/REFUGE-Validation400/REFUGE-Validation400/V0197.jpg,REFUGE,0,,REFUGE:image:REFUGE/Refuge/REFUGE-Validation400/REFUGE-Validation400/V0197.jpg,non-glaucoma,ad7cde5b59aee4d317fa8b1e1318ccdd87343758d1ccd457b5e49be87c499276,val,test
REFUGE/Refuge/REFUGE-Validation400/REFUGE-Validation400/V0198.jpg,REFUGE,0,,REFUGE:image:REFUGE/Refuge/REFUGE-Validation400/REFUGE-Validation400/V0198.jpg,non-glaucoma,cb6897b239280f2471c7162ec84ece2a73414beeba32ba165b430acc3e131728,val,test
REFUGE/Refuge/REFUGE-Validation400/REFUGE-Validation400/V0199.jpg,REFUGE,0,,REFUGE:image:REFUGE/Refuge/REFUGE-Validation400/REFUGE-Validation400/V0199.jpg,non-glaucoma,a462c8072054f41e7c492f5fbdb2d9562aee7ca60e0a7a05fcb04c5f2c19a8a1,train,test
REFUGE/Refuge/REFUGE-Validation400/REFUGE-Validation400/V0200.jpg,REFUGE,0,,REFUGE:image:REFUGE/Refuge/REFUGE-Validation400/REFUGE-Validation400/V0200.jpg,non-glaucoma,90d5d31ca76df6439bf567ed1f67bdca5e57c4a3c0f47d35fc0e2dff6637273a,train,test
REFUGE/Refuge/REFUGE-Validation400/REFUGE-Validation400/V0201.jpg,REFUGE,0,,REFUGE:image:REFUGE/Refuge/REFUGE-Validation400/REFUGE-Validation400/V0201.jpg,non-glaucoma,5b6cbc23c70459d43485ca47153e59e95aae591a3b997d779ef9c17dd86ddf3e,train,test
REFUGE/Refuge/REFUGE-Validation400/REFUGE-Validation400/V0202.jpg,REFUGE,0,,REFUGE:image:REFUGE/Refuge/REFUGE-Validation400/REFUGE-Validation400/V0202.jpg,non-glaucoma,ec608cc7e30d6396700ac596796c87a0be45b6eeb9dc80a59fe8993c25b350d3,train,test
REFUGE/Refuge/REFUGE-Validation400/REFUGE-Validation400/V0203.jpg,REFUGE,0,,REFUGE:image:REFUGE/Refuge/REFUGE-Validation400/REFUGE-Validation400/V0203.jpg,non-glaucoma,08125d286809cef241aaa5b4d1137fc1e995a94e2a9ba5245c6e3754ca5515fd,train,test
REFUGE/Refuge/REFUGE-Validation400/REFUGE-Validation400/V0204.jpg,REFUGE,0,,REFUGE:image:REFUGE/Refuge/REFUGE-Validation400/REFUGE-Validation400/V0204.jpg,non-glaucoma,46f8bf066dd46c4419d54f73986a57f0641781962a82883385908facf2b47381,train,test
REFUGE/Refuge/REFUGE-Validation400/REFUGE-Validation400/V0205.jpg,REFUGE,1,,REFUGE:image:REFUGE/Refuge/REFUGE-Validation400/REFUGE-Validation400/V0205.jpg,glaucoma,74c07f7f364afacacccbe65e41466f8377f73bff7a9d857ddf4d6b54d0df528c,train,test
REFUGE/Refuge/REFUGE-Validation400/REFUGE-Validation400/V0206.jpg,REFUGE,0,,REFUGE:image:REFUGE/Refuge/REFUGE-Validation400/REFUGE-Validation400/V0206.jpg,non-glaucoma,8237a07bfed463287f4ba4511ce4d52453c03527bd016aa91cceadeb33f0bd0c,train,test
REFUGE/Refuge/REFUGE-Validation400/REFUGE-Validation400/V0207.jpg,REFUGE,0,,REFUGE:image:REFUGE/Refuge/REFUGE-Validation400/REFUGE-Validation400/V0207.jpg,non-glaucoma,4417fe06fcd5646398a76fdcc58c3617a2c8770c04d9f5f4e9d79c1096a73c1b,val,test
REFUGE/Refuge/REFUGE-Validation400/REFUGE-Validation400/V0208.jpg,REFUGE,1,,REFUGE:image:REFUGE/Refuge/REFUGE-Validation400/REFUGE-Validation400/V0208.jpg,glaucoma,9905bc28b956b80f8ddc2b14c649e40d724fddfcfba87fe7cb5fd71ac1ff0578,val,test
REFUGE/Refuge/REFUGE-Validation400/REFUGE-Validation400/V0209.jpg,REFUGE,0,,REFUGE:image:REFUGE/Refuge/REFUGE-Validation400/REFUGE-Validation400/V0209.jpg,non-glaucoma,21266e6893144d4e5eb1218e4f7ae3df2b89d961de8a0d9585e7770ace27cd9e,train,test
REFUGE/Refuge/REFUGE-Validation400/REFUGE-Validation400/V0210.jpg,REFUGE,0,,REFUGE:image:REFUGE/Refuge/REFUGE-Validation400/REFUGE-Validation400/V0210.jpg,non-glaucoma,a8105de769dd5da5de1b51fae7cf0128da142a4e1354c1fa1eebba5114d82e47,train,test
REFUGE/Refuge/REFUGE-Validation400/REFUGE-Validation400/V0211.jpg,REFUGE,0,,REFUGE:image:REFUGE/Refuge/REFUGE-Validation400/REFUGE-Validation400/V0211.jpg,non-glaucoma,d0f0aa802a471a5a7b0d7e586b17955dd76fb7fab2cd4527cadd9330335a4178,train,test
REFUGE/Refuge/REFUGE-Validation400/REFUGE-Validation400/V0212.jpg,REFUGE,0,,REFUGE:image:REFUGE/Refuge/REFUGE-Validation400/REFUGE-Validation400/V0212.jpg,non-glaucoma,6d277f4888c498c19f64cf867172634a212558ebede938bf86537e3124557440,train,test
REFUGE/Refuge/REFUGE-Validation400/REFUGE-Validation400/V0213.jpg,REFUGE,0,,REFUGE:image:REFUGE/Refuge/REFUGE-Validation400/REFUGE-Validation400/V0213.jpg,non-glaucoma,42ef343a929b30b0bbf1de9438854a954a7a07f46af3d60d62a68ff6d957ffaa,train,test
REFUGE/Refuge/REFUGE-Validation400/REFUGE-Validation400/V0214.jpg,REFUGE,1,,REFUGE:image:REFUGE/Refuge/REFUGE-Validation400/REFUGE-Validation400/V0214.jpg,glaucoma,b2a841ab89c675d26fe53ccbfd736c5fb1a109bc808217748bfb86cc2d092d1b,val,test
REFUGE/Refuge/REFUGE-Validation400/REFUGE-Validation400/V0215.jpg,REFUGE,0,,REFUGE:image:REFUGE/Refuge/REFUGE-Validation400/REFUGE-Validation400/V0215.jpg,non-glaucoma,1850b6044eeca578c0d24ec4cd9201bbd3a68f39dcd1b6e7f6ec0723d508a7ce,train,test
REFUGE/Refuge/REFUGE-Validation400/REFUGE-Validation400/V0216.jpg,REFUGE,1,,REFUGE:image:REFUGE/Refuge/REFUGE-Validation400/REFUGE-Validation400/V0216.jpg,glaucoma,81e41be6f3cd78216518571d9960c1a0d165f0c52f2e6352ea35c34e4be24092,train,test
REFUGE/Refuge/REFUGE-Validation400/REFUGE-Validation400/V0217.jpg,REFUGE,0,,REFUGE:image:REFUGE/Refuge/REFUGE-Validation400/REFUGE-Validation400/V0217.jpg,non-glaucoma,fc91c748fc258fe7ff72e2ebdfdd6ca06b80ad1999944b98c7481753a3da6c3f,train,test
REFUGE/Refuge/REFUGE-Validation400/REFUGE-Validation400/V0218.jpg,REFUGE,0,,REFUGE:image:REFUGE/Refuge/REFUGE-Validation400/REFUGE-Validation400/V0218.jpg,non-glaucoma,ecb3aa9b7ee8768a52c0ec16cf06660ce200dcda3e1daeea4c55f17998addfbb,train,test
REFUGE/Refuge/REFUGE-Validation400/REFUGE-Validation400/V0219.jpg,REFUGE,0,,REFUGE:image:REFUGE/Refuge/REFUGE-Validation400/REFUGE-Validation400/V0219.jpg,non-glaucoma,f76ae430a044b03056b40381d883c3baa56fcde493c73d8de22d0f33dba36610,train,test
REFUGE/Refuge/REFUGE-Validation400/REFUGE-Validation400/V0220.jpg,REFUGE,0,,REFUGE:image:REFUGE/Refuge/REFUGE-Validation400/REFUGE-Validation400/V0220.jpg,non-glaucoma,038454c30926a5e379faedf9ba6d5f88896b9da98ed5281480013207b43ef584,train,test
REFUGE/Refuge/REFUGE-Validation400/REFUGE-Validation400/V0221.jpg,REFUGE,0,,REFUGE:image:REFUGE/Refuge/REFUGE-Validation400/REFUGE-Validation400/V0221.jpg,non-glaucoma,53736108b6581d50122a287c4e7cbad263ba5a3aaba41553d6b7cb1192373b1a,train,test
REFUGE/Refuge/REFUGE-Validation400/REFUGE-Validation400/V0222.jpg,REFUGE,0,,REFUGE:image:REFUGE/Refuge/REFUGE-Validation400/REFUGE-Validation400/V0222.jpg,non-glaucoma,fe4c490796b0d00a6157188daf95f74f614ff96c46fea5cdd2dbaf2416bc427e,train,test
REFUGE/Refuge/REFUGE-Validation400/REFUGE-Validation400/V0223.jpg,REFUGE,0,,REFUGE:image:REFUGE/Refuge/REFUGE-Validation400/REFUGE-Validation400/V0223.jpg,non-glaucoma,6edc2c8be7d9dc62d39d2a36a7099a06ae03990d829134018c08dae97fa7b8aa,train,test
REFUGE/Refuge/REFUGE-Validation400/REFUGE-Validation400/V0224.jpg,REFUGE,0,,REFUGE:image:REFUGE/Refuge/REFUGE-Validation400/REFUGE-Validation400/V0224.jpg,non-glaucoma,e1bd85965fc068b2539621730f016eaa5b2b3798e3cb6b336aa083099033aabe,val,test
REFUGE/Refuge/REFUGE-Validation400/REFUGE-Validation400/V0225.jpg,REFUGE,0,,REFUGE:image:REFUGE/Refuge/REFUGE-Validation400/REFUGE-Validation400/V0225.jpg,non-glaucoma,7261cee5241fc882acc92727b969e2604a7187fedd96983872c4b00a75f71d49,train,test
REFUGE/Refuge/REFUGE-Validation400/REFUGE-Validation400/V0226.jpg,REFUGE,1,,REFUGE:image:REFUGE/Refuge/REFUGE-Validation400/REFUGE-Validation400/V0226.jpg,glaucoma,b6b35df3ef0dd9a29e9ea90c21d3804d5d32686ad377751ee0c65d571c151cc9,train,test
REFUGE/Refuge/REFUGE-Validation400/REFUGE-Validation400/V0227.jpg,REFUGE,1,,REFUGE:image:REFUGE/Refuge/REFUGE-Validation400/REFUGE-Validation400/V0227.jpg,glaucoma,eda338a21385550bcd76a99535fadf25f340b6573ce706cab306426ffe84dbe4,train,test
REFUGE/Refuge/REFUGE-Validation400/REFUGE-Validation400/V0228.jpg,REFUGE,0,,REFUGE:image:REFUGE/Refuge/REFUGE-Validation400/REFUGE-Validation400/V0228.jpg,non-glaucoma,7079d00607907635fba7aae367941813ddbacefb6c8759bad23e6156213935fb,train,test
REFUGE/Refuge/REFUGE-Validation400/REFUGE-Validation400/V0229.jpg,REFUGE,0,,REFUGE:image:REFUGE/Refuge/REFUGE-Validation400/REFUGE-Validation400/V0229.jpg,non-glaucoma,a89af19d8043055fcd8d28ebe02b95d7b0af838ed995a8b8c691f60ed6cb4540,train,test
REFUGE/Refuge/REFUGE-Validation400/REFUGE-Validation400/V0230.jpg,REFUGE,0,,REFUGE:image:REFUGE/Refuge/REFUGE-Validation400/REFUGE-Validation400/V0230.jpg,non-glaucoma,0e9a1c28211aa24a6dce2a7db14faaa898388e6b562d2710ff411f5e453d91cc,train,test
REFUGE/Refuge/REFUGE-Validation400/REFUGE-Validation400/V0231.jpg,REFUGE,0,,REFUGE:image:REFUGE/Refuge/REFUGE-Validation400/REFUGE-Validation400/V0231.jpg,non-glaucoma,0a0d2d9f778dc2f33929421e1cbb179db1637e5c7c2c343c77d106c1c310fbbc,train,test
REFUGE/Refuge/REFUGE-Validation400/REFUGE-Validation400/V0232.jpg,REFUGE,0,,REFUGE:image:REFUGE/Refuge/REFUGE-Validation400/REFUGE-Validation400/V0232.jpg,non-glaucoma,b7af7de053106c7ed508e750226761c3f9073b871d1d31f4113dfc7ae917abb5,train,test
REFUGE/Refuge/REFUGE-Validation400/REFUGE-Validation400/V0233.jpg,REFUGE,0,,REFUGE:image:REFUGE/Refuge/REFUGE-Validation400/REFUGE-Validation400/V0233.jpg,non-glaucoma,768a4a29d967dc1a4ec4ef23b60a69a5876a96f318ab7eee0f57a8a56823b498,train,test
REFUGE/Refuge/REFUGE-Validation400/REFUGE-Validation400/V0234.jpg,REFUGE,0,,REFUGE:image:REFUGE/Refuge/REFUGE-Validation400/REFUGE-Validation400/V0234.jpg,non-glaucoma,83f933c9c7c95fb323fe7c293877b7a2d18662b4e416feba3298a6237b9fb4b6,train,test
REFUGE/Refuge/REFUGE-Validation400/REFUGE-Validation400/V0235.jpg,REFUGE,0,,REFUGE:image:REFUGE/Refuge/REFUGE-Validation400/REFUGE-Validation400/V0235.jpg,non-glaucoma,5df76a305a5b7fe7e3f75fa98c50c2202ad648978f3bb8136494fea4dfb6c559,train,test
REFUGE/Refuge/REFUGE-Validation400/REFUGE-Validation400/V0236.jpg,REFUGE,0,,REFUGE:image:REFUGE/Refuge/REFUGE-Validation400/REFUGE-Validation400/V0236.jpg,non-glaucoma,e5c13dc0189869033e453347658583a15706b67957ca8c62d94763978f2965e2,train,test
REFUGE/Refuge/REFUGE-Validation400/REFUGE-Validation400/V0237.jpg,REFUGE,0,,REFUGE:image:REFUGE/Refuge/REFUGE-Validation400/REFUGE-Validation400/V0237.jpg,non-glaucoma,881f3ebb85097963bacd7c162f4e5ed765933b5ac6ea588c67deeccfdaebccc3,val,test
REFUGE/Refuge/REFUGE-Validation400/REFUGE-Validation400/V0238.jpg,REFUGE,0,,REFUGE:image:REFUGE/Refuge/REFUGE-Validation400/REFUGE-Validation400/V0238.jpg,non-glaucoma,b613857a126b90ba0b173f71a122dc595eb65805792f0b3f3398ec32599903dc,train,test
REFUGE/Refuge/REFUGE-Validation400/REFUGE-Validation400/V0239.jpg,REFUGE,0,,REFUGE:image:REFUGE/Refuge/REFUGE-Validation400/REFUGE-Validation400/V0239.jpg,non-glaucoma,b8c263f980699b93a674608282a31bcb71fb8428d07d64455961fcc3f5808c08,train,test
REFUGE/Refuge/REFUGE-Validation400/REFUGE-Validation400/V0240.jpg,REFUGE,0,,REFUGE:image:REFUGE/Refuge/REFUGE-Validation400/REFUGE-Validation400/V0240.jpg,non-glaucoma,f99a432b2369faf5049312c7ea249cfc20c07ceb5a37a602f8639b763904c9b8,train,test
REFUGE/Refuge/REFUGE-Validation400/REFUGE-Validation400/V0241.jpg,REFUGE,0,,REFUGE:image:REFUGE/Refuge/REFUGE-Validation400/REFUGE-Validation400/V0241.jpg,non-glaucoma,08374d4ee53be92dbccbeacb20fdccec8689c66eb12a7da09dea4bbd85c785d8,val,test
REFUGE/Refuge/REFUGE-Validation400/REFUGE-Validation400/V0242.jpg,REFUGE,1,,REFUGE:image:REFUGE/Refuge/REFUGE-Validation400/REFUGE-Validation400/V0242.jpg,glaucoma,d01ac1d5f21d802545f4768eb5d3f666b49f08c3bea51cb811856a4edc7b0056,train,test
REFUGE/Refuge/REFUGE-Validation400/REFUGE-Validation400/V0243.jpg,REFUGE,0,,REFUGE:image:REFUGE/Refuge/REFUGE-Validation400/REFUGE-Validation400/V0243.jpg,non-glaucoma,a21af709b2918073e67a386a07d69250ca2710edf5671c33cfa8717dadfcece3,train,test
REFUGE/Refuge/REFUGE-Validation400/REFUGE-Validation400/V0244.jpg,REFUGE,0,,REFUGE:image:REFUGE/Refuge/REFUGE-Validation400/REFUGE-Validation400/V0244.jpg,non-glaucoma,38eeb9d7f298564e2adf026fe08f66af5ee899bc73905bfebd9115f6b892b623,val,test
REFUGE/Refuge/REFUGE-Validation400/REFUGE-Validation400/V0245.jpg,REFUGE,0,,REFUGE:image:REFUGE/Refuge/REFUGE-Validation400/REFUGE-Validation400/V0245.jpg,non-glaucoma,d57ee9333a1253a72883b194005f3a229a987d771e9a056ffa45c601a4599c76,train,test
REFUGE/Refuge/REFUGE-Validation400/REFUGE-Validation400/V0246.jpg,REFUGE,0,,REFUGE:image:REFUGE/Refuge/REFUGE-Validation400/REFUGE-Validation400/V0246.jpg,non-glaucoma,39e227878f964c142e92c6adc5e0c3ec705af19ae6634368cc7e6be946a7b409,val,test
REFUGE/Refuge/REFUGE-Validation400/REFUGE-Validation400/V0247.jpg,REFUGE,1,,REFUGE:image:REFUGE/Refuge/REFUGE-Validation400/REFUGE-Validation400/V0247.jpg,glaucoma,c916db7318f04dfbb7aaf4fdd7d40b50afec45768770fb74eb213241ecee2c39,train,test
REFUGE/Refuge/REFUGE-Validation400/REFUGE-Validation400/V0248.jpg,REFUGE,0,,REFUGE:image:REFUGE/Refuge/REFUGE-Validation400/REFUGE-Validation400/V0248.jpg,non-glaucoma,a5913eae92f47db5d813134edc4b3cee313fa1d3c688700f6bf610a31e9aac30,train,test
REFUGE/Refuge/REFUGE-Validation400/REFUGE-Validation400/V0249.jpg,REFUGE,0,,REFUGE:image:REFUGE/Refuge/REFUGE-Validation400/REFUGE-Validation400/V0249.jpg,non-glaucoma,aa36540ee8f468383f60403d1c4a9a5150e03d1c669f113dc117b9b0e7444862,train,test
REFUGE/Refuge/REFUGE-Validation400/REFUGE-Validation400/V0250.jpg,REFUGE,0,,REFUGE:image:REFUGE/Refuge/REFUGE-Validation400/REFUGE-Validation400/V0250.jpg,non-glaucoma,923a762dada273acd1042b78e67cb1a9857b7194f058f1fa34f336aa39f3bb23,val,test
REFUGE/Refuge/REFUGE-Validation400/REFUGE-Validation400/V0251.jpg,REFUGE,0,,REFUGE:image:REFUGE/Refuge/REFUGE-Validation400/REFUGE-Validation400/V0251.jpg,non-glaucoma,5fb6dabc6f579b2437df2ca28c1fcedb611201fe75665e6dae4e417cdc1717e0,train,test
REFUGE/Refuge/REFUGE-Validation400/REFUGE-Validation400/V0252.jpg,REFUGE,1,,REFUGE:image:REFUGE/Refuge/REFUGE-Validation400/REFUGE-Validation400/V0252.jpg,glaucoma,e587b4ddfd6469d02167cb223e4f21de915b4d0d6bc8b77c51cbac3bb66d7e51,train,test
REFUGE/Refuge/REFUGE-Validation400/REFUGE-Validation400/V0253.jpg,REFUGE,0,,REFUGE:image:REFUGE/Refuge/REFUGE-Validation400/REFUGE-Validation400/V0253.jpg,non-glaucoma,015923e1386eeb9c317193bdec1fb83b5afec86ee5166e47d273efb87849ea14,train,test
REFUGE/Refuge/REFUGE-Validation400/REFUGE-Validation400/V0254.jpg,REFUGE,0,,REFUGE:image:REFUGE/Refuge/REFUGE-Validation400/REFUGE-Validation400/V0254.jpg,non-glaucoma,97b24344ed6dba1ccbadb004ce8ea9956a8afcc6fab1b0200acd1dafc200a612,train,test
REFUGE/Refuge/REFUGE-Validation400/REFUGE-Validation400/V0255.jpg,REFUGE,0,,REFUGE:image:REFUGE/Refuge/REFUGE-Validation400/REFUGE-Validation400/V0255.jpg,non-glaucoma,b047f7e99d18126945c27e486b6031836610fb9cef9e0a337c98e01bff9d2afa,val,test
REFUGE/Refuge/REFUGE-Validation400/REFUGE-Validation400/V0256.jpg,REFUGE,0,,REFUGE:image:REFUGE/Refuge/REFUGE-Validation400/REFUGE-Validation400/V0256.jpg,non-glaucoma,6589e7fd70b172a2805c70d42c9bccc2840c138743a33859af95e95d7fd74e77,train,test
REFUGE/Refuge/REFUGE-Validation400/REFUGE-Validation400/V0257.jpg,REFUGE,0,,REFUGE:image:REFUGE/Refuge/REFUGE-Validation400/REFUGE-Validation400/V0257.jpg,non-glaucoma,ca70376931d54ee4b23c3b003c6d6c384e2287912f16eef3e3a50fefae2c8f9d,val,test
REFUGE/Refuge/REFUGE-Validation400/REFUGE-Validation400/V0258.jpg,REFUGE,0,,REFUGE:image:REFUGE/Refuge/REFUGE-Validation400/REFUGE-Validation400/V0258.jpg,non-glaucoma,0ac1e7914dba29dd958f0e97ffa0f7545b550011023544c795f87c95275af418,train,test
REFUGE/Refuge/REFUGE-Validation400/REFUGE-Validation400/V0259.jpg,REFUGE,0,,REFUGE:image:REFUGE/Refuge/REFUGE-Validation400/REFUGE-Validation400/V0259.jpg,non-glaucoma,f8126e4683458db7ee0e513052a716561e53557bc1c333a084a9d391ca2805ce,train,test
REFUGE/Refuge/REFUGE-Validation400/REFUGE-Validation400/V0260.jpg,REFUGE,0,,REFUGE:image:REFUGE/Refuge/REFUGE-Validation400/REFUGE-Validation400/V0260.jpg,non-glaucoma,8f642671cfffada8680b7f94aa632d5726afb9ced83481ec3e81f2760eff2d3f,train,test
REFUGE/Refuge/REFUGE-Validation400/REFUGE-Validation400/V0261.jpg,REFUGE,0,,REFUGE:image:REFUGE/Refuge/REFUGE-Validation400/REFUGE-Validation400/V0261.jpg,non-glaucoma,8a925129d7b79138993a7de0c532990f63a676ca44203112c25e3396185913ce,train,test
REFUGE/Refuge/REFUGE-Validation400/REFUGE-Validation400/V0262.jpg,REFUGE,0,,REFUGE:image:REFUGE/Refuge/REFUGE-Validation400/REFUGE-Validation400/V0262.jpg,non-glaucoma,128259b033530c623e230cb6455778f4b7e8bf2ad2bf1706bc6159f4894c8df4,train,test
REFUGE/Refuge/REFUGE-Validation400/REFUGE-Validation400/V0263.jpg,REFUGE,0,,REFUGE:image:REFUGE/Refuge/REFUGE-Validation400/REFUGE-Validation400/V0263.jpg,non-glaucoma,680f65af350ba85321917839614ea3b4f45c3c63b25e2b5afa41cc654a926f39,train,test
REFUGE/Refuge/REFUGE-Validation400/REFUGE-Validation400/V0264.jpg,REFUGE,0,,REFUGE:image:REFUGE/Refuge/REFUGE-Validation400/REFUGE-Validation400/V0264.jpg,non-glaucoma,b31782e9bf0d83d1fbf796066d37e1985aacd50333afc320171997a3a3e2e8c8,train,test
REFUGE/Refuge/REFUGE-Validation400/REFUGE-Validation400/V0265.jpg,REFUGE,0,,REFUGE:image:REFUGE/Refuge/REFUGE-Validation400/REFUGE-Validation400/V0265.jpg,non-glaucoma,0fed57b29bf77072fe3f146a0ace94108d6d191b1cb98ad69634e8d1f713d547,val,test
REFUGE/Refuge/REFUGE-Validation400/REFUGE-Validation400/V0266.jpg,REFUGE,0,,REFUGE:image:REFUGE/Refuge/REFUGE-Validation400/REFUGE-Validation400/V0266.jpg,non-glaucoma,136b8bf135071ce35646dcbbaff718bca67ea7118ada883b3cb06a4f4a577989,train,test
REFUGE/Refuge/REFUGE-Validation400/REFUGE-Validation400/V0267.jpg,REFUGE,0,,REFUGE:image:REFUGE/Refuge/REFUGE-Validation400/REFUGE-Validation400/V0267.jpg,non-glaucoma,d7f8f489d98be4163843e2213ec7982dda199ef1006673808f1a46c53ba88fc5,train,test
REFUGE/Refuge/REFUGE-Validation400/REFUGE-Validation400/V0268.jpg,REFUGE,0,,REFUGE:image:REFUGE/Refuge/REFUGE-Validation400/REFUGE-Validation400/V0268.jpg,non-glaucoma,2317f3bb40c732dcb283f17cb157e5c49a1d64b564231bb8d9ffa98a8253126b,train,test
REFUGE/Refuge/REFUGE-Validation400/REFUGE-Validation400/V0269.jpg,REFUGE,0,,REFUGE:image:REFUGE/Refuge/REFUGE-Validation400/REFUGE-Validation400/V0269.jpg,non-glaucoma,dbace9ffc641e5eb1cce05ac34bcccb04396d024da12dfb416c0a47d920f2a56,val,test
REFUGE/Refuge/REFUGE-Validation400/REFUGE-Validation400/V0270.jpg,REFUGE,1,,REFUGE:image:REFUGE/Refuge/REFUGE-Validation400/REFUGE-Validation400/V0270.jpg,glaucoma,a69b5c384821e6046a6b3a3cc12675390b03fe03dd287b1fff7c930502c2a154,val,test
REFUGE/Refuge/REFUGE-Validation400/REFUGE-Validation400/V0271.jpg,REFUGE,1,,REFUGE:image:REFUGE/Refuge/REFUGE-Validation400/REFUGE-Validation400/V0271.jpg,glaucoma,d0c38d9b4dc0c9262308504c76702e3d5f8b14dac3d64a52f2592a9bd34fa297,train,test
REFUGE/Refuge/REFUGE-Validation400/REFUGE-Validation400/V0272.jpg,REFUGE,0,,REFUGE:image:REFUGE/Refuge/REFUGE-Validation400/REFUGE-Validation400/V0272.jpg,non-glaucoma,aa17135d271bff0bf2ef3e16b41bcbf6f2f0510d1875fd393e522feab518fd95,val,test
REFUGE/Refuge/REFUGE-Validation400/REFUGE-Validation400/V0273.jpg,REFUGE,0,,REFUGE:image:REFUGE/Refuge/REFUGE-Validation400/REFUGE-Validation400/V0273.jpg,non-glaucoma,0c137a1582fc3df7fce9837cf114c23b879dff626f7eb73dc9fb36f3a418e5bc,train,test
REFUGE/Refuge/REFUGE-Validation400/REFUGE-Validation400/V0274.jpg,REFUGE,0,,REFUGE:image:REFUGE/Refuge/REFUGE-Validation400/REFUGE-Validation400/V0274.jpg,non-glaucoma,243f043ce2968513548d4a04fd57c9c255338acad4a1a17e0b0b815f3180d5fc,train,test
REFUGE/Refuge/REFUGE-Validation400/REFUGE-Validation400/V0275.jpg,REFUGE,0,,REFUGE:image:REFUGE/Refuge/REFUGE-Validation400/REFUGE-Validation400/V0275.jpg,non-glaucoma,50c6c08ee85831cc5b6d7fd07fa71e558d4e54f2c8435c7dd85deb766236d9b9,train,test
REFUGE/Refuge/REFUGE-Validation400/REFUGE-Validation400/V0276.jpg,REFUGE,0,,REFUGE:image:REFUGE/Refuge/REFUGE-Validation400/REFUGE-Validation400/V0276.jpg,non-glaucoma,5d8c1aa0b69e7bfc4507221d656d2d5dae074fb0c7e72f95955f39574acbe4ba,train,test
REFUGE/Refuge/REFUGE-Validation400/REFUGE-Validation400/V0277.jpg,REFUGE,0,,REFUGE:image:REFUGE/Refuge/REFUGE-Validation400/REFUGE-Validation400/V0277.jpg,non-glaucoma,a8ea4995019c2195e26a18b2f2064e93a809341b39dbfbd8a3a70add7b2c0e0b,train,test
REFUGE/Refuge/REFUGE-Validation400/REFUGE-Validation400/V0278.jpg,REFUGE,0,,REFUGE:image:REFUGE/Refuge/REFUGE-Validation400/REFUGE-Validation400/V0278.jpg,non-glaucoma,4c8ab84e62ed16715c92a8099f15d1a873a115a96114a63d159d3bba83d1b4a0,train,test
REFUGE/Refuge/REFUGE-Validation400/REFUGE-Validation400/V0279.jpg,REFUGE,0,,REFUGE:image:REFUGE/Refuge/REFUGE-Validation400/REFUGE-Validation400/V0279.jpg,non-glaucoma,b5fa720b51c9eb0520f89f9bbd2df1bb7bb8c78628537ddbc042532f81b1726f,train,test
REFUGE/Refuge/REFUGE-Validation400/REFUGE-Validation400/V0280.jpg,REFUGE,0,,REFUGE:image:REFUGE/Refuge/REFUGE-Validation400/REFUGE-Validation400/V0280.jpg,non-glaucoma,6a7fdc32167afcce88e0d24118bbcc7a84399afd3b0e41756e07f86d0dc5373c,train,test
REFUGE/Refuge/REFUGE-Validation400/REFUGE-Validation400/V0281.jpg,REFUGE,0,,REFUGE:image:REFUGE/Refuge/REFUGE-Validation400/REFUGE-Validation400/V0281.jpg,non-glaucoma,3bbc703e93e1f2cb2eb252667f38292fc11ce15280ea447f920b27957da40a5e,train,test
REFUGE/Refuge/REFUGE-Validation400/REFUGE-Validation400/V0282.jpg,REFUGE,0,,REFUGE:image:REFUGE/Refuge/REFUGE-Validation400/REFUGE-Validation400/V0282.jpg,non-glaucoma,ea7d8dbb24513ceb9f0031a61c179a5fb60235ed1ab790b9ca8f64ae8f7c7d54,train,test
REFUGE/Refuge/REFUGE-Validation400/REFUGE-Validation400/V0283.jpg,REFUGE,0,,REFUGE:image:REFUGE/Refuge/REFUGE-Validation400/REFUGE-Validation400/V0283.jpg,non-glaucoma,ddce152975ae1f03f28a9ca3620301aa2681f8a06bcc82d47ff567512d2dfd2b,train,test
REFUGE/Refuge/REFUGE-Validation400/REFUGE-Validation400/V0284.jpg,REFUGE,0,,REFUGE:image:REFUGE/Refuge/REFUGE-Validation400/REFUGE-Validation400/V0284.jpg,non-glaucoma,9ecaf18e1aa32f8e8cd920472c0fba3aaee5fe8b29786ebd2d9ab5201d47f73b,train,test
REFUGE/Refuge/REFUGE-Validation400/REFUGE-Validation400/V0285.jpg,REFUGE,1,,REFUGE:image:REFUGE/Refuge/REFUGE-Validation400/REFUGE-Validation400/V0285.jpg,glaucoma,0acc8825d65033e160141f94995e342996f252389dffe6df3b63d882ebb76961,train,test
REFUGE/Refuge/REFUGE-Validation400/REFUGE-Validation400/V0286.jpg,REFUGE,0,,REFUGE:image:REFUGE/Refuge/REFUGE-Validation400/REFUGE-Validation400/V0286.jpg,non-glaucoma,bcc0cb160065d4095ab00354a23533997c80077dc90a1c58b59e0e5a6325182a,train,test
REFUGE/Refuge/REFUGE-Validation400/REFUGE-Validation400/V0287.jpg,REFUGE,0,,REFUGE:image:REFUGE/Refuge/REFUGE-Validation400/REFUGE-Validation400/V0287.jpg,non-glaucoma,16964a4dc7a293b2000533fe634b13072c9332ca9bf26f27aaaebb714bc0373e,train,test
REFUGE/Refuge/REFUGE-Validation400/REFUGE-Validation400/V0288.jpg,REFUGE,0,,REFUGE:image:REFUGE/Refuge/REFUGE-Validation400/REFUGE-Validation400/V0288.jpg,non-glaucoma,e3f5357a88a7c52f36cf90b1fdcbde445c09bd5cde952244008324a426f7c519,train,test
REFUGE/Refuge/REFUGE-Validation400/REFUGE-Validation400/V0289.jpg,REFUGE,0,,REFUGE:image:REFUGE/Refuge/REFUGE-Validation400/REFUGE-Validation400/V0289.jpg,non-glaucoma,88f80e5d0a4fcb5b32d3991b94b71e3cd5dc0a3ad6c457d39dcd993c90d7cf39,train,test
REFUGE/Refuge/REFUGE-Validation400/REFUGE-Validation400/V0290.jpg,REFUGE,0,,REFUGE:image:REFUGE/Refuge/REFUGE-Validation400/REFUGE-Validation400/V0290.jpg,non-glaucoma,f1ed12d29b9d29902d7bd090849035cf3114de50fc7b37692ca9be92e86108b0,train,test
REFUGE/Refuge/REFUGE-Validation400/REFUGE-Validation400/V0291.jpg,REFUGE,0,,REFUGE:image:REFUGE/Refuge/REFUGE-Validation400/REFUGE-Validation400/V0291.jpg,non-glaucoma,bbc84782513d80c9137278b10f46eb1eaaba2037cf445a1a3d4b735e4802de05,train,test
REFUGE/Refuge/REFUGE-Validation400/REFUGE-Validation400/V0292.jpg,REFUGE,0,,REFUGE:image:REFUGE/Refuge/REFUGE-Validation400/REFUGE-Validation400/V0292.jpg,non-glaucoma,e2e17676b116371f432caae99ee392a3ad4fc3eb14d35dd9a11d8819191bd40f,train,test
REFUGE/Refuge/REFUGE-Validation400/REFUGE-Validation400/V0293.jpg,REFUGE,0,,REFUGE:image:REFUGE/Refuge/REFUGE-Validation400/REFUGE-Validation400/V0293.jpg,non-glaucoma,7faec23b3b5ca3599314ff5be449b695a0b73555734acc066f95e17298a262dd,val,test
REFUGE/Refuge/REFUGE-Validation400/REFUGE-Validation400/V0294.jpg,REFUGE,0,,REFUGE:image:REFUGE/Refuge/REFUGE-Validation400/REFUGE-Validation400/V0294.jpg,non-glaucoma,07b63e49273512e1d9370801b140ac6b101cdedd044a7b55655256c0df119d3f,train,test
REFUGE/Refuge/REFUGE-Validation400/REFUGE-Validation400/V0295.jpg,REFUGE,0,,REFUGE:image:REFUGE/Refuge/REFUGE-Validation400/REFUGE-Validation400/V0295.jpg,non-glaucoma,44135ae7f0274909419c79a5b7df64accb6e2f8a849e68331963a4892b16247b,train,test
REFUGE/Refuge/REFUGE-Validation400/REFUGE-Validation400/V0296.jpg,REFUGE,0,,REFUGE:image:REFUGE/Refuge/REFUGE-Validation400/REFUGE-Validation400/V0296.jpg,non-glaucoma,6b29b91a21744f6a9287fa863b9c049555407d1f22270478c1afd5470b84b724,train,test
REFUGE/Refuge/REFUGE-Validation400/REFUGE-Validation400/V0297.jpg,REFUGE,0,,REFUGE:image:REFUGE/Refuge/REFUGE-Validation400/REFUGE-Validation400/V0297.jpg,non-glaucoma,c7d85a355f74338f3232844f6c054aa9629b858b675c47c6ac006486678128cd,train,test
REFUGE/Refuge/REFUGE-Validation400/REFUGE-Validation400/V0298.jpg,REFUGE,0,,REFUGE:image:REFUGE/Refuge/REFUGE-Validation400/REFUGE-Validation400/V0298.jpg,non-glaucoma,5e48b18167c2d7d7e582f1a519b3b6357c540a3f61a987cb9fd3a80cd4d2d69b,train,test
REFUGE/Refuge/REFUGE-Validation400/REFUGE-Validation400/V0299.jpg,REFUGE,0,,REFUGE:image:REFUGE/Refuge/REFUGE-Validation400/REFUGE-Validation400/V0299.jpg,non-glaucoma,4e1caa98e7f6c2bb3563d6584a97354b194ee166ddbe62e1f30f7d5b741c0359,val,test
REFUGE/Refuge/REFUGE-Validation400/REFUGE-Validation400/V0300.jpg,REFUGE,0,,REFUGE:image:REFUGE/Refuge/REFUGE-Validation400/REFUGE-Validation400/V0300.jpg,non-glaucoma,c4ec0be6571cf9300e9f411250883c7a1541bf2c4b856e8298d5551e7419406c,train,test
REFUGE/Refuge/REFUGE-Validation400/REFUGE-Validation400/V0301.jpg,REFUGE,0,,REFUGE:image:REFUGE/Refuge/REFUGE-Validation400/REFUGE-Validation400/V0301.jpg,non-glaucoma,15c1350d05773fde2a9b786aea72d3502dd60fb4c4c067c2423d8432e52be794,train,test
REFUGE/Refuge/REFUGE-Validation400/REFUGE-Validation400/V0302.jpg,REFUGE,0,,REFUGE:image:REFUGE/Refuge/REFUGE-Validation400/REFUGE-Validation400/V0302.jpg,non-glaucoma,620f9cdd6fb1eb7b00382bd14433a32c2bc31540722ef1d05ab4202404495f6d,val,test
REFUGE/Refuge/REFUGE-Validation400/REFUGE-Validation400/V0303.jpg,REFUGE,0,,REFUGE:image:REFUGE/Refuge/REFUGE-Validation400/REFUGE-Validation400/V0303.jpg,non-glaucoma,636af3a1dff6a7aa899acb73f65839083719b96f4f2d498e344972123ecc8389,train,test
REFUGE/Refuge/REFUGE-Validation400/REFUGE-Validation400/V0304.jpg,REFUGE,0,,REFUGE:image:REFUGE/Refuge/REFUGE-Validation400/REFUGE-Validation400/V0304.jpg,non-glaucoma,2aa01be996591aea41fca78f21f99bf4d24a9e26a3f9a9648663b8ca3a9a333a,train,test
REFUGE/Refuge/REFUGE-Validation400/REFUGE-Validation400/V0305.jpg,REFUGE,0,,REFUGE:image:REFUGE/Refuge/REFUGE-Validation400/REFUGE-Validation400/V0305.jpg,non-glaucoma,deed2fbaef868e146bdbddad7dcd1b54804d5e6f0981eed5625a30382677d7f8,train,test
REFUGE/Refuge/REFUGE-Validation400/REFUGE-Validation400/V0306.jpg,REFUGE,0,,REFUGE:image:REFUGE/Refuge/REFUGE-Validation400/REFUGE-Validation400/V0306.jpg,non-glaucoma,39f4809f57c98c911a436504f077a28c10f3d6a776f329274d6c34c7f9a5ccb9,train,test
REFUGE/Refuge/REFUGE-Validation400/REFUGE-Validation400/V0307.jpg,REFUGE,0,,REFUGE:image:REFUGE/Refuge/REFUGE-Validation400/REFUGE-Validation400/V0307.jpg,non-glaucoma,eb817efe890efcd586be11685540452381280e2440ae91f7db52cdaeb1e7b909,val,test
REFUGE/Refuge/REFUGE-Validation400/REFUGE-Validation400/V0308.jpg,REFUGE,0,,REFUGE:image:REFUGE/Refuge/REFUGE-Validation400/REFUGE-Validation400/V0308.jpg,non-glaucoma,6ac140ed569c0f91866631d9500c24fcd08dcc1c6db34068c33a081f894a4ca7,train,test
REFUGE/Refuge/REFUGE-Validation400/REFUGE-Validation400/V0309.jpg,REFUGE,0,,REFUGE:image:REFUGE/Refuge/REFUGE-Validation400/REFUGE-Validation400/V0309.jpg,non-glaucoma,8670a66833a195c32b0b625552af161917648e4d03924cec85f01046c273b3c5,train,test
REFUGE/Refuge/REFUGE-Validation400/REFUGE-Validation400/V0310.jpg,REFUGE,0,,REFUGE:image:REFUGE/Refuge/REFUGE-Validation400/REFUGE-Validation400/V0310.jpg,non-glaucoma,b093ee9f8e17430e043f7bdffa24b8ccc43b25572ff309d81831f33f5dc78455,val,test
REFUGE/Refuge/REFUGE-Validation400/REFUGE-Validation400/V0311.jpg,REFUGE,0,,REFUGE:image:REFUGE/Refuge/REFUGE-Validation400/REFUGE-Validation400/V0311.jpg,non-glaucoma,e1bdc4494c3d49aa1f78ae46702a31455910f3ad79c529175f3ab567263d6762,train,test
REFUGE/Refuge/REFUGE-Validation400/REFUGE-Validation400/V0312.jpg,REFUGE,0,,REFUGE:image:REFUGE/Refuge/REFUGE-Validation400/REFUGE-Validation400/V0312.jpg,non-glaucoma,e032c90d3add1ff9035a721fa45aaaf288521cdddeb21d0b03e255d0977f9f05,train,test
REFUGE/Refuge/REFUGE-Validation400/REFUGE-Validation400/V0313.jpg,REFUGE,0,,REFUGE:image:REFUGE/Refuge/REFUGE-Validation400/REFUGE-Validation400/V0313.jpg,non-glaucoma,892f5142eb345a2f67fb7f48319739e308f4f9275956f4d6bcce3a0236ec15d1,train,test
REFUGE/Refuge/REFUGE-Validation400/REFUGE-Validation400/V0314.jpg,REFUGE,0,,REFUGE:image:REFUGE/Refuge/REFUGE-Validation400/REFUGE-Validation400/V0314.jpg,non-glaucoma,f7354dc18c2deda8f1df5c9e5d1c521594522e9f8a757b383c3920a743f44acc,train,test
REFUGE/Refuge/REFUGE-Validation400/REFUGE-Validation400/V0315.jpg,REFUGE,0,,REFUGE:image:REFUGE/Refuge/REFUGE-Validation400/REFUGE-Validation400/V0315.jpg,non-glaucoma,10ce42352cc158eae0e226ddf945f54ca2c7eff95089360343db1f61fb4be3b2,train,test
REFUGE/Refuge/REFUGE-Validation400/REFUGE-Validation400/V0316.jpg,REFUGE,0,,REFUGE:image:REFUGE/Refuge/REFUGE-Validation400/REFUGE-Validation400/V0316.jpg,non-glaucoma,2b4959a1382948268e86b41a1dca1a601f2ee8cc7e9d0b7595d20d427e3e6e53,train,test
REFUGE/Refuge/REFUGE-Validation400/REFUGE-Validation400/V0317.jpg,REFUGE,0,,REFUGE:image:REFUGE/Refuge/REFUGE-Validation400/REFUGE-Validation400/V0317.jpg,non-glaucoma,e5732d55a5a98c86f391647c098efd2c9fb52c200a7de55af401c0250feca6fd,train,test
REFUGE/Refuge/REFUGE-Validation400/REFUGE-Validation400/V0318.jpg,REFUGE,0,,REFUGE:image:REFUGE/Refuge/REFUGE-Validation400/REFUGE-Validation400/V0318.jpg,non-glaucoma,30b9dc0160362d74e03c849dc405e87d1df457fe11ac6265a8d19ebdcc901d9d,train,test
REFUGE/Refuge/REFUGE-Validation400/REFUGE-Validation400/V0319.jpg,REFUGE,1,,REFUGE:image:REFUGE/Refuge/REFUGE-Validation400/REFUGE-Validation400/V0319.jpg,glaucoma,6da810bb8b5febd85728ff7306c11144ddee7750fe47f4e3f04013a415cb4d20,train,test
REFUGE/Refuge/REFUGE-Validation400/REFUGE-Validation400/V0320.jpg,REFUGE,0,,REFUGE:image:REFUGE/Refuge/REFUGE-Validation400/REFUGE-Validation400/V0320.jpg,non-glaucoma,2446b54de896975fc9fd3b3d90385d20cff9caec7f3e8fbda7f3c501bbb12b70,train,test
REFUGE/Refuge/REFUGE-Validation400/REFUGE-Validation400/V0321.jpg,REFUGE,0,,REFUGE:image:REFUGE/Refuge/REFUGE-Validation400/REFUGE-Validation400/V0321.jpg,non-glaucoma,1c8d947d1dcad3f01afc25a9bf753bce71ae8532294405e06c8d4a9b60be0685,train,test
REFUGE/Refuge/REFUGE-Validation400/REFUGE-Validation400/V0322.jpg,REFUGE,0,,REFUGE:image:REFUGE/Refuge/REFUGE-Validation400/REFUGE-Validation400/V0322.jpg,non-glaucoma,1c2986a928c50f92a236b506dfece7600524a3b70f29e7bce965aca78924e61c,val,test
REFUGE/Refuge/REFUGE-Validation400/REFUGE-Validation400/V0323.jpg,REFUGE,0,,REFUGE:image:REFUGE/Refuge/REFUGE-Validation400/REFUGE-Validation400/V0323.jpg,non-glaucoma,c45377e962c37802259f42c2dd2f2ff84a870dff21b3456824ca28defad55a79,train,test
REFUGE/Refuge/REFUGE-Validation400/REFUGE-Validation400/V0324.jpg,REFUGE,0,,REFUGE:image:REFUGE/Refuge/REFUGE-Validation400/REFUGE-Validation400/V0324.jpg,non-glaucoma,711a327939242587ef609c4848a732f37dcc438d17b9e9743163050592c97474,train,test
REFUGE/Refuge/REFUGE-Validation400/REFUGE-Validation400/V0325.jpg,REFUGE,0,,REFUGE:image:REFUGE/Refuge/REFUGE-Validation400/REFUGE-Validation400/V0325.jpg,non-glaucoma,c0f32dfe865ce69c9fa40c57338310963de7300efa2549ae1d655986fc1e4c57,train,test
REFUGE/Refuge/REFUGE-Validation400/REFUGE-Validation400/V0326.jpg,REFUGE,0,,REFUGE:image:REFUGE/Refuge/REFUGE-Validation400/REFUGE-Validation400/V0326.jpg,non-glaucoma,d90803d69954352bbbb596786295a91a5e0262d4f002d8e950d9c893804cea32,train,test
REFUGE/Refuge/REFUGE-Validation400/REFUGE-Validation400/V0327.jpg,REFUGE,0,,REFUGE:image:REFUGE/Refuge/REFUGE-Validation400/REFUGE-Validation400/V0327.jpg,non-glaucoma,692cd35b1cb327a30cbcaf0e87ac6cce849081a3d8c41b6656b354489ff0fb92,train,test
REFUGE/Refuge/REFUGE-Validation400/REFUGE-Validation400/V0328.jpg,REFUGE,0,,REFUGE:image:REFUGE/Refuge/REFUGE-Validation400/REFUGE-Validation400/V0328.jpg,non-glaucoma,03f3261869d1bed211d7430df6b75b9b71b8d3d6b41fa3ff1e2137371c44cf42,train,test
REFUGE/Refuge/REFUGE-Validation400/REFUGE-Validation400/V0329.jpg,REFUGE,0,,REFUGE:image:REFUGE/Refuge/REFUGE-Validation400/REFUGE-Validation400/V0329.jpg,non-glaucoma,cee87ca385e6b92a7be53e8f8a5d2fc793e789bd24440feb54a106acf544af40,train,test
REFUGE/Refuge/REFUGE-Validation400/REFUGE-Validation400/V0330.jpg,REFUGE,0,,REFUGE:image:REFUGE/Refuge/REFUGE-Validation400/REFUGE-Validation400/V0330.jpg,non-glaucoma,e424344888a5d7d1069cfc7aa5cb008a109340a99c34892407314cefd6940903,train,test
REFUGE/Refuge/REFUGE-Validation400/REFUGE-Validation400/V0331.jpg,REFUGE,0,,REFUGE:image:REFUGE/Refuge/REFUGE-Validation400/REFUGE-Validation400/V0331.jpg,non-glaucoma,33df1837e82249d4917d6cbc8e44bae2f9c931a1a40b158fdaaaffc7182c22f3,train,test
REFUGE/Refuge/REFUGE-Validation400/REFUGE-Validation400/V0332.jpg,REFUGE,0,,REFUGE:image:REFUGE/Refuge/REFUGE-Validation400/REFUGE-Validation400/V0332.jpg,non-glaucoma,47cb390efd86f417bea634481dfe538a0a2f4dcc0dd79b4cf6da43fa11fa0722,train,test
REFUGE/Refuge/REFUGE-Validation400/REFUGE-Validation400/V0333.jpg,REFUGE,1,,REFUGE:image:REFUGE/Refuge/REFUGE-Validation400/REFUGE-Validation400/V0333.jpg,glaucoma,dafc7ff8f1aa1a778579331ef96b8229f5ba7268ad923760219b4d3dfffddb7c,train,test
REFUGE/Refuge/REFUGE-Validation400/REFUGE-Validation400/V0334.jpg,REFUGE,0,,REFUGE:image:REFUGE/Refuge/REFUGE-Validation400/REFUGE-Validation400/V0334.jpg,non-glaucoma,ff8a7c5cefd831d17fdce5413ef0652f0a89477757cbd2a335d8536efbff6a29,train,test
REFUGE/Refuge/REFUGE-Validation400/REFUGE-Validation400/V0335.jpg,REFUGE,0,,REFUGE:image:REFUGE/Refuge/REFUGE-Validation400/REFUGE-Validation400/V0335.jpg,non-glaucoma,3d5cf4e33bb1e340db228b6143fdbcff68f6daa16d30b3b1697b5846ff099d30,train,test
REFUGE/Refuge/REFUGE-Validation400/REFUGE-Validation400/V0336.jpg,REFUGE,0,,REFUGE:image:REFUGE/Refuge/REFUGE-Validation400/REFUGE-Validation400/V0336.jpg,non-glaucoma,bba61a253501273c9a3110120a42e3d5226e1079b3ffc018ef9393dc2992b2f0,train,test
REFUGE/Refuge/REFUGE-Validation400/REFUGE-Validation400/V0337.jpg,REFUGE,0,,REFUGE:image:REFUGE/Refuge/REFUGE-Validation400/REFUGE-Validation400/V0337.jpg,non-glaucoma,65a043d778560959970820a4bcd40c27d8f7c948dbccbf75d5878d0ad916f227,train,test
REFUGE/Refuge/REFUGE-Validation400/REFUGE-Validation400/V0338.jpg,REFUGE,0,,REFUGE:image:REFUGE/Refuge/REFUGE-Validation400/REFUGE-Validation400/V0338.jpg,non-glaucoma,e0f46880ea3eeb9b5f400e459b174ee01b85f7e9a6349f17c79b8dea000e32f7,train,test
REFUGE/Refuge/REFUGE-Validation400/REFUGE-Validation400/V0339.jpg,REFUGE,0,,REFUGE:image:REFUGE/Refuge/REFUGE-Validation400/REFUGE-Validation400/V0339.jpg,non-glaucoma,c9dd987376b6b445c8524833395e1ae428bcdb922dcbd61069d973f12df0c0c4,train,test
REFUGE/Refuge/REFUGE-Validation400/REFUGE-Validation400/V0340.jpg,REFUGE,0,,REFUGE:image:REFUGE/Refuge/REFUGE-Validation400/REFUGE-Validation400/V0340.jpg,non-glaucoma,da32117106fef0121f7d05965071e3fa5875c3fb1fc297ff953ee163ab6d2883,val,test
REFUGE/Refuge/REFUGE-Validation400/REFUGE-Validation400/V0341.jpg,REFUGE,0,,REFUGE:image:REFUGE/Refuge/REFUGE-Validation400/REFUGE-Validation400/V0341.jpg,non-glaucoma,d65d59fd60f427f32c26b5a4b4f784433478b8fb413b1045d6de7532985984e5,train,test
REFUGE/Refuge/REFUGE-Validation400/REFUGE-Validation400/V0342.jpg,REFUGE,1,,REFUGE:image:REFUGE/Refuge/REFUGE-Validation400/REFUGE-Validation400/V0342.jpg,glaucoma,ddc5741f973caf92d8ac85ff97531c544c012d0eebbcc6b597162c705f963e4f,train,test
REFUGE/Refuge/REFUGE-Validation400/REFUGE-Validation400/V0343.jpg,REFUGE,0,,REFUGE:image:REFUGE/Refuge/REFUGE-Validation400/REFUGE-Validation400/V0343.jpg,non-glaucoma,6bddebd61b3cbd4deef9432e553f61ddc734c72b2bfbe51f4ed323c5b8f38594,train,test
REFUGE/Refuge/REFUGE-Validation400/REFUGE-Validation400/V0344.jpg,REFUGE,1,,REFUGE:image:REFUGE/Refuge/REFUGE-Validation400/REFUGE-Validation400/V0344.jpg,glaucoma,3751ddaf248b300550f8998287e8b05da130c14a76407bb6ca7934be33378568,val,test
REFUGE/Refuge/REFUGE-Validation400/REFUGE-Validation400/V0345.jpg,REFUGE,0,,REFUGE:image:REFUGE/Refuge/REFUGE-Validation400/REFUGE-Validation400/V0345.jpg,non-glaucoma,3403737601888de79e44f7a2907210f546536881c33f019b0b910979c0883cc9,train,test
REFUGE/Refuge/REFUGE-Validation400/REFUGE-Validation400/V0346.jpg,REFUGE,0,,REFUGE:image:REFUGE/Refuge/REFUGE-Validation400/REFUGE-Validation400/V0346.jpg,non-glaucoma,b1338ddcb78fa48b7f7bdf38144d1da1df51530411359061e117aa7bda947b70,train,test
REFUGE/Refuge/REFUGE-Validation400/REFUGE-Validation400/V0347.jpg,REFUGE,1,,REFUGE:image:REFUGE/Refuge/REFUGE-Validation400/REFUGE-Validation400/V0347.jpg,glaucoma,d10da7ca01e8fd8a31b33789c3ed99fc93658a93fcbca65c825a3396aff687c2,train,test
REFUGE/Refuge/REFUGE-Validation400/REFUGE-Validation400/V0348.jpg,REFUGE,0,,REFUGE:image:REFUGE/Refuge/REFUGE-Validation400/REFUGE-Validation400/V0348.jpg,non-glaucoma,aa2807473480b002665ab2de7ae80b14d4de39cc8e890aa0a1675fbc6d122a0b,train,test
REFUGE/Refuge/REFUGE-Validation400/REFUGE-Validation400/V0349.jpg,REFUGE,0,,REFUGE:image:REFUGE/Refuge/REFUGE-Validation400/REFUGE-Validation400/V0349.jpg,non-glaucoma,1ea5399223cec8a2e6ea2b3ca8428d3b92ce131bbd52d69d7a15c8301006c62b,train,test
REFUGE/Refuge/REFUGE-Validation400/REFUGE-Validation400/V0350.jpg,REFUGE,0,,REFUGE:image:REFUGE/Refuge/REFUGE-Validation400/REFUGE-Validation400/V0350.jpg,non-glaucoma,e080b30886e6f83c5ff263e19ca38b2f801170b5ea7a59eae412a72a8eef89a0,train,test
REFUGE/Refuge/REFUGE-Validation400/REFUGE-Validation400/V0351.jpg,REFUGE,0,,REFUGE:image:REFUGE/Refuge/REFUGE-Validation400/REFUGE-Validation400/V0351.jpg,non-glaucoma,e5ebfe5d84ced909f39f4e8c5581cd5c52bc3fee5dbbe71b1f4cc81b71d3a38a,train,test
REFUGE/Refuge/REFUGE-Validation400/REFUGE-Validation400/V0352.jpg,REFUGE,0,,REFUGE:image:REFUGE/Refuge/REFUGE-Validation400/REFUGE-Validation400/V0352.jpg,non-glaucoma,cd5e64b6883a8461ac384a945a1e251e62a2e45e161e6f82832923f5c80177e2,train,test
REFUGE/Refuge/REFUGE-Validation400/REFUGE-Validation400/V0353.jpg,REFUGE,0,,REFUGE:image:REFUGE/Refuge/REFUGE-Validation400/REFUGE-Validation400/V0353.jpg,non-glaucoma,c8d77a76381fb31a185087dcbb7c5d8adb84be770f041f8ed53cc98bca8acc07,train,test
REFUGE/Refuge/REFUGE-Validation400/REFUGE-Validation400/V0354.jpg,REFUGE,0,,REFUGE:image:REFUGE/Refuge/REFUGE-Validation400/REFUGE-Validation400/V0354.jpg,non-glaucoma,ad32b014bdfd7a3d8d4862c0774aabe1733084a3624edf4b02230828b5f96b98,train,test
REFUGE/Refuge/REFUGE-Validation400/REFUGE-Validation400/V0355.jpg,REFUGE,0,,REFUGE:image:REFUGE/Refuge/REFUGE-Validation400/REFUGE-Validation400/V0355.jpg,non-glaucoma,05fa96f1f209c2ba89532dc0dc0091d0e09630b5bbf3429d6b51376de8ac7ea5,train,test
REFUGE/Refuge/REFUGE-Validation400/REFUGE-Validation400/V0356.jpg,REFUGE,0,,REFUGE:image:REFUGE/Refuge/REFUGE-Validation400/REFUGE-Validation400/V0356.jpg,non-glaucoma,5aed5b9561640ebd5ff81558c53017447da871a5f4a0aaf39b072fdaa8895f40,train,test
REFUGE/Refuge/REFUGE-Validation400/REFUGE-Validation400/V0357.jpg,REFUGE,0,,REFUGE:image:REFUGE/Refuge/REFUGE-Validation400/REFUGE-Validation400/V0357.jpg,non-glaucoma,30aaf5645e96962d2757fcd715edf11b66f4ab76b559e4dc9669aa5e282e1114,train,test
REFUGE/Refuge/REFUGE-Validation400/REFUGE-Validation400/V0358.jpg,REFUGE,0,,REFUGE:image:REFUGE/Refuge/REFUGE-Validation400/REFUGE-Validation400/V0358.jpg,non-glaucoma,afce19669ba085dd328f5e4ed021a9ad5bceb3f0fc1fc5e76befad06eee168b6,train,test
REFUGE/Refuge/REFUGE-Validation400/REFUGE-Validation400/V0359.jpg,REFUGE,0,,REFUGE:image:REFUGE/Refuge/REFUGE-Validation400/REFUGE-Validation400/V0359.jpg,non-glaucoma,7227a5e0965368b6f6a195de6ba8949adb5b6a6508cae24ae151beb698c4131c,train,test
REFUGE/Refuge/REFUGE-Validation400/REFUGE-Validation400/V0360.jpg,REFUGE,0,,REFUGE:image:REFUGE/Refuge/REFUGE-Validation400/REFUGE-Validation400/V0360.jpg,non-glaucoma,c3c31d0a849de966e44804d29e7ff25082a56ffc73420f3be09208e3b41d1ae4,train,test
REFUGE/Refuge/REFUGE-Validation400/REFUGE-Validation400/V0361.jpg,REFUGE,0,,REFUGE:image:REFUGE/Refuge/REFUGE-Validation400/REFUGE-Validation400/V0361.jpg,non-glaucoma,36111294ffe31e297639ce2ae3864bd8d12ef6ac77450e1552c01914e0601786,train,test
REFUGE/Refuge/REFUGE-Validation400/REFUGE-Validation400/V0362.jpg,REFUGE,0,,REFUGE:image:REFUGE/Refuge/REFUGE-Validation400/REFUGE-Validation400/V0362.jpg,non-glaucoma,c0903621b25d9177711e906f3c20dc7c80a736910ad7a0bae806a0684be279bb,val,test
REFUGE/Refuge/REFUGE-Validation400/REFUGE-Validation400/V0363.jpg,REFUGE,0,,REFUGE:image:REFUGE/Refuge/REFUGE-Validation400/REFUGE-Validation400/V0363.jpg,non-glaucoma,ca27f209ec46b81c75a16d74caf4c7512cdff59b5df10b83b78381bb6143ab88,train,test
REFUGE/Refuge/REFUGE-Validation400/REFUGE-Validation400/V0364.jpg,REFUGE,0,,REFUGE:image:REFUGE/Refuge/REFUGE-Validation400/REFUGE-Validation400/V0364.jpg,non-glaucoma,d236a411a598737852fb0343d4df0395282c6503aef1c066655537ab7f4e1b0a,train,test
REFUGE/Refuge/REFUGE-Validation400/REFUGE-Validation400/V0365.jpg,REFUGE,0,,REFUGE:image:REFUGE/Refuge/REFUGE-Validation400/REFUGE-Validation400/V0365.jpg,non-glaucoma,552e52b1410241d3225ea019ad7c815d0341db7a7dd7eccb4a5e9d97ebf74cd7,train,test
REFUGE/Refuge/REFUGE-Validation400/REFUGE-Validation400/V0366.jpg,REFUGE,0,,REFUGE:image:REFUGE/Refuge/REFUGE-Validation400/REFUGE-Validation400/V0366.jpg,non-glaucoma,3b9357a8edebbb21cfbef2f512aa22e6c006692c5010ca92fcd11029dd88fc06,train,test
REFUGE/Refuge/REFUGE-Validation400/REFUGE-Validation400/V0367.jpg,REFUGE,0,,REFUGE:image:REFUGE/Refuge/REFUGE-Validation400/REFUGE-Validation400/V0367.jpg,non-glaucoma,7082aafb9063506a1362db6bca3419a114026c1e0c698e1fa8106a3b8ce07d44,train,test
REFUGE/Refuge/REFUGE-Validation400/REFUGE-Validation400/V0368.jpg,REFUGE,0,,REFUGE:image:REFUGE/Refuge/REFUGE-Validation400/REFUGE-Validation400/V0368.jpg,non-glaucoma,2584e3377c7eaa29044b8c1684db4a01d8c98d128fc155b6659527e05e784e26,train,test
REFUGE/Refuge/REFUGE-Validation400/REFUGE-Validation400/V0369.jpg,REFUGE,0,,REFUGE:image:REFUGE/Refuge/REFUGE-Validation400/REFUGE-Validation400/V0369.jpg,non-glaucoma,83ef964f89d7bf20d11904ea836c5de3da8be31867f028a43e5d8e910827d06d,train,test
REFUGE/Refuge/REFUGE-Validation400/REFUGE-Validation400/V0370.jpg,REFUGE,0,,REFUGE:image:REFUGE/Refuge/REFUGE-Validation400/REFUGE-Validation400/V0370.jpg,non-glaucoma,e8aa94ec938b3da286d49f11e15a50326d1685e9119a103658bd3327cc55d65b,train,test
REFUGE/Refuge/REFUGE-Validation400/REFUGE-Validation400/V0371.jpg,REFUGE,0,,REFUGE:image:REFUGE/Refuge/REFUGE-Validation400/REFUGE-Validation400/V0371.jpg,non-glaucoma,c9a287a3130c57dcdd3cf52cc4102a837d454368ece8584713feed23fcbce4cf,train,test
REFUGE/Refuge/REFUGE-Validation400/REFUGE-Validation400/V0372.jpg,REFUGE,0,,REFUGE:image:REFUGE/Refuge/REFUGE-Validation400/REFUGE-Validation400/V0372.jpg,non-glaucoma,3b475b815b53e90c68ce96c9d0c3efcb021d9769385f27f932898f48f039f81a,train,test
REFUGE/Refuge/REFUGE-Validation400/REFUGE-Validation400/V0373.jpg,REFUGE,0,,REFUGE:image:REFUGE/Refuge/REFUGE-Validation400/REFUGE-Validation400/V0373.jpg,non-glaucoma,86ee236ca786ac568a2e936b209e505464f61a1c72f16a05b48a701aeee50a8e,train,test
REFUGE/Refuge/REFUGE-Validation400/REFUGE-Validation400/V0374.jpg,REFUGE,0,,REFUGE:image:REFUGE/Refuge/REFUGE-Validation400/REFUGE-Validation400/V0374.jpg,non-glaucoma,c9802ac18b92afedc4d5212e2e44c8a5f6e65b5b0721dc788dc538a8d01e323c,train,test
REFUGE/Refuge/REFUGE-Validation400/REFUGE-Validation400/V0375.jpg,REFUGE,0,,REFUGE:image:REFUGE/Refuge/REFUGE-Validation400/REFUGE-Validation400/V0375.jpg,non-glaucoma,217e9d0fa31c99d57996af69966cd739b1ce41c5a37582d97682e6fd4905d2cd,train,test
REFUGE/Refuge/REFUGE-Validation400/REFUGE-Validation400/V0376.jpg,REFUGE,0,,REFUGE:image:REFUGE/Refuge/REFUGE-Validation400/REFUGE-Validation400/V0376.jpg,non-glaucoma,d583709d11fe275eeffffd1d4bee4f66fce35a5fd8dd12db2a2b86fe350cc0ec,train,test
REFUGE/Refuge/REFUGE-Validation400/REFUGE-Validation400/V0377.jpg,REFUGE,0,,REFUGE:image:REFUGE/Refuge/REFUGE-Validation400/REFUGE-Validation400/V0377.jpg,non-glaucoma,c07365c516154ef2df80dd0bbcc7e32bdb53daa3fabb7cb2d5381c33d1222d22,train,test
REFUGE/Refuge/REFUGE-Validation400/REFUGE-Validation400/V0378.jpg,REFUGE,0,,REFUGE:image:REFUGE/Refuge/REFUGE-Validation400/REFUGE-Validation400/V0378.jpg,non-glaucoma,9ca87451457ddc07c98911370bc6d54d88f5186781feeff57c0f2fc2e7cf39bd,train,test
REFUGE/Refuge/REFUGE-Validation400/REFUGE-Validation400/V0379.jpg,REFUGE,0,,REFUGE:image:REFUGE/Refuge/REFUGE-Validation400/REFUGE-Validation400/V0379.jpg,non-glaucoma,d08e6797e2597bed9187cb973a66fd6931683558980cfc50ebf749bb7a07d7eb,train,test
REFUGE/Refuge/REFUGE-Validation400/REFUGE-Validation400/V0380.jpg,REFUGE,0,,REFUGE:image:REFUGE/Refuge/REFUGE-Validation400/REFUGE-Validation400/V0380.jpg,non-glaucoma,db84f1e16259c63d98f56cb20e795221baa6e5aad2c74d6fbb326fee3d007a01,train,test
REFUGE/Refuge/REFUGE-Validation400/REFUGE-Validation400/V0381.jpg,REFUGE,0,,REFUGE:image:REFUGE/Refuge/REFUGE-Validation400/REFUGE-Validation400/V0381.jpg,non-glaucoma,24c0e8d7fef185ecd7c49cb01b9f68be7bd3760c8061a261193d6f3f8fb63f3d,train,test
REFUGE/Refuge/REFUGE-Validation400/REFUGE-Validation400/V0382.jpg,REFUGE,0,,REFUGE:image:REFUGE/Refuge/REFUGE-Validation400/REFUGE-Validation400/V0382.jpg,non-glaucoma,9c63227d10cf54a4bbbaea83620d80db8d45994080c0fd99f1a36ba03eedb051,train,test
REFUGE/Refuge/REFUGE-Validation400/REFUGE-Validation400/V0383.jpg,REFUGE,1,,REFUGE:image:REFUGE/Refuge/REFUGE-Validation400/REFUGE-Validation400/V0383.jpg,glaucoma,ca1436a0d11afce9677e8adea15290436ad3d069171e45282f2f9ddc610d316c,train,test
REFUGE/Refuge/REFUGE-Validation400/REFUGE-Validation400/V0384.jpg,REFUGE,0,,REFUGE:image:REFUGE/Refuge/REFUGE-Validation400/REFUGE-Validation400/V0384.jpg,non-glaucoma,b09b7e5203f358ee125ef3e73cb80b8c5a6a4e0a6918cbe0719611ad75b89d37,train,test
REFUGE/Refuge/REFUGE-Validation400/REFUGE-Validation400/V0385.jpg,REFUGE,1,,REFUGE:image:REFUGE/Refuge/REFUGE-Validation400/REFUGE-Validation400/V0385.jpg,glaucoma,38463b4f714e451f77c6bbceef06c727d3073efe85633ae5f1579c077efdfe9f,train,test
REFUGE/Refuge/REFUGE-Validation400/REFUGE-Validation400/V0386.jpg,REFUGE,0,,REFUGE:image:REFUGE/Refuge/REFUGE-Validation400/REFUGE-Validation400/V0386.jpg,non-glaucoma,9bd2d42ee29bc9162aec75770e764921c579274bf73fb70b8b097549e33b3647,train,test
REFUGE/Refuge/REFUGE-Validation400/REFUGE-Validation400/V0387.jpg,REFUGE,1,,REFUGE:image:REFUGE/Refuge/REFUGE-Validation400/REFUGE-Validation400/V0387.jpg,glaucoma,c04401efc76f3bc71af8fa36bc51ca2f389a7307812011f86141b4d7186c6723,train,test
REFUGE/Refuge/REFUGE-Validation400/REFUGE-Validation400/V0388.jpg,REFUGE,0,,REFUGE:image:REFUGE/Refuge/REFUGE-Validation400/REFUGE-Validation400/V0388.jpg,non-glaucoma,2a8546e95e5b78e525856ae1fcda069537073cc2283c9aeb7a5aa691a9d08c5b,train,test
REFUGE/Refuge/REFUGE-Validation400/REFUGE-Validation400/V0389.jpg,REFUGE,0,,REFUGE:image:REFUGE/Refuge/REFUGE-Validation400/REFUGE-Validation400/V0389.jpg,non-glaucoma,1e11e6604d8c3fa7ffbf901f433514246d3bf90caba944d890a26ee64f62c1d5,train,test
REFUGE/Refuge/REFUGE-Validation400/REFUGE-Validation400/V0390.jpg,REFUGE,0,,REFUGE:image:REFUGE/Refuge/REFUGE-Validation400/REFUGE-Validation400/V0390.jpg,non-glaucoma,655076ceadb8966fd30e73f4d83b3a0b7469664a561a5b5563454447affe07be,train,test
REFUGE/Refuge/REFUGE-Validation400/REFUGE-Validation400/V0391.jpg,REFUGE,0,,REFUGE:image:REFUGE/Refuge/REFUGE-Validation400/REFUGE-Validation400/V0391.jpg,non-glaucoma,c7dcda545de0d78268fa35bb9f9a9b509bea30e9f6605d47320ce6500e54cefb,train,test
REFUGE/Refuge/REFUGE-Validation400/REFUGE-Validation400/V0392.jpg,REFUGE,0,,REFUGE:image:REFUGE/Refuge/REFUGE-Validation400/REFUGE-Validation400/V0392.jpg,non-glaucoma,20f7b283d4b031686e692fa6c770ae550b648488b26ec30b3fee1cca39bc99d0,train,test
REFUGE/Refuge/REFUGE-Validation400/REFUGE-Validation400/V0393.jpg,REFUGE,0,,REFUGE:image:REFUGE/Refuge/REFUGE-Validation400/REFUGE-Validation400/V0393.jpg,non-glaucoma,20700d5d81a0c63c89d2b75fdc5866e0f211d6356dc4ab278e53efb8db131a47,train,test
REFUGE/Refuge/REFUGE-Validation400/REFUGE-Validation400/V0394.jpg,REFUGE,0,,REFUGE:image:REFUGE/Refuge/REFUGE-Validation400/REFUGE-Validation400/V0394.jpg,non-glaucoma,bd9ced74fab5dacf841005d35fb04b376748203c0e9df3d8fe28955190c112dd,train,test
REFUGE/Refuge/REFUGE-Validation400/REFUGE-Validation400/V0395.jpg,REFUGE,0,,REFUGE:image:REFUGE/Refuge/REFUGE-Validation400/REFUGE-Validation400/V0395.jpg,non-glaucoma,a3a236c9f8afef6094bfa9fc3ac0e8574089d5748eda41d4f97fb692337c747e,train,test
REFUGE/Refuge/REFUGE-Validation400/REFUGE-Validation400/V0396.jpg,REFUGE,0,,REFUGE:image:REFUGE/Refuge/REFUGE-Validation400/REFUGE-Validation400/V0396.jpg,non-glaucoma,c36e2c28f6cf66bec20a3b8fa63390e654caedc77cc9e6ae6d2dba1053f6b43b,train,test
REFUGE/Refuge/REFUGE-Validation400/REFUGE-Validation400/V0397.jpg,REFUGE,0,,REFUGE:image:REFUGE/Refuge/REFUGE-Validation400/REFUGE-Validation400/V0397.jpg,non-glaucoma,f182b315be0563449c35d93098c0d87f69144bab3c91cd0ba6f36055a9cc489c,train,test
REFUGE/Refuge/REFUGE-Validation400/REFUGE-Validation400/V0398.jpg,REFUGE,0,,REFUGE:image:REFUGE/Refuge/REFUGE-Validation400/REFUGE-Validation400/V0398.jpg,non-glaucoma,13edce49c01928c16ffad70c1aa6ad56e1914bb92682b53e6176b8f20d7b9d3d,train,test
REFUGE/Refuge/REFUGE-Validation400/REFUGE-Validation400/V0399.jpg,REFUGE,0,,REFUGE:image:REFUGE/Refuge/REFUGE-Validation400/REFUGE-Validation400/V0399.jpg,non-glaucoma,ea355ed81a664224c1d25f34c28ad7844e1e4e98100cf9e6bed7d4112c7176ff,train,test
REFUGE/Refuge/REFUGE-Validation400/REFUGE-Validation400/V0400.jpg,REFUGE,0,,REFUGE:image:REFUGE/Refuge/REFUGE-Validation400/REFUGE-Validation400/V0400.jpg,non-glaucoma,14c3395c8bb6fa68fa316d89dcfb28da518701a9a6ef1d52670ee16a58a7ddf3,train,test
REFUGE/Refuge/Test400/T0001.jpg,REFUGE,0,,REFUGE:image:REFUGE/Refuge/Test400/T0001.jpg,non-glaucoma,8511a8ea09e5b8056f906a23b1ec516c307705a40f4aa8f11341b616fec5e228,train,test
REFUGE/Refuge/Test400/T0002.jpg,REFUGE,0,,REFUGE:image:REFUGE/Refuge/Test400/T0002.jpg,non-glaucoma,8b6ceb2b4e86f114c08ade6a2ada5cac2306c0ef5aec5a04ecf4f261db961eb1,train,test
REFUGE/Refuge/Test400/T0003.jpg,REFUGE,0,,REFUGE:image:REFUGE/Refuge/Test400/T0003.jpg,non-glaucoma,034c0a7c5ff85541f04578d8d363ab835865c48ef04d368d9aaf3ae04a79a128,train,test
REFUGE/Refuge/Test400/T0004.jpg,REFUGE,0,,REFUGE:image:REFUGE/Refuge/Test400/T0004.jpg,non-glaucoma,c916fd35935649314c99ba7a259d3da31ffc4984647de98467cfca6fd564e294,train,test
REFUGE/Refuge/Test400/T0005.jpg,REFUGE,0,,REFUGE:image:REFUGE/Refuge/Test400/T0005.jpg,non-glaucoma,cf0278830c0f9702000504a2608c77bde7256993300082985785b28f8177d8ad,val,test
REFUGE/Refuge/Test400/T0006.jpg,REFUGE,0,,REFUGE:image:REFUGE/Refuge/Test400/T0006.jpg,non-glaucoma,23cff18682cdf529ea65cabe992ec3458a3c217e85bd6043561b46a6803bdfb4,train,test
REFUGE/Refuge/Test400/T0007.jpg,REFUGE,0,,REFUGE:image:REFUGE/Refuge/Test400/T0007.jpg,non-glaucoma,8a0aaab007e87c51f32323deb5bfa874ba96b76e36171e6c92aa003e23fbfb83,train,test
REFUGE/Refuge/Test400/T0008.jpg,REFUGE,0,,REFUGE:image:REFUGE/Refuge/Test400/T0008.jpg,non-glaucoma,e827f29d80159111ba4e2a3eda60a8031f7a5f7c286e81b03496c0082d1c6e51,train,test
REFUGE/Refuge/Test400/T0009.jpg,REFUGE,0,,REFUGE:image:REFUGE/Refuge/Test400/T0009.jpg,non-glaucoma,b6e3574f7b00226370b587b3683c92b15ea807af97b4b1e65810f21393f43ff4,train,test
REFUGE/Refuge/Test400/T0010.jpg,REFUGE,1,,REFUGE:image:REFUGE/Refuge/Test400/T0010.jpg,glaucoma,4710e94f6fe7a860248e4a62923c4e084ca13f746bfc1f6c546066f2e5f1fdcf,train,test
REFUGE/Refuge/Test400/T0011.jpg,REFUGE,0,,REFUGE:image:REFUGE/Refuge/Test400/T0011.jpg,non-glaucoma,4686e99a9c4129fafcaabb5323cdeac86f6dc834b1d3cccd7963e934f5a584f1,train,test
REFUGE/Refuge/Test400/T0012.jpg,REFUGE,0,,REFUGE:image:REFUGE/Refuge/Test400/T0012.jpg,non-glaucoma,38b1b1c29df1e1a2ad8a53304e818401ee8a79065a6e5e7e242dbb0b8c19da54,train,test
REFUGE/Refuge/Test400/T0013.jpg,REFUGE,0,,REFUGE:image:REFUGE/Refuge/Test400/T0013.jpg,non-glaucoma,88d700cbe90bed14bab2c851d326e90a764532a7ea698b7d4c86eb837a09f31e,train,test
REFUGE/Refuge/Test400/T0014.jpg,REFUGE,0,,REFUGE:image:REFUGE/Refuge/Test400/T0014.jpg,non-glaucoma,cc6dcced6cc06c7f8f7698f2925a3db17516ebad1b4cd8089d972f8ec6d05643,train,test
REFUGE/Refuge/Test400/T0015.jpg,REFUGE,0,,REFUGE:image:REFUGE/Refuge/Test400/T0015.jpg,non-glaucoma,5a7a341b1f5f63d24f5a8cc6241699ae3be5d3c31921fe74eea27f48edc2be0a,train,test
REFUGE/Refuge/Test400/T0016.jpg,REFUGE,0,,REFUGE:image:REFUGE/Refuge/Test400/T0016.jpg,non-glaucoma,534a1d21eee92f1844a1aafbd7ff203f7c6a80d9aca82cbd069711aa886b0c6f,train,test
REFUGE/Refuge/Test400/T0017.jpg,REFUGE,1,,REFUGE:image:REFUGE/Refuge/Test400/T0017.jpg,glaucoma,3b243dac00eced977460ff1caeefc491525d04a4688553d50f4a221fe563976b,train,test
REFUGE/Refuge/Test400/T0018.jpg,REFUGE,0,,REFUGE:image:REFUGE/Refuge/Test400/T0018.jpg,non-glaucoma,06588fa58a5d72c596115311a43ee994d64a341a00c9d5503f7a23205697d1ad,train,test
REFUGE/Refuge/Test400/T0019.jpg,REFUGE,0,,REFUGE:image:REFUGE/Refuge/Test400/T0019.jpg,non-glaucoma,68d94d2d552c784c81dfa0de9bb30214dc641b2e3803807c9d99330f1dfc0bca,train,test
REFUGE/Refuge/Test400/T0020.jpg,REFUGE,0,,REFUGE:image:REFUGE/Refuge/Test400/T0020.jpg,non-glaucoma,6934b55300f3d2b64a0d9196d7b6044f8a6e08a112ddb185deb8411d05862613,train,test
REFUGE/Refuge/Test400/T0021.jpg,REFUGE,0,,REFUGE:image:REFUGE/Refuge/Test400/T0021.jpg,non-glaucoma,3c7f4192b1cc9e94b0343f8f4e08e9b475ddfd5efe98ddae1f4373bd4e0790e5,train,test
REFUGE/Refuge/Test400/T0022.jpg,REFUGE,0,,REFUGE:image:REFUGE/Refuge/Test400/T0022.jpg,non-glaucoma,67c21a8bb7dd1161e46985fbbb20017fc5c02a68d4b03a87fa6eb0e0cabaa9a1,train,test
REFUGE/Refuge/Test400/T0023.jpg,REFUGE,0,,REFUGE:image:REFUGE/Refuge/Test400/T0023.jpg,non-glaucoma,26078676e907c26896ab8a71d4bec8b7eee3e8c351deb271872ea36a715facc9,train,test
REFUGE/Refuge/Test400/T0024.jpg,REFUGE,0,,REFUGE:image:REFUGE/Refuge/Test400/T0024.jpg,non-glaucoma,dfc6815ea23634ed796f573d5d5e0adfbc1de15aed96396faef4df171268eafe,train,test
REFUGE/Refuge/Test400/T0025.jpg,REFUGE,0,,REFUGE:image:REFUGE/Refuge/Test400/T0025.jpg,non-glaucoma,5cb2dd9f96b2df11e4347f0b3b29f73fcfb3f68fc1d5c24a78d2578d121457f6,train,test
REFUGE/Refuge/Test400/T0026.jpg,REFUGE,0,,REFUGE:image:REFUGE/Refuge/Test400/T0026.jpg,non-glaucoma,3e0d6218766d3d2ae68121e79b6f18f148bba5da362dd6594a097d4836e49b66,train,test
REFUGE/Refuge/Test400/T0027.jpg,REFUGE,0,,REFUGE:image:REFUGE/Refuge/Test400/T0027.jpg,non-glaucoma,e9b3d0da73af334c33f7ada6110e50bffa6af4423be960c9a067a7a9610c3a9d,val,test
REFUGE/Refuge/Test400/T0028.jpg,REFUGE,1,,REFUGE:image:REFUGE/Refuge/Test400/T0028.jpg,glaucoma,0b7abaf13469599ea276ff8503f446e4a2ce510153aeaf4531e48f89a8903dae,val,test
REFUGE/Refuge/Test400/T0029.jpg,REFUGE,0,,REFUGE:image:REFUGE/Refuge/Test400/T0029.jpg,non-glaucoma,70146ef72f1d19270b90850a54fc04807315be4856ab04e7b75d4aed8fd2cea1,train,test
REFUGE/Refuge/Test400/T0030.jpg,REFUGE,0,,REFUGE:image:REFUGE/Refuge/Test400/T0030.jpg,non-glaucoma,e72efd232a6c78e5978d5ba4829e015ef025787a0f1977234af6f76ad5481b69,train,test
REFUGE/Refuge/Test400/T0031.jpg,REFUGE,1,,REFUGE:image:REFUGE/Refuge/Test400/T0031.jpg,glaucoma,076da111a174832482c91d97fb86e2392f8b469073d74adce9211a8a04cc2401,train,test
REFUGE/Refuge/Test400/T0032.jpg,REFUGE,0,,REFUGE:image:REFUGE/Refuge/Test400/T0032.jpg,non-glaucoma,a6746a738194b1c9420bfdffd729fa40387f265dfe29147233386e4e0d5c01eb,train,test
REFUGE/Refuge/Test400/T0033.jpg,REFUGE,0,,REFUGE:image:REFUGE/Refuge/Test400/T0033.jpg,non-glaucoma,427f9d18ef8d6bf9b7aac6eeb06cc7f2b9811cd7c6f1c711b946a84ee12147a6,train,test
REFUGE/Refuge/Test400/T0034.jpg,REFUGE,0,,REFUGE:image:REFUGE/Refuge/Test400/T0034.jpg,non-glaucoma,d11d32c0e977b74cde1e84509586aac8e999368b4eb14f41ba9ec44e412a84a3,train,test
REFUGE/Refuge/Test400/T0035.jpg,REFUGE,0,,REFUGE:image:REFUGE/Refuge/Test400/T0035.jpg,non-glaucoma,042bbab56d5629228eed475f5907bdb72b8ec4e2b7492904b0bc9388e4056203,val,test
REFUGE/Refuge/Test400/T0036.jpg,REFUGE,0,,REFUGE:image:REFUGE/Refuge/Test400/T0036.jpg,non-glaucoma,4bb32bd4aebbf84b62aea5dfe8c5b9afaedd15d18e65d352744a72bd8c1afe80,val,test
REFUGE/Refuge/Test400/T0037.jpg,REFUGE,0,,REFUGE:image:REFUGE/Refuge/Test400/T0037.jpg,non-glaucoma,d6e88ad020830c3dc8c48934b264b65cdd72f9515a5c15f650879b13756f6160,train,test
REFUGE/Refuge/Test400/T0038.jpg,REFUGE,0,,REFUGE:image:REFUGE/Refuge/Test400/T0038.jpg,non-glaucoma,4ea5a3f9f0ec4aee45b55b8f1bd1174385a1cd402c0538602f5395a4a5fe8482,train,test
REFUGE/Refuge/Test400/T0039.jpg,REFUGE,0,,REFUGE:image:REFUGE/Refuge/Test400/T0039.jpg,non-glaucoma,845dcd26094c2a79d6036a7a738aa5e9a04cf1aff2357ec79faf6567fc69c75b,train,test
REFUGE/Refuge/Test400/T0040.jpg,REFUGE,0,,REFUGE:image:REFUGE/Refuge/Test400/T0040.jpg,non-glaucoma,5c3e9670804ac3a32009de36170328814fd7940d85c8277d14b6ed6e7648e606,train,test
REFUGE/Refuge/Test400/T0041.jpg,REFUGE,0,,REFUGE:image:REFUGE/Refuge/Test400/T0041.jpg,non-glaucoma,44efaf4c959442713cbaeb1e64be0cec2fab4fbb6a910af5229e9c0aff156f2a,train,test
REFUGE/Refuge/Test400/T0042.jpg,REFUGE,0,,REFUGE:image:REFUGE/Refuge/Test400/T0042.jpg,non-glaucoma,8e184e0ecd423070bd4ac330b33e016f94ac16652346d5aad34707dda1660b85,train,test
REFUGE/Refuge/Test400/T0043.jpg,REFUGE,0,,REFUGE:image:REFUGE/Refuge/Test400/T0043.jpg,non-glaucoma,d423ed3f2a954a3859a2be69cb2bc4694b3859e9932d49e3fa65635cbd1b6a17,train,test
REFUGE/Refuge/Test400/T0044.jpg,REFUGE,0,,REFUGE:image:REFUGE/Refuge/Test400/T0044.jpg,non-glaucoma,580ebaf292ae4979071bffe8caee69f49d9537c2c44b44f0cf1368d2545848bb,train,test
REFUGE/Refuge/Test400/T0045.jpg,REFUGE,0,,REFUGE:image:REFUGE/Refuge/Test400/T0045.jpg,non-glaucoma,a84f4f9bc4e7c629bc86d16aa127bcbac388cc0930eb2f9badbd62a1765dba60,train,test
REFUGE/Refuge/Test400/T0046.jpg,REFUGE,0,,REFUGE:image:REFUGE/Refuge/Test400/T0046.jpg,non-glaucoma,05b0b609584dcd56d35c795509945b08131cbc26df3cefb7985251bc59647e75,train,test
REFUGE/Refuge/Test400/T0047.jpg,REFUGE,0,,REFUGE:image:REFUGE/Refuge/Test400/T0047.jpg,non-glaucoma,279bdbc3d46d5564b4b108a5b318603572a47ea78097a58c0afca89ef0cee4de,train,test
REFUGE/Refuge/Test400/T0048.jpg,REFUGE,0,,REFUGE:image:REFUGE/Refuge/Test400/T0048.jpg,non-glaucoma,d1784a16bd817407b04ec7e8b94e76e0726458d6d2357b3c6204938f8f1ee4e0,train,test
REFUGE/Refuge/Test400/T0049.jpg,REFUGE,1,,REFUGE:image:REFUGE/Refuge/Test400/T0049.jpg,glaucoma,ba717a1842543f53eee980fe593129738b5598ff343f33174a712af8d2c991fb,train,test
REFUGE/Refuge/Test400/T0050.jpg,REFUGE,0,,REFUGE:image:REFUGE/Refuge/Test400/T0050.jpg,non-glaucoma,934da99f452b25798b248e2ba7aaf606b965a8161877ea1c8b08c9df4f482ec7,train,test
REFUGE/Refuge/Test400/T0051.jpg,REFUGE,1,,REFUGE:image:REFUGE/Refuge/Test400/T0051.jpg,glaucoma,754911488b660888ed28819a1176f5049435f2ec69ab2987a9e5f00f23a1d338,train,test
REFUGE/Refuge/Test400/T0052.jpg,REFUGE,0,,REFUGE:image:REFUGE/Refuge/Test400/T0052.jpg,non-glaucoma,1f0c23b3cd70102d9615a61f5944506cbd8fb1ed99547ae2de37f2f9e13d408e,train,test
REFUGE/Refuge/Test400/T0053.jpg,REFUGE,1,,REFUGE:image:REFUGE/Refuge/Test400/T0053.jpg,glaucoma,3b67b6d54b49f55a90290cd69b0aa513b0b45abd1339e7ee3165296a9016c696,train,test
REFUGE/Refuge/Test400/T0054.jpg,REFUGE,0,,REFUGE:image:REFUGE/Refuge/Test400/T0054.jpg,non-glaucoma,74965085ceea9f671729d412055a00173fa21b89187c1b14973ac9f26d91c658,val,test
REFUGE/Refuge/Test400/T0055.jpg,REFUGE,0,,REFUGE:image:REFUGE/Refuge/Test400/T0055.jpg,non-glaucoma,a655599d5847f3fcb5a1ea82adbaa473e6346ef1f4e9d1376d5cd4f1afe68e81,train,test
REFUGE/Refuge/Test400/T0056.jpg,REFUGE,0,,REFUGE:image:REFUGE/Refuge/Test400/T0056.jpg,non-glaucoma,f190396347a9638fea55baeb940aec512c14a1a5edf382d321f36d8675fe1064,train,test
REFUGE/Refuge/Test400/T0057.jpg,REFUGE,0,,REFUGE:image:REFUGE/Refuge/Test400/T0057.jpg,non-glaucoma,949697b346936e30930d27c3d5fec9673ae2c30e64f0ffd8ab16b4b38d654a0b,val,test
REFUGE/Refuge/Test400/T0058.jpg,REFUGE,0,,REFUGE:image:REFUGE/Refuge/Test400/T0058.jpg,non-glaucoma,a0e97ef2d0569b0dbbe7aa2f68a86f9077b4c73b53cf8b753376cbcb1fc30a79,train,test
REFUGE/Refuge/Test400/T0059.jpg,REFUGE,1,,REFUGE:image:REFUGE/Refuge/Test400/T0059.jpg,glaucoma,d37f74c376f9f49a3c38200f9088fb50b11e8808c9eaf7a84c56750599bd21b8,val,test
REFUGE/Refuge/Test400/T0060.jpg,REFUGE,0,,REFUGE:image:REFUGE/Refuge/Test400/T0060.jpg,non-glaucoma,cd6d1efba8110d125afaf1fa9cf721ab29d28dd3da725cc8bccec8bca2482d5a,train,test
REFUGE/Refuge/Test400/T0061.jpg,REFUGE,0,,REFUGE:image:REFUGE/Refuge/Test400/T0061.jpg,non-glaucoma,79a6dfe7a22c901edea225060067d1cef390bc2f9ad86761643fb217aebff906,train,test
REFUGE/Refuge/Test400/T0062.jpg,REFUGE,0,,REFUGE:image:REFUGE/Refuge/Test400/T0062.jpg,non-glaucoma,7a3c99d10e1168441150c40cd2b3c72d02a5bb542f61f088715b660e76a656e6,val,test
REFUGE/Refuge/Test400/T0063.jpg,REFUGE,1,,REFUGE:image:REFUGE/Refuge/Test400/T0063.jpg,glaucoma,577993c325b1d175fbe3308f3638c08bc351e6f55cd2ec9efd898a17eed24981,train,test
REFUGE/Refuge/Test400/T0064.jpg,REFUGE,0,,REFUGE:image:REFUGE/Refuge/Test400/T0064.jpg,non-glaucoma,1fa6796b404cd437b0a118b08b4fbdcbb3296c627f1bbdc7ab7d1c93b664f077,train,test
REFUGE/Refuge/Test400/T0065.jpg,REFUGE,0,,REFUGE:image:REFUGE/Refuge/Test400/T0065.jpg,non-glaucoma,d0b0aac2035abdbbc1f2c6df4bb431f627fe8b666f3973d164948957d197a353,train,test
REFUGE/Refuge/Test400/T0066.jpg,REFUGE,0,,REFUGE:image:REFUGE/Refuge/Test400/T0066.jpg,non-glaucoma,3632a7c17882634c45454ccda37493c619bc53b7d22ed3e8e40b73048760f189,train,test
REFUGE/Refuge/Test400/T0067.jpg,REFUGE,0,,REFUGE:image:REFUGE/Refuge/Test400/T0067.jpg,non-glaucoma,6dace1c33bc292d5a65cf33e5919e4c2e0f053b220352c488f36a81e28066daf,val,test
REFUGE/Refuge/Test400/T0068.jpg,REFUGE,0,,REFUGE:image:REFUGE/Refuge/Test400/T0068.jpg,non-glaucoma,578a9d31d77b71c9b39fd5738fb55ead65ececc2db7524edf9f732f87385056b,train,test
REFUGE/Refuge/Test400/T0069.jpg,REFUGE,0,,REFUGE:image:REFUGE/Refuge/Test400/T0069.jpg,non-glaucoma,f2a65be564752ec511e1b3ac1db4e4a32ef94b158e0a479939c41157d687491f,train,test
REFUGE/Refuge/Test400/T0070.jpg,REFUGE,0,,REFUGE:image:REFUGE/Refuge/Test400/T0070.jpg,non-glaucoma,7201f0ed31b00edbe6910dfd055adac6d3f160571f88c8ca016e542ea64c0021,train,test
REFUGE/Refuge/Test400/T0071.jpg,REFUGE,0,,REFUGE:image:REFUGE/Refuge/Test400/T0071.jpg,non-glaucoma,9c28528291aa2d2b8d1d1398d1be4f184ffed1b5cba2c9f29feae6740a704dfe,train,test
REFUGE/Refuge/Test400/T0072.jpg,REFUGE,0,,REFUGE:image:REFUGE/Refuge/Test400/T0072.jpg,non-glaucoma,b58e7c5f16d12e68213c29a541d67abf8406220863aa3961d43b56b4aedc5a68,train,test
REFUGE/Refuge/Test400/T0073.jpg,REFUGE,0,,REFUGE:image:REFUGE/Refuge/Test400/T0073.jpg,non-glaucoma,18dd7ca568f57f9e7f0afc70b3a26a7a568d6a8d5998e47ed4fbf06eaa8ee319,train,test
REFUGE/Refuge/Test400/T0074.jpg,REFUGE,0,,REFUGE:image:REFUGE/Refuge/Test400/T0074.jpg,non-glaucoma,e94319b1b41a31f8547dde7a475fb0cea14bed225303dea22ecc576525fb3008,train,test
REFUGE/Refuge/Test400/T0075.jpg,REFUGE,0,,REFUGE:image:REFUGE/Refuge/Test400/T0075.jpg,non-glaucoma,49e0d2e43d5eabe25630bf7f677cb00da391566d0c2dab5de7c322de5adef149,train,test
REFUGE/Refuge/Test400/T0076.jpg,REFUGE,0,,REFUGE:image:REFUGE/Refuge/Test400/T0076.jpg,non-glaucoma,a6509821d588225e2ecef0b1e45fd4d1f97a463ace7fe78240c862986e4c658f,train,test
REFUGE/Refuge/Test400/T0077.jpg,REFUGE,0,,REFUGE:image:REFUGE/Refuge/Test400/T0077.jpg,non-glaucoma,05491b503ccf8e7272c96dc417617c5a0638ea75638b02c243f61a38ee4b47a1,train,test
REFUGE/Refuge/Test400/T0078.jpg,REFUGE,0,,REFUGE:image:REFUGE/Refuge/Test400/T0078.jpg,non-glaucoma,74d383aace73086d46f227e8fce2ca4206f4df1e23bc9b8901a6effc27d21a7f,train,test
REFUGE/Refuge/Test400/T0079.jpg,REFUGE,0,,REFUGE:image:REFUGE/Refuge/Test400/T0079.jpg,non-glaucoma,204feedce9f6be7e2ada2ba7c299f4495195b834d1badf14e54aaed6bfb8e7b2,train,test
REFUGE/Refuge/Test400/T0080.jpg,REFUGE,0,,REFUGE:image:REFUGE/Refuge/Test400/T0080.jpg,non-glaucoma,dc9af9fcc4b697311945512bb45ca4cf5f8e98197129f16b67826e7b767ab452,train,test
REFUGE/Refuge/Test400/T0081.jpg,REFUGE,0,,REFUGE:image:REFUGE/Refuge/Test400/T0081.jpg,non-glaucoma,18f4f2eb74fbb2456c0c2ef687679c2e3ab8571586addde502a3e9b19e0f68d8,train,test
REFUGE/Refuge/Test400/T0082.jpg,REFUGE,0,,REFUGE:image:REFUGE/Refuge/Test400/T0082.jpg,non-glaucoma,4e45c7a104a6919a8910f94c30814cae0e941dda5a07077b1adeef6b517a69d6,train,test
REFUGE/Refuge/Test400/T0083.jpg,REFUGE,0,,REFUGE:image:REFUGE/Refuge/Test400/T0083.jpg,non-glaucoma,a9f1b6b3dc948dc8757befc41ac007e5db7c7461ed23fba39de016e0b47bb789,train,test
REFUGE/Refuge/Test400/T0084.jpg,REFUGE,0,,REFUGE:image:REFUGE/Refuge/Test400/T0084.jpg,non-glaucoma,0b48a747249da3c48bbbafc2962fa2146e50ad5edad191fee0ef83f6a3321efd,train,test
REFUGE/Refuge/Test400/T0085.jpg,REFUGE,0,,REFUGE:image:REFUGE/Refuge/Test400/T0085.jpg,non-glaucoma,38e309c481ebd81c203eeadf83bbf26ef159ba87bfb1c114c1a81693eaa48a35,train,test
REFUGE/Refuge/Test400/T0086.jpg,REFUGE,0,,REFUGE:image:REFUGE/Refuge/Test400/T0086.jpg,non-glaucoma,9296f1fe38a1d02b66c82bebcbd8c5f82e55e38d52d2198273ced1459f0b15db,train,test
REFUGE/Refuge/Test400/T0087.jpg,REFUGE,0,,REFUGE:image:REFUGE/Refuge/Test400/T0087.jpg,non-glaucoma,636332c79e3f1872caa100028272d615b0603424e3af1469b3cdae68f2cc408b,train,test
REFUGE/Refuge/Test400/T0088.jpg,REFUGE,0,,REFUGE:image:REFUGE/Refuge/Test400/T0088.jpg,non-glaucoma,951c3a7e88557de59b859e3d16b639d5ed9cd87bb9589a6b2872b593b0c4f5d3,train,test
REFUGE/Refuge/Test400/T0089.jpg,REFUGE,0,,REFUGE:image:REFUGE/Refuge/Test400/T0089.jpg,non-glaucoma,bfa20e930965d83c47e73987323787e4416fe2a97171c9f0e12e168063a5a3d3,train,test
REFUGE/Refuge/Test400/T0090.jpg,REFUGE,0,,REFUGE:image:REFUGE/Refuge/Test400/T0090.jpg,non-glaucoma,3ade395231c3b3c586d49242c4dd8cfa51992b6ac7de972142524ec7ce99d7d6,train,test
REFUGE/Refuge/Test400/T0091.jpg,REFUGE,0,,REFUGE:image:REFUGE/Refuge/Test400/T0091.jpg,non-glaucoma,4d2927f4723f0c87b74c0c8d1518986ac3ff81ec9e22f61f8c6399b5138dd2c3,train,test
REFUGE/Refuge/Test400/T0092.jpg,REFUGE,0,,REFUGE:image:REFUGE/Refuge/Test400/T0092.jpg,non-glaucoma,b976748cea1cc947ca6f2629a71c1ad147da498c2edfde94fd649d84304d09d6,train,test
REFUGE/Refuge/Test400/T0093.jpg,REFUGE,0,,REFUGE:image:REFUGE/Refuge/Test400/T0093.jpg,non-glaucoma,23bde90eb59729c98954ed911a7a01115aede83cf9a2e47e4f5915f1e7ae534c,train,test
REFUGE/Refuge/Test400/T0094.jpg,REFUGE,1,,REFUGE:image:REFUGE/Refuge/Test400/T0094.jpg,glaucoma,2bd0c7006e05b5fc0649e2e5a96329b454ee0f794e4f604c5b4b73e5b38f3476,train,test
REFUGE/Refuge/Test400/T0095.jpg,REFUGE,0,,REFUGE:image:REFUGE/Refuge/Test400/T0095.jpg,non-glaucoma,62f6668f0e9bb16a6a0b62e4b3068d654c033fb4541a2ccf472099b9a4b5c1ee,train,test
REFUGE/Refuge/Test400/T0096.jpg,REFUGE,0,,REFUGE:image:REFUGE/Refuge/Test400/T0096.jpg,non-glaucoma,93937faa30a8bb3bc4c9f27522aed2ebf60896cc7f8f7f4b940a2fb9f26ff551,train,test
REFUGE/Refuge/Test400/T0097.jpg,REFUGE,0,,REFUGE:image:REFUGE/Refuge/Test400/T0097.jpg,non-glaucoma,f13b2fabe80dd7727e2f64854df57dfda64a989412288cedda8f7eb4ea444706,train,test
REFUGE/Refuge/Test400/T0098.jpg,REFUGE,0,,REFUGE:image:REFUGE/Refuge/Test400/T0098.jpg,non-glaucoma,69d24325502b1ae456185a8bfc5408c3ec25a9de92739318f81392751ec8ddbe,train,test
REFUGE/Refuge/Test400/T0099.jpg,REFUGE,0,,REFUGE:image:REFUGE/Refuge/Test400/T0099.jpg,non-glaucoma,f72eab6643997cc8b00631d35cea94f7bf2086619a8cb4f33002d4bd8c251dbe,train,test
REFUGE/Refuge/Test400/T0100.jpg,REFUGE,0,,REFUGE:image:REFUGE/Refuge/Test400/T0100.jpg,non-glaucoma,59ac0d110af69070b2a005de1377ead5667705f2b9ea6c13d782e5f6460917a8,train,test
REFUGE/Refuge/Test400/T0101.jpg,REFUGE,0,,REFUGE:image:REFUGE/Refuge/Test400/T0101.jpg,non-glaucoma,82c51e4b04cff22bd469000fd774dfcbf2e32ce24f10249c54e232fc460f7108,train,test
REFUGE/Refuge/Test400/T0102.jpg,REFUGE,0,,REFUGE:image:REFUGE/Refuge/Test400/T0102.jpg,non-glaucoma,5702001e04315870cd10631cedc31e09d52cacc59bebe161ee44892692daf27d,train,test
REFUGE/Refuge/Test400/T0103.jpg,REFUGE,0,,REFUGE:image:REFUGE/Refuge/Test400/T0103.jpg,non-glaucoma,c062aac4c75007ebc4b4439cf793c397339ed537acc19f42187a95e5e8acb120,train,test
REFUGE/Refuge/Test400/T0104.jpg,REFUGE,0,,REFUGE:image:REFUGE/Refuge/Test400/T0104.jpg,non-glaucoma,da9a3f0646dd7fe7369e044a1a76d6df7d4a5c75e6d667100e17bd2137e17734,train,test
REFUGE/Refuge/Test400/T0105.jpg,REFUGE,0,,REFUGE:image:REFUGE/Refuge/Test400/T0105.jpg,non-glaucoma,3450bacf7428042f40bd3a04e041416281fe87eb8858d815500a4e35df1d47b8,train,test
REFUGE/Refuge/Test400/T0106.jpg,REFUGE,0,,REFUGE:image:REFUGE/Refuge/Test400/T0106.jpg,non-glaucoma,f46bdfd0558a6f1da3f792d9075c42ac67267e073733f295a63d022e9dcdcc23,train,test
REFUGE/Refuge/Test400/T0107.jpg,REFUGE,0,,REFUGE:image:REFUGE/Refuge/Test400/T0107.jpg,non-glaucoma,9225a8ebd8718e1012ac14ee533ea0b446746ab4629d74341dc6e6c9d1b29111,train,test
REFUGE/Refuge/Test400/T0108.jpg,REFUGE,0,,REFUGE:image:REFUGE/Refuge/Test400/T0108.jpg,non-glaucoma,cb64c1d14a770e96d28dfeba2eb69965fac23d4cfd51fd444633e444e2320b16,train,test
REFUGE/Refuge/Test400/T0109.jpg,REFUGE,0,,REFUGE:image:REFUGE/Refuge/Test400/T0109.jpg,non-glaucoma,fdaf7c335b48bf0ff31b3b9ff115a37b77194be42cd93355fe54e4c7d71db9c0,train,test
REFUGE/Refuge/Test400/T0110.jpg,REFUGE,0,,REFUGE:image:REFUGE/Refuge/Test400/T0110.jpg,non-glaucoma,f51fde70b00b11428a782607d9ca815bbaba3a1bcde4381345cce893f00f3b02,val,test
REFUGE/Refuge/Test400/T0111.jpg,REFUGE,0,,REFUGE:image:REFUGE/Refuge/Test400/T0111.jpg,non-glaucoma,2c1717c10653fc501e79ad5347f91b8962f18cd3de5048dce3fdf185e0aaa1fe,train,test
REFUGE/Refuge/Test400/T0112.jpg,REFUGE,0,,REFUGE:image:REFUGE/Refuge/Test400/T0112.jpg,non-glaucoma,6e2c42ef7d80e556cb0a223bb67e18c4d75e59a3791abc3ef71cabdb1bf4c6a3,train,test
REFUGE/Refuge/Test400/T0113.jpg,REFUGE,0,,REFUGE:image:REFUGE/Refuge/Test400/T0113.jpg,non-glaucoma,08029559d555773f8e9fedc18df31975380cf418029f434ffc8826bf8d507e1a,train,test
REFUGE/Refuge/Test400/T0114.jpg,REFUGE,0,,REFUGE:image:REFUGE/Refuge/Test400/T0114.jpg,non-glaucoma,d7f626b9ee43c36666b43e4288ec3a8bc25627cfca638374b89bae35ba6df90c,train,test
REFUGE/Refuge/Test400/T0115.jpg,REFUGE,0,,REFUGE:image:REFUGE/Refuge/Test400/T0115.jpg,non-glaucoma,d88cbd63e67b719e2157a74917f43966ccd9b0dccc83b577e9f10ef0404a4195,train,test
REFUGE/Refuge/Test400/T0116.jpg,REFUGE,1,,REFUGE:image:REFUGE/Refuge/Test400/T0116.jpg,glaucoma,308b8b297f26a88d195d160030d854a1169df4ba460391f78b78d54e456ab07d,val,test
REFUGE/Refuge/Test400/T0117.jpg,REFUGE,0,,REFUGE:image:REFUGE/Refuge/Test400/T0117.jpg,non-glaucoma,20c12187cbfe1e2df22ace847200fd99d4410518dc12649a8d33f7c39de12fc3,val,test
REFUGE/Refuge/Test400/T0118.jpg,REFUGE,0,,REFUGE:image:REFUGE/Refuge/Test400/T0118.jpg,non-glaucoma,0bd3b9494780029f114d8c76c057901d13a4a993e2d4b1db59a1a51dbc7273a4,train,test
REFUGE/Refuge/Test400/T0119.jpg,REFUGE,0,,REFUGE:image:REFUGE/Refuge/Test400/T0119.jpg,non-glaucoma,18c0bbaf9c017497a1ea8d3be6065d03c9a3790255306c06ad33c1eb77898ae6,train,test
REFUGE/Refuge/Test400/T0120.jpg,REFUGE,0,,REFUGE:image:REFUGE/Refuge/Test400/T0120.jpg,non-glaucoma,99e7badee6d07b659aade92779f7b6c075b506398aa8fd624773f06b9746c0cf,train,test
REFUGE/Refuge/Test400/T0121.jpg,REFUGE,0,,REFUGE:image:REFUGE/Refuge/Test400/T0121.jpg,non-glaucoma,d9ce4e35588a09a95fdfe8a6bc50100f8f99d4e18bc2eb5b5a2e78ccece160f1,train,test
REFUGE/Refuge/Test400/T0122.jpg,REFUGE,0,,REFUGE:image:REFUGE/Refuge/Test400/T0122.jpg,non-glaucoma,c11140837397f376d4b2d4352a0301a56c781dae028d5dfd7c10c18abfcaceed,train,test
REFUGE/Refuge/Test400/T0123.jpg,REFUGE,0,,REFUGE:image:REFUGE/Refuge/Test400/T0123.jpg,non-glaucoma,55e9317da1d11e2d066393b8c1266d926a824932102d110250882fd70c862426,train,test
REFUGE/Refuge/Test400/T0124.jpg,REFUGE,0,,REFUGE:image:REFUGE/Refuge/Test400/T0124.jpg,non-glaucoma,6551accdcb656cb7095df9cff146c3b278e3773cbdb0cb8ffe98973d8e16e689,train,test
REFUGE/Refuge/Test400/T0125.jpg,REFUGE,0,,REFUGE:image:REFUGE/Refuge/Test400/T0125.jpg,non-glaucoma,ac9391f7d564214276c69aa74b48755e874a6001e9d67ec4a524db72e896afec,train,test
REFUGE/Refuge/Test400/T0126.jpg,REFUGE,0,,REFUGE:image:REFUGE/Refuge/Test400/T0126.jpg,non-glaucoma,5c846851d51d892a8dda18a0c8726f060558803dd8c0d73dc8eca0965a99dd0d,val,test
REFUGE/Refuge/Test400/T0127.jpg,REFUGE,0,,REFUGE:image:REFUGE/Refuge/Test400/T0127.jpg,non-glaucoma,050ff4a122f9ce56296c54234867ecbaf31b878f299bff5c10281cc8925d0cb8,train,test
REFUGE/Refuge/Test400/T0128.jpg,REFUGE,0,,REFUGE:image:REFUGE/Refuge/Test400/T0128.jpg,non-glaucoma,123e7831f5d3b89c02261c8dd2fe7ef5fefd38a6f1c6273f7ba501ac2a18b4c8,train,test
REFUGE/Refuge/Test400/T0129.jpg,REFUGE,0,,REFUGE:image:REFUGE/Refuge/Test400/T0129.jpg,non-glaucoma,69e9da8225d3791d1bb36728ebd9edd5f84d208ba341a0b36cf725380df485c1,train,test
REFUGE/Refuge/Test400/T0130.jpg,REFUGE,0,,REFUGE:image:REFUGE/Refuge/Test400/T0130.jpg,non-glaucoma,75927360626d5670c785ad197a5d71a8a2d9ae8022455d38f8c987b5a9ffcfee,train,test
REFUGE/Refuge/Test400/T0131.jpg,REFUGE,1,,REFUGE:image:REFUGE/Refuge/Test400/T0131.jpg,glaucoma,2943d396abf0c1c0dd2aec486e35de7fb486f96c7de6a11a983826a2ffd8c5fc,train,test
REFUGE/Refuge/Test400/T0132.jpg,REFUGE,0,,REFUGE:image:REFUGE/Refuge/Test400/T0132.jpg,non-glaucoma,44ea5993504d3030d9eb0df136b5653f0f8bebbc8bdf04d0ad0d141e08c3af82,train,test
REFUGE/Refuge/Test400/T0133.jpg,REFUGE,0,,REFUGE:image:REFUGE/Refuge/Test400/T0133.jpg,non-glaucoma,7d0585ce010ffba7dd9da608be37864ea7ff0a9a7b5068fbfb0196da2000906e,train,test
REFUGE/Refuge/Test400/T0134.jpg,REFUGE,0,,REFUGE:image:REFUGE/Refuge/Test400/T0134.jpg,non-glaucoma,3c0132c09acedab84503dd3d67cc6cc662dd87e64b68793a9fbe73a4b44f326a,train,test
REFUGE/Refuge/Test400/T0135.jpg,REFUGE,0,,REFUGE:image:REFUGE/Refuge/Test400/T0135.jpg,non-glaucoma,5ac2174f21652b34689a110325e130f35ccc413a34108efc2cc098737ab585d6,train,test
REFUGE/Refuge/Test400/T0136.jpg,REFUGE,0,,REFUGE:image:REFUGE/Refuge/Test400/T0136.jpg,non-glaucoma,d0e4bb2ab7423042850e20f8286380e51ecf97d15f0224203f8f53f1c43267f0,train,test
REFUGE/Refuge/Test400/T0137.jpg,REFUGE,0,,REFUGE:image:REFUGE/Refuge/Test400/T0137.jpg,non-glaucoma,c2d6325e6e39ee7fb1351878dc5fe0be54a85a2cf56dd168ca30e03a6903a7bd,val,test
REFUGE/Refuge/Test400/T0138.jpg,REFUGE,0,,REFUGE:image:REFUGE/Refuge/Test400/T0138.jpg,non-glaucoma,6f83f12a2e705d4d530b2d8e00b4c377cdb4e2d764b87da7d6b5d4cbf374f6ab,train,test
REFUGE/Refuge/Test400/T0139.jpg,REFUGE,0,,REFUGE:image:REFUGE/Refuge/Test400/T0139.jpg,non-glaucoma,68ac225cdb88c12ef6433aef3994e8a899897e1cc157a5827eeab96db46d94c6,train,test
REFUGE/Refuge/Test400/T0140.jpg,REFUGE,0,,REFUGE:image:REFUGE/Refuge/Test400/T0140.jpg,non-glaucoma,0b51b6e2e2b6fc83b5cc506a353d9b1ce7ce548a2090887b56e5b7b3c5c8ea8f,train,test
REFUGE/Refuge/Test400/T0141.jpg,REFUGE,0,,REFUGE:image:REFUGE/Refuge/Test400/T0141.jpg,non-glaucoma,92b42b67817328dcd4aa195d3e452d71e3213b13adbd633b7bb3c1cdbbd77da7,train,test
REFUGE/Refuge/Test400/T0142.jpg,REFUGE,0,,REFUGE:image:REFUGE/Refuge/Test400/T0142.jpg,non-glaucoma,2d57613e64463631218ccb615b233a0e17e9397dcd6722659e11e429484a2285,train,test
REFUGE/Refuge/Test400/T0143.jpg,REFUGE,0,,REFUGE:image:REFUGE/Refuge/Test400/T0143.jpg,non-glaucoma,8948e5e276ca49cefe760d7e40291139b4cf91b5f25321b8bb56c46662e5e1c6,train,test
REFUGE/Refuge/Test400/T0144.jpg,REFUGE,0,,REFUGE:image:REFUGE/Refuge/Test400/T0144.jpg,non-glaucoma,054df21e869f59a51a76bcc83a2bc0cc806b75cb6cfcc3f04d08cd2f5bc0c0dc,train,test
REFUGE/Refuge/Test400/T0145.jpg,REFUGE,0,,REFUGE:image:REFUGE/Refuge/Test400/T0145.jpg,non-glaucoma,cea425828329b1bbe23d9b1d3f1b14a21faec56cbedcaf7ce44d7f81606b8054,train,test
REFUGE/Refuge/Test400/T0146.jpg,REFUGE,0,,REFUGE:image:REFUGE/Refuge/Test400/T0146.jpg,non-glaucoma,b3ecb6d393f91bd28cbead5ae07c8e3e8e34f99db058a3e110858da9a0d815da,train,test
REFUGE/Refuge/Test400/T0147.jpg,REFUGE,1,,REFUGE:image:REFUGE/Refuge/Test400/T0147.jpg,glaucoma,8a4d6ed95d5a3db6530220664b23dc21158f287aa1a800e0dc94796008762440,train,test
REFUGE/Refuge/Test400/T0148.jpg,REFUGE,0,,REFUGE:image:REFUGE/Refuge/Test400/T0148.jpg,non-glaucoma,e157b9bdbf3dd24b1fb1ccb5aa80d6f0d5ef3e073aa5672a6f4a72673f315411,train,test
REFUGE/Refuge/Test400/T0149.jpg,REFUGE,0,,REFUGE:image:REFUGE/Refuge/Test400/T0149.jpg,non-glaucoma,9f4c9b2b325b4d25af5939aaf62540c65529756a14953bdf14f18bd9799deae6,train,test
REFUGE/Refuge/Test400/T0150.jpg,REFUGE,0,,REFUGE:image:REFUGE/Refuge/Test400/T0150.jpg,non-glaucoma,784d796c2a3c00f3ba6ac86589f7ab639d853318ec8351f140bee2215e081a7a,val,test
REFUGE/Refuge/Test400/T0151.jpg,REFUGE,0,,REFUGE:image:REFUGE/Refuge/Test400/T0151.jpg,non-glaucoma,820e7e5ad21594faa66044e1ba9f1bb9efdaf1a65c101bb4dc3cb4e8c138edef,train,test
REFUGE/Refuge/Test400/T0152.jpg,REFUGE,0,,REFUGE:image:REFUGE/Refuge/Test400/T0152.jpg,non-glaucoma,420c49228149b4da1964395e88f178675799fa3f7119bc2904614a45a5ce27d7,train,test
REFUGE/Refuge/Test400/T0153.jpg,REFUGE,0,,REFUGE:image:REFUGE/Refuge/Test400/T0153.jpg,non-glaucoma,3f14fdafa01370ac24ae660416713fdebe4518de9ac975b70151f7ef32248e9d,train,test
REFUGE/Refuge/Test400/T0154.jpg,REFUGE,0,,REFUGE:image:REFUGE/Refuge/Test400/T0154.jpg,non-glaucoma,bfd3ec4f604c2f1224f1972ce60f518074bf3cb9e5b16275123ffcb6d47bfb87,train,test
REFUGE/Refuge/Test400/T0155.jpg,REFUGE,1,,REFUGE:image:REFUGE/Refuge/Test400/T0155.jpg,glaucoma,3974dc972b6c6551a31e2e2d5142470a55125d4cca104f55038041e8bbfd5a10,train,test
REFUGE/Refuge/Test400/T0156.jpg,REFUGE,0,,REFUGE:image:REFUGE/Refuge/Test400/T0156.jpg,non-glaucoma,ed0f488253eac6b39b88eb6b76bb93b132cd78f0af367707b844bfb05170dc9e,train,test
REFUGE/Refuge/Test400/T0157.jpg,REFUGE,0,,REFUGE:image:REFUGE/Refuge/Test400/T0157.jpg,non-glaucoma,61be629b7dcdf88a4a4038a4c5132be5c0283b339af36caa564d09b035543a12,train,test
REFUGE/Refuge/Test400/T0158.jpg,REFUGE,0,,REFUGE:image:REFUGE/Refuge/Test400/T0158.jpg,non-glaucoma,eaef8599b6fe027dc15ae79c14d5d6175f3f72fa8905a5d3efd6221f476e77ef,train,test
REFUGE/Refuge/Test400/T0159.jpg,REFUGE,0,,REFUGE:image:REFUGE/Refuge/Test400/T0159.jpg,non-glaucoma,204ece96fb3bc4ca7bbc7fb45c32e513cd38a422905e9a7ddced7ce3001c0b96,train,test
REFUGE/Refuge/Test400/T0160.jpg,REFUGE,0,,REFUGE:image:REFUGE/Refuge/Test400/T0160.jpg,non-glaucoma,5c8eb3eec183940192ccb46c8de73f4b3da5feb9ff38cc0b5a81c0825708a35e,train,test
REFUGE/Refuge/Test400/T0161.jpg,REFUGE,0,,REFUGE:image:REFUGE/Refuge/Test400/T0161.jpg,non-glaucoma,354bf2d4bb4d2b4ffac5c29280ba3b416ef8154bad5b877e4c367421e4e03a4d,train,test
REFUGE/Refuge/Test400/T0162.jpg,REFUGE,0,,REFUGE:image:REFUGE/Refuge/Test400/T0162.jpg,non-glaucoma,1decf3546ab2895f6822f736fe000ae6399e5d8883060dc8e6a1eca6346c3b6a,val,test
REFUGE/Refuge/Test400/T0163.jpg,REFUGE,0,,REFUGE:image:REFUGE/Refuge/Test400/T0163.jpg,non-glaucoma,18f6adc1ccf75f34785751d1d03b3d63366fe681f48cd9cdb31e83fa53d9ddf2,train,test
REFUGE/Refuge/Test400/T0164.jpg,REFUGE,0,,REFUGE:image:REFUGE/Refuge/Test400/T0164.jpg,non-glaucoma,e7bd8cd8985121015b44ae66a1247679cdcac929404ff70b1062bfdde512c42d,train,test
REFUGE/Refuge/Test400/T0165.jpg,REFUGE,0,,REFUGE:image:REFUGE/Refuge/Test400/T0165.jpg,non-glaucoma,77888f5d96240bf313e5c010b303eda935e888bd8682d9a8ac7a53c2cccd94e5,train,test
REFUGE/Refuge/Test400/T0166.jpg,REFUGE,0,,REFUGE:image:REFUGE/Refuge/Test400/T0166.jpg,non-glaucoma,f5b40b51a15e8a7fd3e4cc885f42292331f5da896506860c775a218b04563f94,train,test
REFUGE/Refuge/Test400/T0167.jpg,REFUGE,0,,REFUGE:image:REFUGE/Refuge/Test400/T0167.jpg,non-glaucoma,958298af2370d9bcee6ee7c1311efb4844b75e50a7a37c6efd4b3a5167c77128,train,test
REFUGE/Refuge/Test400/T0168.jpg,REFUGE,0,,REFUGE:image:REFUGE/Refuge/Test400/T0168.jpg,non-glaucoma,021a8b25fc87db54f2405eaf2fe335b6c79acd0ad621f45156fb5834e025982a,train,test
REFUGE/Refuge/Test400/T0169.jpg,REFUGE,0,,REFUGE:image:REFUGE/Refuge/Test400/T0169.jpg,non-glaucoma,0fdba40cf424ebbb763b50e0125380e5a3fe48c581df7c5bc8ce5ee9b9f8d3cb,train,test
REFUGE/Refuge/Test400/T0170.jpg,REFUGE,0,,REFUGE:image:REFUGE/Refuge/Test400/T0170.jpg,non-glaucoma,45de6cd072bbff79040ca128b0d49df21d285b227a22f093f48ed5c68fc83622,train,test
REFUGE/Refuge/Test400/T0171.jpg,REFUGE,0,,REFUGE:image:REFUGE/Refuge/Test400/T0171.jpg,non-glaucoma,72e9907fea4c84686eab197c6615097ee59b7762823b1b67b7e81513f1c78b48,train,test
REFUGE/Refuge/Test400/T0172.jpg,REFUGE,0,,REFUGE:image:REFUGE/Refuge/Test400/T0172.jpg,non-glaucoma,4bbb192e6cfb4a6b07301f488ca3589bb726ec861d21cc2efba484bd38b021e8,train,test
REFUGE/Refuge/Test400/T0173.jpg,REFUGE,0,,REFUGE:image:REFUGE/Refuge/Test400/T0173.jpg,non-glaucoma,5461f76c3297edbd3f3dca31b7e9ea9cd84c57f692ba5d9423dc8e37e9a9fb39,train,test
REFUGE/Refuge/Test400/T0174.jpg,REFUGE,0,,REFUGE:image:REFUGE/Refuge/Test400/T0174.jpg,non-glaucoma,a8abfadb8b37752c42c59ddcd84d8d7433e78095906da5e986c68b47077c9908,train,test
REFUGE/Refuge/Test400/T0175.jpg,REFUGE,0,,REFUGE:image:REFUGE/Refuge/Test400/T0175.jpg,non-glaucoma,98655aebaba8629e17330f683af6a5511b2b8feead820a8dd024af21e16ba1ea,train,test
REFUGE/Refuge/Test400/T0176.jpg,REFUGE,1,,REFUGE:image:REFUGE/Refuge/Test400/T0176.jpg,glaucoma,f569deb9db56e33e67bc3848ac756692556e182940145cbd1e8f39759ae1c396,train,test
REFUGE/Refuge/Test400/T0177.jpg,REFUGE,0,,REFUGE:image:REFUGE/Refuge/Test400/T0177.jpg,non-glaucoma,b268daf0bf4274ae7de3735739009b69054f7654e5aaaaa9bc2e67542a4d6a69,train,test
REFUGE/Refuge/Test400/T0178.jpg,REFUGE,0,,REFUGE:image:REFUGE/Refuge/Test400/T0178.jpg,non-glaucoma,a2ccfcb6da3f4d0fdbfe241e5c0093f6da192f9023966547c2ca759dd074d146,train,test
REFUGE/Refuge/Test400/T0179.jpg,REFUGE,0,,REFUGE:image:REFUGE/Refuge/Test400/T0179.jpg,non-glaucoma,c0a3df136f36f76993ae4824751f30b41ea97f7fc747b602aabb9994498e3b40,train,test
REFUGE/Refuge/Test400/T0180.jpg,REFUGE,0,,REFUGE:image:REFUGE/Refuge/Test400/T0180.jpg,non-glaucoma,3e85bc94b317223cd92d356b2d68400b3c60c19626e823b69bbe17574abd328f,train,test
REFUGE/Refuge/Test400/T0181.jpg,REFUGE,0,,REFUGE:image:REFUGE/Refuge/Test400/T0181.jpg,non-glaucoma,1a375c30f3ceb518ab7e1556f6e5c07f890f1853cbed30d4309f805d034b4fba,train,test
REFUGE/Refuge/Test400/T0182.jpg,REFUGE,0,,REFUGE:image:REFUGE/Refuge/Test400/T0182.jpg,non-glaucoma,829d7bfaf01137f7380da692d8b50a5bcacd8264c5dccf62cff76a2d0a32e733,train,test
REFUGE/Refuge/Test400/T0183.jpg,REFUGE,0,,REFUGE:image:REFUGE/Refuge/Test400/T0183.jpg,non-glaucoma,c0025eb47e8de95d404fc5602f7aeb6d7fad2879755b6fa3968007d84a54c235,train,test
REFUGE/Refuge/Test400/T0184.jpg,REFUGE,0,,REFUGE:image:REFUGE/Refuge/Test400/T0184.jpg,non-glaucoma,53a209c4fefdf517db2e2857bca61b128693dfe3ceca62e87d729e1d69f84c6c,train,test
REFUGE/Refuge/Test400/T0185.jpg,REFUGE,0,,REFUGE:image:REFUGE/Refuge/Test400/T0185.jpg,non-glaucoma,2ba5fc4e2150ce7d01956d3c5abc6e6052914314cc67896c91afadf4481421b0,train,test
REFUGE/Refuge/Test400/T0186.jpg,REFUGE,0,,REFUGE:image:REFUGE/Refuge/Test400/T0186.jpg,non-glaucoma,500e6c51a28998f27ccdaf96fdf41ab36b6f0ec59fcd033c2916de8683a67429,train,test
REFUGE/Refuge/Test400/T0187.jpg,REFUGE,0,,REFUGE:image:REFUGE/Refuge/Test400/T0187.jpg,non-glaucoma,a55bcbd96acbf3fe09d8f90ec99b558339c9ee670a3b7ceb088a331a1e5f0be5,val,test
REFUGE/Refuge/Test400/T0188.jpg,REFUGE,1,,REFUGE:image:REFUGE/Refuge/Test400/T0188.jpg,glaucoma,0524c58779c5b29441521c46aebdc2ba354f82f67f6becde4de47044ba6f6ab9,train,test
REFUGE/Refuge/Test400/T0189.jpg,REFUGE,0,,REFUGE:image:REFUGE/Refuge/Test400/T0189.jpg,non-glaucoma,3684c0ecf697d24b57886516128b5182ce241fa054123ec8cc2118eb8a237b27,train,test
REFUGE/Refuge/Test400/T0190.jpg,REFUGE,0,,REFUGE:image:REFUGE/Refuge/Test400/T0190.jpg,non-glaucoma,25bd5881b4b74fd91af7b36cafdea43df58f418f6d9e3cedb88d0515cbec10b0,train,test
REFUGE/Refuge/Test400/T0191.jpg,REFUGE,0,,REFUGE:image:REFUGE/Refuge/Test400/T0191.jpg,non-glaucoma,f6c9dc449ad3513c22c588a0e4d8988b3ddfe317a81ebb6cea458b34fa20148e,train,test
REFUGE/Refuge/Test400/T0192.jpg,REFUGE,0,,REFUGE:image:REFUGE/Refuge/Test400/T0192.jpg,non-glaucoma,81e07ff496d98f2573ceb93913ee200ff45d667408d12516c4af15f49491dfcf,train,test
REFUGE/Refuge/Test400/T0193.jpg,REFUGE,0,,REFUGE:image:REFUGE/Refuge/Test400/T0193.jpg,non-glaucoma,e3a1ae7b5108853ec9260ba24e7252809a451b559352d9b84830b178ac1c041f,train,test
REFUGE/Refuge/Test400/T0194.jpg,REFUGE,0,,REFUGE:image:REFUGE/Refuge/Test400/T0194.jpg,non-glaucoma,c753e8018d7d09c6ac0ea26b809579438e913e3122f24ab9d23fd0c3f5ab2fb2,train,test
REFUGE/Refuge/Test400/T0195.jpg,REFUGE,0,,REFUGE:image:REFUGE/Refuge/Test400/T0195.jpg,non-glaucoma,c72addfef53924c000e70fcbeb0e072cdb90f866c978f35cd07de98eb0c2a122,train,test
REFUGE/Refuge/Test400/T0196.jpg,REFUGE,0,,REFUGE:image:REFUGE/Refuge/Test400/T0196.jpg,non-glaucoma,fec72abc7c1945c7e2ddb6d5425b19cf147fa844a48b92379fa894a254ffcee5,train,test
REFUGE/Refuge/Test400/T0197.jpg,REFUGE,0,,REFUGE:image:REFUGE/Refuge/Test400/T0197.jpg,non-glaucoma,cd0ef504e40228aa0740c573e0318e69120e67fed8a90cbe255a311500d7ca08,train,test
REFUGE/Refuge/Test400/T0198.jpg,REFUGE,0,,REFUGE:image:REFUGE/Refuge/Test400/T0198.jpg,non-glaucoma,0d84e063f1aacec7118b3599b00dd70499af34ddc937e8be92f6b81fbb593ecb,train,test
REFUGE/Refuge/Test400/T0199.jpg,REFUGE,0,,REFUGE:image:REFUGE/Refuge/Test400/T0199.jpg,non-glaucoma,47818117753d2fb65208b6f837287713d139e00cf621d2a322e3ba8470a5f93a,train,test
REFUGE/Refuge/Test400/T0200.jpg,REFUGE,0,,REFUGE:image:REFUGE/Refuge/Test400/T0200.jpg,non-glaucoma,0b49aa5816823ff1c507a140a696d1274a81f1de9d9c23571f38ab3e52df74d3,val,test
REFUGE/Refuge/Test400/T0201.jpg,REFUGE,1,,REFUGE:image:REFUGE/Refuge/Test400/T0201.jpg,glaucoma,4e58d0fc42e9329c8bf1dcfdfed33d6205288d19825db6766d21637185464b7a,train,test
REFUGE/Refuge/Test400/T0202.jpg,REFUGE,0,,REFUGE:image:REFUGE/Refuge/Test400/T0202.jpg,non-glaucoma,c1bbf434794b5f40728f4528d39403b04d12dbec68c9d8ffb0d24e1161a81626,train,test
REFUGE/Refuge/Test400/T0203.jpg,REFUGE,0,,REFUGE:image:REFUGE/Refuge/Test400/T0203.jpg,non-glaucoma,f2c9da590bfecabd84f3fb2785d5042b7879ded4ec78bb8805cc74444af7a062,train,test
REFUGE/Refuge/Test400/T0204.jpg,REFUGE,0,,REFUGE:image:REFUGE/Refuge/Test400/T0204.jpg,non-glaucoma,82b030917b58ddaa99e385dfbd262c7ef036c376bf6548e454bf81168a18fccc,train,test
REFUGE/Refuge/Test400/T0205.jpg,REFUGE,0,,REFUGE:image:REFUGE/Refuge/Test400/T0205.jpg,non-glaucoma,f70f221c73c7781a614ada03b7ce31ef2fe393bd65268aa3eb149e26dc07632b,train,test
REFUGE/Refuge/Test400/T0206.jpg,REFUGE,0,,REFUGE:image:REFUGE/Refuge/Test400/T0206.jpg,non-glaucoma,5effef649b46c7c863ada394cc39daed13ec96646877c683c9f54efc3ba69b30,train,test
REFUGE/Refuge/Test400/T0207.jpg,REFUGE,0,,REFUGE:image:REFUGE/Refuge/Test400/T0207.jpg,non-glaucoma,872a616a2cd68514a0655f766984a86e25effaf9bbb63bb2fe79296b2507a462,train,test
REFUGE/Refuge/Test400/T0208.jpg,REFUGE,0,,REFUGE:image:REFUGE/Refuge/Test400/T0208.jpg,non-glaucoma,3e620ec4b320bc05c2be3f6d35fa1b21f7d83328b1b2767692781932bd64368a,train,test
REFUGE/Refuge/Test400/T0209.jpg,REFUGE,0,,REFUGE:image:REFUGE/Refuge/Test400/T0209.jpg,non-glaucoma,3fe868c6f5f38f63b373362581a18e46fc6d68cf7bb118ca804035774e6a8b3c,train,test
REFUGE/Refuge/Test400/T0210.jpg,REFUGE,0,,REFUGE:image:REFUGE/Refuge/Test400/T0210.jpg,non-glaucoma,27598dc2ce1b20e6242c7d76e2f38118120a5e16c106f99d437ef659aa2f5b50,train,test
REFUGE/Refuge/Test400/T0211.jpg,REFUGE,0,,REFUGE:image:REFUGE/Refuge/Test400/T0211.jpg,non-glaucoma,053af8e2e786d52581181ea01cf3f2fc2aee35103ef6aca2f27e3aa40373afa9,train,test
REFUGE/Refuge/Test400/T0212.jpg,REFUGE,1,,REFUGE:image:REFUGE/Refuge/Test400/T0212.jpg,glaucoma,59c12c6ab7875039b073c59f3996fd140d95287aa5c7b32c9c86dd9ed7dd62cc,train,test
REFUGE/Refuge/Test400/T0213.jpg,REFUGE,0,,REFUGE:image:REFUGE/Refuge/Test400/T0213.jpg,non-glaucoma,cad0f1abc7719c0ce259682baf2f197c8679453cc168ff43bc07d908a1ce5a13,train,test
REFUGE/Refuge/Test400/T0214.jpg,REFUGE,0,,REFUGE:image:REFUGE/Refuge/Test400/T0214.jpg,non-glaucoma,2c99d52232876c097a7b3eb8260b85f6f4b384cadf69c7b3d04ad36fa78ebad9,train,test
REFUGE/Refuge/Test400/T0215.jpg,REFUGE,0,,REFUGE:image:REFUGE/Refuge/Test400/T0215.jpg,non-glaucoma,1ca8ca911bbf81237f2fed7e214b229dcf4564e48dc730771eb2964df2d6959b,train,test
REFUGE/Refuge/Test400/T0216.jpg,REFUGE,0,,REFUGE:image:REFUGE/Refuge/Test400/T0216.jpg,non-glaucoma,f6eaa89812ea970ccbd0ccc8c1470665fa3cd0fbc750c536f6e8fcaa5c09b82a,train,test
REFUGE/Refuge/Test400/T0217.jpg,REFUGE,0,,REFUGE:image:REFUGE/Refuge/Test400/T0217.jpg,non-glaucoma,bdf8037f36399c99fbc84d7d676f5292385c5ef3931b4367b96cb443749d7119,train,test
REFUGE/Refuge/Test400/T0218.jpg,REFUGE,0,,REFUGE:image:REFUGE/Refuge/Test400/T0218.jpg,non-glaucoma,1d38c6be5144fc5a00d063e1b6504ec7fa4b46fcf25fc28e9209e62f305b03ff,train,test
REFUGE/Refuge/Test400/T0219.jpg,REFUGE,0,,REFUGE:image:REFUGE/Refuge/Test400/T0219.jpg,non-glaucoma,8a8434337a9e6112c403d82d9f0e0f3dd8eb42f5eb3390fd482b8c67350dd28e,train,test
REFUGE/Refuge/Test400/T0220.jpg,REFUGE,0,,REFUGE:image:REFUGE/Refuge/Test400/T0220.jpg,non-glaucoma,124499d7a4cb25914a067db34571781aaccb03d47ebb26b616a08d57aa3e9c1a,train,test
REFUGE/Refuge/Test400/T0221.jpg,REFUGE,0,,REFUGE:image:REFUGE/Refuge/Test400/T0221.jpg,non-glaucoma,e2e6fb6cc3032e4655590a6a573deabf4b15b98e6360636af0bd9d2bc4522b3b,train,test
REFUGE/Refuge/Test400/T0222.jpg,REFUGE,0,,REFUGE:image:REFUGE/Refuge/Test400/T0222.jpg,non-glaucoma,9192933b63f8a0cdfa89bf8fab18f313b47d917a0df7b8490e8224a45b2f60a8,train,test
REFUGE/Refuge/Test400/T0223.jpg,REFUGE,1,,REFUGE:image:REFUGE/Refuge/Test400/T0223.jpg,glaucoma,a2d98a8e9fd4abce393222811e381be797463491a1d79f24f3ba199d5f0de8ab,train,test
REFUGE/Refuge/Test400/T0224.jpg,REFUGE,0,,REFUGE:image:REFUGE/Refuge/Test400/T0224.jpg,non-glaucoma,1ca888db18a5fb6d1bd5da174eba240c1a4532d974b46130442d886eda420464,train,test
REFUGE/Refuge/Test400/T0225.jpg,REFUGE,0,,REFUGE:image:REFUGE/Refuge/Test400/T0225.jpg,non-glaucoma,d2deec8ab916078fa5ae043f011b7f6b936ce631a28aad31f237aa5d377f415d,val,test
REFUGE/Refuge/Test400/T0226.jpg,REFUGE,0,,REFUGE:image:REFUGE/Refuge/Test400/T0226.jpg,non-glaucoma,ae19a3940d7559ea2763c60e9d83422f114f6c5920a7f810a0cc9ba5511847f3,train,test
REFUGE/Refuge/Test400/T0227.jpg,REFUGE,0,,REFUGE:image:REFUGE/Refuge/Test400/T0227.jpg,non-glaucoma,2d90c32ff23331fd8a41c398eb52d7b2b2e5f6490f04c8d728585f243515cb67,train,test
REFUGE/Refuge/Test400/T0228.jpg,REFUGE,0,,REFUGE:image:REFUGE/Refuge/Test400/T0228.jpg,non-glaucoma,75e200c33411557329e3aaee44dc6bc9e7348736ac6119983b4d4ef490f6ad2c,train,test
REFUGE/Refuge/Test400/T0229.jpg,REFUGE,0,,REFUGE:image:REFUGE/Refuge/Test400/T0229.jpg,non-glaucoma,dd7cc24423bee0ca802531d34036f34b2d3ad380f57b502bba09dca1eb23acd9,train,test
REFUGE/Refuge/Test400/T0230.jpg,REFUGE,0,,REFUGE:image:REFUGE/Refuge/Test400/T0230.jpg,non-glaucoma,54f59d10384ae56a2549f3ddd69139f7d3898e49e3ac7f5c9e54cf7c84aeebfc,train,test
REFUGE/Refuge/Test400/T0231.jpg,REFUGE,0,,REFUGE:image:REFUGE/Refuge/Test400/T0231.jpg,non-glaucoma,fdd88a46fb82fe8059b7d7e073db58bbb16789cd763d9bad376c62020b5a647b,train,test
REFUGE/Refuge/Test400/T0232.jpg,REFUGE,0,,REFUGE:image:REFUGE/Refuge/Test400/T0232.jpg,non-glaucoma,53b2ea65fdee0097497f85963c9a18e9c4805657ebfb29d182add9d82198b470,train,test
REFUGE/Refuge/Test400/T0233.jpg,REFUGE,0,,REFUGE:image:REFUGE/Refuge/Test400/T0233.jpg,non-glaucoma,102913484a69361dc391710f1c42233b548022c6a70bfc477bdd5dafaf4b19c7,train,test
REFUGE/Refuge/Test400/T0234.jpg,REFUGE,1,,REFUGE:image:REFUGE/Refuge/Test400/T0234.jpg,glaucoma,4496a64b6f5993158797401d039b6c4b80a55664e868217254474af45afe84e8,train,test
REFUGE/Refuge/Test400/T0235.jpg,REFUGE,0,,REFUGE:image:REFUGE/Refuge/Test400/T0235.jpg,non-glaucoma,3a29eb93835b9f2be30190f399bd48c5801c4fb3a06600a45f7c806ea5778a1b,val,test
REFUGE/Refuge/Test400/T0236.jpg,REFUGE,0,,REFUGE:image:REFUGE/Refuge/Test400/T0236.jpg,non-glaucoma,7e48e0cb214817308bfc242a06745ec78b57904cc38a92fdf486e959368ba047,train,test
REFUGE/Refuge/Test400/T0237.jpg,REFUGE,0,,REFUGE:image:REFUGE/Refuge/Test400/T0237.jpg,non-glaucoma,14b9a03b3ed7aa45b2837583e1f156df1828d6e283e7081ef3332e94a384f0f6,train,test
REFUGE/Refuge/Test400/T0238.jpg,REFUGE,0,,REFUGE:image:REFUGE/Refuge/Test400/T0238.jpg,non-glaucoma,7c74c59129a908d44356925447b65f10bb07679bea236714c652a1f8cdc87c38,train,test
REFUGE/Refuge/Test400/T0239.jpg,REFUGE,0,,REFUGE:image:REFUGE/Refuge/Test400/T0239.jpg,non-glaucoma,9d9649520bd0049e5799fdb903512cfe5f4b9b718997895960585d66f059ea5b,train,test
REFUGE/Refuge/Test400/T0240.jpg,REFUGE,1,,REFUGE:image:REFUGE/Refuge/Test400/T0240.jpg,glaucoma,ad73d4d59b35c757b584a587ca270b6941d86fd3ca41cf7642330920f7ee1880,train,test
REFUGE/Refuge/Test400/T0241.jpg,REFUGE,0,,REFUGE:image:REFUGE/Refuge/Test400/T0241.jpg,non-glaucoma,1f8df3f9a0bf50be3909afde9bac09110e9df046e3d4e9cf95e70d4f5825d7a4,val,test
REFUGE/Refuge/Test400/T0242.jpg,REFUGE,0,,REFUGE:image:REFUGE/Refuge/Test400/T0242.jpg,non-glaucoma,fcce47abc4dd5b97bf8a697f35c72707d663c4159a0979390ba25c6d875968ca,train,test
REFUGE/Refuge/Test400/T0243.jpg,REFUGE,0,,REFUGE:image:REFUGE/Refuge/Test400/T0243.jpg,non-glaucoma,1feeb007343b9b897fb29ac048df619b372672eb2920550215d2b022b459f48a,train,test
REFUGE/Refuge/Test400/T0244.jpg,REFUGE,0,,REFUGE:image:REFUGE/Refuge/Test400/T0244.jpg,non-glaucoma,8d2016c4c33d7e2d1ff262fb90caff9881c44d396a0ee1881efa2c443a80c6d0,train,test
REFUGE/Refuge/Test400/T0245.jpg,REFUGE,0,,REFUGE:image:REFUGE/Refuge/Test400/T0245.jpg,non-glaucoma,b3025c106e6da51ed11d365966e7918010bb03b9e2bfc1dfae47280117d636cc,train,test
REFUGE/Refuge/Test400/T0246.jpg,REFUGE,0,,REFUGE:image:REFUGE/Refuge/Test400/T0246.jpg,non-glaucoma,b6eee0b745be75b7c40777c76c26a4650f4e30a5eb5a3a6bc85d315e3d328250,train,test
REFUGE/Refuge/Test400/T0247.jpg,REFUGE,0,,REFUGE:image:REFUGE/Refuge/Test400/T0247.jpg,non-glaucoma,4f1d5632de564d363f7fd0e2ca516004fb8c36e007610f56284bd68f30dd2585,train,test
REFUGE/Refuge/Test400/T0248.jpg,REFUGE,0,,REFUGE:image:REFUGE/Refuge/Test400/T0248.jpg,non-glaucoma,eceb403c411bf99bfb5c7b465403c55eb494c5565585f33fa4d130249c4ae2de,train,test
REFUGE/Refuge/Test400/T0249.jpg,REFUGE,0,,REFUGE:image:REFUGE/Refuge/Test400/T0249.jpg,non-glaucoma,262059c1251b1a5a37244796c70efbaa76a8ad46dbb7a3f17ca628cb90815677,train,test
REFUGE/Refuge/Test400/T0250.jpg,REFUGE,1,,REFUGE:image:REFUGE/Refuge/Test400/T0250.jpg,glaucoma,e9740335bdbc42febc34b7b5576658b7fa0753df8145ccc5e7876f0f3b475363,train,test
REFUGE/Refuge/Test400/T0251.jpg,REFUGE,0,,REFUGE:image:REFUGE/Refuge/Test400/T0251.jpg,non-glaucoma,f476b9b365940f1f8bf3523e6a57b5032f1e399905b75d8390beb91949fbcad6,train,test
REFUGE/Refuge/Test400/T0252.jpg,REFUGE,0,,REFUGE:image:REFUGE/Refuge/Test400/T0252.jpg,non-glaucoma,0584a063701bedf94d0b3f73da102381f6e6e993bc63e1a5cd79bcb2c88d557e,train,test
REFUGE/Refuge/Test400/T0253.jpg,REFUGE,0,,REFUGE:image:REFUGE/Refuge/Test400/T0253.jpg,non-glaucoma,94b915f093580cb30f9401ca42206506365a2e6ecd98f9e0491623d588993b93,train,test
REFUGE/Refuge/Test400/T0254.jpg,REFUGE,0,,REFUGE:image:REFUGE/Refuge/Test400/T0254.jpg,non-glaucoma,1e4050b2c13c1608299a09052f8b172f84f5faf3b95719e3881d8bc1d59cc0d5,train,test
REFUGE/Refuge/Test400/T0255.jpg,REFUGE,0,,REFUGE:image:REFUGE/Refuge/Test400/T0255.jpg,non-glaucoma,93b9ada6494071f56c52847d363d8ae4644fb5aa7c3994859abdedd777dd2eac,train,test
REFUGE/Refuge/Test400/T0256.jpg,REFUGE,0,,REFUGE:image:REFUGE/Refuge/Test400/T0256.jpg,non-glaucoma,bd6fd199a85209448cfec14eb97ff477880f36db7fb8290f788927e2eb96715a,val,test
REFUGE/Refuge/Test400/T0257.jpg,REFUGE,0,,REFUGE:image:REFUGE/Refuge/Test400/T0257.jpg,non-glaucoma,0e007394d32d90186ffea04a9d2f61bdad8c322e03554d9e33653e17e3930441,train,test
REFUGE/Refuge/Test400/T0258.jpg,REFUGE,0,,REFUGE:image:REFUGE/Refuge/Test400/T0258.jpg,non-glaucoma,ef30c8c1a0779cb0809cd46470cdf50247f243bec079f8f3a9802f75b8642bb0,train,test
REFUGE/Refuge/Test400/T0259.jpg,REFUGE,0,,REFUGE:image:REFUGE/Refuge/Test400/T0259.jpg,non-glaucoma,5990d72d25b9b5a7b5d809750868797573cc1ded17a550a3040da745b094b179,train,test
REFUGE/Refuge/Test400/T0260.jpg,REFUGE,0,,REFUGE:image:REFUGE/Refuge/Test400/T0260.jpg,non-glaucoma,a18f7bd49075ffd4fc2637977d5dac7bd38d79a7c673aee213b1cd7d4ff8e670,train,test
REFUGE/Refuge/Test400/T0261.jpg,REFUGE,0,,REFUGE:image:REFUGE/Refuge/Test400/T0261.jpg,non-glaucoma,beb60ca4f4acb97a330f7d42c9ddf39955a8b7a808eae4c8422f23e7e3753a8b,train,test
REFUGE/Refuge/Test400/T0262.jpg,REFUGE,0,,REFUGE:image:REFUGE/Refuge/Test400/T0262.jpg,non-glaucoma,fb65f52ef3c1e47ca69d4b6203d0b5b68b60b5f9f69265df3c1731591acb8b77,train,test
REFUGE/Refuge/Test400/T0263.jpg,REFUGE,1,,REFUGE:image:REFUGE/Refuge/Test400/T0263.jpg,glaucoma,6b4a0f6d8be7c8440c4aa530b10ef7a22209bed7b730f468b06af6d2b9d00355,train,test
REFUGE/Refuge/Test400/T0264.jpg,REFUGE,0,,REFUGE:image:REFUGE/Refuge/Test400/T0264.jpg,non-glaucoma,c7f1251af5962a65232d7daf0c2613d9ff1eb390c784a09623a293f4cf5411d2,train,test
REFUGE/Refuge/Test400/T0265.jpg,REFUGE,0,,REFUGE:image:REFUGE/Refuge/Test400/T0265.jpg,non-glaucoma,60ca7d18a03d53259abb37524fc6b9d5869af58ca89139db6250be0369c48546,train,test
REFUGE/Refuge/Test400/T0266.jpg,REFUGE,0,,REFUGE:image:REFUGE/Refuge/Test400/T0266.jpg,non-glaucoma,ab53c078fb0179773b0dce96c3dea51d1c15723d388c4237b0778976e82db508,train,test
REFUGE/Refuge/Test400/T0267.jpg,REFUGE,1,,REFUGE:image:REFUGE/Refuge/Test400/T0267.jpg,glaucoma,038bb9cc4f6e1f20d033f7e7494bfbe0bdc9cde78fa4eac1f966bc79ac611519,train,test
REFUGE/Refuge/Test400/T0268.jpg,REFUGE,0,,REFUGE:image:REFUGE/Refuge/Test400/T0268.jpg,non-glaucoma,5513c56077f28a233dc85ac909356f5b171db2ea195f4b246161691c898841aa,train,test
REFUGE/Refuge/Test400/T0269.jpg,REFUGE,0,,REFUGE:image:REFUGE/Refuge/Test400/T0269.jpg,non-glaucoma,dfcb0caa9b1f88f213bbf1f8ffe875ac9508c82e2ed6bfbec3d4d6503d550dca,train,test
REFUGE/Refuge/Test400/T0270.jpg,REFUGE,0,,REFUGE:image:REFUGE/Refuge/Test400/T0270.jpg,non-glaucoma,b6243b7bf375bf47bb82a3bd43ce8be5b3ae75d4c692d57bb872db3158f82120,train,test
REFUGE/Refuge/Test400/T0271.jpg,REFUGE,1,,REFUGE:image:REFUGE/Refuge/Test400/T0271.jpg,glaucoma,9ea791568d5fc70ae5de7973d112f98a88194f819a901ccbdf881e122e04d102,train,test
REFUGE/Refuge/Test400/T0272.jpg,REFUGE,0,,REFUGE:image:REFUGE/Refuge/Test400/T0272.jpg,non-glaucoma,eab659b29fae961a3a1e279737b36051da80dc989467c177efef3efd9d433381,train,test
REFUGE/Refuge/Test400/T0273.jpg,REFUGE,0,,REFUGE:image:REFUGE/Refuge/Test400/T0273.jpg,non-glaucoma,92acedcfaf36cb82653977e8090ae3d5d1f2316858e2694ff21642b1325af591,train,test
REFUGE/Refuge/Test400/T0274.jpg,REFUGE,0,,REFUGE:image:REFUGE/Refuge/Test400/T0274.jpg,non-glaucoma,e07b9f64434b0d38434acab02895a73ccc6620ad5e1ecba573665250871d43c4,train,test
REFUGE/Refuge/Test400/T0275.jpg,REFUGE,0,,REFUGE:image:REFUGE/Refuge/Test400/T0275.jpg,non-glaucoma,2a54d609ba0f224ce8cfa4de64a81a016a4f0e38d6e065046412faf5fcba221e,train,test
REFUGE/Refuge/Test400/T0276.jpg,REFUGE,0,,REFUGE:image:REFUGE/Refuge/Test400/T0276.jpg,non-glaucoma,4482ea88a9db393f2e8530bf2a13ac4db69f4ca93e70c0b3550eeba6f3cfc831,train,test
REFUGE/Refuge/Test400/T0277.jpg,REFUGE,0,,REFUGE:image:REFUGE/Refuge/Test400/T0277.jpg,non-glaucoma,19e804f721069c273860ce24437bede66484989e7920e81bfdc5a6a2f5c4c3d4,train,test
REFUGE/Refuge/Test400/T0278.jpg,REFUGE,0,,REFUGE:image:REFUGE/Refuge/Test400/T0278.jpg,non-glaucoma,c1a1a6dfd599b15b0b94114b2edade54b34a4da91bbbf7e71ba48f948e6aeb28,train,test
REFUGE/Refuge/Test400/T0279.jpg,REFUGE,0,,REFUGE:image:REFUGE/Refuge/Test400/T0279.jpg,non-glaucoma,28250ba5f38fb1aa24c36fe0fe040d4422bc61dc765bb6133948047e7f99cac0,train,test
REFUGE/Refuge/Test400/T0280.jpg,REFUGE,0,,REFUGE:image:REFUGE/Refuge/Test400/T0280.jpg,non-glaucoma,cc546b8420dbcb8038fc5d8dd9e937c96f8874c3255cbbd5a440b96629571b7c,train,test
REFUGE/Refuge/Test400/T0281.jpg,REFUGE,0,,REFUGE:image:REFUGE/Refuge/Test400/T0281.jpg,non-glaucoma,a8e6491f2b8886dd91b5aff51c0d831b864b58304a2f2f176a6a0f7d916ffc24,val,test
REFUGE/Refuge/Test400/T0282.jpg,REFUGE,0,,REFUGE:image:REFUGE/Refuge/Test400/T0282.jpg,non-glaucoma,a0b4612faaf70509403f3de5e94959a37d06b8fdaa9ffe0ecc6ee8978529511f,train,test
REFUGE/Refuge/Test400/T0283.jpg,REFUGE,0,,REFUGE:image:REFUGE/Refuge/Test400/T0283.jpg,non-glaucoma,536380f760af87e4dcf875344a33fe4cb7a32c5bcfa7a180c764f0381f69743b,train,test
REFUGE/Refuge/Test400/T0284.jpg,REFUGE,0,,REFUGE:image:REFUGE/Refuge/Test400/T0284.jpg,non-glaucoma,1cdf6a04f4c6b72a4cc87e18bed4f077500dd8a9675b2a6a4fea5bf46942be69,train,test
REFUGE/Refuge/Test400/T0285.jpg,REFUGE,0,,REFUGE:image:REFUGE/Refuge/Test400/T0285.jpg,non-glaucoma,eb05d6fc917ca95a2b85cfca2aa1648d8c3ed7dbeff047e14fe35de3b5a41406,train,test
REFUGE/Refuge/Test400/T0286.jpg,REFUGE,0,,REFUGE:image:REFUGE/Refuge/Test400/T0286.jpg,non-glaucoma,edd2e077bf6f641fd4ba52258783d392429f81a53f72280eb35d34a355ed92cd,train,test
REFUGE/Refuge/Test400/T0287.jpg,REFUGE,0,,REFUGE:image:REFUGE/Refuge/Test400/T0287.jpg,non-glaucoma,225edf62e9c74f126e1dee0bbcb34d63455f0bd7b38373f0b84c2bfc09d5c207,train,test
REFUGE/Refuge/Test400/T0288.jpg,REFUGE,0,,REFUGE:image:REFUGE/Refuge/Test400/T0288.jpg,non-glaucoma,44792c9bd3c0583565f9e4db7a7ce89396c324c89402c00a0232b6b67f067d29,train,test
REFUGE/Refuge/Test400/T0289.jpg,REFUGE,0,,REFUGE:image:REFUGE/Refuge/Test400/T0289.jpg,non-glaucoma,a597a38ad475806667dafd341b1121e915c9231ea283469e104790fe73379d87,train,test
REFUGE/Refuge/Test400/T0290.jpg,REFUGE,0,,REFUGE:image:REFUGE/Refuge/Test400/T0290.jpg,non-glaucoma,623300134ea6308a8e8ea550cf559e5e71ce4d74b6c67d540276c609367528e2,val,test
REFUGE/Refuge/Test400/T0291.jpg,REFUGE,0,,REFUGE:image:REFUGE/Refuge/Test400/T0291.jpg,non-glaucoma,be0070ca733913259dac3331a2b92bfffe29b6dceea23ffe02c61a5172bb2572,train,test
REFUGE/Refuge/Test400/T0292.jpg,REFUGE,0,,REFUGE:image:REFUGE/Refuge/Test400/T0292.jpg,non-glaucoma,e19869a6ab48ecd3c2823b953858e7b367f49a8e89ac6a79f33d8511c7dcb277,train,test
REFUGE/Refuge/Test400/T0293.jpg,REFUGE,0,,REFUGE:image:REFUGE/Refuge/Test400/T0293.jpg,non-glaucoma,dddd525e912d9a2fc7dfb9e77a8c82148666e5f7c80d368d5f88f049cbaf7583,train,test
REFUGE/Refuge/Test400/T0294.jpg,REFUGE,0,,REFUGE:image:REFUGE/Refuge/Test400/T0294.jpg,non-glaucoma,a6759b5e20a24bb5bd9f28196d0b84f07a0d36d0ea00526641c2702517ef9cdb,train,test
REFUGE/Refuge/Test400/T0295.jpg,REFUGE,1,,REFUGE:image:REFUGE/Refuge/Test400/T0295.jpg,glaucoma,f12d8887820c810de4b65b644205ed45a2ccdc459abe8a41924b520e263343f7,train,test
REFUGE/Refuge/Test400/T0296.jpg,REFUGE,0,,REFUGE:image:REFUGE/Refuge/Test400/T0296.jpg,non-glaucoma,bdd3e64f4f2417526a3495111cb2aeb9942c98b3c8f1d2f7cd65d98e93ee7f55,train,test
REFUGE/Refuge/Test400/T0297.jpg,REFUGE,0,,REFUGE:image:REFUGE/Refuge/Test400/T0297.jpg,non-glaucoma,4ba166e14f166f82e980e0efced9eddbe22807eb5b5024153f26be03e07d4565,val,test
REFUGE/Refuge/Test400/T0298.jpg,REFUGE,0,,REFUGE:image:REFUGE/Refuge/Test400/T0298.jpg,non-glaucoma,af242611929ab126a8a50dda00d44c001f241a779dce49c6e52110e886686b87,train,test
REFUGE/Refuge/Test400/T0299.jpg,REFUGE,0,,REFUGE:image:REFUGE/Refuge/Test400/T0299.jpg,non-glaucoma,f3fcb30f0e674ae3bb5d411948aec6e461a991973713e15874a1fdd41ad8488f,train,test
REFUGE/Refuge/Test400/T0300.jpg,REFUGE,0,,REFUGE:image:REFUGE/Refuge/Test400/T0300.jpg,non-glaucoma,888213dcfe770c592c7b9e2e2e92ad0c388b075a606e166d40092d5cb3b02bfd,train,test
REFUGE/Refuge/Test400/T0301.jpg,REFUGE,0,,REFUGE:image:REFUGE/Refuge/Test400/T0301.jpg,non-glaucoma,8721d0d254b5028ac1ba9629cc8207e0e75b16b8470af3c437cafd2d95189333,train,test
REFUGE/Refuge/Test400/T0302.jpg,REFUGE,0,,REFUGE:image:REFUGE/Refuge/Test400/T0302.jpg,non-glaucoma,a6a51217b841d5f39aa81d71ae87f577e13b6850e14ccd5294ee6b68f7300560,train,test
REFUGE/Refuge/Test400/T0303.jpg,REFUGE,0,,REFUGE:image:REFUGE/Refuge/Test400/T0303.jpg,non-glaucoma,2cc654e0ad7b2fe062b2bc1dd6ee8253bd584f5fb3e0587b3cfaa7ad4d1d131a,train,test
REFUGE/Refuge/Test400/T0304.jpg,REFUGE,1,,REFUGE:image:REFUGE/Refuge/Test400/T0304.jpg,glaucoma,ee4c98d81c1ab97fb010b5a8b89c0d1743c30235ecf838c56ea43ec77aae0dec,train,test
REFUGE/Refuge/Test400/T0305.jpg,REFUGE,0,,REFUGE:image:REFUGE/Refuge/Test400/T0305.jpg,non-glaucoma,0ae3b5fdc60da582630df81cee10e47c602d64ab17d077648276cf108356300d,train,test
REFUGE/Refuge/Test400/T0306.jpg,REFUGE,1,,REFUGE:image:REFUGE/Refuge/Test400/T0306.jpg,glaucoma,eccbdf87028dfb4af7edcac8ee3c0a8b08a3521d029af28586e4ea465a376dac,train,test
REFUGE/Refuge/Test400/T0307.jpg,REFUGE,0,,REFUGE:image:REFUGE/Refuge/Test400/T0307.jpg,non-glaucoma,69423aae3d12001b677b84d826b11b3688a0dc92d8891ff14b35a24a81edb031,train,test
REFUGE/Refuge/Test400/T0308.jpg,REFUGE,0,,REFUGE:image:REFUGE/Refuge/Test400/T0308.jpg,non-glaucoma,b2cc1d6c73b4cd1387cdf4652152a1e1183dcf0b666783a6798244ffdb7d64c8,train,test
REFUGE/Refuge/Test400/T0309.jpg,REFUGE,0,,REFUGE:image:REFUGE/Refuge/Test400/T0309.jpg,non-glaucoma,229b604db37ea7114ca17120f19861a8eaea1edcfee6409506831cb81227fc0a,train,test
REFUGE/Refuge/Test400/T0310.jpg,REFUGE,1,,REFUGE:image:REFUGE/Refuge/Test400/T0310.jpg,glaucoma,de64dd6eaf90c47b0c117d279cc065c2e28e6396cc8ab450399950a90dba662b,val,test
REFUGE/Refuge/Test400/T0311.jpg,REFUGE,0,,REFUGE:image:REFUGE/Refuge/Test400/T0311.jpg,non-glaucoma,08f72a8b2da700048d84d335b5f820d65a537d12166fb1da3b4abd99d3a356cc,train,test
REFUGE/Refuge/Test400/T0312.jpg,REFUGE,0,,REFUGE:image:REFUGE/Refuge/Test400/T0312.jpg,non-glaucoma,d8b8350a70091ec6af3c13b6107f11808b36160f4e9b2ae6cd2a31303de86587,train,test
REFUGE/Refuge/Test400/T0313.jpg,REFUGE,0,,REFUGE:image:REFUGE/Refuge/Test400/T0313.jpg,non-glaucoma,3e1bc2e46e921e0f8e77d0c12ccce7140324cd1813e0fcf3cee24bb1d9b8d8eb,train,test
REFUGE/Refuge/Test400/T0314.jpg,REFUGE,0,,REFUGE:image:REFUGE/Refuge/Test400/T0314.jpg,non-glaucoma,6ad84e578fa8a2f287eb23b75998b6be2de0b0e143503df5ade854f47d425fa3,val,test
REFUGE/Refuge/Test400/T0315.jpg,REFUGE,1,,REFUGE:image:REFUGE/Refuge/Test400/T0315.jpg,glaucoma,080b749c852d74de26f6ae4a19eb4d04559ec607e9342b8f4459091eaa5ff608,train,test
REFUGE/Refuge/Test400/T0316.jpg,REFUGE,0,,REFUGE:image:REFUGE/Refuge/Test400/T0316.jpg,non-glaucoma,9fee34d2d10dd48d782c6d85368ddc216fb53702b8c3f2287040653fd1acfc5b,train,test
REFUGE/Refuge/Test400/T0317.jpg,REFUGE,0,,REFUGE:image:REFUGE/Refuge/Test400/T0317.jpg,non-glaucoma,503a8efedbd7a3baf5b1375ddbc3c921f05ca4785546e51e592a7b22f860f385,val,test
REFUGE/Refuge/Test400/T0318.jpg,REFUGE,0,,REFUGE:image:REFUGE/Refuge/Test400/T0318.jpg,non-glaucoma,7c1c675cac13f56ea9346130b10c2b2402410d94b5c255cb654dab125b199bb5,train,test
REFUGE/Refuge/Test400/T0319.jpg,REFUGE,0,,REFUGE:image:REFUGE/Refuge/Test400/T0319.jpg,non-glaucoma,39b45af80788705397e6a6579f509217befb63d8cac2d6e02eb37ad223375ed1,train,test
REFUGE/Refuge/Test400/T0320.jpg,REFUGE,1,,REFUGE:image:REFUGE/Refuge/Test400/T0320.jpg,glaucoma,63b5cc2eddb1bb0a61d8d5595b38bf72c8630b24ff7da02a35930098609e4905,train,test
REFUGE/Refuge/Test400/T0321.jpg,REFUGE,0,,REFUGE:image:REFUGE/Refuge/Test400/T0321.jpg,non-glaucoma,2449208322bbf830869df354780e7c8f72e69c00cfd4b24caf96da8f39239f2e,train,test
REFUGE/Refuge/Test400/T0322.jpg,REFUGE,1,,REFUGE:image:REFUGE/Refuge/Test400/T0322.jpg,glaucoma,077e38c2f5d3ceb48ec0a7fdd76a7ba21d2cc82820deb92c2511d78bae8185fe,train,test
REFUGE/Refuge/Test400/T0323.jpg,REFUGE,0,,REFUGE:image:REFUGE/Refuge/Test400/T0323.jpg,non-glaucoma,b7e5db8b4a10cb2e012a56cd3531a71a1e55863b200e71fa084e70de67490dec,train,test
REFUGE/Refuge/Test400/T0324.jpg,REFUGE,0,,REFUGE:image:REFUGE/Refuge/Test400/T0324.jpg,non-glaucoma,ed51cfe18445bff810e1373348bf98c98a81144d03216703efb0378bc5b2503e,train,test
REFUGE/Refuge/Test400/T0325.jpg,REFUGE,0,,REFUGE:image:REFUGE/Refuge/Test400/T0325.jpg,non-glaucoma,9f4870fa4bbb98a47444bc04ff8cd69c1a753f4a621a1e5887903081e816c331,train,test
REFUGE/Refuge/Test400/T0326.jpg,REFUGE,0,,REFUGE:image:REFUGE/Refuge/Test400/T0326.jpg,non-glaucoma,c3baf8d2572f005927016b8099fff363a1ba1b48ec0a15c42c719099355e5315,train,test
REFUGE/Refuge/Test400/T0327.jpg,REFUGE,0,,REFUGE:image:REFUGE/Refuge/Test400/T0327.jpg,non-glaucoma,af2e8ec7900d67816a9b2050eedb63abc059398268c9bd3574334c6f51f76ba7,train,test
REFUGE/Refuge/Test400/T0328.jpg,REFUGE,0,,REFUGE:image:REFUGE/Refuge/Test400/T0328.jpg,non-glaucoma,44de1c5673b94d9238a0a214078f49107cf90d9082c0d686bcdc18e8b250decb,train,test
REFUGE/Refuge/Test400/T0329.jpg,REFUGE,0,,REFUGE:image:REFUGE/Refuge/Test400/T0329.jpg,non-glaucoma,21927fd16419a72375e59d2faba1150306bf993e8052e55aaeaa2f4b9683909b,train,test
REFUGE/Refuge/Test400/T0330.jpg,REFUGE,0,,REFUGE:image:REFUGE/Refuge/Test400/T0330.jpg,non-glaucoma,21e13283e5663f08b89a559f085fb60e25ca78dd168f2d807d8341fe7c3415a7,train,test
REFUGE/Refuge/Test400/T0331.jpg,REFUGE,0,,REFUGE:image:REFUGE/Refuge/Test400/T0331.jpg,non-glaucoma,d3653cd2de78e048a367c952d0120edc194bd2ef6d3ec7a98b12f6925c975aa9,val,test
REFUGE/Refuge/Test400/T0332.jpg,REFUGE,0,,REFUGE:image:REFUGE/Refuge/Test400/T0332.jpg,non-glaucoma,ac2fd6cbecb3f60d3f8658efe3b0d21290f1b1687623cb4d984f376763d82671,train,test
REFUGE/Refuge/Test400/T0333.jpg,REFUGE,0,,REFUGE:image:REFUGE/Refuge/Test400/T0333.jpg,non-glaucoma,65781e468ad4ce8797931b8b90204f9b4d81fc36169fdf6a639b55933f8206fa,train,test
REFUGE/Refuge/Test400/T0334.jpg,REFUGE,0,,REFUGE:image:REFUGE/Refuge/Test400/T0334.jpg,non-glaucoma,ce7a01a72cfd598c7941e06929a0842cdefbca18c82e1180b220d4f01b47d0db,train,test
REFUGE/Refuge/Test400/T0335.jpg,REFUGE,0,,REFUGE:image:REFUGE/Refuge/Test400/T0335.jpg,non-glaucoma,b939bc1650ad4191f46f53251ae5bd7b0f07f18f5f6b315fbdbaffdbd5eb2ca6,train,test
REFUGE/Refuge/Test400/T0336.jpg,REFUGE,0,,REFUGE:image:REFUGE/Refuge/Test400/T0336.jpg,non-glaucoma,0a86b7a2fd5ac91debe90d4d1b6f3086aa08964f37af2c7c41c443ed2d1e4677,train,test
REFUGE/Refuge/Test400/T0337.jpg,REFUGE,0,,REFUGE:image:REFUGE/Refuge/Test400/T0337.jpg,non-glaucoma,f206db7ca3460ccc895b2ee461afc4d2e4166b3f6e547f3cca85d4f149c4b6b8,train,test
REFUGE/Refuge/Test400/T0338.jpg,REFUGE,0,,REFUGE:image:REFUGE/Refuge/Test400/T0338.jpg,non-glaucoma,3121ea3b4d39e2a938878f3cfc0ea300680d0d227b89b86dfb57a8f1a67effc5,val,test
REFUGE/Refuge/Test400/T0339.jpg,REFUGE,0,,REFUGE:image:REFUGE/Refuge/Test400/T0339.jpg,non-glaucoma,defc282f4146274b025ef3db3f6f178b4187ca082bdb9aa0ecf8015339d4aa31,val,test
REFUGE/Refuge/Test400/T0340.jpg,REFUGE,0,,REFUGE:image:REFUGE/Refuge/Test400/T0340.jpg,non-glaucoma,16d38f2d464257efbbe192921574f7c2a1014f4b83aea3222810a9ab0f5bbc95,train,test
REFUGE/Refuge/Test400/T0341.jpg,REFUGE,0,,REFUGE:image:REFUGE/Refuge/Test400/T0341.jpg,non-glaucoma,f130cb7afebc3ed40e7334aa68b1bd0a5e797725e08c9f014d322112bf9ae6c3,train,test
REFUGE/Refuge/Test400/T0342.jpg,REFUGE,1,,REFUGE:image:REFUGE/Refuge/Test400/T0342.jpg,glaucoma,db37103bb4116b994b5ef90c1b2fb1f4f79f377f5c5f81b8fcb96504d56de4da,train,test
REFUGE/Refuge/Test400/T0343.jpg,REFUGE,0,,REFUGE:image:REFUGE/Refuge/Test400/T0343.jpg,non-glaucoma,3d116ad1931b4c9ace1897ffa96bbf4f04bfcbcc2da67c06f473e647dd4daeb7,train,test
REFUGE/Refuge/Test400/T0344.jpg,REFUGE,0,,REFUGE:image:REFUGE/Refuge/Test400/T0344.jpg,non-glaucoma,fead2dd4051c347fd9dfcbede1f1646372c42ab5bd7ffa91492683e129244567,train,test
REFUGE/Refuge/Test400/T0345.jpg,REFUGE,0,,REFUGE:image:REFUGE/Refuge/Test400/T0345.jpg,non-glaucoma,c31b3f45f8c179cce108ebf0a97f228dede96eebd828d68df6c6b9239f742aed,train,test
REFUGE/Refuge/Test400/T0346.jpg,REFUGE,1,,REFUGE:image:REFUGE/Refuge/Test400/T0346.jpg,glaucoma,a21963debf9aee4fd3f0bc9dfdb7d1ec2a594302bd7b27a4624f1fa6db586383,train,test
REFUGE/Refuge/Test400/T0347.jpg,REFUGE,0,,REFUGE:image:REFUGE/Refuge/Test400/T0347.jpg,non-glaucoma,5e87c6e09dca2ae279a1b8edb6c3bc69b3ee970e3ed46e0e23518cd52610258e,train,test
REFUGE/Refuge/Test400/T0348.jpg,REFUGE,0,,REFUGE:image:REFUGE/Refuge/Test400/T0348.jpg,non-glaucoma,333ed7a159ee3b34edcd060548678382fc25f2dcebb5e8af1c2dd5966cdf9449,train,test
REFUGE/Refuge/Test400/T0349.jpg,REFUGE,0,,REFUGE:image:REFUGE/Refuge/Test400/T0349.jpg,non-glaucoma,79aa0d8e45578282a1c7e6034f29ee85348067fb192758dabfec5404169494d6,train,test
REFUGE/Refuge/Test400/T0350.jpg,REFUGE,0,,REFUGE:image:REFUGE/Refuge/Test400/T0350.jpg,non-glaucoma,fdcef8adbc9196c6eb7e04e9b8f94a181ade4fe926cb8fb57659ab9ba530e5ed,train,test
REFUGE/Refuge/Test400/T0351.jpg,REFUGE,0,,REFUGE:image:REFUGE/Refuge/Test400/T0351.jpg,non-glaucoma,1bf8f852ad60af22e163cfc73d2d93f1c05303812a6dbc3dca9393ad0cbb0bee,train,test
REFUGE/Refuge/Test400/T0352.jpg,REFUGE,0,,REFUGE:image:REFUGE/Refuge/Test400/T0352.jpg,non-glaucoma,a37920be1af6d3f4cb8311e81383bfa51360cf92234dda55c9daf9dadc255694,train,test
REFUGE/Refuge/Test400/T0353.jpg,REFUGE,0,,REFUGE:image:REFUGE/Refuge/Test400/T0353.jpg,non-glaucoma,9f96d4a81b07753b6a772f957fcaaafd70857470c1c382336585e101f0e232c5,train,test
REFUGE/Refuge/Test400/T0354.jpg,REFUGE,0,,REFUGE:image:REFUGE/Refuge/Test400/T0354.jpg,non-glaucoma,8cb5201b06d5728c71654f595dfb5b6b789673c3b3f5b43c4ad21e7f059a9fe9,train,test
REFUGE/Refuge/Test400/T0355.jpg,REFUGE,0,,REFUGE:image:REFUGE/Refuge/Test400/T0355.jpg,non-glaucoma,fdea076e787a6e4ac2f4f12781e703ed654832f0ebe82fed0fae2a49d5282322,train,test
REFUGE/Refuge/Test400/T0356.jpg,REFUGE,0,,REFUGE:image:REFUGE/Refuge/Test400/T0356.jpg,non-glaucoma,4e00280a495a3f17f7ca8ac7c1dd4cb7d33fa59b29e93203e23c8012d7151a27,train,test
REFUGE/Refuge/Test400/T0357.jpg,REFUGE,0,,REFUGE:image:REFUGE/Refuge/Test400/T0357.jpg,non-glaucoma,9e197e8627b7a1a61b2a3057f97af8d31641833dc15dc1ba192697e2507944d9,train,test
REFUGE/Refuge/Test400/T0358.jpg,REFUGE,0,,REFUGE:image:REFUGE/Refuge/Test400/T0358.jpg,non-glaucoma,18abf20d120ac8e09c87c04cce88607d7a8174bc187e3cb39f65ea70730e441c,train,test
REFUGE/Refuge/Test400/T0359.jpg,REFUGE,0,,REFUGE:image:REFUGE/Refuge/Test400/T0359.jpg,non-glaucoma,46cc3004eb9e0ce9e88b0adf8b9ed4acf2126b45523f6099bf34b8927f14b70d,train,test
REFUGE/Refuge/Test400/T0360.jpg,REFUGE,1,,REFUGE:image:REFUGE/Refuge/Test400/T0360.jpg,glaucoma,2d9a10d78f89943b02c1c4c9ab365abd9b95f02f87aa8ac5f2b8b47a50f13814,train,test
REFUGE/Refuge/Test400/T0361.jpg,REFUGE,0,,REFUGE:image:REFUGE/Refuge/Test400/T0361.jpg,non-glaucoma,8f4fa7b5faf3ab28b6e3c185592aa6dcdc151b457ded1905ec5da52786058248,train,test
REFUGE/Refuge/Test400/T0362.jpg,REFUGE,0,,REFUGE:image:REFUGE/Refuge/Test400/T0362.jpg,non-glaucoma,a40a4ba065715351f095e72506574f30ff32670d16c571822d05808b3d59e410,train,test
REFUGE/Refuge/Test400/T0363.jpg,REFUGE,1,,REFUGE:image:REFUGE/Refuge/Test400/T0363.jpg,glaucoma,da334042bd83f8e4679a18c0caa91e691ee7c9a833ae24dfc8e09a843a19da94,train,test
REFUGE/Refuge/Test400/T0364.jpg,REFUGE,0,,REFUGE:image:REFUGE/Refuge/Test400/T0364.jpg,non-glaucoma,b27519aa392764becbb279d068e36d817b7160666de885f02563bdd3027cee6d,train,test
REFUGE/Refuge/Test400/T0365.jpg,REFUGE,0,,REFUGE:image:REFUGE/Refuge/Test400/T0365.jpg,non-glaucoma,3c4d8d16a2872c283edbb94d67d221e4e2b5496d6383b7ddd09a618edcc491d0,val,test
REFUGE/Refuge/Test400/T0366.jpg,REFUGE,0,,REFUGE:image:REFUGE/Refuge/Test400/T0366.jpg,non-glaucoma,e10ab663152fc30a1de5b18a149772338e8bddffb0b221c9f8486e7726302d10,train,test
REFUGE/Refuge/Test400/T0367.jpg,REFUGE,0,,REFUGE:image:REFUGE/Refuge/Test400/T0367.jpg,non-glaucoma,b62a48c075acc862c60ba27d418a49b3cb576c537b58bcde1678929032107921,train,test
REFUGE/Refuge/Test400/T0368.jpg,REFUGE,1,,REFUGE:image:REFUGE/Refuge/Test400/T0368.jpg,glaucoma,738188434b509548f4be369a4efced20f147e72aa1b930a8677d78647329d829,val,test
REFUGE/Refuge/Test400/T0369.jpg,REFUGE,0,,REFUGE:image:REFUGE/Refuge/Test400/T0369.jpg,non-glaucoma,61e64f729af34f2b0c455e4483ef294a7af848e5c4863425b55f0120588d1174,train,test
REFUGE/Refuge/Test400/T0370.jpg,REFUGE,1,,REFUGE:image:REFUGE/Refuge/Test400/T0370.jpg,glaucoma,4e617bc8009cd89bceab59c9bd94c4ccd27781947fc2bf4d0c7f88c6622c9f02,train,test
REFUGE/Refuge/Test400/T0371.jpg,REFUGE,1,,REFUGE:image:REFUGE/Refuge/Test400/T0371.jpg,glaucoma,58224c47e4d5b5005d4ec4ecfef60222c3c3d8e78ad707e2e51f75018cd59d83,train,test
REFUGE/Refuge/Test400/T0372.jpg,REFUGE,0,,REFUGE:image:REFUGE/Refuge/Test400/T0372.jpg,non-glaucoma,73c33d4db602bb5b6bf30a232b043de5620abbfcb8aa5ef5263e2a62184c68ce,train,test
REFUGE/Refuge/Test400/T0373.jpg,REFUGE,0,,REFUGE:image:REFUGE/Refuge/Test400/T0373.jpg,non-glaucoma,eb80c83a8ffa0654c69d6cdb6302808f3deb783977ed385bf1220ef35079067e,train,test
REFUGE/Refuge/Test400/T0374.jpg,REFUGE,0,,REFUGE:image:REFUGE/Refuge/Test400/T0374.jpg,non-glaucoma,50b5d62d642b2660faa5ab4a966fa262189bd4324e2e9196bdc625a3a00f690b,train,test
REFUGE/Refuge/Test400/T0375.jpg,REFUGE,0,,REFUGE:image:REFUGE/Refuge/Test400/T0375.jpg,non-glaucoma,40f406cc5ce04b1b89e913b3c9407dc950a69279da3121c1d4acf6effe1bfb70,train,test
REFUGE/Refuge/Test400/T0376.jpg,REFUGE,0,,REFUGE:image:REFUGE/Refuge/Test400/T0376.jpg,non-glaucoma,f150da1d6472f1fde70f30c48fdcb08f0eea6e7f57c1b3b7bea6bfa94495aa5f,train,test
REFUGE/Refuge/Test400/T0377.jpg,REFUGE,0,,REFUGE:image:REFUGE/Refuge/Test400/T0377.jpg,non-glaucoma,bee2de1f72bd3407dc5d2a1d168fee5bcab85f1375dbd519b36c42f19d4709a1,train,test
REFUGE/Refuge/Test400/T0378.jpg,REFUGE,0,,REFUGE:image:REFUGE/Refuge/Test400/T0378.jpg,non-glaucoma,fe19abaf3fec0f7a0dd77a7599df6c3c159b05b120a037d14257ed730eb7b34e,train,test
REFUGE/Refuge/Test400/T0379.jpg,REFUGE,0,,REFUGE:image:REFUGE/Refuge/Test400/T0379.jpg,non-glaucoma,87af99d0febfb0d02382bf9d442e66739e107414f63825f89278ff0d3533132f,train,test
REFUGE/Refuge/Test400/T0380.jpg,REFUGE,0,,REFUGE:image:REFUGE/Refuge/Test400/T0380.jpg,non-glaucoma,ae403955ad8d87e1b13c637c6effa86c42a95ff620c70f040f9d0aea6d841c54,train,test
REFUGE/Refuge/Test400/T0381.jpg,REFUGE,0,,REFUGE:image:REFUGE/Refuge/Test400/T0381.jpg,non-glaucoma,ca63bfede11dc901df94bf0227f4ca575eca01bc62204bd0e883f1aa7335e96b,train,test
REFUGE/Refuge/Test400/T0382.jpg,REFUGE,0,,REFUGE:image:REFUGE/Refuge/Test400/T0382.jpg,non-glaucoma,a671465d2d688d4265f529870ac0de99cff9ff4c61ce0c3335ed972a4c26fa4f,train,test
REFUGE/Refuge/Test400/T0383.jpg,REFUGE,0,,REFUGE:image:REFUGE/Refuge/Test400/T0383.jpg,non-glaucoma,b64f4cab802a4d517cc0ae27792b3725fcec8f4e9603c2bb182f4a0a6dfd4d5d,train,test
REFUGE/Refuge/Test400/T0384.jpg,REFUGE,0,,REFUGE:image:REFUGE/Refuge/Test400/T0384.jpg,non-glaucoma,50175c740eda2945919e64edce3ffb49efbed972bebe125467d0ee3302ce756b,train,test
REFUGE/Refuge/Test400/T0385.jpg,REFUGE,0,,REFUGE:image:REFUGE/Refuge/Test400/T0385.jpg,non-glaucoma,94839e5a235ff66adb632395e02325b19d84df93d7c09c0177e8a0eee2e26762,train,test
REFUGE/Refuge/Test400/T0386.jpg,REFUGE,0,,REFUGE:image:REFUGE/Refuge/Test400/T0386.jpg,non-glaucoma,7cfe33c5a958e2959f1804a862eee04d9976dab7123ad54b77f285e167db6aac,train,test
REFUGE/Refuge/Test400/T0387.jpg,REFUGE,0,,REFUGE:image:REFUGE/Refuge/Test400/T0387.jpg,non-glaucoma,e07874870f1e44c35ebd27713ac382906c740e37ace457bf23ded8e46b6b67ba,train,test
REFUGE/Refuge/Test400/T0388.jpg,REFUGE,0,,REFUGE:image:REFUGE/Refuge/Test400/T0388.jpg,non-glaucoma,5848688570250402e30f4842bc02810f0e104334ee687780d2073f05782199b6,train,test
REFUGE/Refuge/Test400/T0389.jpg,REFUGE,0,,REFUGE:image:REFUGE/Refuge/Test400/T0389.jpg,non-glaucoma,b35740f98a361c3084a61325b6901e54894d1865c731868d8e9f449a8aa0c290,val,test
REFUGE/Refuge/Test400/T0390.jpg,REFUGE,0,,REFUGE:image:REFUGE/Refuge/Test400/T0390.jpg,non-glaucoma,cdb27b41ab8accf254619d19150e9158f368a8559bf2546d4c246082df93cc3e,train,test
REFUGE/Refuge/Test400/T0391.jpg,REFUGE,0,,REFUGE:image:REFUGE/Refuge/Test400/T0391.jpg,non-glaucoma,6a4007f725b8e3fde95911c094e03c640e5423150231251b2304df7a290d9036,val,test
REFUGE/Refuge/Test400/T0392.jpg,REFUGE,0,,REFUGE:image:REFUGE/Refuge/Test400/T0392.jpg,non-glaucoma,d4eb886f66adb92cb12023ba99419ad9e77693c8044aa3fe47528c7f54e7d7da,train,test
REFUGE/Refuge/Test400/T0393.jpg,REFUGE,0,,REFUGE:image:REFUGE/Refuge/Test400/T0393.jpg,non-glaucoma,b693a7baee22f4757d4c7b6d3c74cecddb644f2dffc42fcc79164a2d7ba63c30,train,test
REFUGE/Refuge/Test400/T0394.jpg,REFUGE,0,,REFUGE:image:REFUGE/Refuge/Test400/T0394.jpg,non-glaucoma,02842ee2d9c149ca84ed7402feddd4f7f5dac17ab00e41533cb60d057a71137a,train,test
REFUGE/Refuge/Test400/T0395.jpg,REFUGE,0,,REFUGE:image:REFUGE/Refuge/Test400/T0395.jpg,non-glaucoma,494c21449343b3c14b9aebd239af1f620f61f27605256f90c5a4772dcfb516a6,train,test
REFUGE/Refuge/Test400/T0396.jpg,REFUGE,0,,REFUGE:image:REFUGE/Refuge/Test400/T0396.jpg,non-glaucoma,1f30c3ff5bdea36b1d6ffc2354d03c108694228a3addb0276c49c0e6d880cca3,train,test
REFUGE/Refuge/Test400/T0397.jpg,REFUGE,1,,REFUGE:image:REFUGE/Refuge/Test400/T0397.jpg,glaucoma,40f1a89de53af99bd87faef427591bfb5b285d9bb216d8932f65f7b696f8b4db,train,test
REFUGE/Refuge/Test400/T0398.jpg,REFUGE,0,,REFUGE:image:REFUGE/Refuge/Test400/T0398.jpg,non-glaucoma,3310e59f52821953f374933a00fb11cb015a2fb9a7eab732d77e5594a507ab31,train,test
REFUGE/Refuge/Test400/T0399.jpg,REFUGE,0,,REFUGE:image:REFUGE/Refuge/Test400/T0399.jpg,non-glaucoma,035ea35b1f3a2ee3858f448b558b9d8cc19c6d0e2b3b08c06b08cf906e3131ce,train,test
REFUGE/Refuge/Test400/T0400.jpg,REFUGE,0,,REFUGE:image:REFUGE/Refuge/Test400/T0400.jpg,non-glaucoma,d90bc4e3b30e0ce8d3a663c58f2939a357f2c844406b64df8d14890ba5cc2f40,val,test
REFUGE/Refuge/Training400/Glaucoma/g0001.jpg,REFUGE,1,,REFUGE:image:REFUGE/Refuge/Training400/Glaucoma/g0001.jpg,glaucoma,0a4f31c9772a8c42c6b25465641af334077a1ae9733e2562a56a6bdbc6a39d89,train,test
REFUGE/Refuge/Training400/Glaucoma/g0002.jpg,REFUGE,1,,REFUGE:image:REFUGE/Refuge/Training400/Glaucoma/g0002.jpg,glaucoma,6726523e7d81f6ca48cfe6b5f8037285a843e71ea358c09f29b128acc6ef9c1b,train,test
REFUGE/Refuge/Training400/Glaucoma/g0003.jpg,REFUGE,1,,REFUGE:image:REFUGE/Refuge/Training400/Glaucoma/g0003.jpg,glaucoma,aecd15dec6bb01037a377b752c6754e42ebf47ce2def020e08f3d9f810325ce2,train,test
REFUGE/Refuge/Training400/Glaucoma/g0004.jpg,REFUGE,1,,REFUGE:image:REFUGE/Refuge/Training400/Glaucoma/g0004.jpg,glaucoma,d4af6330e75793c060617b90900b528cb8e3e3cb12d7a286a1ee487f5dbda32c,train,test
REFUGE/Refuge/Training400/Glaucoma/g0005.jpg,REFUGE,1,,REFUGE:image:REFUGE/Refuge/Training400/Glaucoma/g0005.jpg,glaucoma,cc2b85df0bf65b66ad3f19876fb859548141f9a25eb2f7df74962bdba9cccb2d,train,test
REFUGE/Refuge/Training400/Glaucoma/g0006.jpg,REFUGE,1,,REFUGE:image:REFUGE/Refuge/Training400/Glaucoma/g0006.jpg,glaucoma,dcc45166ef71eb58f50d285dc40027a11e73f8b790ac3448b2845402cd80de52,train,test
REFUGE/Refuge/Training400/Glaucoma/g0007.jpg,REFUGE,1,,REFUGE:image:REFUGE/Refuge/Training400/Glaucoma/g0007.jpg,glaucoma,917ac4d90ddcbeb623c2386eb8b2fdd9dce857ab009986be3ada3bc8aa9908a7,train,test
REFUGE/Refuge/Training400/Glaucoma/g0008.jpg,REFUGE,1,,REFUGE:image:REFUGE/Refuge/Training400/Glaucoma/g0008.jpg,glaucoma,673df787ba9c1eeadb5a88287d08106f82575ebae656012e804f3b8ecde2bada,train,test
REFUGE/Refuge/Training400/Glaucoma/g0009.jpg,REFUGE,1,,REFUGE:image:REFUGE/Refuge/Training400/Glaucoma/g0009.jpg,glaucoma,b0d8692de89102f9c4df947dd70ce4b947227480d817a337ad47912867746217,train,test
REFUGE/Refuge/Training400/Glaucoma/g0010.jpg,REFUGE,1,,REFUGE:image:REFUGE/Refuge/Training400/Glaucoma/g0010.jpg,glaucoma,b6b0ce64addd08529276ca0348d2c41efa2db6bc39f8af0b9f25e30e3f9a736c,train,test
REFUGE/Refuge/Training400/Glaucoma/g0011.jpg,REFUGE,1,,REFUGE:image:REFUGE/Refuge/Training400/Glaucoma/g0011.jpg,glaucoma,b8318514145c17fa4d6cab4f89c180f8f2763a76a008fc06c33e68cdea6d507b,train,test
REFUGE/Refuge/Training400/Glaucoma/g0012.jpg,REFUGE,1,,REFUGE:image:REFUGE/Refuge/Training400/Glaucoma/g0012.jpg,glaucoma,c5c50685ee0986ded556d14aa14fbdaee83b0e8d94285c55e277d6117c181e7d,train,test
REFUGE/Refuge/Training400/Glaucoma/g0013.jpg,REFUGE,1,,REFUGE:image:REFUGE/Refuge/Training400/Glaucoma/g0013.jpg,glaucoma,405f1e8fc18074ed7d7b4024f8baa3a1ce60091a1d5d5b002a232a7dfbbe5d4a,train,test
REFUGE/Refuge/Training400/Glaucoma/g0014.jpg,REFUGE,1,,REFUGE:image:REFUGE/Refuge/Training400/Glaucoma/g0014.jpg,glaucoma,b88b802d6175c4242189177839b7e62591e981b8f78e6099cbc86d7b0389e6a5,train,test
REFUGE/Refuge/Training400/Glaucoma/g0015.jpg,REFUGE,1,,REFUGE:image:REFUGE/Refuge/Training400/Glaucoma/g0015.jpg,glaucoma,84e28ac76cb33ddf69c15a3dc4e6cb59a35405ed49a8dab011f3ef4bed5b932a,train,test
REFUGE/Refuge/Training400/Glaucoma/g0016.jpg,REFUGE,1,,REFUGE:image:REFUGE/Refuge/Training400/Glaucoma/g0016.jpg,glaucoma,2ca52279dd5f90b42bec0ec20f407e2af4daf22848b2cc29ffa38c8f37919e59,train,test
REFUGE/Refuge/Training400/Glaucoma/g0017.jpg,REFUGE,1,,REFUGE:image:REFUGE/Refuge/Training400/Glaucoma/g0017.jpg,glaucoma,15cda5e3724a9dcf0aa46933165a6416d31f5ff4a64e987edce1de6fb3f7b77c,train,test
REFUGE/Refuge/Training400/Glaucoma/g0018.jpg,REFUGE,1,,REFUGE:image:REFUGE/Refuge/Training400/Glaucoma/g0018.jpg,glaucoma,e648fe978a908b315173c1096a8cd9d18c7d9369ff6617cc7d269724cbd440b4,train,test
REFUGE/Refuge/Training400/Glaucoma/g0019.jpg,REFUGE,1,,REFUGE:image:REFUGE/Refuge/Training400/Glaucoma/g0019.jpg,glaucoma,9486049cb1623a8c45ee6880c143bfebe020bac01e30745525aa6b69dfd79c73,val,test
REFUGE/Refuge/Training400/Glaucoma/g0020.jpg,REFUGE,1,,REFUGE:image:REFUGE/Refuge/Training400/Glaucoma/g0020.jpg,glaucoma,ce051b06b5e165b161dfec328b0d533fc3dba2a3053b00287a88e7f67b3278d1,train,test
REFUGE/Refuge/Training400/Glaucoma/g0021.jpg,REFUGE,1,,REFUGE:image:REFUGE/Refuge/Training400/Glaucoma/g0021.jpg,glaucoma,60e607428479cbb3a4a33ca616cf50406b2d353048158b288500b4c26702f60d,train,test
REFUGE/Refuge/Training400/Glaucoma/g0022.jpg,REFUGE,1,,REFUGE:image:REFUGE/Refuge/Training400/Glaucoma/g0022.jpg,glaucoma,bb903bd938036e229f6ceb6e18db1b1503157e5e6f8c2964994fb0e4a754a0cc,train,test
REFUGE/Refuge/Training400/Glaucoma/g0023.jpg,REFUGE,1,,REFUGE:image:REFUGE/Refuge/Training400/Glaucoma/g0023.jpg,glaucoma,05e531f9643701b662050beacfd4fed493c93553d75a6f601e519a7c9584b389,train,test
REFUGE/Refuge/Training400/Glaucoma/g0024.jpg,REFUGE,1,,REFUGE:image:REFUGE/Refuge/Training400/Glaucoma/g0024.jpg,glaucoma,7becb91d5306663e85b74f8061506965258789e2fde971a69e935d2dc4c2d8ab,train,test
REFUGE/Refuge/Training400/Glaucoma/g0025.jpg,REFUGE,1,,REFUGE:image:REFUGE/Refuge/Training400/Glaucoma/g0025.jpg,glaucoma,304b6a60356dc35e42f26a5bb37f42071a4e63ac3ba1be62ac7ece777e8c1f34,train,test
REFUGE/Refuge/Training400/Glaucoma/g0026.jpg,REFUGE,1,,REFUGE:image:REFUGE/Refuge/Training400/Glaucoma/g0026.jpg,glaucoma,b57ffab508334f66509a89c95ed4c47198f0f2b42b6f70d21e174391f34c80ad,train,test
REFUGE/Refuge/Training400/Glaucoma/g0027.jpg,REFUGE,1,,REFUGE:image:REFUGE/Refuge/Training400/Glaucoma/g0027.jpg,glaucoma,905d6146eff5866f2639a4175a1b6956c4f954e5fa250b31f6688b0605eca16d,train,test
REFUGE/Refuge/Training400/Glaucoma/g0028.jpg,REFUGE,1,,REFUGE:image:REFUGE/Refuge/Training400/Glaucoma/g0028.jpg,glaucoma,cc01079fc78cc983d506737c8354abd2feb5aa2e184f6f1e4c98a0aace853347,train,test
REFUGE/Refuge/Training400/Glaucoma/g0029.jpg,REFUGE,1,,REFUGE:image:REFUGE/Refuge/Training400/Glaucoma/g0029.jpg,glaucoma,2cf6a80016d6e18f30933c3dc1ba133efa2c919eff9d28ae37e75fb04b6c1a5b,train,test
REFUGE/Refuge/Training400/Glaucoma/g0030.jpg,REFUGE,1,,REFUGE:image:REFUGE/Refuge/Training400/Glaucoma/g0030.jpg,glaucoma,eb39cb0e2992959cad2943dc701d7ef51ff9393786eadfb280c4255b69d80905,train,test
REFUGE/Refuge/Training400/Glaucoma/g0031.jpg,REFUGE,1,,REFUGE:image:REFUGE/Refuge/Training400/Glaucoma/g0031.jpg,glaucoma,09965ddd82b1b4c44c90f8e7fc8769bffb4ac22d4c5ce3039dccf39e6c2ddc03,train,test
REFUGE/Refuge/Training400/Glaucoma/g0032.jpg,REFUGE,1,,REFUGE:image:REFUGE/Refuge/Training400/Glaucoma/g0032.jpg,glaucoma,4a6726e735f26dedb4343621daf6fd8b281a517b6309442367a71424193459fc,train,test
REFUGE/Refuge/Training400/Glaucoma/g0033.jpg,REFUGE,1,,REFUGE:image:REFUGE/Refuge/Training400/Glaucoma/g0033.jpg,glaucoma,b9bda6ee1d268c5f1ddd9e865166e82bbb65a622fe2b16e3e167d403681acfcc,train,test
REFUGE/Refuge/Training400/Glaucoma/g0034.jpg,REFUGE,1,,REFUGE:image:REFUGE/Refuge/Training400/Glaucoma/g0034.jpg,glaucoma,182a245b7c49513d3af3626cd149e3fc794726e0bf71d5677f1cdfb6307273e3,val,test
REFUGE/Refuge/Training400/Glaucoma/g0035.jpg,REFUGE,1,,REFUGE:image:REFUGE/Refuge/Training400/Glaucoma/g0035.jpg,glaucoma,964328c23b260a7da29e6fa09d7963c9eed045aa5ddc442da0ee6bf6362f212a,train,test
REFUGE/Refuge/Training400/Glaucoma/g0036.jpg,REFUGE,1,,REFUGE:image:REFUGE/Refuge/Training400/Glaucoma/g0036.jpg,glaucoma,1e9981a4161463478229e3b8ac67f5b1c78dc63960d20e5b25049f3a556aa1e1,train,test
REFUGE/Refuge/Training400/Glaucoma/g0037.jpg,REFUGE,1,,REFUGE:image:REFUGE/Refuge/Training400/Glaucoma/g0037.jpg,glaucoma,a5b12910619a3544c838ea1da07edcac9c35d4b5b1ce1913b45918a6a81d638c,train,test
REFUGE/Refuge/Training400/Glaucoma/g0038.jpg,REFUGE,1,,REFUGE:image:REFUGE/Refuge/Training400/Glaucoma/g0038.jpg,glaucoma,c84b9657f4840ae68c7b7a092d3f195d8b2b18e9bc0d7288b6be0b2d65629591,train,test
REFUGE/Refuge/Training400/Glaucoma/g0039.jpg,REFUGE,1,,REFUGE:image:REFUGE/Refuge/Training400/Glaucoma/g0039.jpg,glaucoma,72b52c52a29bca052f0727e4c09f1320d18f593ff5c7e0a740b34eca288b4299,train,test
REFUGE/Refuge/Training400/Glaucoma/g0040.jpg,REFUGE,1,,REFUGE:image:REFUGE/Refuge/Training400/Glaucoma/g0040.jpg,glaucoma,e6f8a8111b45414a463a8c2901a1e21d3febe88f4e299f95ab3e0e3cd91fd4ad,train,test
REFUGE/Refuge/Training400/Non-Glaucoma/n0001.jpg,REFUGE,0,,REFUGE:image:REFUGE/Refuge/Training400/Non-Glaucoma/n0001.jpg,non-glaucoma,e8b53e207db2537df47e61204126f211d0bfee732e93116f93067a3191ee2c35,train,test
REFUGE/Refuge/Training400/Non-Glaucoma/n0002.jpg,REFUGE,0,,REFUGE:image:REFUGE/Refuge/Training400/Non-Glaucoma/n0002.jpg,non-glaucoma,cdff16d6c035c0ecfee5945b9c3446e1da03b56927d66f1d3b4d5bd105a5fc86,train,test
REFUGE/Refuge/Training400/Non-Glaucoma/n0003.jpg,REFUGE,0,,REFUGE:image:REFUGE/Refuge/Training400/Non-Glaucoma/n0003.jpg,non-glaucoma,57411ee659892ab9ff27f127eb7a220a6f2910342dfcee398ef7886c38c8ed8e,train,test
REFUGE/Refuge/Training400/Non-Glaucoma/n0004.jpg,REFUGE,0,,REFUGE:image:REFUGE/Refuge/Training400/Non-Glaucoma/n0004.jpg,non-glaucoma,923515434f4a2e1febc0e7b131e4dedcbe49fec2e6489e3009676068e24834ca,train,test
REFUGE/Refuge/Training400/Non-Glaucoma/n0005.jpg,REFUGE,0,,REFUGE:image:REFUGE/Refuge/Training400/Non-Glaucoma/n0005.jpg,non-glaucoma,c963cdf4b3e82fc77e5323e4ce5a7d255eda98c4578c2fa20b2d1ac8961dc61a,train,test
REFUGE/Refuge/Training400/Non-Glaucoma/n0006.jpg,REFUGE,0,,REFUGE:image:REFUGE/Refuge/Training400/Non-Glaucoma/n0006.jpg,non-glaucoma,676e3b624d6a6c354a3e6e549b55a5145165d82d09ff1c274a899aa43a56705b,train,test
REFUGE/Refuge/Training400/Non-Glaucoma/n0007.jpg,REFUGE,0,,REFUGE:image:REFUGE/Refuge/Training400/Non-Glaucoma/n0007.jpg,non-glaucoma,e2c1dddeff0f74d0b61f9616ae488d0b8bff3a5da8d03684676f31382e160779,train,test
REFUGE/Refuge/Training400/Non-Glaucoma/n0008.jpg,REFUGE,0,,REFUGE:image:REFUGE/Refuge/Training400/Non-Glaucoma/n0008.jpg,non-glaucoma,efa675b1b52eb47b4a325046d7ba6d7d8ff3fbf2ee3cc623aa4cd69f36acd0aa,train,test
REFUGE/Refuge/Training400/Non-Glaucoma/n0009.jpg,REFUGE,0,,REFUGE:image:REFUGE/Refuge/Training400/Non-Glaucoma/n0009.jpg,non-glaucoma,939eb94fa4dc4cdf9abd3c6847466d9dc0d210fed5658af22ed511917d6a2ff3,train,test
REFUGE/Refuge/Training400/Non-Glaucoma/n0010.jpg,REFUGE,0,,REFUGE:image:REFUGE/Refuge/Training400/Non-Glaucoma/n0010.jpg,non-glaucoma,3a3772c0213c74345895127d61453c54a0a3911542a277b930ca770b95067db7,train,test
REFUGE/Refuge/Training400/Non-Glaucoma/n0011.jpg,REFUGE,0,,REFUGE:image:REFUGE/Refuge/Training400/Non-Glaucoma/n0011.jpg,non-glaucoma,83bfd57672177fbef6060a7af139f90333bda474d45f49c2c89df329a27a2425,train,test
REFUGE/Refuge/Training400/Non-Glaucoma/n0012.jpg,REFUGE,0,,REFUGE:image:REFUGE/Refuge/Training400/Non-Glaucoma/n0012.jpg,non-glaucoma,33ce41f10c1ad3fe6371d0aca814dfaeff231fd20dc2248963d26c2221980455,train,test
REFUGE/Refuge/Training400/Non-Glaucoma/n0013.jpg,REFUGE,0,,REFUGE:image:REFUGE/Refuge/Training400/Non-Glaucoma/n0013.jpg,non-glaucoma,fae4585bf39c3c60bc412060179b21a38467c50fa0ed737a2840a3d27281b1c6,train,test
REFUGE/Refuge/Training400/Non-Glaucoma/n0014.jpg,REFUGE,0,,REFUGE:image:REFUGE/Refuge/Training400/Non-Glaucoma/n0014.jpg,non-glaucoma,e787290cf7f0e081a726e106b6cfb9352662829a9e232555d8f057882b764b33,train,test
REFUGE/Refuge/Training400/Non-Glaucoma/n0015.jpg,REFUGE,0,,REFUGE:image:REFUGE/Refuge/Training400/Non-Glaucoma/n0015.jpg,non-glaucoma,679ba8a4773363f4f43f2fab2b5a9acea094a3f02dada813905de46bbe2f6d61,train,test
REFUGE/Refuge/Training400/Non-Glaucoma/n0016.jpg,REFUGE,0,,REFUGE:image:REFUGE/Refuge/Training400/Non-Glaucoma/n0016.jpg,non-glaucoma,32782b2bf892d33ab338f680bb63104cb74ad11d664d0c74c102e86fb0412bd5,train,test
REFUGE/Refuge/Training400/Non-Glaucoma/n0017.jpg,REFUGE,0,,REFUGE:image:REFUGE/Refuge/Training400/Non-Glaucoma/n0017.jpg,non-glaucoma,bd0d760859e4ea5a7bc1bc8046e9b04363cd060706ef7827cd8411faf2ef31b8,train,test
REFUGE/Refuge/Training400/Non-Glaucoma/n0018.jpg,REFUGE,0,,REFUGE:image:REFUGE/Refuge/Training400/Non-Glaucoma/n0018.jpg,non-glaucoma,67781f59a24cbd088498fa7c5dbc6d2959322af9c80aadf773e28f432d17df20,val,test
REFUGE/Refuge/Training400/Non-Glaucoma/n0019.jpg,REFUGE,0,,REFUGE:image:REFUGE/Refuge/Training400/Non-Glaucoma/n0019.jpg,non-glaucoma,4ba8ab18f8a366068517c50c56fce2c059796e1c6f8bea88c921ac423b7fa3f8,train,test
REFUGE/Refuge/Training400/Non-Glaucoma/n0020.jpg,REFUGE,0,,REFUGE:image:REFUGE/Refuge/Training400/Non-Glaucoma/n0020.jpg,non-glaucoma,eeb542bdb03fda837d49a33e59e24293cb0f0b74b4acef14c03979195eea12de,train,test
REFUGE/Refuge/Training400/Non-Glaucoma/n0021.jpg,REFUGE,0,,REFUGE:image:REFUGE/Refuge/Training400/Non-Glaucoma/n0021.jpg,non-glaucoma,23c50e0d1fb9cbfdc1686b3009cf755c96ab7a648413f29f509a343531bef64c,train,test
REFUGE/Refuge/Training400/Non-Glaucoma/n0022.jpg,REFUGE,0,,REFUGE:image:REFUGE/Refuge/Training400/Non-Glaucoma/n0022.jpg,non-glaucoma,ed336d4b330d47ddd6f0444715a14e334e17e25230c6eb097fe66b43d3cbbf6b,train,test
REFUGE/Refuge/Training400/Non-Glaucoma/n0023.jpg,REFUGE,0,,REFUGE:image:REFUGE/Refuge/Training400/Non-Glaucoma/n0023.jpg,non-glaucoma,7fd2396eaae82602bb193d21c39bcb49c099a71f0b0d5a58a29ef3c39b43fdbe,train,test
REFUGE/Refuge/Training400/Non-Glaucoma/n0024.jpg,REFUGE,0,,REFUGE:image:REFUGE/Refuge/Training400/Non-Glaucoma/n0024.jpg,non-glaucoma,7e9bb027d4abb41a516883efef1577e8115fff7489e2d1582fee4a9177694381,train,test
REFUGE/Refuge/Training400/Non-Glaucoma/n0025.jpg,REFUGE,0,,REFUGE:image:REFUGE/Refuge/Training400/Non-Glaucoma/n0025.jpg,non-glaucoma,15274441ddcbad06b0ca5df67eda8bd7fae33c2a0944313976dc0355caa65b99,train,test
REFUGE/Refuge/Training400/Non-Glaucoma/n0026.jpg,REFUGE,0,,REFUGE:image:REFUGE/Refuge/Training400/Non-Glaucoma/n0026.jpg,non-glaucoma,a7535e1c5c779f85d902fea7e6a10a6659e50776c03a3d76c78b2ba153cd0f81,train,test
REFUGE/Refuge/Training400/Non-Glaucoma/n0027.jpg,REFUGE,0,,REFUGE:image:REFUGE/Refuge/Training400/Non-Glaucoma/n0027.jpg,non-glaucoma,521307ef783bf6960b13aa48f4d06f5c90f668822194b39d586df865a7275bac,train,test
REFUGE/Refuge/Training400/Non-Glaucoma/n0028.jpg,REFUGE,0,,REFUGE:image:REFUGE/Refuge/Training400/Non-Glaucoma/n0028.jpg,non-glaucoma,0ede3fba78fc64f0918ea4f73eb09db0cea9f14812d5aff8710b6609354957e8,val,test
REFUGE/Refuge/Training400/Non-Glaucoma/n0029.jpg,REFUGE,0,,REFUGE:image:REFUGE/Refuge/Training400/Non-Glaucoma/n0029.jpg,non-glaucoma,a9cff99bce2221e10b11b2fae2eb6205b842f552cf83817dc3cc369de1ec3692,train,test
REFUGE/Refuge/Training400/Non-Glaucoma/n0030.jpg,REFUGE,0,,REFUGE:image:REFUGE/Refuge/Training400/Non-Glaucoma/n0030.jpg,non-glaucoma,3cdea28b6b911f4548d2da3cb3578e73b3b835f6bb68fcf840b1fc091b58c7c1,train,test
REFUGE/Refuge/Training400/Non-Glaucoma/n0031.jpg,REFUGE,0,,REFUGE:image:REFUGE/Refuge/Training400/Non-Glaucoma/n0031.jpg,non-glaucoma,fedb997a4855b2f9058d85d675149792833df3ea61ba4bccde8c5beb15f6d0bf,train,test
REFUGE/Refuge/Training400/Non-Glaucoma/n0032.jpg,REFUGE,0,,REFUGE:image:REFUGE/Refuge/Training400/Non-Glaucoma/n0032.jpg,non-glaucoma,7a462c92b210a673a59e8af1316c594a59d21301d83588b08f19e2b105ccd887,train,test
REFUGE/Refuge/Training400/Non-Glaucoma/n0033.jpg,REFUGE,0,,REFUGE:image:REFUGE/Refuge/Training400/Non-Glaucoma/n0033.jpg,non-glaucoma,461000d11991ef480f3db9dc7701e99745d5e66712c387e19f8dfaf0cf92266d,train,test
REFUGE/Refuge/Training400/Non-Glaucoma/n0034.jpg,REFUGE,0,,REFUGE:image:REFUGE/Refuge/Training400/Non-Glaucoma/n0034.jpg,non-glaucoma,138f3e6c3849455bc2a713ac7663847d1e5048a911ed12e134410e230756e891,train,test
REFUGE/Refuge/Training400/Non-Glaucoma/n0035.jpg,REFUGE,0,,REFUGE:image:REFUGE/Refuge/Training400/Non-Glaucoma/n0035.jpg,non-glaucoma,b4a9a91bb9c3ae712c80039552c40453ef2bb02369aae43f19890106eceabd5b,train,test
REFUGE/Refuge/Training400/Non-Glaucoma/n0036.jpg,REFUGE,0,,REFUGE:image:REFUGE/Refuge/Training400/Non-Glaucoma/n0036.jpg,non-glaucoma,a11b968f31b8e231dd1c94589117d6b24368cebe1c5651f451e5cbda24d24989,train,test
REFUGE/Refuge/Training400/Non-Glaucoma/n0037.jpg,REFUGE,0,,REFUGE:image:REFUGE/Refuge/Training400/Non-Glaucoma/n0037.jpg,non-glaucoma,00c540f509e0f2aa1e5ab650e4d592b60656fb9dfc730ef1207220e37bb003b1,train,test
REFUGE/Refuge/Training400/Non-Glaucoma/n0038.jpg,REFUGE,0,,REFUGE:image:REFUGE/Refuge/Training400/Non-Glaucoma/n0038.jpg,non-glaucoma,dabec098a6dde8419f1bf630ff3fa2e68f4e836045030afcccf77e7b2d69fe99,train,test
REFUGE/Refuge/Training400/Non-Glaucoma/n0039.jpg,REFUGE,0,,REFUGE:image:REFUGE/Refuge/Training400/Non-Glaucoma/n0039.jpg,non-glaucoma,fe4853739318507f5280cdefd48e64aa5f0a31d4585e115c2d665df5452eb251,val,test
REFUGE/Refuge/Training400/Non-Glaucoma/n0040.jpg,REFUGE,0,,REFUGE:image:REFUGE/Refuge/Training400/Non-Glaucoma/n0040.jpg,non-glaucoma,8a05d1f059cdb939abc4c7d3030639f311d4086b2b0d782f037e942e0f44cb98,train,test
REFUGE/Refuge/Training400/Non-Glaucoma/n0041.jpg,REFUGE,0,,REFUGE:image:REFUGE/Refuge/Training400/Non-Glaucoma/n0041.jpg,non-glaucoma,ac6700250de9537365fd35dc507959c43565394432ad9c2baa60c7ec22346249,train,test
REFUGE/Refuge/Training400/Non-Glaucoma/n0042.jpg,REFUGE,0,,REFUGE:image:REFUGE/Refuge/Training400/Non-Glaucoma/n0042.jpg,non-glaucoma,2c6e947cdcea68297e5b1de77f0d0de78e142681d908e51e66a2ef5b9966f621,val,test
REFUGE/Refuge/Training400/Non-Glaucoma/n0043.jpg,REFUGE,0,,REFUGE:image:REFUGE/Refuge/Training400/Non-Glaucoma/n0043.jpg,non-glaucoma,6cd770fe2311e6104ee1dbe99cdcfb18cac8cb1ee1aa86946117eeeab247b475,train,test
REFUGE/Refuge/Training400/Non-Glaucoma/n0044.jpg,REFUGE,0,,REFUGE:image:REFUGE/Refuge/Training400/Non-Glaucoma/n0044.jpg,non-glaucoma,621503043de7de6ebd6b6da898d4bad938d60b707a59ede8c39c2dc112ad8618,train,test
REFUGE/Refuge/Training400/Non-Glaucoma/n0045.jpg,REFUGE,0,,REFUGE:image:REFUGE/Refuge/Training400/Non-Glaucoma/n0045.jpg,non-glaucoma,106ae1cd79e3283af0b6d668e3906cd14c09e66bbfe8f97500ac2f33c37a7ec3,train,test
REFUGE/Refuge/Training400/Non-Glaucoma/n0046.jpg,REFUGE,0,,REFUGE:image:REFUGE/Refuge/Training400/Non-Glaucoma/n0046.jpg,non-glaucoma,ad3c062699316deeb6617802314e988f7c7aba82103be78b70147eed391530f9,train,test
REFUGE/Refuge/Training400/Non-Glaucoma/n0047.jpg,REFUGE,0,,REFUGE:image:REFUGE/Refuge/Training400/Non-Glaucoma/n0047.jpg,non-glaucoma,7125ad1fac18517cba36dbf6c3e1cdec2361542ba29f7aa59922341377f30dc2,train,test
REFUGE/Refuge/Training400/Non-Glaucoma/n0048.jpg,REFUGE,0,,REFUGE:image:REFUGE/Refuge/Training400/Non-Glaucoma/n0048.jpg,non-glaucoma,28d23c7fe2a05d71bd43b601d1efdd52a016d5bbf2704fd4c0b3b11cac2898ef,train,test
REFUGE/Refuge/Training400/Non-Glaucoma/n0049.jpg,REFUGE,0,,REFUGE:image:REFUGE/Refuge/Training400/Non-Glaucoma/n0049.jpg,non-glaucoma,16cef6ef8bd62e90b69aa92eb03a4e66e39b39e605a0a497a68e5d78b95af7d2,train,test
REFUGE/Refuge/Training400/Non-Glaucoma/n0050.jpg,REFUGE,0,,REFUGE:image:REFUGE/Refuge/Training400/Non-Glaucoma/n0050.jpg,non-glaucoma,19c8a9595a81e5e98db1fd240d1a260b035ffb02bf9ec35f89447242f712e327,train,test
REFUGE/Refuge/Training400/Non-Glaucoma/n0051.jpg,REFUGE,0,,REFUGE:image:REFUGE/Refuge/Training400/Non-Glaucoma/n0051.jpg,non-glaucoma,5334688a40f32f960cad97997cdfed0631626e81dadcad849db503f7dcdb16ae,train,test
REFUGE/Refuge/Training400/Non-Glaucoma/n0052.jpg,REFUGE,0,,REFUGE:image:REFUGE/Refuge/Training400/Non-Glaucoma/n0052.jpg,non-glaucoma,cfc819395781553eea8a63ef9845cc25ab653303a17cd3638acd394ae17a8022,train,test
REFUGE/Refuge/Training400/Non-Glaucoma/n0053.jpg,REFUGE,0,,REFUGE:image:REFUGE/Refuge/Training400/Non-Glaucoma/n0053.jpg,non-glaucoma,afe8a8d1674429853f238548e6006acdcfc624bc54732c685a598815f0cf8a8c,train,test
REFUGE/Refuge/Training400/Non-Glaucoma/n0054.jpg,REFUGE,0,,REFUGE:image:REFUGE/Refuge/Training400/Non-Glaucoma/n0054.jpg,non-glaucoma,763a3222f549006079cf96c63b28408fbcc41367242b32eb7a71eff5cfe58e23,train,test
REFUGE/Refuge/Training400/Non-Glaucoma/n0055.jpg,REFUGE,0,,REFUGE:image:REFUGE/Refuge/Training400/Non-Glaucoma/n0055.jpg,non-glaucoma,ed4f6b7577b309307d478af57fcc8014e48bff328ff70698230aa5f2d8d9ed1d,train,test
REFUGE/Refuge/Training400/Non-Glaucoma/n0056.jpg,REFUGE,0,,REFUGE:image:REFUGE/Refuge/Training400/Non-Glaucoma/n0056.jpg,non-glaucoma,7f4c20afd8326a8852eb2d1a4c8f351897f5802432c944b881d97c9050279a00,train,test
REFUGE/Refuge/Training400/Non-Glaucoma/n0057.jpg,REFUGE,0,,REFUGE:image:REFUGE/Refuge/Training400/Non-Glaucoma/n0057.jpg,non-glaucoma,b1aebf3cdf41db3065b99c0d99e643f7e6d383968580e646930341b6122dd6be,train,test
REFUGE/Refuge/Training400/Non-Glaucoma/n0058.jpg,REFUGE,0,,REFUGE:image:REFUGE/Refuge/Training400/Non-Glaucoma/n0058.jpg,non-glaucoma,4435dcb7e64665e154d67f0f3e541d905f094f5019f5dd22a5878f46389ad388,val,test
REFUGE/Refuge/Training400/Non-Glaucoma/n0059.jpg,REFUGE,0,,REFUGE:image:REFUGE/Refuge/Training400/Non-Glaucoma/n0059.jpg,non-glaucoma,a6434c4799745a25c7fe9b640c883ad8a5d052ca980176c2b7a5255e40f7e59a,train,test
REFUGE/Refuge/Training400/Non-Glaucoma/n0060.jpg,REFUGE,0,,REFUGE:image:REFUGE/Refuge/Training400/Non-Glaucoma/n0060.jpg,non-glaucoma,99d52fa29f7883a4abf9afd24c5e84b9880c7099431f6264eed4bb4a923b4215,val,test
REFUGE/Refuge/Training400/Non-Glaucoma/n0061.jpg,REFUGE,0,,REFUGE:image:REFUGE/Refuge/Training400/Non-Glaucoma/n0061.jpg,non-glaucoma,55f8577bb732bd2a66d52fb6869641532db207da9e31be23583c6a32040a2598,train,test
REFUGE/Refuge/Training400/Non-Glaucoma/n0062.jpg,REFUGE,0,,REFUGE:image:REFUGE/Refuge/Training400/Non-Glaucoma/n0062.jpg,non-glaucoma,039d2e8f4dc0883b7dd70265bdfd8128e9fa6875fef21f1c72eb70e9adc694f9,train,test
REFUGE/Refuge/Training400/Non-Glaucoma/n0063.jpg,REFUGE,0,,REFUGE:image:REFUGE/Refuge/Training400/Non-Glaucoma/n0063.jpg,non-glaucoma,a20314a9cf1aa9a604fd80ae5e9d3309a4e098455d0ab04f9ab81c6a353efdba,train,test
REFUGE/Refuge/Training400/Non-Glaucoma/n0064.jpg,REFUGE,0,,REFUGE:image:REFUGE/Refuge/Training400/Non-Glaucoma/n0064.jpg,non-glaucoma,a74842f33760dc16da8760f5520379ca9457c71bfe724df0a83010af1fdb71de,train,test
REFUGE/Refuge/Training400/Non-Glaucoma/n0065.jpg,REFUGE,0,,REFUGE:image:REFUGE/Refuge/Training400/Non-Glaucoma/n0065.jpg,non-glaucoma,04d60fa94ca67c74e0b16e496639df4a8152ad3fe0dd812c2a9da27b7cbe6923,train,test
REFUGE/Refuge/Training400/Non-Glaucoma/n0066.jpg,REFUGE,0,,REFUGE:image:REFUGE/Refuge/Training400/Non-Glaucoma/n0066.jpg,non-glaucoma,0a31ceafb7795b85407cc1bc355e80bceb1228a9a17a7b0f2a817ebbf53ad397,train,test
REFUGE/Refuge/Training400/Non-Glaucoma/n0067.jpg,REFUGE,0,,REFUGE:image:REFUGE/Refuge/Training400/Non-Glaucoma/n0067.jpg,non-glaucoma,c58aca1528159fceab061004613536dcedd0a37eb39db1630ed66325c210a602,train,test
REFUGE/Refuge/Training400/Non-Glaucoma/n0068.jpg,REFUGE,0,,REFUGE:image:REFUGE/Refuge/Training400/Non-Glaucoma/n0068.jpg,non-glaucoma,a4e8ffaa22902ef401bfb74a2ec60178c48464d761fc586636dff9a1752856f1,train,test
REFUGE/Refuge/Training400/Non-Glaucoma/n0069.jpg,REFUGE,0,,REFUGE:image:REFUGE/Refuge/Training400/Non-Glaucoma/n0069.jpg,non-glaucoma,9be05df99b9b92d58afadf7265fab52cbeafa4f76318a358cfadf9bec0f7900b,train,test
REFUGE/Refuge/Training400/Non-Glaucoma/n0070.jpg,REFUGE,0,,REFUGE:image:REFUGE/Refuge/Training400/Non-Glaucoma/n0070.jpg,non-glaucoma,d5dc87022ab827012753628b13076add5896a34f8fa2cd84fbd71eb79ea9e252,train,test
REFUGE/Refuge/Training400/Non-Glaucoma/n0071.jpg,REFUGE,0,,REFUGE:image:REFUGE/Refuge/Training400/Non-Glaucoma/n0071.jpg,non-glaucoma,e680500d3df77058d593e4d3f5fbd62abb39a62e228f136bae0c739fa08149e2,train,test
REFUGE/Refuge/Training400/Non-Glaucoma/n0072.jpg,REFUGE,0,,REFUGE:image:REFUGE/Refuge/Training400/Non-Glaucoma/n0072.jpg,non-glaucoma,426841f096101fac5ce3d20b4f1236d13d68d113602749ce09e2b5718a4a0889,train,test
REFUGE/Refuge/Training400/Non-Glaucoma/n0073.jpg,REFUGE,0,,REFUGE:image:REFUGE/Refuge/Training400/Non-Glaucoma/n0073.jpg,non-glaucoma,eec48097acf4b8836ac9e5cf5a8a8e956857151af0bf2831b502a1216049082a,train,test
REFUGE/Refuge/Training400/Non-Glaucoma/n0074.jpg,REFUGE,0,,REFUGE:image:REFUGE/Refuge/Training400/Non-Glaucoma/n0074.jpg,non-glaucoma,14f4e7ed62f87a5d2b4fba224d7831b5e1abd2dca99bdd3366c651c078677068,train,test
REFUGE/Refuge/Training400/Non-Glaucoma/n0075.jpg,REFUGE,0,,REFUGE:image:REFUGE/Refuge/Training400/Non-Glaucoma/n0075.jpg,non-glaucoma,40cf937ee9999e66b2ee00107f369b24c0898856ddec1365a91613b19a4b5484,train,test
REFUGE/Refuge/Training400/Non-Glaucoma/n0076.jpg,REFUGE,0,,REFUGE:image:REFUGE/Refuge/Training400/Non-Glaucoma/n0076.jpg,non-glaucoma,eaccd1170ace0db3430ee8cdb0fa8c1412d564747d7f0e7ad14a11b44dd5a174,train,test
REFUGE/Refuge/Training400/Non-Glaucoma/n0077.jpg,REFUGE,0,,REFUGE:image:REFUGE/Refuge/Training400/Non-Glaucoma/n0077.jpg,non-glaucoma,6182481464c144b0fad05923615d03dfce7f69bef5d4150cf31f4d69acb4550a,train,test
REFUGE/Refuge/Training400/Non-Glaucoma/n0078.jpg,REFUGE,0,,REFUGE:image:REFUGE/Refuge/Training400/Non-Glaucoma/n0078.jpg,non-glaucoma,a94556c2e9d8c43df77144f2b2bdd2d7b62724e89149bade4b30292b6aa98f25,train,test
REFUGE/Refuge/Training400/Non-Glaucoma/n0079.jpg,REFUGE,0,,REFUGE:image:REFUGE/Refuge/Training400/Non-Glaucoma/n0079.jpg,non-glaucoma,9a340c1b1710766b1a71330493cf87f1e7959254cbd2d335df1efe7c113cb199,train,test
REFUGE/Refuge/Training400/Non-Glaucoma/n0080.jpg,REFUGE,0,,REFUGE:image:REFUGE/Refuge/Training400/Non-Glaucoma/n0080.jpg,non-glaucoma,52d5d8f6951d05ef73cb7da7393443837b3c9399b9668cf40825d79fa43d8e9a,train,test
REFUGE/Refuge/Training400/Non-Glaucoma/n0081.jpg,REFUGE,0,,REFUGE:image:REFUGE/Refuge/Training400/Non-Glaucoma/n0081.jpg,non-glaucoma,037208812701ada7bd900bc18940a38035565c42d2b7626d2f74ee77829d1012,val,test
REFUGE/Refuge/Training400/Non-Glaucoma/n0082.jpg,REFUGE,0,,REFUGE:image:REFUGE/Refuge/Training400/Non-Glaucoma/n0082.jpg,non-glaucoma,68914ea02e7e88ee46de35efbf6f398f92e24a0231cf60245ee876605cdd3d50,train,test
REFUGE/Refuge/Training400/Non-Glaucoma/n0083.jpg,REFUGE,0,,REFUGE:image:REFUGE/Refuge/Training400/Non-Glaucoma/n0083.jpg,non-glaucoma,0b7d6452947883123cc9ef6f7fc55c5313a52ac8658bddb798b914bd59e25c3f,train,test
REFUGE/Refuge/Training400/Non-Glaucoma/n0084.jpg,REFUGE,0,,REFUGE:image:REFUGE/Refuge/Training400/Non-Glaucoma/n0084.jpg,non-glaucoma,d8bbc80c425667dd343173dbd8c9035041a7fc46701004e62224f9db17e2a209,train,test
REFUGE/Refuge/Training400/Non-Glaucoma/n0085.jpg,REFUGE,0,,REFUGE:image:REFUGE/Refuge/Training400/Non-Glaucoma/n0085.jpg,non-glaucoma,45b25bb9fbfbfc6f854cf7421ff40c61df9c72778b73c173bc2727fa7c768c21,train,test
REFUGE/Refuge/Training400/Non-Glaucoma/n0086.jpg,REFUGE,0,,REFUGE:image:REFUGE/Refuge/Training400/Non-Glaucoma/n0086.jpg,non-glaucoma,19b9d33e952774bc25e4123b2d97e440933494d8e63b787d099d522c0330d5c1,train,test
REFUGE/Refuge/Training400/Non-Glaucoma/n0087.jpg,REFUGE,0,,REFUGE:image:REFUGE/Refuge/Training400/Non-Glaucoma/n0087.jpg,non-glaucoma,34f715171cf404bbab3f2abdf6a4cbdd332a8d872e33923e18e934599e45aa38,train,test
REFUGE/Refuge/Training400/Non-Glaucoma/n0088.jpg,REFUGE,0,,REFUGE:image:REFUGE/Refuge/Training400/Non-Glaucoma/n0088.jpg,non-glaucoma,c8f3c892bfd27a80684263fccb586c31bac2960519d2c5a9c6a69d615d76f09f,train,test
REFUGE/Refuge/Training400/Non-Glaucoma/n0089.jpg,REFUGE,0,,REFUGE:image:REFUGE/Refuge/Training400/Non-Glaucoma/n0089.jpg,non-glaucoma,ad92a60e65bc47fe59790142154b9e5650a0633935e7303db7ef976c4296af5e,train,test
REFUGE/Refuge/Training400/Non-Glaucoma/n0090.jpg,REFUGE,0,,REFUGE:image:REFUGE/Refuge/Training400/Non-Glaucoma/n0090.jpg,non-glaucoma,40855c1c804d299873893c891c968c8c0c448bab0671ebd37acd82d2f480d478,train,test
REFUGE/Refuge/Training400/Non-Glaucoma/n0091.jpg,REFUGE,0,,REFUGE:image:REFUGE/Refuge/Training400/Non-Glaucoma/n0091.jpg,non-glaucoma,9fc9e17a6a687fc91d44efa01fb43c8f6451e6830738bed8a38e1565df2bd5bc,train,test
REFUGE/Refuge/Training400/Non-Glaucoma/n0092.jpg,REFUGE,0,,REFUGE:image:REFUGE/Refuge/Training400/Non-Glaucoma/n0092.jpg,non-glaucoma,0914a09b7fae0382776b61720fd5f2b9e5d7005692db47d861506a1631eac5fb,train,test
REFUGE/Refuge/Training400/Non-Glaucoma/n0093.jpg,REFUGE,0,,REFUGE:image:REFUGE/Refuge/Training400/Non-Glaucoma/n0093.jpg,non-glaucoma,97da776a966c545e993e16947d477727b05b028853f3dac2c8c277d873598f43,train,test
REFUGE/Refuge/Training400/Non-Glaucoma/n0094.jpg,REFUGE,0,,REFUGE:image:REFUGE/Refuge/Training400/Non-Glaucoma/n0094.jpg,non-glaucoma,86132645da1bd16d7ef9e3d6a78523c637d56b0c46c07dcf77c847b5abd3e0b9,train,test
REFUGE/Refuge/Training400/Non-Glaucoma/n0095.jpg,REFUGE,0,,REFUGE:image:REFUGE/Refuge/Training400/Non-Glaucoma/n0095.jpg,non-glaucoma,ffd7387394b8d5e4930c5e983f55ec678bdf216b3133431e60e2815a82533d3c,train,test
REFUGE/Refuge/Training400/Non-Glaucoma/n0096.jpg,REFUGE,0,,REFUGE:image:REFUGE/Refuge/Training400/Non-Glaucoma/n0096.jpg,non-glaucoma,93d8b430300eba503a309dd96fda6640beaf4978099841fe40bb5ac74ee51777,train,test
REFUGE/Refuge/Training400/Non-Glaucoma/n0097.jpg,REFUGE,0,,REFUGE:image:REFUGE/Refuge/Training400/Non-Glaucoma/n0097.jpg,non-glaucoma,da4f8b74bc7158163bab82665560ce7b3d081d895fd877e6aa9ac7c54873c4d8,train,test
REFUGE/Refuge/Training400/Non-Glaucoma/n0098.jpg,REFUGE,0,,REFUGE:image:REFUGE/Refuge/Training400/Non-Glaucoma/n0098.jpg,non-glaucoma,9f2a07934000b8004c142d879d662f5c904a3760c6027237a3d849ec35bb60d4,train,test
REFUGE/Refuge/Training400/Non-Glaucoma/n0099.jpg,REFUGE,0,,REFUGE:image:REFUGE/Refuge/Training400/Non-Glaucoma/n0099.jpg,non-glaucoma,93c00fdd36c9e0775c515b51250071c71f5ce5fc2dfc6b516b3f006295fc1a17,train,test
REFUGE/Refuge/Training400/Non-Glaucoma/n0100.jpg,REFUGE,0,,REFUGE:image:REFUGE/Refuge/Training400/Non-Glaucoma/n0100.jpg,non-glaucoma,60a752faf4976b8bc24e1df562926628435d123a624c0013c451d5315bfe8166,train,test
REFUGE/Refuge/Training400/Non-Glaucoma/n0101.jpg,REFUGE,0,,REFUGE:image:REFUGE/Refuge/Training400/Non-Glaucoma/n0101.jpg,non-glaucoma,e51f0b387a56b9fa706b494ebddcca8af6dfd1c1e3decd0275680d77abd88118,train,test
REFUGE/Refuge/Training400/Non-Glaucoma/n0102.jpg,REFUGE,0,,REFUGE:image:REFUGE/Refuge/Training400/Non-Glaucoma/n0102.jpg,non-glaucoma,eb9fcffa49715864e7cb61e3d55378d1baa4ad4bc93466b2e194b93e9d9e3a9a,train,test
REFUGE/Refuge/Training400/Non-Glaucoma/n0103.jpg,REFUGE,0,,REFUGE:image:REFUGE/Refuge/Training400/Non-Glaucoma/n0103.jpg,non-glaucoma,fd051e49deeb89e359326df87b7f915b33839d10d899f38d4ef8650ee86b1694,train,test
REFUGE/Refuge/Training400/Non-Glaucoma/n0104.jpg,REFUGE,0,,REFUGE:image:REFUGE/Refuge/Training400/Non-Glaucoma/n0104.jpg,non-glaucoma,cb22b0141d5efe36db6c86714f9b641475bbca3e8d771eb300b67f743558d9b7,train,test
REFUGE/Refuge/Training400/Non-Glaucoma/n0105.jpg,REFUGE,0,,REFUGE:image:REFUGE/Refuge/Training400/Non-Glaucoma/n0105.jpg,non-glaucoma,53bdb2e0dce65587be68fad38220c8536b77a27d578ac7d35e32d49b04c85882,train,test
REFUGE/Refuge/Training400/Non-Glaucoma/n0106.jpg,REFUGE,0,,REFUGE:image:REFUGE/Refuge/Training400/Non-Glaucoma/n0106.jpg,non-glaucoma,38a4220ce1bb05b312a7f59f74994ac61ba72afccab37eb1d471fa49a3f240bb,val,test
REFUGE/Refuge/Training400/Non-Glaucoma/n0107.jpg,REFUGE,0,,REFUGE:image:REFUGE/Refuge/Training400/Non-Glaucoma/n0107.jpg,non-glaucoma,2870ffea572fa5c9cdd7307dacdb913d04b4bd873ba85ea1e05f7a60503a956e,train,test
REFUGE/Refuge/Training400/Non-Glaucoma/n0108.jpg,REFUGE,0,,REFUGE:image:REFUGE/Refuge/Training400/Non-Glaucoma/n0108.jpg,non-glaucoma,7dd1053a85c5c0f6136c3bf2bf02814c2cdb60b536f16c2dc291b6b18c67db18,train,test
REFUGE/Refuge/Training400/Non-Glaucoma/n0109.jpg,REFUGE,0,,REFUGE:image:REFUGE/Refuge/Training400/Non-Glaucoma/n0109.jpg,non-glaucoma,73a4ad39d0f3f9d2677f57071433fa6ca7dcf38d6096f2cc3fcb566139216a45,train,test
REFUGE/Refuge/Training400/Non-Glaucoma/n0110.jpg,REFUGE,0,,REFUGE:image:REFUGE/Refuge/Training400/Non-Glaucoma/n0110.jpg,non-glaucoma,2561ba8963e0697ca2bab18c97bd52b3050a434523e8c6d660c587c3ef47b24e,train,test
REFUGE/Refuge/Training400/Non-Glaucoma/n0111.jpg,REFUGE,0,,REFUGE:image:REFUGE/Refuge/Training400/Non-Glaucoma/n0111.jpg,non-glaucoma,f648cc9838d82fec7a6502a03c4b79b5a9199773a6c1f2954370c21b2c0ec0a9,train,test
REFUGE/Refuge/Training400/Non-Glaucoma/n0112.jpg,REFUGE,0,,REFUGE:image:REFUGE/Refuge/Training400/Non-Glaucoma/n0112.jpg,non-glaucoma,c406c3ad6ac222c7432798ce49a0176f0bb47f4e97bb19d2e37305809f53faef,train,test
REFUGE/Refuge/Training400/Non-Glaucoma/n0113.jpg,REFUGE,0,,REFUGE:image:REFUGE/Refuge/Training400/Non-Glaucoma/n0113.jpg,non-glaucoma,26ecbf1698a537a1e955ac68c3690883d9852e929683e4b66c300df4147fd227,train,test
REFUGE/Refuge/Training400/Non-Glaucoma/n0114.jpg,REFUGE,0,,REFUGE:image:REFUGE/Refuge/Training400/Non-Glaucoma/n0114.jpg,non-glaucoma,84aebf6ba6b3d358c7e429e57d32c02f956f6147010cc2da8eb29151df5383b6,train,test
REFUGE/Refuge/Training400/Non-Glaucoma/n0115.jpg,REFUGE,0,,REFUGE:image:REFUGE/Refuge/Training400/Non-Glaucoma/n0115.jpg,non-glaucoma,ee1873b1b14ab68d505eed57d92bc49a588c58361b2559fb1218b1f6544ac264,train,test
REFUGE/Refuge/Training400/Non-Glaucoma/n0116.jpg,REFUGE,0,,REFUGE:image:REFUGE/Refuge/Training400/Non-Glaucoma/n0116.jpg,non-glaucoma,1cd570cc8e37ce20d81b8259fabfec55b2c9d2121c1816d5bd08c622c317db3e,train,test
REFUGE/Refuge/Training400/Non-Glaucoma/n0117.jpg,REFUGE,0,,REFUGE:image:REFUGE/Refuge/Training400/Non-Glaucoma/n0117.jpg,non-glaucoma,8770debedd371d83c7e55b4d170cf6bdfc999f70ab6ddf725bc90c5ecdadd1de,train,test
REFUGE/Refuge/Training400/Non-Glaucoma/n0118.jpg,REFUGE,0,,REFUGE:image:REFUGE/Refuge/Training400/Non-Glaucoma/n0118.jpg,non-glaucoma,6b0377398718b9d43d6aec7b9c93f608630af6b87b35790d8a223df98b1fd99c,train,test
REFUGE/Refuge/Training400/Non-Glaucoma/n0119.jpg,REFUGE,0,,REFUGE:image:REFUGE/Refuge/Training400/Non-Glaucoma/n0119.jpg,non-glaucoma,2c985935467ca4affdfd238fbc240c562b7bd0ab49538d8287dbbee0f1acd240,train,test
REFUGE/Refuge/Training400/Non-Glaucoma/n0120.jpg,REFUGE,0,,REFUGE:image:REFUGE/Refuge/Training400/Non-Glaucoma/n0120.jpg,non-glaucoma,6b47251a6e46a3f40dcd877f5fbcb40deab6c61bdcda144ad39655f3df334ae8,train,test
REFUGE/Refuge/Training400/Non-Glaucoma/n0121.jpg,REFUGE,0,,REFUGE:image:REFUGE/Refuge/Training400/Non-Glaucoma/n0121.jpg,non-glaucoma,18bd50e6115a70d5d2ae6e48c345f047f61387afaba58703cd1aa012fba66aa3,train,test
REFUGE/Refuge/Training400/Non-Glaucoma/n0122.jpg,REFUGE,0,,REFUGE:image:REFUGE/Refuge/Training400/Non-Glaucoma/n0122.jpg,non-glaucoma,5ed1545a0e319f7111893da5e4cc8f1e96df1c0560bb38f50513c3920c3b8f2e,train,test
REFUGE/Refuge/Training400/Non-Glaucoma/n0123.jpg,REFUGE,0,,REFUGE:image:REFUGE/Refuge/Training400/Non-Glaucoma/n0123.jpg,non-glaucoma,255bba55d0ffcfa2c8edd2325f3a3f3091300b188db7d963e5f38d9661c413d2,train,test
REFUGE/Refuge/Training400/Non-Glaucoma/n0124.jpg,REFUGE,0,,REFUGE:image:REFUGE/Refuge/Training400/Non-Glaucoma/n0124.jpg,non-glaucoma,6ddf376b65ae4d66a22db91f0a320326b2a1accff9b62eae2b482fdfa17326cf,train,test
REFUGE/Refuge/Training400/Non-Glaucoma/n0125.jpg,REFUGE,0,,REFUGE:image:REFUGE/Refuge/Training400/Non-Glaucoma/n0125.jpg,non-glaucoma,4f59c0df3d8a56e766734dbb5ff808210b89bbe2932114c8862ecfbe3d6dacf4,train,test
REFUGE/Refuge/Training400/Non-Glaucoma/n0126.jpg,REFUGE,0,,REFUGE:image:REFUGE/Refuge/Training400/Non-Glaucoma/n0126.jpg,non-glaucoma,e0adaba0d2287edfb2cbcb9c895bc6081706ebc35390474266cdc7b0e7b1a06d,train,test
REFUGE/Refuge/Training400/Non-Glaucoma/n0127.jpg,REFUGE,0,,REFUGE:image:REFUGE/Refuge/Training400/Non-Glaucoma/n0127.jpg,non-glaucoma,fceee6b6df268e18c197c01f7aab07ee38bf30b48389bce12907fef6aeb03336,train,test
REFUGE/Refuge/Training400/Non-Glaucoma/n0128.jpg,REFUGE,0,,REFUGE:image:REFUGE/Refuge/Training400/Non-Glaucoma/n0128.jpg,non-glaucoma,8574f987378b2191401944105aaefc358a209811aa767d6937ea4587d8c98ea7,train,test
REFUGE/Refuge/Training400/Non-Glaucoma/n0129.jpg,REFUGE,0,,REFUGE:image:REFUGE/Refuge/Training400/Non-Glaucoma/n0129.jpg,non-glaucoma,8b847edfb66dcbcb2f7a936fa9d1af7b67c7e91e01ee13f8df040a388ab4e3de,train,test
REFUGE/Refuge/Training400/Non-Glaucoma/n0130.jpg,REFUGE,0,,REFUGE:image:REFUGE/Refuge/Training400/Non-Glaucoma/n0130.jpg,non-glaucoma,963bb581f4700006417a4ffeb01feee3c28ef586154fbf585a79e32ae034175b,train,test
REFUGE/Refuge/Training400/Non-Glaucoma/n0131.jpg,REFUGE,0,,REFUGE:image:REFUGE/Refuge/Training400/Non-Glaucoma/n0131.jpg,non-glaucoma,97caabb4cf9b7a294808b7b7fc8b756c724bce2af049e202a2c5aaecf7c4c155,val,test
REFUGE/Refuge/Training400/Non-Glaucoma/n0132.jpg,REFUGE,0,,REFUGE:image:REFUGE/Refuge/Training400/Non-Glaucoma/n0132.jpg,non-glaucoma,4f8e2dbdb2d05b542cf1f92556a328ff01199e968532f5461b89cc715cb5fff0,train,test
REFUGE/Refuge/Training400/Non-Glaucoma/n0133.jpg,REFUGE,0,,REFUGE:image:REFUGE/Refuge/Training400/Non-Glaucoma/n0133.jpg,non-glaucoma,300cf0e2f7d1bd303d409851053a7a4742c52168662836c7bcf5f79364c4baff,train,test
REFUGE/Refuge/Training400/Non-Glaucoma/n0134.jpg,REFUGE,0,,REFUGE:image:REFUGE/Refuge/Training400/Non-Glaucoma/n0134.jpg,non-glaucoma,19287f80135a491054387bf9c3ce0a5444bf0d545bcecb4c056f4ced875b193f,train,test
REFUGE/Refuge/Training400/Non-Glaucoma/n0135.jpg,REFUGE,0,,REFUGE:image:REFUGE/Refuge/Training400/Non-Glaucoma/n0135.jpg,non-glaucoma,84e3fd5cd56f80efa19aa49ef16aff71723177ca0f6bf9175ac777ddfcf7a64d,train,test
REFUGE/Refuge/Training400/Non-Glaucoma/n0136.jpg,REFUGE,0,,REFUGE:image:REFUGE/Refuge/Training400/Non-Glaucoma/n0136.jpg,non-glaucoma,db60d40693a1e7efa34f5b373f3f215bebe8c8dd5fda71b728071413ebfa8899,train,test
REFUGE/Refuge/Training400/Non-Glaucoma/n0137.jpg,REFUGE,0,,REFUGE:image:REFUGE/Refuge/Training400/Non-Glaucoma/n0137.jpg,non-glaucoma,587c7d3f1894ac92d4a1c4f004900ef4ed8d7e38094d0a3214092597a7937ef3,train,test
REFUGE/Refuge/Training400/Non-Glaucoma/n0138.jpg,REFUGE,0,,REFUGE:image:REFUGE/Refuge/Training400/Non-Glaucoma/n0138.jpg,non-glaucoma,88a127659a738eaeea1d7b50b114a151cbf5cdef14d623329fcb48a0724d9c32,train,test
REFUGE/Refuge/Training400/Non-Glaucoma/n0139.jpg,REFUGE,0,,REFUGE:image:REFUGE/Refuge/Training400/Non-Glaucoma/n0139.jpg,non-glaucoma,17bfdbad532e0459dae893964e3f93bf9bdb56f5441c2a5c5b1b23a4c54e1ef0,train,test
REFUGE/Refuge/Training400/Non-Glaucoma/n0140.jpg,REFUGE,0,,REFUGE:image:REFUGE/Refuge/Training400/Non-Glaucoma/n0140.jpg,non-glaucoma,67c6f17b83c74e4cc29270af5bac33801e94061e03b77aafebe7b9a01ade3fe9,train,test
REFUGE/Refuge/Training400/Non-Glaucoma/n0141.jpg,REFUGE,0,,REFUGE:image:REFUGE/Refuge/Training400/Non-Glaucoma/n0141.jpg,non-glaucoma,f648793e45bece7e029c47011dac8e9b52d4357a69652ae23680632976ac9439,val,test
REFUGE/Refuge/Training400/Non-Glaucoma/n0142.jpg,REFUGE,0,,REFUGE:image:REFUGE/Refuge/Training400/Non-Glaucoma/n0142.jpg,non-glaucoma,9c94eee0906801fe567e317ad1c9fff4ea82958e14d78e7613deaa8d67010335,train,test
REFUGE/Refuge/Training400/Non-Glaucoma/n0143.jpg,REFUGE,0,,REFUGE:image:REFUGE/Refuge/Training400/Non-Glaucoma/n0143.jpg,non-glaucoma,c206993e6e7d778dda4e6562ea4b3b4d41307a97c4e21334f9164ef550ecfab7,train,test
REFUGE/Refuge/Training400/Non-Glaucoma/n0144.jpg,REFUGE,0,,REFUGE:image:REFUGE/Refuge/Training400/Non-Glaucoma/n0144.jpg,non-glaucoma,bfb99f4614b0501be50a236206bf9a63dd30797603073f568b340ebfbdcdd02e,train,test
REFUGE/Refuge/Training400/Non-Glaucoma/n0145.jpg,REFUGE,0,,REFUGE:image:REFUGE/Refuge/Training400/Non-Glaucoma/n0145.jpg,non-glaucoma,592464fc0e927860760761fc2853b752e7991f9cd376b2af6901c64feb8ecf34,train,test
REFUGE/Refuge/Training400/Non-Glaucoma/n0146.jpg,REFUGE,0,,REFUGE:image:REFUGE/Refuge/Training400/Non-Glaucoma/n0146.jpg,non-glaucoma,df49c620061d728a57aaf91288d9c95b23c34b6bee9471e944a860113f75f81e,train,test
REFUGE/Refuge/Training400/Non-Glaucoma/n0147.jpg,REFUGE,0,,REFUGE:image:REFUGE/Refuge/Training400/Non-Glaucoma/n0147.jpg,non-glaucoma,ac4a0c06f35f65f687924e66bb11e57c9b6f05aa0a31fc72b233f246beba7606,train,test
REFUGE/Refuge/Training400/Non-Glaucoma/n0148.jpg,REFUGE,0,,REFUGE:image:REFUGE/Refuge/Training400/Non-Glaucoma/n0148.jpg,non-glaucoma,b272c4b1447871a87c994ae3a57865de193673bce76baa7441e3a3d7453b4f5c,train,test
REFUGE/Refuge/Training400/Non-Glaucoma/n0149.jpg,REFUGE,0,,REFUGE:image:REFUGE/Refuge/Training400/Non-Glaucoma/n0149.jpg,non-glaucoma,592c3a203564044f9cf44cdde7ac4b0e41132fb6b397e4ef119f8479a173a02d,val,test
REFUGE/Refuge/Training400/Non-Glaucoma/n0150.jpg,REFUGE,0,,REFUGE:image:REFUGE/Refuge/Training400/Non-Glaucoma/n0150.jpg,non-glaucoma,bad852a4a7d6005abf97947fd1fd9be3a650b15549e0cabfb6d0e9d350ec7f95,train,test
REFUGE/Refuge/Training400/Non-Glaucoma/n0151.jpg,REFUGE,0,,REFUGE:image:REFUGE/Refuge/Training400/Non-Glaucoma/n0151.jpg,non-glaucoma,01f67757fea5ecb8574bb9bb155e6d96b8aa462c1561370e9d6f7610b2505cec,train,test
REFUGE/Refuge/Training400/Non-Glaucoma/n0152.jpg,REFUGE,0,,REFUGE:image:REFUGE/Refuge/Training400/Non-Glaucoma/n0152.jpg,non-glaucoma,621ecf60b1496cea6cd229e9c663aa2cca1670926f0ef777e86129cbc236653a,train,test
REFUGE/Refuge/Training400/Non-Glaucoma/n0153.jpg,REFUGE,0,,REFUGE:image:REFUGE/Refuge/Training400/Non-Glaucoma/n0153.jpg,non-glaucoma,5b10b3b8b4700fc858611ba01313fafa851ade5327eab4835b5eb55d8bbd0dd1,train,test
REFUGE/Refuge/Training400/Non-Glaucoma/n0154.jpg,REFUGE,0,,REFUGE:image:REFUGE/Refuge/Training400/Non-Glaucoma/n0154.jpg,non-glaucoma,59dd7743e2ac7c0199ffeced00c5eefa7e72c73b5e89bf7b202713da3db877dc,val,test
REFUGE/Refuge/Training400/Non-Glaucoma/n0155.jpg,REFUGE,0,,REFUGE:image:REFUGE/Refuge/Training400/Non-Glaucoma/n0155.jpg,non-glaucoma,a5d57966d559d25292619c6eda77438697993d893f693fb283703ac625bbf01c,train,test
REFUGE/Refuge/Training400/Non-Glaucoma/n0156.jpg,REFUGE,0,,REFUGE:image:REFUGE/Refuge/Training400/Non-Glaucoma/n0156.jpg,non-glaucoma,a737aab91d3887839a80ed154757e8fa45e38f0d76055c9d19a551927489436f,train,test
REFUGE/Refuge/Training400/Non-Glaucoma/n0157.jpg,REFUGE,0,,REFUGE:image:REFUGE/Refuge/Training400/Non-Glaucoma/n0157.jpg,non-glaucoma,2aa6fb16f1e4f5114a6f480d6345334c6bd7b55ae6fc873b33d06435a4504b57,train,test
REFUGE/Refuge/Training400/Non-Glaucoma/n0158.jpg,REFUGE,0,,REFUGE:image:REFUGE/Refuge/Training400/Non-Glaucoma/n0158.jpg,non-glaucoma,e88eace7df60949b0465bbd90d3466e4832f9568367f1acc38948f91faa222d5,train,test
REFUGE/Refuge/Training400/Non-Glaucoma/n0159.jpg,REFUGE,0,,REFUGE:image:REFUGE/Refuge/Training400/Non-Glaucoma/n0159.jpg,non-glaucoma,c7fd2e16b2f95ee7ba4ac441f9cfc17e3aac77de78845f0a75053b607f1aee88,train,test
REFUGE/Refuge/Training400/Non-Glaucoma/n0160.jpg,REFUGE,0,,REFUGE:image:REFUGE/Refuge/Training400/Non-Glaucoma/n0160.jpg,non-glaucoma,cdca8012c2e4719b6ba47a9ef39cd9f3f300e57887915d40304ca140c5805f1b,train,test
REFUGE/Refuge/Training400/Non-Glaucoma/n0161.jpg,REFUGE,0,,REFUGE:image:REFUGE/Refuge/Training400/Non-Glaucoma/n0161.jpg,non-glaucoma,9d908c82944ad04d3925c1a64e4bc794f3be8194c8b2d25765ee579072007065,train,test
REFUGE/Refuge/Training400/Non-Glaucoma/n0162.jpg,REFUGE,0,,REFUGE:image:REFUGE/Refuge/Training400/Non-Glaucoma/n0162.jpg,non-glaucoma,a313868f2f613ef4dafb81c0633c44eeaac8ba9e283e7b23e46370916cc3afc2,train,test
REFUGE/Refuge/Training400/Non-Glaucoma/n0163.jpg,REFUGE,0,,REFUGE:image:REFUGE/Refuge/Training400/Non-Glaucoma/n0163.jpg,non-glaucoma,234183fe0a13dab58dccdf02146c01bab2a1622dc96050b9f758a4ea5e529dbd,train,test
REFUGE/Refuge/Training400/Non-Glaucoma/n0164.jpg,REFUGE,0,,REFUGE:image:REFUGE/Refuge/Training400/Non-Glaucoma/n0164.jpg,non-glaucoma,adc6fbd26738a4e2013f289883b21c89abd53cddffdc87d64a9ca4f456d6f2a0,train,test
REFUGE/Refuge/Training400/Non-Glaucoma/n0165.jpg,REFUGE,0,,REFUGE:image:REFUGE/Refuge/Training400/Non-Glaucoma/n0165.jpg,non-glaucoma,64ff5b1261251adad6c51edff6117df31234af156dbf1feffd45677a9c56feff,train,test
REFUGE/Refuge/Training400/Non-Glaucoma/n0166.jpg,REFUGE,0,,REFUGE:image:REFUGE/Refuge/Training400/Non-Glaucoma/n0166.jpg,non-glaucoma,6c79aadfc7b02148c666ce482541fa19e81bdbd8aa2f5b354da4fd6e7d8b0aff,train,test
REFUGE/Refuge/Training400/Non-Glaucoma/n0167.jpg,REFUGE,0,,REFUGE:image:REFUGE/Refuge/Training400/Non-Glaucoma/n0167.jpg,non-glaucoma,7b7633c145a0096d5e278ccf97ec5df123ec001d36eb0ef1dfb90ab340f4a570,train,test
REFUGE/Refuge/Training400/Non-Glaucoma/n0168.jpg,REFUGE,0,,REFUGE:image:REFUGE/Refuge/Training400/Non-Glaucoma/n0168.jpg,non-glaucoma,9c8a0a40de696e046cd61af85e284180959e0bfac836417e3351fe4b143ec7ba,train,test
REFUGE/Refuge/Training400/Non-Glaucoma/n0169.jpg,REFUGE,0,,REFUGE:image:REFUGE/Refuge/Training400/Non-Glaucoma/n0169.jpg,non-glaucoma,d30ba690332eb9d88b95c7f0f79b1bd6702b4c812705237e4de1fc37957b60b2,train,test
REFUGE/Refuge/Training400/Non-Glaucoma/n0170.jpg,REFUGE,0,,REFUGE:image:REFUGE/Refuge/Training400/Non-Glaucoma/n0170.jpg,non-glaucoma,d18e130f297f865b4d97fb0a81af8287d333452a8649757e89b0b18b7f481df2,train,test
REFUGE/Refuge/Training400/Non-Glaucoma/n0171.jpg,REFUGE,0,,REFUGE:image:REFUGE/Refuge/Training400/Non-Glaucoma/n0171.jpg,non-glaucoma,6dbe901c74127be231d7961d09acbd0ad4a4389b4b8d45ec29f2910ebacbf2ce,train,test
REFUGE/Refuge/Training400/Non-Glaucoma/n0172.jpg,REFUGE,0,,REFUGE:image:REFUGE/Refuge/Training400/Non-Glaucoma/n0172.jpg,non-glaucoma,af66c7e0e5596f19035a2da530a264908ae6989d9b415b65f5e224dc519c3f77,train,test
REFUGE/Refuge/Training400/Non-Glaucoma/n0173.jpg,REFUGE,0,,REFUGE:image:REFUGE/Refuge/Training400/Non-Glaucoma/n0173.jpg,non-glaucoma,3c0afccee3bc66d03a45145a559afe1e00fff7addfcf213a064eebc6c79d4208,val,test
REFUGE/Refuge/Training400/Non-Glaucoma/n0174.jpg,REFUGE,0,,REFUGE:image:REFUGE/Refuge/Training400/Non-Glaucoma/n0174.jpg,non-glaucoma,dd68de520cc90bd35c1c3e51706b38e8e63c70ce442facaacbf740df5f6bb93a,train,test
REFUGE/Refuge/Training400/Non-Glaucoma/n0175.jpg,REFUGE,0,,REFUGE:image:REFUGE/Refuge/Training400/Non-Glaucoma/n0175.jpg,non-glaucoma,3539c9affad4dcbdababc303915441aabdccee316c92b46bdd2f9c563133463a,train,test
REFUGE/Refuge/Training400/Non-Glaucoma/n0176.jpg,REFUGE,0,,REFUGE:image:REFUGE/Refuge/Training400/Non-Glaucoma/n0176.jpg,non-glaucoma,e49291cbd7fd6b04ca124c46f34b13c11fc55f2cedfab2098a541c48151a5f7c,val,test
REFUGE/Refuge/Training400/Non-Glaucoma/n0177.jpg,REFUGE,0,,REFUGE:image:REFUGE/Refuge/Training400/Non-Glaucoma/n0177.jpg,non-glaucoma,ac59d5321b1f1a2d33cd99329918a3e078cf23e374470cb9f33e53a1cd02ed33,train,test
REFUGE/Refuge/Training400/Non-Glaucoma/n0178.jpg,REFUGE,0,,REFUGE:image:REFUGE/Refuge/Training400/Non-Glaucoma/n0178.jpg,non-glaucoma,96ecbc7c77e5ada4acb8468b48c3c9bc36da99776fa616e243086778bace67b0,train,test
REFUGE/Refuge/Training400/Non-Glaucoma/n0179.jpg,REFUGE,0,,REFUGE:image:REFUGE/Refuge/Training400/Non-Glaucoma/n0179.jpg,non-glaucoma,8aef73a4d871313cba34275fd1e196cd8b11a9c1b3d25a0d12f57763ff191d5d,train,test
REFUGE/Refuge/Training400/Non-Glaucoma/n0180.jpg,REFUGE,0,,REFUGE:image:REFUGE/Refuge/Training400/Non-Glaucoma/n0180.jpg,non-glaucoma,7a7ab4a808472a5eb7f563c7483377f2b31cf6dbf51a9f88eb36a680524e6d6b,train,test
REFUGE/Refuge/Training400/Non-Glaucoma/n0181.jpg,REFUGE,0,,REFUGE:image:REFUGE/Refuge/Training400/Non-Glaucoma/n0181.jpg,non-glaucoma,ad8c3023359f94d3b5de057fa73a9f1a09471f1971047d51928fadc3b3bcc870,train,test
REFUGE/Refuge/Training400/Non-Glaucoma/n0182.jpg,REFUGE,0,,REFUGE:image:REFUGE/Refuge/Training400/Non-Glaucoma/n0182.jpg,non-glaucoma,237805a9d34259ae63b3bfa035e74adc0bdc2f1f2ba03bf8f06261b6d6210206,train,test
REFUGE/Refuge/Training400/Non-Glaucoma/n0183.jpg,REFUGE,0,,REFUGE:image:REFUGE/Refuge/Training400/Non-Glaucoma/n0183.jpg,non-glaucoma,3a751978d4555376ebf6f4748a9db79df9a26c3ccf6f5890004dc36dad202e5b,train,test
REFUGE/Refuge/Training400/Non-Glaucoma/n0184.jpg,REFUGE,0,,REFUGE:image:REFUGE/Refuge/Training400/Non-Glaucoma/n0184.jpg,non-glaucoma,3b02587f7d464ccf7026a46891b18a4d07e7ef750b7cb57ab85f1652571c3b69,train,test
REFUGE/Refuge/Training400/Non-Glaucoma/n0185.jpg,REFUGE,0,,REFUGE:image:REFUGE/Refuge/Training400/Non-Glaucoma/n0185.jpg,non-glaucoma,afa1c5198a3272018ecf751d06f87ca391b6e314cfa174d044f0505ff4a55227,train,test
REFUGE/Refuge/Training400/Non-Glaucoma/n0186.jpg,REFUGE,0,,REFUGE:image:REFUGE/Refuge/Training400/Non-Glaucoma/n0186.jpg,non-glaucoma,60ba1ea9bd7094570e6ebde0e1e7f093fdd5ae111243a28cda82100d5136dd96,train,test
REFUGE/Refuge/Training400/Non-Glaucoma/n0187.jpg,REFUGE,0,,REFUGE:image:REFUGE/Refuge/Training400/Non-Glaucoma/n0187.jpg,non-glaucoma,96f2c361f15c026d059a4d7e59b09a013934a4022f9d4a254500374416a42438,train,test
REFUGE/Refuge/Training400/Non-Glaucoma/n0188.jpg,REFUGE,0,,REFUGE:image:REFUGE/Refuge/Training400/Non-Glaucoma/n0188.jpg,non-glaucoma,746c48ad8c26ca438d6c0bcf0a866ec934312fcbc028de4fe99ad9751aa74838,train,test
REFUGE/Refuge/Training400/Non-Glaucoma/n0189.jpg,REFUGE,0,,REFUGE:image:REFUGE/Refuge/Training400/Non-Glaucoma/n0189.jpg,non-glaucoma,c6452070724b2c6921c133dd2be6ca039080219b1d29323fb8c68d72db574c02,train,test
REFUGE/Refuge/Training400/Non-Glaucoma/n0190.jpg,REFUGE,0,,REFUGE:image:REFUGE/Refuge/Training400/Non-Glaucoma/n0190.jpg,non-glaucoma,e0f054a699eadd4225b93a1e484af2036715ae29f2f34743a6d2d51ca0dfa800,train,test
REFUGE/Refuge/Training400/Non-Glaucoma/n0191.jpg,REFUGE,0,,REFUGE:image:REFUGE/Refuge/Training400/Non-Glaucoma/n0191.jpg,non-glaucoma,779cce904d5bb02fa050d51a87a78dd2905dee8cc8a836a293ca082f42b67ae4,train,test
REFUGE/Refuge/Training400/Non-Glaucoma/n0192.jpg,REFUGE,0,,REFUGE:image:REFUGE/Refuge/Training400/Non-Glaucoma/n0192.jpg,non-glaucoma,ff3602f0f6b62ebbb36536a8058e56dc7220daee0773116152e8fd5588b450f1,train,test
REFUGE/Refuge/Training400/Non-Glaucoma/n0193.jpg,REFUGE,0,,REFUGE:image:REFUGE/Refuge/Training400/Non-Glaucoma/n0193.jpg,non-glaucoma,35328d63ffa76b3c8a77e3869a4f043454710bf465133f431314559ef1e2caa6,train,test
REFUGE/Refuge/Training400/Non-Glaucoma/n0194.jpg,REFUGE,0,,REFUGE:image:REFUGE/Refuge/Training400/Non-Glaucoma/n0194.jpg,non-glaucoma,729ca95b68d73a4c9e2cb15de19b0a041289d6660903f73b3159f50aa4f7b106,train,test
REFUGE/Refuge/Training400/Non-Glaucoma/n0195.jpg,REFUGE,0,,REFUGE:image:REFUGE/Refuge/Training400/Non-Glaucoma/n0195.jpg,non-glaucoma,7f24c7c27d8eea4b5471bb5da936ac58d5f2484db85ab26ff624371b77b738aa,train,test
REFUGE/Refuge/Training400/Non-Glaucoma/n0196.jpg,REFUGE,0,,REFUGE:image:REFUGE/Refuge/Training400/Non-Glaucoma/n0196.jpg,non-glaucoma,8ea7114b9b50121eae449b672462ca26cbe99ead9e15c5049104173aa5a8e339,train,test
REFUGE/Refuge/Training400/Non-Glaucoma/n0197.jpg,REFUGE,0,,REFUGE:image:REFUGE/Refuge/Training400/Non-Glaucoma/n0197.jpg,non-glaucoma,0fbc5c55699bf7763050cbaac18dc3b70a519cda8e008c98a1c697408bd55f14,val,test
REFUGE/Refuge/Training400/Non-Glaucoma/n0198.jpg,REFUGE,0,,REFUGE:image:REFUGE/Refuge/Training400/Non-Glaucoma/n0198.jpg,non-glaucoma,cb45022e2c9595315cf0b0f6ab53f3443c457af99273e53b0e860aca8444bd08,train,test
REFUGE/Refuge/Training400/Non-Glaucoma/n0199.jpg,REFUGE,0,,REFUGE:image:REFUGE/Refuge/Training400/Non-Glaucoma/n0199.jpg,non-glaucoma,1e69c57468e95ed8bb97a9924dc66259a31972673b897a9a1540828720d3e713,train,test
REFUGE/Refuge/Training400/Non-Glaucoma/n0200.jpg,REFUGE,0,,REFUGE:image:REFUGE/Refuge/Training400/Non-Glaucoma/n0200.jpg,non-glaucoma,bcf66516353682129b26adef15682d7fcac7ff9df52bb5446eb9e5f1adb1ea8f,train,test
REFUGE/Refuge/Training400/Non-Glaucoma/n0201.jpg,REFUGE,0,,REFUGE:image:REFUGE/Refuge/Training400/Non-Glaucoma/n0201.jpg,non-glaucoma,a8383c73f23031ab25f8418d814e15ebbb87ba58d01e5d763af5750b4278bd76,train,test
REFUGE/Refuge/Training400/Non-Glaucoma/n0202.jpg,REFUGE,0,,REFUGE:image:REFUGE/Refuge/Training400/Non-Glaucoma/n0202.jpg,non-glaucoma,254c6016c140bea9d419c3e9211c6c111461162cd663e2519c1d20a506164cd0,train,test
REFUGE/Refuge/Training400/Non-Glaucoma/n0203.jpg,REFUGE,0,,REFUGE:image:REFUGE/Refuge/Training400/Non-Glaucoma/n0203.jpg,non-glaucoma,153cdcf32d3ca7d7a29845222227034585e9968f749d7af543329fb735c60a13,train,test
REFUGE/Refuge/Training400/Non-Glaucoma/n0204.jpg,REFUGE,0,,REFUGE:image:REFUGE/Refuge/Training400/Non-Glaucoma/n0204.jpg,non-glaucoma,9d57fb8f51da1b6172f64a7f9c9f752bb8f6b71cb8ce1b90c8bf2751f33af805,train,test
REFUGE/Refuge/Training400/Non-Glaucoma/n0205.jpg,REFUGE,0,,REFUGE:image:REFUGE/Refuge/Training400/Non-Glaucoma/n0205.jpg,non-glaucoma,c89057787e5c47c0fbba636697e633e1a1f38b1db3bfc17a971776f887767233,train,test
REFUGE/Refuge/Training400/Non-Glaucoma/n0206.jpg,REFUGE,0,,REFUGE:image:REFUGE/Refuge/Training400/Non-Glaucoma/n0206.jpg,non-glaucoma,126d999ba75f0b595e25da1a7ab5263be3cdd7e9e8f61fc547992057925a42af,val,test
REFUGE/Refuge/Training400/Non-Glaucoma/n0207.jpg,REFUGE,0,,REFUGE:image:REFUGE/Refuge/Training400/Non-Glaucoma/n0207.jpg,non-glaucoma,c80b65fcd229bbb4eae27c9fb7f269824b2742e4bd1fdbeda0f5f0223e632f75,train,test
REFUGE/Refuge/Training400/Non-Glaucoma/n0208.jpg,REFUGE,0,,REFUGE:image:REFUGE/Refuge/Training400/Non-Glaucoma/n0208.jpg,non-glaucoma,8de73a93b09bfa6bd95bfffa0b3f6e9eddecc6bbeea58c2d019b93d562eae4ea,val,test
REFUGE/Refuge/Training400/Non-Glaucoma/n0209.jpg,REFUGE,0,,REFUGE:image:REFUGE/Refuge/Training400/Non-Glaucoma/n0209.jpg,non-glaucoma,b747d7e7ab27577e8d55d0597491bf79d293848650b5d99db7584d790eb3c216,val,test
REFUGE/Refuge/Training400/Non-Glaucoma/n0210.jpg,REFUGE,0,,REFUGE:image:REFUGE/Refuge/Training400/Non-Glaucoma/n0210.jpg,non-glaucoma,3d3848b09feb45270c40b04613e1fa7dc1ce73c095d644d10da5284d78473878,train,test
REFUGE/Refuge/Training400/Non-Glaucoma/n0211.jpg,REFUGE,0,,REFUGE:image:REFUGE/Refuge/Training400/Non-Glaucoma/n0211.jpg,non-glaucoma,82e20b7889d6c60836236e94e6ff511ab39a63a26db75f72efe3c433f7e3615c,train,test
REFUGE/Refuge/Training400/Non-Glaucoma/n0212.jpg,REFUGE,0,,REFUGE:image:REFUGE/Refuge/Training400/Non-Glaucoma/n0212.jpg,non-glaucoma,514e3c6592a2e5cc75af4aadc2ee51f177adf0893574d88a5ae109afa21357be,train,test
REFUGE/Refuge/Training400/Non-Glaucoma/n0213.jpg,REFUGE,0,,REFUGE:image:REFUGE/Refuge/Training400/Non-Glaucoma/n0213.jpg,non-glaucoma,0122508972d8173d2126f5a7b0d4c9e52b48ec19b31f2261c983731b03d0be32,train,test
REFUGE/Refuge/Training400/Non-Glaucoma/n0214.jpg,REFUGE,0,,REFUGE:image:REFUGE/Refuge/Training400/Non-Glaucoma/n0214.jpg,non-glaucoma,628a1e11f7788315c5d65dea0c629197e62860e8da1b7750f4681196ad488157,train,test
REFUGE/Refuge/Training400/Non-Glaucoma/n0215.jpg,REFUGE,0,,REFUGE:image:REFUGE/Refuge/Training400/Non-Glaucoma/n0215.jpg,non-glaucoma,0bf78a7b452c45957847f4e36a9ae982bf9b18b2875a95fce5682d9a9357ffc3,train,test
REFUGE/Refuge/Training400/Non-Glaucoma/n0216.jpg,REFUGE,0,,REFUGE:image:REFUGE/Refuge/Training400/Non-Glaucoma/n0216.jpg,non-glaucoma,70cccd832c3540142b543de4b8b4355214f194048395c0dae092aa7a5a3d3883,train,test
REFUGE/Refuge/Training400/Non-Glaucoma/n0217.jpg,REFUGE,0,,REFUGE:image:REFUGE/Refuge/Training400/Non-Glaucoma/n0217.jpg,non-glaucoma,fff4e7c1277330629c781f6af7aa83faaec77662192729cce4c69709a8408f63,train,test
REFUGE/Refuge/Training400/Non-Glaucoma/n0218.jpg,REFUGE,0,,REFUGE:image:REFUGE/Refuge/Training400/Non-Glaucoma/n0218.jpg,non-glaucoma,ccf232a187abdde2736a24e90b92889020fd393a521ad9122b6cd1c99866df7e,train,test
REFUGE/Refuge/Training400/Non-Glaucoma/n0219.jpg,REFUGE,0,,REFUGE:image:REFUGE/Refuge/Training400/Non-Glaucoma/n0219.jpg,non-glaucoma,25e088fdd100e83472f586c79c42b82473801efe17a27ba9ebed53d9342f6885,train,test
REFUGE/Refuge/Training400/Non-Glaucoma/n0220.jpg,REFUGE,0,,REFUGE:image:REFUGE/Refuge/Training400/Non-Glaucoma/n0220.jpg,non-glaucoma,705ec2784c647d9260d463ffc008103c4725bedb769c6fedaf63984d0327b1e3,val,test
REFUGE/Refuge/Training400/Non-Glaucoma/n0221.jpg,REFUGE,0,,REFUGE:image:REFUGE/Refuge/Training400/Non-Glaucoma/n0221.jpg,non-glaucoma,a3bd5bc906880178b18b660c42d6eb7aca3354cb28617a6789b38ed4e01c75ab,train,test
REFUGE/Refuge/Training400/Non-Glaucoma/n0222.jpg,REFUGE,0,,REFUGE:image:REFUGE/Refuge/Training400/Non-Glaucoma/n0222.jpg,non-glaucoma,7f405f390b6d27673c19be8a43a4c907d250b9d774fad3a1f607ccdcc446220a,train,test
REFUGE/Refuge/Training400/Non-Glaucoma/n0223.jpg,REFUGE,0,,REFUGE:image:REFUGE/Refuge/Training400/Non-Glaucoma/n0223.jpg,non-glaucoma,afdaf7ae0bcda70dab42b5a0169760388bb2b71b5d749df4941d93893ee72622,train,test
REFUGE/Refuge/Training400/Non-Glaucoma/n0224.jpg,REFUGE,0,,REFUGE:image:REFUGE/Refuge/Training400/Non-Glaucoma/n0224.jpg,non-glaucoma,c18027cb333df989bf3ebf45336f9c16b261c9b9cfb5a896d7513e6bd30a9382,train,test
REFUGE/Refuge/Training400/Non-Glaucoma/n0225.jpg,REFUGE,0,,REFUGE:image:REFUGE/Refuge/Training400/Non-Glaucoma/n0225.jpg,non-glaucoma,f5d0b38caec90d4de72a580127cb30c99588110d65fd81388cca21cff730f25e,train,test
REFUGE/Refuge/Training400/Non-Glaucoma/n0226.jpg,REFUGE,0,,REFUGE:image:REFUGE/Refuge/Training400/Non-Glaucoma/n0226.jpg,non-glaucoma,a6015dd7b7dac133b2861bacfbb818f2a610741f7f9ba8db3611d5f23a36e6b0,train,test
REFUGE/Refuge/Training400/Non-Glaucoma/n0227.jpg,REFUGE,0,,REFUGE:image:REFUGE/Refuge/Training400/Non-Glaucoma/n0227.jpg,non-glaucoma,0d6b86548b5c9e6ac9d5a29e2f49c42fc0b166c2f33c141e4b67ae037ef7b003,train,test
REFUGE/Refuge/Training400/Non-Glaucoma/n0228.jpg,REFUGE,0,,REFUGE:image:REFUGE/Refuge/Training400/Non-Glaucoma/n0228.jpg,non-glaucoma,b0581e86f0c27adf5b1a11137e45470dd657bdd562e8ab552c4c343ed392b704,train,test
REFUGE/Refuge/Training400/Non-Glaucoma/n0229.jpg,REFUGE,0,,REFUGE:image:REFUGE/Refuge/Training400/Non-Glaucoma/n0229.jpg,non-glaucoma,1157da150b5b6276151788196310d619b5827c34c75c0088cd9ba55e3576ab4e,train,test
REFUGE/Refuge/Training400/Non-Glaucoma/n0230.jpg,REFUGE,0,,REFUGE:image:REFUGE/Refuge/Training400/Non-Glaucoma/n0230.jpg,non-glaucoma,13f44ab5e54d1402f0baf9723dd0a3dea44e2daf680beb84d6f678c941098987,train,test
REFUGE/Refuge/Training400/Non-Glaucoma/n0231.jpg,REFUGE,0,,REFUGE:image:REFUGE/Refuge/Training400/Non-Glaucoma/n0231.jpg,non-glaucoma,8a97522d5bbd7b9c533be0d1ea43027eb23af10c437729c59a64ebc356f846bf,train,test
REFUGE/Refuge/Training400/Non-Glaucoma/n0232.jpg,REFUGE,0,,REFUGE:image:REFUGE/Refuge/Training400/Non-Glaucoma/n0232.jpg,non-glaucoma,cfa59c0b1abb5ac24778cb5a11b73e3306c5fc6531ff2f3a9981b9d09550868c,train,test
REFUGE/Refuge/Training400/Non-Glaucoma/n0233.jpg,REFUGE,0,,REFUGE:image:REFUGE/Refuge/Training400/Non-Glaucoma/n0233.jpg,non-glaucoma,773161741e58e60959dee3c5438c8d6a6382c89576812c5692f8ae0b927a7024,train,test
REFUGE/Refuge/Training400/Non-Glaucoma/n0234.jpg,REFUGE,0,,REFUGE:image:REFUGE/Refuge/Training400/Non-Glaucoma/n0234.jpg,non-glaucoma,e3b12ce4d1c04471f4a34414fba60290345c3ae73e9081ef77b68c281cea5f3b,train,test
REFUGE/Refuge/Training400/Non-Glaucoma/n0235.jpg,REFUGE,0,,REFUGE:image:REFUGE/Refuge/Training400/Non-Glaucoma/n0235.jpg,non-glaucoma,09987b5b8f178b9bc358ac226a4e629b42df480c807c981368d1a6e4f8027628,train,test
REFUGE/Refuge/Training400/Non-Glaucoma/n0236.jpg,REFUGE,0,,REFUGE:image:REFUGE/Refuge/Training400/Non-Glaucoma/n0236.jpg,non-glaucoma,3c4cce8ac2a54705605bfe6f6669fd2533ad389c675353c7dfd41020a7d3a4b8,train,test
REFUGE/Refuge/Training400/Non-Glaucoma/n0237.jpg,REFUGE,0,,REFUGE:image:REFUGE/Refuge/Training400/Non-Glaucoma/n0237.jpg,non-glaucoma,8f4239e65cbf076fc3554d54e40f8378b59c19c0429d1fe66bafb257e00d3baa,train,test
REFUGE/Refuge/Training400/Non-Glaucoma/n0238.jpg,REFUGE,0,,REFUGE:image:REFUGE/Refuge/Training400/Non-Glaucoma/n0238.jpg,non-glaucoma,434e62a1f61dd220796449ac7049abf3be7004287e6760fc2d20efaeac50154b,train,test
REFUGE/Refuge/Training400/Non-Glaucoma/n0239.jpg,REFUGE,0,,REFUGE:image:REFUGE/Refuge/Training400/Non-Glaucoma/n0239.jpg,non-glaucoma,5b1593dbfa9cfb5db2b19a08420e6860b825ac32cd81cd6c7694501a9815600e,train,test
REFUGE/Refuge/Training400/Non-Glaucoma/n0240.jpg,REFUGE,0,,REFUGE:image:REFUGE/Refuge/Training400/Non-Glaucoma/n0240.jpg,non-glaucoma,2d5e49b25a6ffa3e95b12c861a94c30a9806809f591f65c1e91cbd788754d855,train,test
REFUGE/Refuge/Training400/Non-Glaucoma/n0241.jpg,REFUGE,0,,REFUGE:image:REFUGE/Refuge/Training400/Non-Glaucoma/n0241.jpg,non-glaucoma,db3677a980a51a580dbd739295e86913940f4c587fd5f7e85cdbc71b8fece6a6,train,test
REFUGE/Refuge/Training400/Non-Glaucoma/n0242.jpg,REFUGE,0,,REFUGE:image:REFUGE/Refuge/Training400/Non-Glaucoma/n0242.jpg,non-glaucoma,42826cd189c14efb38d7487d2ad665b534ecd5950797646f0a303e0568a6923b,train,test
REFUGE/Refuge/Training400/Non-Glaucoma/n0243.jpg,REFUGE,0,,REFUGE:image:REFUGE/Refuge/Training400/Non-Glaucoma/n0243.jpg,non-glaucoma,3d041e8827f352028f09bc44eee6c8871ccfd2cf1bf98d02ee1cc93dc8d447f8,train,test
REFUGE/Refuge/Training400/Non-Glaucoma/n0244.jpg,REFUGE,0,,REFUGE:image:REFUGE/Refuge/Training400/Non-Glaucoma/n0244.jpg,non-glaucoma,6e2e3326e6e04f4eac666040e8a5fd36f9cad9c39318b40d37a58b2e68146362,train,test
REFUGE/Refuge/Training400/Non-Glaucoma/n0245.jpg,REFUGE,0,,REFUGE:image:REFUGE/Refuge/Training400/Non-Glaucoma/n0245.jpg,non-glaucoma,2ef541b52a1b5fdd41c1663ebc6ef6b14330f927f715f065ee33f7cf072ea75a,train,test
REFUGE/Refuge/Training400/Non-Glaucoma/n0246.jpg,REFUGE,0,,REFUGE:image:REFUGE/Refuge/Training400/Non-Glaucoma/n0246.jpg,non-glaucoma,725038124474127bcbf74674af5359e30d1147ffd49b4efa144e6d430f554874,train,test
REFUGE/Refuge/Training400/Non-Glaucoma/n0247.jpg,REFUGE,0,,REFUGE:image:REFUGE/Refuge/Training400/Non-Glaucoma/n0247.jpg,non-glaucoma,ce973ef8d158b238aaa1a36bb836699a8c135f8b92c62860a2e0a3feae343b46,train,test
REFUGE/Refuge/Training400/Non-Glaucoma/n0248.jpg,REFUGE,0,,REFUGE:image:REFUGE/Refuge/Training400/Non-Glaucoma/n0248.jpg,non-glaucoma,b582c8bdbf2f466f35abf7d672f5ff7349e5eeddb354fdf3b6f2aa5c98c7acd4,val,test
REFUGE/Refuge/Training400/Non-Glaucoma/n0249.jpg,REFUGE,0,,REFUGE:image:REFUGE/Refuge/Training400/Non-Glaucoma/n0249.jpg,non-glaucoma,7c26b7de1c281f632dacee2ab6a8c3537f63a383951a108bf998ff0997a0a39a,train,test
REFUGE/Refuge/Training400/Non-Glaucoma/n0250.jpg,REFUGE,0,,REFUGE:image:REFUGE/Refuge/Training400/Non-Glaucoma/n0250.jpg,non-glaucoma,4a5435663a090ce68a8dbbe168384d01da331cef5fc22d2f1196193663be941a,train,test
REFUGE/Refuge/Training400/Non-Glaucoma/n0251.jpg,REFUGE,0,,REFUGE:image:REFUGE/Refuge/Training400/Non-Glaucoma/n0251.jpg,non-glaucoma,b327a91ecfedd55cf8af914cb164fb61fa66d318408cc3733dffdd265e851734,train,test
REFUGE/Refuge/Training400/Non-Glaucoma/n0252.jpg,REFUGE,0,,REFUGE:image:REFUGE/Refuge/Training400/Non-Glaucoma/n0252.jpg,non-glaucoma,64b11901fdbecd971d5c46899ea0138e6b277c2beb26656246de0bf7ba0875ad,train,test
REFUGE/Refuge/Training400/Non-Glaucoma/n0253.jpg,REFUGE,0,,REFUGE:image:REFUGE/Refuge/Training400/Non-Glaucoma/n0253.jpg,non-glaucoma,e3be1d221d3255c3abded293a1935b8bf25447c816940b5632a7de9586560f22,val,test
REFUGE/Refuge/Training400/Non-Glaucoma/n0254.jpg,REFUGE,0,,REFUGE:image:REFUGE/Refuge/Training400/Non-Glaucoma/n0254.jpg,non-glaucoma,2736cfab2f57592da33279a08f340c2039c0ffb04a1edaac268d94557e400ca5,val,test
REFUGE/Refuge/Training400/Non-Glaucoma/n0255.jpg,REFUGE,0,,REFUGE:image:REFUGE/Refuge/Training400/Non-Glaucoma/n0255.jpg,non-glaucoma,ae4ff0a513cedeeb0b5ac71844980e5b0c01ee3887a25b73e1b547c04e206944,train,test
REFUGE/Refuge/Training400/Non-Glaucoma/n0256.jpg,REFUGE,0,,REFUGE:image:REFUGE/Refuge/Training400/Non-Glaucoma/n0256.jpg,non-glaucoma,2d48db3f8f769c23a2365c6c2a1013dfa7e464f9335f1bfe2079d8c271a4496c,train,test
REFUGE/Refuge/Training400/Non-Glaucoma/n0257.jpg,REFUGE,0,,REFUGE:image:REFUGE/Refuge/Training400/Non-Glaucoma/n0257.jpg,non-glaucoma,418e4fc77b26e868d7ba357748fb764dc0601634282d366f4d0b5234242091a3,train,test
REFUGE/Refuge/Training400/Non-Glaucoma/n0258.jpg,REFUGE,0,,REFUGE:image:REFUGE/Refuge/Training400/Non-Glaucoma/n0258.jpg,non-glaucoma,5616b4a517fc30e86e9a1f85acce2b9d9ac87afc09d82174721914ce027e48c8,train,test
REFUGE/Refuge/Training400/Non-Glaucoma/n0259.jpg,REFUGE,0,,REFUGE:image:REFUGE/Refuge/Training400/Non-Glaucoma/n0259.jpg,non-glaucoma,110befd8a53b42c413ae4b78edaebe11871b7864ba7fc767362b1c77bb5bc583,train,test
REFUGE/Refuge/Training400/Non-Glaucoma/n0260.jpg,REFUGE,0,,REFUGE:image:REFUGE/Refuge/Training400/Non-Glaucoma/n0260.jpg,non-glaucoma,a4636be899ec90b7340355dcd397c7e5f44848764764641ac2ad52f2da74e559,train,test
REFUGE/Refuge/Training400/Non-Glaucoma/n0261.jpg,REFUGE,0,,REFUGE:image:REFUGE/Refuge/Training400/Non-Glaucoma/n0261.jpg,non-glaucoma,53f4b59d651eb79fb9acb0f19fde155129f8191281cb0e8ec02f984ecebab90a,train,test
REFUGE/Refuge/Training400/Non-Glaucoma/n0262.jpg,REFUGE,0,,REFUGE:image:REFUGE/Refuge/Training400/Non-Glaucoma/n0262.jpg,non-glaucoma,78973c70d46993a57861d964ca1442c205ba0e1cf646dafb60566ff17622ea36,train,test
REFUGE/Refuge/Training400/Non-Glaucoma/n0263.jpg,REFUGE,0,,REFUGE:image:REFUGE/Refuge/Training400/Non-Glaucoma/n0263.jpg,non-glaucoma,62083f2aa5cf0e79ce2e00b864c1b17fceb752341ff0cf6665b8a02273424f97,train,test
REFUGE/Refuge/Training400/Non-Glaucoma/n0264.jpg,REFUGE,0,,REFUGE:image:REFUGE/Refuge/Training400/Non-Glaucoma/n0264.jpg,non-glaucoma,e1181136f760bb39d15475f494cf023e1c9547a2c7fb1092d4cd09285d8b6698,val,test
REFUGE/Refuge/Training400/Non-Glaucoma/n0265.jpg,REFUGE,0,,REFUGE:image:REFUGE/Refuge/Training400/Non-Glaucoma/n0265.jpg,non-glaucoma,85653fff4dbc54db28ff912810426139814b4a6ed4b60bda928a00e035666f72,train,test
REFUGE/Refuge/Training400/Non-Glaucoma/n0266.jpg,REFUGE,0,,REFUGE:image:REFUGE/Refuge/Training400/Non-Glaucoma/n0266.jpg,non-glaucoma,8c69e75f0b440e96e1442ba8f6dd26237852d6cb95387c20353bfb3aedf603d1,train,test
REFUGE/Refuge/Training400/Non-Glaucoma/n0267.jpg,REFUGE,0,,REFUGE:image:REFUGE/Refuge/Training400/Non-Glaucoma/n0267.jpg,non-glaucoma,262d68b3962f8a098593eecfcb7b99472023757998726c65cafdbb01c42fee71,val,test
REFUGE/Refuge/Training400/Non-Glaucoma/n0268.jpg,REFUGE,0,,REFUGE:image:REFUGE/Refuge/Training400/Non-Glaucoma/n0268.jpg,non-glaucoma,f50e90e6c1516d3aa14886a85c510f709a0af25d12729ff7030420c676d1352c,train,test
REFUGE/Refuge/Training400/Non-Glaucoma/n0269.jpg,REFUGE,0,,REFUGE:image:REFUGE/Refuge/Training400/Non-Glaucoma/n0269.jpg,non-glaucoma,2042f663c78cc0f929e4f370ce737ebeb9fee3fb1a1822001a50145146a56b13,train,test
REFUGE/Refuge/Training400/Non-Glaucoma/n0270.jpg,REFUGE,0,,REFUGE:image:REFUGE/Refuge/Training400/Non-Glaucoma/n0270.jpg,non-glaucoma,7e6867f6c01acaf8f9f4cb65b94d0d5a758885cac04157f0e974ef04fcf44d9f,val,test
REFUGE/Refuge/Training400/Non-Glaucoma/n0271.jpg,REFUGE,0,,REFUGE:image:REFUGE/Refuge/Training400/Non-Glaucoma/n0271.jpg,non-glaucoma,cd36648ebbe8fca715cae5df2b86d1d454ba7687935ecac6079da168477d52b1,train,test
REFUGE/Refuge/Training400/Non-Glaucoma/n0272.jpg,REFUGE,0,,REFUGE:image:REFUGE/Refuge/Training400/Non-Glaucoma/n0272.jpg,non-glaucoma,74d5e3964093f1934957f5bd661bb0de7a667ce4c8493eda69c1dbcf66bbeb7e,train,test
REFUGE/Refuge/Training400/Non-Glaucoma/n0273.jpg,REFUGE,0,,REFUGE:image:REFUGE/Refuge/Training400/Non-Glaucoma/n0273.jpg,non-glaucoma,8a8b84573376284841cc45164babf64440da67303fcdfbd72bda6cee86c16315,val,test
REFUGE/Refuge/Training400/Non-Glaucoma/n0274.jpg,REFUGE,0,,REFUGE:image:REFUGE/Refuge/Training400/Non-Glaucoma/n0274.jpg,non-glaucoma,a35f9f011a8fa92f75677ebd3c62d140ab147b309e834ca53690c5d3f5f3e637,train,test
REFUGE/Refuge/Training400/Non-Glaucoma/n0275.jpg,REFUGE,0,,REFUGE:image:REFUGE/Refuge/Training400/Non-Glaucoma/n0275.jpg,non-glaucoma,0ccbc35f50ecf93a0d4659b80c32befcb28d73c1574ea0f60ad8484690e76ba2,train,test
REFUGE/Refuge/Training400/Non-Glaucoma/n0276.jpg,REFUGE,0,,REFUGE:image:REFUGE/Refuge/Training400/Non-Glaucoma/n0276.jpg,non-glaucoma,57204f1a371983a12770a8c745853b73851ff787b94022106319b70e316bb3e1,train,test
REFUGE/Refuge/Training400/Non-Glaucoma/n0277.jpg,REFUGE,0,,REFUGE:image:REFUGE/Refuge/Training400/Non-Glaucoma/n0277.jpg,non-glaucoma,3c12d73273a7fb7c2252cbb77469c6ecdf382fb2d78bb9604fc1e1aa0e4f6ab1,train,test
REFUGE/Refuge/Training400/Non-Glaucoma/n0278.jpg,REFUGE,0,,REFUGE:image:REFUGE/Refuge/Training400/Non-Glaucoma/n0278.jpg,non-glaucoma,bb7dc1428b23c4db18969b4dcab8ba660c5cbd4291ed25ad9eb878da0e451184,train,test
REFUGE/Refuge/Training400/Non-Glaucoma/n0279.jpg,REFUGE,0,,REFUGE:image:REFUGE/Refuge/Training400/Non-Glaucoma/n0279.jpg,non-glaucoma,161fa858130793c751e7bbfc0b136f781076c430f96fee40924a09eceb8796e1,train,test
REFUGE/Refuge/Training400/Non-Glaucoma/n0280.jpg,REFUGE,0,,REFUGE:image:REFUGE/Refuge/Training400/Non-Glaucoma/n0280.jpg,non-glaucoma,73e36bf983dfb9f1d6728d81a5a8a18ce8f62e7b83c4b1b1ce4f6ea0efe1e2b2,train,test
REFUGE/Refuge/Training400/Non-Glaucoma/n0281.jpg,REFUGE,0,,REFUGE:image:REFUGE/Refuge/Training400/Non-Glaucoma/n0281.jpg,non-glaucoma,109f77a7210f8920afebf10ef9496fe43b5e9ca250e4603982bc67fb99bce90b,train,test
REFUGE/Refuge/Training400/Non-Glaucoma/n0282.jpg,REFUGE,0,,REFUGE:image:REFUGE/Refuge/Training400/Non-Glaucoma/n0282.jpg,non-glaucoma,a070c792f0b704375e61b768dce35c8d976dcb8ce00d05ac12138d12b6d321a1,train,test
REFUGE/Refuge/Training400/Non-Glaucoma/n0283.jpg,REFUGE,0,,REFUGE:image:REFUGE/Refuge/Training400/Non-Glaucoma/n0283.jpg,non-glaucoma,312ebf6d236f5e76208603b5baac38703545f95e2bb5812c8d81783feb957014,train,test
REFUGE/Refuge/Training400/Non-Glaucoma/n0284.jpg,REFUGE,0,,REFUGE:image:REFUGE/Refuge/Training400/Non-Glaucoma/n0284.jpg,non-glaucoma,67be2dfd36b63597325c00c70d8443c5526fced65f64de9e8bd484baac6cc9b5,train,test
REFUGE/Refuge/Training400/Non-Glaucoma/n0285.jpg,REFUGE,0,,REFUGE:image:REFUGE/Refuge/Training400/Non-Glaucoma/n0285.jpg,non-glaucoma,38aeab0c52af8d62e3d6e53cd5b01b01081b85306fb4b5d7fd795abeda63fc27,val,test
REFUGE/Refuge/Training400/Non-Glaucoma/n0286.jpg,REFUGE,0,,REFUGE:image:REFUGE/Refuge/Training400/Non-Glaucoma/n0286.jpg,non-glaucoma,3881e3cd5dd8675905a681cc21f197611c52d708234fc72077e1448f7f491f3c,train,test
REFUGE/Refuge/Training400/Non-Glaucoma/n0287.jpg,REFUGE,0,,REFUGE:image:REFUGE/Refuge/Training400/Non-Glaucoma/n0287.jpg,non-glaucoma,aee385de35ab84fb98aaf9e147d1801e432b73417f7cec5ee29d5ed5f4f3bb0a,train,test
REFUGE/Refuge/Training400/Non-Glaucoma/n0288.jpg,REFUGE,0,,REFUGE:image:REFUGE/Refuge/Training400/Non-Glaucoma/n0288.jpg,non-glaucoma,8c01c5cd422ac2440c92de99f2d28396f8b2e482522e2795dde0a0e64b5b16d5,train,test
REFUGE/Refuge/Training400/Non-Glaucoma/n0289.jpg,REFUGE,0,,REFUGE:image:REFUGE/Refuge/Training400/Non-Glaucoma/n0289.jpg,non-glaucoma,e2c35bcc98fcb21e350172e9da8644896e590c45867dcc5240b0954f8df45c1a,train,test
REFUGE/Refuge/Training400/Non-Glaucoma/n0290.jpg,REFUGE,0,,REFUGE:image:REFUGE/Refuge/Training400/Non-Glaucoma/n0290.jpg,non-glaucoma,619893f4ee6285426b18c8f76207a01c4ceee81d54e3f95ccea9a32285bae05c,train,test
REFUGE/Refuge/Training400/Non-Glaucoma/n0291.jpg,REFUGE,0,,REFUGE:image:REFUGE/Refuge/Training400/Non-Glaucoma/n0291.jpg,non-glaucoma,292b9e21473cbf08cfcea7c186f0bdd9b99cf2ffcb3293e35fda0cbfada622a5,train,test
REFUGE/Refuge/Training400/Non-Glaucoma/n0292.jpg,REFUGE,0,,REFUGE:image:REFUGE/Refuge/Training400/Non-Glaucoma/n0292.jpg,non-glaucoma,5eef079019e904f12d654b187936e62f5428cea197d2290cdfd407a7b3f1225a,train,test
REFUGE/Refuge/Training400/Non-Glaucoma/n0293.jpg,REFUGE,0,,REFUGE:image:REFUGE/Refuge/Training400/Non-Glaucoma/n0293.jpg,non-glaucoma,225d1c16a9fc58bc8454a9c241fca17db8e8d0698a5a98787148e1505dc879f5,train,test
REFUGE/Refuge/Training400/Non-Glaucoma/n0294.jpg,REFUGE,0,,REFUGE:image:REFUGE/Refuge/Training400/Non-Glaucoma/n0294.jpg,non-glaucoma,a04704d8efbfd573474e2a8dfb8898bdfda046f717841f527d6e2d43b082745e,train,test
REFUGE/Refuge/Training400/Non-Glaucoma/n0295.jpg,REFUGE,0,,REFUGE:image:REFUGE/Refuge/Training400/Non-Glaucoma/n0295.jpg,non-glaucoma,5de2491b8157d522ee2ce4a6a579666d4372360f93f3440694dcbf72d7812d9e,train,test
REFUGE/Refuge/Training400/Non-Glaucoma/n0296.jpg,REFUGE,0,,REFUGE:image:REFUGE/Refuge/Training400/Non-Glaucoma/n0296.jpg,non-glaucoma,0d87d2407c0c953d036cf1c0241d596cc5b54fffd20bb65c787f370b3d65f3a8,train,test
REFUGE/Refuge/Training400/Non-Glaucoma/n0297.jpg,REFUGE,0,,REFUGE:image:REFUGE/Refuge/Training400/Non-Glaucoma/n0297.jpg,non-glaucoma,b0b4651def46296bb9138d417a5fdb6415882b4c7de4390fa27eefe7c41a5435,train,test
REFUGE/Refuge/Training400/Non-Glaucoma/n0298.jpg,REFUGE,0,,REFUGE:image:REFUGE/Refuge/Training400/Non-Glaucoma/n0298.jpg,non-glaucoma,4b69a5731d8bdd6a6b8dc9091df9e8a383d683c56b454563908319a69bb03f25,val,test
REFUGE/Refuge/Training400/Non-Glaucoma/n0299.jpg,REFUGE,0,,REFUGE:image:REFUGE/Refuge/Training400/Non-Glaucoma/n0299.jpg,non-glaucoma,5698195f075ad91dba30a92032d482619f328d3dc609e302fd568dee950aad83,train,test
REFUGE/Refuge/Training400/Non-Glaucoma/n0300.jpg,REFUGE,0,,REFUGE:image:REFUGE/Refuge/Training400/Non-Glaucoma/n0300.jpg,non-glaucoma,a0e0e1abc0f8e69c490db1a254ad0b950038e699804c58b935fab08caa77ad62,train,test
REFUGE/Refuge/Training400/Non-Glaucoma/n0301.jpg,REFUGE,0,,REFUGE:image:REFUGE/Refuge/Training400/Non-Glaucoma/n0301.jpg,non-glaucoma,6873eb2b2de3e103d88a098247377360c4061986b13f41fbe7b49fdfc12c2bf1,train,test
REFUGE/Refuge/Training400/Non-Glaucoma/n0302.jpg,REFUGE,0,,REFUGE:image:REFUGE/Refuge/Training400/Non-Glaucoma/n0302.jpg,non-glaucoma,40ca71a16e73448b4bce06742da0a3e56faf1233a3f2fc288956c3a5e27b3009,train,test
REFUGE/Refuge/Training400/Non-Glaucoma/n0303.jpg,REFUGE,0,,REFUGE:image:REFUGE/Refuge/Training400/Non-Glaucoma/n0303.jpg,non-glaucoma,959e36c4a68fd86cfd8b27fc3c0cca679d901df03ec10feff3c2e97e4063ca5f,train,test
REFUGE/Refuge/Training400/Non-Glaucoma/n0304.jpg,REFUGE,0,,REFUGE:image:REFUGE/Refuge/Training400/Non-Glaucoma/n0304.jpg,non-glaucoma,473bbb320f96ee0a08366f731aaa1a7a7415fc098884a991fc92551d93d453a5,train,test
REFUGE/Refuge/Training400/Non-Glaucoma/n0305.jpg,REFUGE,0,,REFUGE:image:REFUGE/Refuge/Training400/Non-Glaucoma/n0305.jpg,non-glaucoma,2626a7bec3974286497bf29712c42ecfac1f2f0db586874c029220856aecd11d,val,test
REFUGE/Refuge/Training400/Non-Glaucoma/n0306.jpg,REFUGE,0,,REFUGE:image:REFUGE/Refuge/Training400/Non-Glaucoma/n0306.jpg,non-glaucoma,8ebcc7209aa12c32ea0b681b9b0cbfdd242146d9766b0ef5e2a2eb6f5e46a432,train,test
REFUGE/Refuge/Training400/Non-Glaucoma/n0307.jpg,REFUGE,0,,REFUGE:image:REFUGE/Refuge/Training400/Non-Glaucoma/n0307.jpg,non-glaucoma,2051bf4b1218715d85f9743f1520fba8a7e4bc0e68f464e7654666bb07591e98,train,test
REFUGE/Refuge/Training400/Non-Glaucoma/n0308.jpg,REFUGE,0,,REFUGE:image:REFUGE/Refuge/Training400/Non-Glaucoma/n0308.jpg,non-glaucoma,ce3ff63178c5220ea6a283189b6a268defaf9ba03e027a9069f169478f8e56dc,train,test
REFUGE/Refuge/Training400/Non-Glaucoma/n0309.jpg,REFUGE,0,,REFUGE:image:REFUGE/Refuge/Training400/Non-Glaucoma/n0309.jpg,non-glaucoma,2b976d9a2fe77b19e0a798569d1cd24ceae6555a23ce1019a70acfc5694e28aa,train,test
REFUGE/Refuge/Training400/Non-Glaucoma/n0310.jpg,REFUGE,0,,REFUGE:image:REFUGE/Refuge/Training400/Non-Glaucoma/n0310.jpg,non-glaucoma,6d1e2f305e8f8b83fc5247b3cfc69b9024f9d3e5a99a722bb48ddc2def64d763,train,test
REFUGE/Refuge/Training400/Non-Glaucoma/n0311.jpg,REFUGE,0,,REFUGE:image:REFUGE/Refuge/Training400/Non-Glaucoma/n0311.jpg,non-glaucoma,556116a4f06c71f6508ec5428af853d59bdf319e60c7c8890d08b4346cef7819,train,test
REFUGE/Refuge/Training400/Non-Glaucoma/n0312.jpg,REFUGE,0,,REFUGE:image:REFUGE/Refuge/Training400/Non-Glaucoma/n0312.jpg,non-glaucoma,cc812eedfd2555fad229840ec9620d5aa563d6d0511ca8bbb5cbf9a16b5862d9,train,test
REFUGE/Refuge/Training400/Non-Glaucoma/n0313.jpg,REFUGE,0,,REFUGE:image:REFUGE/Refuge/Training400/Non-Glaucoma/n0313.jpg,non-glaucoma,32abb187a980820736b10435934aa36c666fbb1b14552124fad291d900a56df7,train,test
REFUGE/Refuge/Training400/Non-Glaucoma/n0314.jpg,REFUGE,0,,REFUGE:image:REFUGE/Refuge/Training400/Non-Glaucoma/n0314.jpg,non-glaucoma,e067c2b681460c37503eacdd30c23c418491c639735472c7b60fe51b526ee92b,train,test
REFUGE/Refuge/Training400/Non-Glaucoma/n0315.jpg,REFUGE,0,,REFUGE:image:REFUGE/Refuge/Training400/Non-Glaucoma/n0315.jpg,non-glaucoma,ac44ffc8901cf03770ae9fd00e6a4a2716f4d794944837313b1167a4a20f362d,train,test
REFUGE/Refuge/Training400/Non-Glaucoma/n0316.jpg,REFUGE,0,,REFUGE:image:REFUGE/Refuge/Training400/Non-Glaucoma/n0316.jpg,non-glaucoma,82827eef095e12003b07dea61cff8e0348593282d375457ca61ba49d3406d403,train,test
REFUGE/Refuge/Training400/Non-Glaucoma/n0317.jpg,REFUGE,0,,REFUGE:image:REFUGE/Refuge/Training400/Non-Glaucoma/n0317.jpg,non-glaucoma,6c0df3e1d5164b3727d6f73cbd2e55d78cc637f16ab588c61a6cb63d8e5cbc5b,val,test
REFUGE/Refuge/Training400/Non-Glaucoma/n0318.jpg,REFUGE,0,,REFUGE:image:REFUGE/Refuge/Training400/Non-Glaucoma/n0318.jpg,non-glaucoma,c45091d8a04ad7f9d8fcdcb7924e40d2f6e14249e16cccd58762bc97645a0377,train,test
REFUGE/Refuge/Training400/Non-Glaucoma/n0319.jpg,REFUGE,0,,REFUGE:image:REFUGE/Refuge/Training400/Non-Glaucoma/n0319.jpg,non-glaucoma,dc2971181c81e3b5aff7f95948fbcbb50e66f4bd7ce09aba49b58f47767dac4f,train,test
REFUGE/Refuge/Training400/Non-Glaucoma/n0320.jpg,REFUGE,0,,REFUGE:image:REFUGE/Refuge/Training400/Non-Glaucoma/n0320.jpg,non-glaucoma,d4cef45b403cc162c4d73781339882c8dba39e06d96348357307196dc2c912ad,train,test
REFUGE/Refuge/Training400/Non-Glaucoma/n0321.jpg,REFUGE,0,,REFUGE:image:REFUGE/Refuge/Training400/Non-Glaucoma/n0321.jpg,non-glaucoma,b35d970662afc676d2234263e7a564f99f5fef81647b916b92bd6a1758e12d04,val,test
REFUGE/Refuge/Training400/Non-Glaucoma/n0322.jpg,REFUGE,0,,REFUGE:image:REFUGE/Refuge/Training400/Non-Glaucoma/n0322.jpg,non-glaucoma,040185dde1534c5ec7c5f2deec5f2d09ec5481d1f29ff585b7b2a357e7987bae,train,test
REFUGE/Refuge/Training400/Non-Glaucoma/n0323.jpg,REFUGE,0,,REFUGE:image:REFUGE/Refuge/Training400/Non-Glaucoma/n0323.jpg,non-glaucoma,97be1d2a8292df35a7a3be29f9719416361bd450c11a7b349e304b2981bee088,train,test
REFUGE/Refuge/Training400/Non-Glaucoma/n0324.jpg,REFUGE,0,,REFUGE:image:REFUGE/Refuge/Training400/Non-Glaucoma/n0324.jpg,non-glaucoma,e2d6265c5db19e52215e6a3023053ad9e08c224466a3047d018f8037727808fe,train,test
REFUGE/Refuge/Training400/Non-Glaucoma/n0325.jpg,REFUGE,0,,REFUGE:image:REFUGE/Refuge/Training400/Non-Glaucoma/n0325.jpg,non-glaucoma,6c20f734cedefea3ba21ffdd13fa1d527cd9b37d752c8d36f743af04b01602ed,val,test
REFUGE/Refuge/Training400/Non-Glaucoma/n0326.jpg,REFUGE,0,,REFUGE:image:REFUGE/Refuge/Training400/Non-Glaucoma/n0326.jpg,non-glaucoma,1f1cc69478419c1002c0d8499a5f4bd7541e49c542c83e9e565bf8f1844231ee,train,test
REFUGE/Refuge/Training400/Non-Glaucoma/n0327.jpg,REFUGE,0,,REFUGE:image:REFUGE/Refuge/Training400/Non-Glaucoma/n0327.jpg,non-glaucoma,f444e40dc5cb617e077d593bee73fa5723cd1ec31ae3cab48014a32dcb2b5d69,val,test
REFUGE/Refuge/Training400/Non-Glaucoma/n0328.jpg,REFUGE,0,,REFUGE:image:REFUGE/Refuge/Training400/Non-Glaucoma/n0328.jpg,non-glaucoma,cb89911952e438c6ee4f50428874fb80d05de18370141dcd333f17bea747b3d3,train,test
REFUGE/Refuge/Training400/Non-Glaucoma/n0329.jpg,REFUGE,0,,REFUGE:image:REFUGE/Refuge/Training400/Non-Glaucoma/n0329.jpg,non-glaucoma,53fb9a9b6b446901f2be280a8841115d3e965544a180f391b6759e8e52099b0d,train,test
REFUGE/Refuge/Training400/Non-Glaucoma/n0330.jpg,REFUGE,0,,REFUGE:image:REFUGE/Refuge/Training400/Non-Glaucoma/n0330.jpg,non-glaucoma,21fff58a9a4859a5a48d641b3b43241895386801188b1cb439c70eacb64682ae,train,test
REFUGE/Refuge/Training400/Non-Glaucoma/n0331.jpg,REFUGE,0,,REFUGE:image:REFUGE/Refuge/Training400/Non-Glaucoma/n0331.jpg,non-glaucoma,9058abd41b9992cae0acf8a2969e6a22405938aad4eb02deba89a75a8e17bd00,train,test
REFUGE/Refuge/Training400/Non-Glaucoma/n0332.jpg,REFUGE,0,,REFUGE:image:REFUGE/Refuge/Training400/Non-Glaucoma/n0332.jpg,non-glaucoma,10ba3363761103bc182a2e8232cccbc87b8445a8eef081f8baa91fd0d8eb3933,train,test
REFUGE/Refuge/Training400/Non-Glaucoma/n0333.jpg,REFUGE,0,,REFUGE:image:REFUGE/Refuge/Training400/Non-Glaucoma/n0333.jpg,non-glaucoma,47d10c0e3e648c67e75cb61f9c45ecccbc9fffa41754905eac6255ec548f5ed2,train,test
REFUGE/Refuge/Training400/Non-Glaucoma/n0334.jpg,REFUGE,0,,REFUGE:image:REFUGE/Refuge/Training400/Non-Glaucoma/n0334.jpg,non-glaucoma,799791e7464e736e1bc0d54dabec5e56f90bb29693b86cb4765a8dbf01fe3dd2,train,test
REFUGE/Refuge/Training400/Non-Glaucoma/n0335.jpg,REFUGE,0,,REFUGE:image:REFUGE/Refuge/Training400/Non-Glaucoma/n0335.jpg,non-glaucoma,ebfb56575498faf32585aabf257d8124648c3d387c333962412de48d8fb84cc7,train,test
REFUGE/Refuge/Training400/Non-Glaucoma/n0336.jpg,REFUGE,0,,REFUGE:image:REFUGE/Refuge/Training400/Non-Glaucoma/n0336.jpg,non-glaucoma,46161b236489f174b459c8e6892d292a5790d79af27fbfac9e15b8a8fe265f0b,train,test
REFUGE/Refuge/Training400/Non-Glaucoma/n0337.jpg,REFUGE,0,,REFUGE:image:REFUGE/Refuge/Training400/Non-Glaucoma/n0337.jpg,non-glaucoma,698d8abd9e1759c1a3c09adebe14d90ca18ffc2babcafd77e8b3c8b3c8ae2ad6,train,test
REFUGE/Refuge/Training400/Non-Glaucoma/n0338.jpg,REFUGE,0,,REFUGE:image:REFUGE/Refuge/Training400/Non-Glaucoma/n0338.jpg,non-glaucoma,e21a202a9e4f16bf961c4faaa90ab619f4765cc075ed96633e65827775cf4cf5,train,test
REFUGE/Refuge/Training400/Non-Glaucoma/n0339.jpg,REFUGE,0,,REFUGE:image:REFUGE/Refuge/Training400/Non-Glaucoma/n0339.jpg,non-glaucoma,44250f5be6356c338b16aff048d427974699831b03e17d24ca0e858afb56e941,train,test
REFUGE/Refuge/Training400/Non-Glaucoma/n0340.jpg,REFUGE,0,,REFUGE:image:REFUGE/Refuge/Training400/Non-Glaucoma/n0340.jpg,non-glaucoma,e468c4b1438a15372a9c2caf2a2ab4c84253833cf44d016f01fc31e29644f85d,train,test
REFUGE/Refuge/Training400/Non-Glaucoma/n0341.jpg,REFUGE,0,,REFUGE:image:REFUGE/Refuge/Training400/Non-Glaucoma/n0341.jpg,non-glaucoma,5e82b5aa75a05c8b5b12fc07c204902ff9355987ef45a41cfe329e8e98996bd8,train,test
REFUGE/Refuge/Training400/Non-Glaucoma/n0342.jpg,REFUGE,0,,REFUGE:image:REFUGE/Refuge/Training400/Non-Glaucoma/n0342.jpg,non-glaucoma,6bc332aa2d1721fb72f760f4abf451c3b9823196485b9dda25a9ef91610f8b36,train,test
REFUGE/Refuge/Training400/Non-Glaucoma/n0343.jpg,REFUGE,0,,REFUGE:image:REFUGE/Refuge/Training400/Non-Glaucoma/n0343.jpg,non-glaucoma,06bce36059e93a1000abba4527e2ffa7407281c806a5b59b1061a5575f9eacf8,train,test
REFUGE/Refuge/Training400/Non-Glaucoma/n0344.jpg,REFUGE,0,,REFUGE:image:REFUGE/Refuge/Training400/Non-Glaucoma/n0344.jpg,non-glaucoma,5bd5c5196db213ed3ebccb5f1ed26498f242299933fb0a1f85d24da8340441ca,val,test
REFUGE/Refuge/Training400/Non-Glaucoma/n0345.jpg,REFUGE,0,,REFUGE:image:REFUGE/Refuge/Training400/Non-Glaucoma/n0345.jpg,non-glaucoma,9478c7dc938b44b71d255ef1d75c2e4b27e9177e8bf471c8cd92d02fe9f0c06b,train,test
REFUGE/Refuge/Training400/Non-Glaucoma/n0346.jpg,REFUGE,0,,REFUGE:image:REFUGE/Refuge/Training400/Non-Glaucoma/n0346.jpg,non-glaucoma,126395577325a780561d98c335f15bbfc9c8ae83c2c791c440a0748563b6e3ab,train,test
REFUGE/Refuge/Training400/Non-Glaucoma/n0347.jpg,REFUGE,0,,REFUGE:image:REFUGE/Refuge/Training400/Non-Glaucoma/n0347.jpg,non-glaucoma,171c8c5bcc4d79f4c346804208bdcb062840107e676f641b1623b7067a2fb59f,train,test
REFUGE/Refuge/Training400/Non-Glaucoma/n0348.jpg,REFUGE,0,,REFUGE:image:REFUGE/Refuge/Training400/Non-Glaucoma/n0348.jpg,non-glaucoma,03731579bcc1fc6b0da09be505a825945fdc90a3a034c8a8706f2b6b1b5128b1,train,test
REFUGE/Refuge/Training400/Non-Glaucoma/n0349.jpg,REFUGE,0,,REFUGE:image:REFUGE/Refuge/Training400/Non-Glaucoma/n0349.jpg,non-glaucoma,9f4f5a87dcab32e0fb57e5caee9bf4d5f1a5ca953295aa0e8e157d2d64c5c9aa,train,test
REFUGE/Refuge/Training400/Non-Glaucoma/n0350.jpg,REFUGE,0,,REFUGE:image:REFUGE/Refuge/Training400/Non-Glaucoma/n0350.jpg,non-glaucoma,cfd77f08890206ee462ae133a5c197cf9d6581494d74b6a4408671278948a3b2,train,test
REFUGE/Refuge/Training400/Non-Glaucoma/n0351.jpg,REFUGE,0,,REFUGE:image:REFUGE/Refuge/Training400/Non-Glaucoma/n0351.jpg,non-glaucoma,7408674dd26cfac60fc457467de1949836e3a5cc6eafd69088419735e94bc110,train,test
REFUGE/Refuge/Training400/Non-Glaucoma/n0352.jpg,REFUGE,0,,REFUGE:image:REFUGE/Refuge/Training400/Non-Glaucoma/n0352.jpg,non-glaucoma,f633baf7e6da207ef932e5b3fd339bd6d93cabf051eaccc292de4cdb01dd0369,train,test
REFUGE/Refuge/Training400/Non-Glaucoma/n0353.jpg,REFUGE,0,,REFUGE:image:REFUGE/Refuge/Training400/Non-Glaucoma/n0353.jpg,non-glaucoma,84f125e19d265b2218ae1e31246283d41fa3aeb72d6d8c1d979be156a2890baf,train,test
REFUGE/Refuge/Training400/Non-Glaucoma/n0354.jpg,REFUGE,0,,REFUGE:image:REFUGE/Refuge/Training400/Non-Glaucoma/n0354.jpg,non-glaucoma,75511d0cc0474333b570fd42bdffa9a954d51a8e2d1c51d4c304eb5c201e3a66,train,test
REFUGE/Refuge/Training400/Non-Glaucoma/n0355.jpg,REFUGE,0,,REFUGE:image:REFUGE/Refuge/Training400/Non-Glaucoma/n0355.jpg,non-glaucoma,fcda22bb19b35a4bf18e9bc6807987b83049261d0dbfffda0a2452d761419f54,val,test
REFUGE/Refuge/Training400/Non-Glaucoma/n0356.jpg,REFUGE,0,,REFUGE:image:REFUGE/Refuge/Training400/Non-Glaucoma/n0356.jpg,non-glaucoma,e20f5f9551544735d819ce4acd88786d30cb01a789049cc9ef5052307ed1cb34,train,test
REFUGE/Refuge/Training400/Non-Glaucoma/n0357.jpg,REFUGE,0,,REFUGE:image:REFUGE/Refuge/Training400/Non-Glaucoma/n0357.jpg,non-glaucoma,9d5f614543a18b3f3411a93684dc3a0647fab0b8d32ac6c5f4dab731a362ddd6,train,test
REFUGE/Refuge/Training400/Non-Glaucoma/n0358.jpg,REFUGE,0,,REFUGE:image:REFUGE/Refuge/Training400/Non-Glaucoma/n0358.jpg,non-glaucoma,f4c7912aa18c819358215a64312e20480276e3c976a1062b996766691059666a,train,test
REFUGE/Refuge/Training400/Non-Glaucoma/n0359.jpg,REFUGE,0,,REFUGE:image:REFUGE/Refuge/Training400/Non-Glaucoma/n0359.jpg,non-glaucoma,fdab1b9a246700dc6bf571c98cfbd5fef768ccf5b03ef679ace6111a8cd19391,train,test
REFUGE/Refuge/Training400/Non-Glaucoma/n0360.jpg,REFUGE,0,,REFUGE:image:REFUGE/Refuge/Training400/Non-Glaucoma/n0360.jpg,non-glaucoma,c8abae6aa3ba8370709f61346e3ecd33ba69a835286cb0f4f5710ac8283e1679,train,test
