image_id,patient_id,path,label,split,eye,image_path,disc_exp1,cup_exp1,disc_exp2,cup_exp2,sha256
RET004OD,RET004,data/PAPILA/PapilaDB-PAPILA-9c67b80983805f0f886b068af800ef2b507e7dc0/FundusImages/RET004OD.jpg,1,train,OD,PAPILA/PapilaDB-PAPILA-9c67b80983805f0f886b068af800ef2b507e7dc0/FundusImages/RET004OD.jpg,data/PAPILA/PapilaDB-PAPILA-9c67b80983805f0f886b068af800ef2b507e7dc0/ExpertsSegmentations/Contours/RET004OD_disc_exp1.txt,data/PAPILA/PapilaDB-PAPILA-9c67b80983805f0f886b068af800ef2b507e7dc0/ExpertsSegmentations/Contours/RET004OD_cup_exp1.txt,data/PAPILA/PapilaDB-PAPILA-9c67b80983805f0f886b068af800ef2b507e7dc0/ExpertsSegmentations/Contours/RET004OD_disc_exp2.txt,data/PAPILA/PapilaDB-PAPILA-9c67b80983805f0f886b068af800ef2b507e7dc0/ExpertsSegmentations/Contours/RET004OD_cup_exp2.txt,6cb2568e36073234b9e212a1fbd6f1726346c7437c6ef572ab45c6c9cc508d1b
RET004OS,RET004,data/PAPILA/PapilaDB-PAPILA-9c67b80983805f0f886b068af800ef2b507e7dc0/FundusImages/RET004OS.jpg,1,train,OS,PAPILA/PapilaDB-PAPILA-9c67b80983805f0f886b068af800ef2b507e7dc0/FundusImages/RET004OS.jpg,data/PAPILA/PapilaDB-PAPILA-9c67b80983805f0f886b068af800ef2b507e7dc0/ExpertsSegmentations/Contours/RET004OS_disc_exp1.txt,data/PAPILA/PapilaDB-PAPILA-9c67b80983805f0f886b068af800ef2b507e7dc0/ExpertsSegmentations/Contours/RET004OS_cup_exp1.txt,data/PAPILA/PapilaDB-PAPILA-9c67b80983805f0f886b068af800ef2b507e7dc0/ExpertsSegmentations/Contours/RET004OS_disc_exp2.txt,data/PAPILA/PapilaDB-PAPILA-9c67b80983805f0f886b068af800ef2b507e7dc0/ExpertsSegmentations/Contours/RET004OS_cup_exp2.txt,078390b2c8c2e6c3101d94bf27d7ef068f1ae7aab979d29d7970e4645cb18333
RET005OD,RET005,data/PAPILA/PapilaDB-PAPILA-9c67b80983805f0f886b068af800ef2b507e7dc0/FundusImages/RET005OD.jpg,1,train,OD,PAPILA/PapilaDB-PAPILA-9c67b80983805f0f886b068af800ef2b507e7dc0/FundusImages/RET005OD.jpg,data/PAPILA/PapilaDB-PAPILA-9c67b80983805f0f886b068af800ef2b507e7dc0/ExpertsSegmentations/Contours/RET005OD_disc_exp1.txt,data/PAPILA/PapilaDB-PAPILA-9c67b80983805f0f886b068af800ef2b507e7dc0/ExpertsSegmentations/Contours/RET005OD_cup_exp1.txt,data/PAPILA/PapilaDB-PAPILA-9c67b80983805f0f886b068af800ef2b507e7dc0/ExpertsSegmentations/Contours/RET005OD_disc_exp2.txt,data/PAPILA/PapilaDB-PAPILA-9c67b80983805f0f886b068af800ef2b507e7dc0/ExpertsSegmentations/Contours/RET005OD_cup_exp2.txt,5ca05b17e1b02426d8e2628ca95ed0566b6ec4b58c8d3b45e37de0b1dbff36c4
RET005OS,RET005,data/PAPILA/PapilaDB-PAPILA-9c67b80983805f0f886b068af800ef2b507e7dc0/FundusImages/RET005OS.jpg,1,train,OS,PAPILA/PapilaDB-PAPILA-9c67b80983805f0f886b068af800ef2b507e7dc0/FundusImages/RET005OS.jpg,data/PAPILA/PapilaDB-PAPILA-9c67b80983805f0f886b068af800ef2b507e7dc0/ExpertsSegmentations/Contours/RET005OS_disc_exp1.txt,data/PAPILA/PapilaDB-PAPILA-9c67b80983805f0f886b068af800ef2b507e7dc0/ExpertsSegmentations/Contours/RET005OS_cup_exp1.txt,data/PAPILA/PapilaDB-PAPILA-9c67b80983805f0f886b068af800ef2b507e7dc0/ExpertsSegmentations/Contours/RET005OS_disc_exp2.txt,data/PAPILA/PapilaDB-PAPILA-9c67b80983805f0f886b068af800ef2b507e7dc0/ExpertsSegmentations/Contours/RET005OS_cup_exp2.txt,fb764b9613ff14e5315172990c0d52d238ecf0b7a44cf703f52fd9d578f4a63a
RET010OD,RET010,data/PAPILA/PapilaDB-PAPILA-9c67b80983805f0f886b068af800ef2b507e7dc0/FundusImages/RET010OD.jpg,1,train,OD,PAPILA/PapilaDB-PAPILA-9c67b80983805f0f886b068af800ef2b507e7dc0/FundusImages/RET010OD.jpg,data/PAPILA/PapilaDB-PAPILA-9c67b80983805f0f886b068af800ef2b507e7dc0/ExpertsSegmentations/Contours/RET010OD_disc_exp1.txt,data/PAPILA/PapilaDB-PAPILA-9c67b80983805f0f886b068af800ef2b507e7dc0/ExpertsSegmentations/Contours/RET010OD_cup_exp1.txt,data/PAPILA/PapilaDB-PAPILA-9c67b80983805f0f886b068af800ef2b507e7dc0/ExpertsSegmentations/Contours/RET010OD_disc_exp2.txt,data/PAPILA/PapilaDB-PAPILA-9c67b80983805f0f886b068af800ef2b507e7dc0/ExpertsSegmentations/Contours/RET010OD_cup_exp2.txt,76f4507a7095384e77fe329e3459fa5d2d16df6eebb0a76ff38a1d17d7cb5635
RET010OS,RET010,data/PAPILA/PapilaDB-PAPILA-9c67b80983805f0f886b068af800ef2b507e7dc0/FundusImages/RET010OS.jpg,1,train,OS,PAPILA/PapilaDB-PAPILA-9c67b80983805f0f886b068af800ef2b507e7dc0/FundusImages/RET010OS.jpg,data/PAPILA/PapilaDB-PAPILA-9c67b80983805f0f886b068af800ef2b507e7dc0/ExpertsSegmentations/Contours/RET010OS_disc_exp1.txt,data/PAPILA/PapilaDB-PAPILA-9c67b80983805f0f886b068af800ef2b507e7dc0/ExpertsSegmentations/Contours/RET010OS_cup_exp1.txt,data/PAPILA/PapilaDB-PAPILA-9c67b80983805f0f886b068af800ef2b507e7dc0/ExpertsSegmentations/Contours/RET010OS_disc_exp2.txt,data/PAPILA/PapilaDB-PAPILA-9c67b80983805f0f886b068af800ef2b507e7dc0/ExpertsSegmentations/Contours/RET010OS_cup_exp2.txt,4b2f4d4fdedb7b3ca18c61a9d424dedf771e6fd218f743bf4007f12b35ccb0b7
RET013OD,RET013,data/PAPILA/PapilaDB-PAPILA-9c67b80983805f0f886b068af800ef2b507e7dc0/FundusImages/RET013OD.jpg,1,train,OD,PAPILA/PapilaDB-PAPILA-9c67b80983805f0f886b068af800ef2b507e7dc0/FundusImages/RET013OD.jpg,data/PAPILA/PapilaDB-PAPILA-9c67b80983805f0f886b068af800ef2b507e7dc0/ExpertsSegmentations/Contours/RET013OD_disc_exp1.txt,data/PAPILA/PapilaDB-PAPILA-9c67b80983805f0f886b068af800ef2b507e7dc0/ExpertsSegmentations/Contours/RET013OD_cup_exp1.txt,data/PAPILA/PapilaDB-PAPILA-9c67b80983805f0f886b068af800ef2b507e7dc0/ExpertsSegmentations/Contours/RET013OD_disc_exp2.txt,data/PAPILA/PapilaDB-PAPILA-9c67b80983805f0f886b068af800ef2b507e7dc0/ExpertsSegmentations/Contours/RET013OD_cup_exp2.txt,586ad8bf0bc0a19ef07a8a698888c04e7204c5efc07c54c05a07b8b12cc7d693
RET013OS,RET013,data/PAPILA/PapilaDB-PAPILA-9c67b80983805f0f886b068af800ef2b507e7dc0/FundusImages/RET013OS.jpg,1,train,OS,PAPILA/PapilaDB-PAPILA-9c67b80983805f0f886b068af800ef2b507e7dc0/FundusImages/RET013OS.jpg,data/PAPILA/PapilaDB-PAPILA-9c67b80983805f0f886b068af800ef2b507e7dc0/ExpertsSegmentations/Contours/RET013OS_disc_exp1.txt,data/PAPILA/PapilaDB-PAPILA-9c67b80983805f0f886b068af800ef2b507e7dc0/ExpertsSegmentations/Contours/RET013OS_cup_exp1.txt,data/PAPILA/PapilaDB-PAPILA-9c67b80983805f0f886b068af800ef2b507e7dc0/ExpertsSegmentations/Contours/RET013OS_disc_exp2.txt,data/PAPILA/PapilaDB-PAPILA-9c67b80983805f0f886b068af800ef2b507e7dc0/ExpertsSegmentations/Contours/RET013OS_cup_exp2.txt,a12b7edae3901739688d2a9ccd5331e69092bb1838ba95b27a9e61bf7f0a2ae3
RET014OD,RET014,data/PAPILA/PapilaDB-PAPILA-9c67b80983805f0f886b068af800ef2b507e7dc0/FundusImages/RET014OD.jpg,1,train,OD,PAPILA/PapilaDB-PAPILA-9c67b80983805f0f886b068af800ef2b507e7dc0/FundusImages/RET014OD.jpg,data/PAPILA/PapilaDB-PAPILA-9c67b80983805f0f886b068af800ef2b507e7dc0/ExpertsSegmentations/Contours/RET014OD_disc_exp1.txt,data/PAPILA/PapilaDB-PAPILA-9c67b80983805f0f886b068af800ef2b507e7dc0/ExpertsSegmentations/Contours/RET014OD_cup_exp1.txt,data/PAPILA/PapilaDB-PAPILA-9c67b80983805f0f886b068af800ef2b507e7dc0/ExpertsSegmentations/Contours/RET014OD_disc_exp2.txt,data/PAPILA/PapilaDB-PAPILA-9c67b80983805f0f886b068af800ef2b507e7dc0/ExpertsSegmentations/Contours/RET014OD_cup_exp2.txt,e55cce9feb222da757a9c19c02fa4f6ed2093c61082232c562bf45d34d9b67ba
RET014OS,RET014,data/PAPILA/PapilaDB-PAPILA-9c67b80983805f0f886b068af800ef2b507e7dc0/FundusImages/RET014OS.jpg,1,train,OS,PAPILA/PapilaDB-PAPILA-9c67b80983805f0f886b068af800ef2b507e7dc0/FundusImages/RET014OS.jpg,data/PAPILA/PapilaDB-PAPILA-9c67b80983805f0f886b068af800ef2b507e7dc0/ExpertsSegmentations/Contours/RET014OS_disc_exp1.txt,data/PAPILA/PapilaDB-PAPILA-9c67b80983805f0f886b068af800ef2b507e7dc0/ExpertsSegmentations/Contours/RET014OS_cup_exp1.txt,data/PAPILA/PapilaDB-PAPILA-9c67b80983805f0f886b068af800ef2b507e7dc0/ExpertsSegmentations/Contours/RET014OS_disc_exp2.txt,data/PAPILA/PapilaDB-PAPILA-9c67b80983805f0f886b068af800ef2b507e7dc0/ExpertsSegmentations/Contours/RET014OS_cup_exp2.txt,f41441a5ac4c704fb0ecdc2155f9200c5fcdbf5d15f81788f1e948db9b896412
RET015OD,RET015,data/PAPILA/PapilaDB-PAPILA-9c67b80983805f0f886b068af800ef2b507e7dc0/FundusImages/RET015OD.jpg,1,val,OD,PAPILA/PapilaDB-PAPILA-9c67b80983805f0f886b068af800ef2b507e7dc0/FundusImages/RET015OD.jpg,data/PAPILA/PapilaDB-PAPILA-9c67b80983805f0f886b068af800ef2b507e7dc0/ExpertsSegmentations/Contours/RET015OD_disc_exp1.txt,data/PAPILA/PapilaDB-PAPILA-9c67b80983805f0f886b068af800ef2b507e7dc0/ExpertsSegmentations/Contours/RET015OD_cup_exp1.txt,data/PAPILA/PapilaDB-PAPILA-9c67b80983805f0f886b068af800ef2b507e7dc0/ExpertsSegmentations/Contours/RET015OD_disc_exp2.txt,data/PAPILA/PapilaDB-PAPILA-9c67b80983805f0f886b068af800ef2b507e7dc0/ExpertsSegmentations/Contours/RET015OD_cup_exp2.txt,7ae7487cf972077a24e75903f6125486be031ddd92f45359bf80b319acfe8a77
RET015OS,RET015,data/PAPILA/PapilaDB-PAPILA-9c67b80983805f0f886b068af800ef2b507e7dc0/FundusImages/RET015OS.jpg,1,val,OS,PAPILA/PapilaDB-PAPILA-9c67b80983805f0f886b068af800ef2b507e7dc0/FundusImages/RET015OS.jpg,data/PAPILA/PapilaDB-PAPILA-9c67b80983805f0f886b068af800ef2b507e7dc0/ExpertsSegmentations/Contours/RET015OS_disc_exp1.txt,data/PAPILA/PapilaDB-PAPILA-9c67b80983805f0f886b068af800ef2b507e7dc0/ExpertsSegmentations/Contours/RET015OS_cup_exp1.txt,data/PAPILA/PapilaDB-PAPILA-9c67b80983805f0f886b068af800ef2b507e7dc0/ExpertsSegmentations/Contours/RET015OS_disc_exp2.txt,data/PAPILA/PapilaDB-PAPILA-9c67b80983805f0f886b068af800ef2b507e7dc0/ExpertsSegmentations/Contours/RET015OS_cup_exp2.txt,5a72632904a58dbb9ae5f29660cc6a9557ca089e11adeb65fa505bd685c17870
RET016OD,RET016,data/PAPILA/PapilaDB-PAPILA-9c67b80983805f0f886b068af800ef2b507e7dc0/FundusImages/RET016OD.jpg,1,test,OD,PAPILA/PapilaDB-PAPILA-9c67b80983805f0f886b068af800ef2b507e7dc0/FundusImages/RET016OD.jpg,data/PAPILA/PapilaDB-PAPILA-9c67b80983805f0f886b068af800ef2b507e7dc0/ExpertsSegmentations/Contours/RET016OD_disc_exp1.txt,data/PAPILA/PapilaDB-PAPILA-9c67b80983805f0f886b068af800ef2b507e7dc0/ExpertsSegmentations/Contours/RET016OD_cup_exp1.txt,data/PAPILA/PapilaDB-PAPILA-9c67b80983805f0f886b068af800ef2b507e7dc0/ExpertsSegmentations/Contours/RET016OD_disc_exp2.txt,data/PAPILA/PapilaDB-PAPILA-9c67b80983805f0f886b068af800ef2b507e7dc0/ExpertsSegmentations/Contours/RET016OD_cup_exp2.txt,498469311d7a6c6161206bebc998119432020a4d5b75abf218b85264e27c9867
RET016OS,RET016,data/PAPILA/PapilaDB-PAPILA-9c67b80983805f0f886b068af800ef2b507e7dc0/FundusImages/RET016OS.jpg,1,test,OS,PAPILA/PapilaDB-PAPILA-9c67b80983805f0f886b068af800ef2b507e7dc0/FundusImages/RET016OS.jpg,data/PAPILA/PapilaDB-PAPILA-9c67b80983805f0f886b068af800ef2b507e7dc0/ExpertsSegmentations/Contours/RET016OS_disc_exp1.txt,data/PAPILA/PapilaDB-PAPILA-9c67b80983805f0f886b068af800ef2b507e7dc0/ExpertsSegmentations/Contours/RET016OS_cup_exp1.txt,data/PAPILA/PapilaDB-PAPILA-9c67b80983805f0f886b068af800ef2b507e7dc0/ExpertsSegmentations/Contours/RET016OS_disc_exp2.txt,data/PAPILA/PapilaDB-PAPILA-9c67b80983805f0f886b068af800ef2b507e7dc0/ExpertsSegmentations/Contours/RET016OS_cup_exp2.txt,a6b595b80f9353f616f92c1d34b7d881c2546c47b3b8dde265c5478c2e6c9244
RET019OD,RET019,data/PAPILA/PapilaDB-PAPILA-9c67b80983805f0f886b068af800ef2b507e7dc0/FundusImages/RET019OD.jpg,1,train,OD,PAPILA/PapilaDB-PAPILA-9c67b80983805f0f886b068af800ef2b507e7dc0/FundusImages/RET019OD.jpg,data/PAPILA/PapilaDB-PAPILA-9c67b80983805f0f886b068af800ef2b507e7dc0/ExpertsSegmentations/Contours/RET019OD_disc_exp1.txt,data/PAPILA/PapilaDB-PAPILA-9c67b80983805f0f886b068af800ef2b507e7dc0/ExpertsSegmentations/Contours/RET019OD_cup_exp1.txt,data/PAPILA/PapilaDB-PAPILA-9c67b80983805f0f886b068af800ef2b507e7dc0/ExpertsSegmentations/Contours/RET019OD_disc_exp2.txt,data/PAPILA/PapilaDB-PAPILA-9c67b80983805f0f886b068af800ef2b507e7dc0/ExpertsSegmentations/Contours/RET019OD_cup_exp2.txt,a82f39be138ef70c73f37c064359f5943ebada9a61b243704378393dc36dd6c1
RET019OS,RET019,data/PAPILA/PapilaDB-PAPILA-9c67b80983805f0f886b068af800ef2b507e7dc0/FundusImages/RET019OS.jpg,1,train,OS,PAPILA/PapilaDB-PAPILA-9c67b80983805f0f886b068af800ef2b507e7dc0/FundusImages/RET019OS.jpg,data/PAPILA/PapilaDB-PAPILA-9c67b80983805f0f886b068af800ef2b507e7dc0/ExpertsSegmentations/Contours/RET019OS_disc_exp1.txt,data/PAPILA/PapilaDB-PAPILA-9c67b80983805f0f886b068af800ef2b507e7dc0/ExpertsSegmentations/Contours/RET019OS_cup_exp1.txt,data/PAPILA/PapilaDB-PAPILA-9c67b80983805f0f886b068af800ef2b507e7dc0/ExpertsSegmentations/Contours/RET019OS_disc_exp2.txt,data/PAPILA/PapilaDB-PAPILA-9c67b80983805f0f886b068af800ef2b507e7dc0/ExpertsSegmentations/Contours/RET019OS_cup_exp2.txt,c4d09eb905fba4de2d6134a4ed742b145d8ea79e1043adb136b34bb198330f00
RET020OD,RET020,data/PAPILA/PapilaDB-PAPILA-9c67b80983805f0f886b068af800ef2b507e7dc0/FundusImages/RET020OD.jpg,1,train,OD,PAPILA/PapilaDB-PAPILA-9c67b80983805f0f886b068af800ef2b507e7dc0/FundusImages/RET020OD.jpg,data/PAPILA/PapilaDB-PAPILA-9c67b80983805f0f886b068af800ef2b507e7dc0/ExpertsSegmentations/Contours/RET020OD_disc_exp1.txt,data/PAPILA/PapilaDB-PAPILA-9c67b80983805f0f886b068af800ef2b507e7dc0/ExpertsSegmentations/Contours/RET020OD_cup_exp1.txt,data/PAPILA/PapilaDB-PAPILA-9c67b80983805f0f886b068af800ef2b507e7dc0/ExpertsSegmentations/Contours/RET020OD_disc_exp2.txt,data/PAPILA/PapilaDB-PAPILA-9c67b80983805f0f886b068af800ef2b507e7dc0/ExpertsSegmentations/Contours/RET020OD_cup_exp2.txt,1d58ed2ed782baa38e646524ebbea3b27a83c17c85651a88f192fe841cf2be06
RET020OS,RET020,data/PAPILA/PapilaDB-PAPILA-9c67b80983805f0f886b068af800ef2b507e7dc0/FundusImages/RET020OS.jpg,1,train,OS,PAPILA/PapilaDB-PAPILA-9c67b80983805f0f886b068af800ef2b507e7dc0/FundusImages/RET020OS.jpg,data/PAPILA/PapilaDB-PAPILA-9c67b80983805f0f886b068af800ef2b507e7dc0/ExpertsSegmentations/Contours/RET020OS_disc_exp1.txt,data/PAPILA/PapilaDB-PAPILA-9c67b80983805f0f886b068af800ef2b507e7dc0/ExpertsSegmentations/Contours/RET020OS_cup_exp1.txt,data/PAPILA/PapilaDB-PAPILA-9c67b80983805f0f886b068af800ef2b507e7dc0/ExpertsSegmentations/Contours/RET020OS_disc_exp2.txt,data/PAPILA/PapilaDB-PAPILA-9c67b80983805f0f886b068af800ef2b507e7dc0/ExpertsSegmentations/Contours/RET020OS_cup_exp2.txt,88879dae21284ccc57ef2f0e304524cc5c62dd12f997b94df953d4af1a5199d3
RET021OD,RET021,data/PAPILA/PapilaDB-PAPILA-9c67b80983805f0f886b068af800ef2b507e7dc0/FundusImages/RET021OD.jpg,1,val,OD,PAPILA/PapilaDB-PAPILA-9c67b80983805f0f886b068af800ef2b507e7dc0/FundusImages/RET021OD.jpg,data/PAPILA/PapilaDB-PAPILA-9c67b80983805f0f886b068af800ef2b507e7dc0/ExpertsSegmentations/Contours/RET021OD_disc_exp1.txt,data/PAPILA/PapilaDB-PAPILA-9c67b80983805f0f886b068af800ef2b507e7dc0/ExpertsSegmentations/Contours/RET021OD_cup_exp1.txt,data/PAPILA/PapilaDB-PAPILA-9c67b80983805f0f886b068af800ef2b507e7dc0/ExpertsSegmentations/Contours/RET021OD_disc_exp2.txt,data/PAPILA/PapilaDB-PAPILA-9c67b80983805f0f886b068af800ef2b507e7dc0/ExpertsSegmentations/Contours/RET021OD_cup_exp2.txt,0f7b028fee91bd497b0049ad53e2aa5464281df6e7eba0846c084949b228b481
RET021OS,RET021,data/PAPILA/PapilaDB-PAPILA-9c67b80983805f0f886b068af800ef2b507e7dc0/FundusImages/RET021OS.jpg,1,val,OS,PAPILA/PapilaDB-PAPILA-9c67b80983805f0f886b068af800ef2b507e7dc0/FundusImages/RET021OS.jpg,data/PAPILA/PapilaDB-PAPILA-9c67b80983805f0f886b068af800ef2b507e7dc0/ExpertsSegmentations/Contours/RET021OS_disc_exp1.txt,data/PAPILA/PapilaDB-PAPILA-9c67b80983805f0f886b068af800ef2b507e7dc0/ExpertsSegmentations/Contours/RET021OS_cup_exp1.txt,data/PAPILA/PapilaDB-PAPILA-9c67b80983805f0f886b068af800ef2b507e7dc0/ExpertsSegmentations/Contours/RET021OS_disc_exp2.txt,data/PAPILA/PapilaDB-PAPILA-9c67b80983805f0f886b068af800ef2b507e7dc0/ExpertsSegmentations/Contours/RET021OS_cup_exp2.txt,06978e3bc34a965f76c05b04357eee7b187a46bcb58b280bf643b11d8d4a4dbb
RET023OD,RET023,data/PAPILA/PapilaDB-PAPILA-9c67b80983805f0f886b068af800ef2b507e7dc0/FundusImages/RET023OD.jpg,1,train,OD,PAPILA/PapilaDB-PAPILA-9c67b80983805f0f886b068af800ef2b507e7dc0/FundusImages/RET023OD.jpg,data/PAPILA/PapilaDB-PAPILA-9c67b80983805f0f886b068af800ef2b507e7dc0/ExpertsSegmentations/Contours/RET023OD_disc_exp1.txt,data/PAPILA/PapilaDB-PAPILA-9c67b80983805f0f886b068af800ef2b507e7dc0/ExpertsSegmentations/Contours/RET023OD_cup_exp1.txt,data/PAPILA/PapilaDB-PAPILA-9c67b80983805f0f886b068af800ef2b507e7dc0/ExpertsSegmentations/Contours/RET023OD_disc_exp2.txt,data/PAPILA/PapilaDB-PAPILA-9c67b80983805f0f886b068af800ef2b507e7dc0/ExpertsSegmentations/Contours/RET023OD_cup_exp2.txt,53710794bc7e5a5446eafe7f6961de4b0b2f2cf6cdd05573867ff2d2aaeb80a0
RET023OS,RET023,data/PAPILA/PapilaDB-PAPILA-9c67b80983805f0f886b068af800ef2b507e7dc0/FundusImages/RET023OS.jpg,1,train,OS,PAPILA/PapilaDB-PAPILA-9c67b80983805f0f886b068af800ef2b507e7dc0/FundusImages/RET023OS.jpg,data/PAPILA/PapilaDB-PAPILA-9c67b80983805f0f886b068af800ef2b507e7dc0/ExpertsSegmentations/Contours/RET023OS_disc_exp1.txt,data/PAPILA/PapilaDB-PAPILA-9c67b80983805f0f886b068af800ef2b507e7dc0/ExpertsSegmentations/Contours/RET023OS_cup_exp1.txt,data/PAPILA/PapilaDB-PAPILA-9c67b80983805f0f886b068af800ef2b507e7dc0/ExpertsSegmentations/Contours/RET023OS_disc_exp2.txt,data/PAPILA/PapilaDB-PAPILA-9c67b80983805f0f886b068af800ef2b507e7dc0/ExpertsSegmentations/Contours/RET023OS_cup_exp2.txt,0cfdc3e00c10e3dbc57f0970b890e5ec34f1cbe33bd5b6da1aca25f688218747
RET025OD,RET025,data/PAPILA/PapilaDB-PAPILA-9c67b80983805f0f886b068af800ef2b507e7dc0/FundusImages/RET025OD.jpg,1,test,OD,PAPILA/PapilaDB-PAPILA-9c67b80983805f0f886b068af800ef2b507e7dc0/FundusImages/RET025OD.jpg,data/PAPILA/PapilaDB-PAPILA-9c67b80983805f0f886b068af800ef2b507e7dc0/ExpertsSegmentations/Contours/RET025OD_disc_exp1.txt,data/PAPILA/PapilaDB-PAPILA-9c67b80983805f0f886b068af800ef2b507e7dc0/ExpertsSegmentations/Contours/RET025OD_cup_exp1.txt,data/PAPILA/PapilaDB-PAPILA-9c67b80983805f0f886b068af800ef2b507e7dc0/ExpertsSegmentations/Contours/RET025OD_disc_exp2.txt,data/PAPILA/PapilaDB-PAPILA-9c67b80983805f0f886b068af800ef2b507e7dc0/ExpertsSegmentations/Contours/RET025OD_cup_exp2.txt,fd71147d679ad27884e8912ed67cf4606885509a7d001d86faf0fb23616de6e5
RET025OS,RET025,data/PAPILA/PapilaDB-PAPILA-9c67b80983805f0f886b068af800ef2b507e7dc0/FundusImages/RET025OS.jpg,1,test,OS,PAPILA/PapilaDB-PAPILA-9c67b80983805f0f886b068af800ef2b507e7dc0/FundusImages/RET025OS.jpg,data/PAPILA/PapilaDB-PAPILA-9c67b80983805f0f886b068af800ef2b507e7dc0/ExpertsSegmentations/Contours/RET025OS_disc_exp1.txt,data/PAPILA/PapilaDB-PAPILA-9c67b80983805f0f886b068af800ef2b507e7dc0/ExpertsSegmentations/Contours/RET025OS_cup_exp1.txt,data/PAPILA/PapilaDB-PAPILA-9c67b80983805f0f886b068af800ef2b507e7dc0/ExpertsSegmentations/Contours/RET025OS_disc_exp2.txt,data/PAPILA/PapilaDB-PAPILA-9c67b80983805f0f886b068af800ef2b507e7dc0/ExpertsSegmentations/Contours/RET025OS_cup_exp2.txt,e9c3d00d6052b605535efd3c0b510bb0d1b5d6728d1d0f6be3e9c4981d63e4d3
RET026OD,RET026,data/PAPILA/PapilaDB-PAPILA-9c67b80983805f0f886b068af800ef2b507e7dc0/FundusImages/RET026OD.jpg,1,val,OD,PAPILA/PapilaDB-PAPILA-9c67b80983805f0f886b068af800ef2b507e7dc0/FundusImages/RET026OD.jpg,data/PAPILA/PapilaDB-PAPILA-9c67b80983805f0f886b068af800ef2b507e7dc0/ExpertsSegmentations/Contours/RET026OD_disc_exp1.txt,data/PAPILA/PapilaDB-PAPILA-9c67b80983805f0f886b068af800ef2b507e7dc0/ExpertsSegmentations/Contours/RET026OD_cup_exp1.txt,data/PAPILA/PapilaDB-PAPILA-9c67b80983805f0f886b068af800ef2b507e7dc0/ExpertsSegmentations/Contours/RET026OD_disc_exp2.txt,data/PAPILA/PapilaDB-PAPILA-9c67b80983805f0f886b068af800ef2b507e7dc0/ExpertsSegmentations/Contours/RET026OD_cup_exp2.txt,c873a6c79a6795484649743f65358408e4d70944b4f562e14288b1761e75f536
RET026OS,RET026,data/PAPILA/PapilaDB-PAPILA-9c67b80983805f0f886b068af800ef2b507e7dc0/FundusImages/RET026OS.jpg,1,val,OS,PAPILA/PapilaDB-PAPILA-9c67b80983805f0f886b068af800ef2b507e7dc0/FundusImages/RET026OS.jpg,data/PAPILA/PapilaDB-PAPILA-9c67b80983805f0f886b068af800ef2b507e7dc0/ExpertsSegmentations/Contours/RET026OS_disc_exp1.txt,data/PAPILA/PapilaDB-PAPILA-9c67b80983805f0f886b068af800ef2b507e7dc0/ExpertsSegmentations/Contours/RET026OS_cup_exp1.txt,data/PAPILA/PapilaDB-PAPILA-9c67b80983805f0f886b068af800ef2b507e7dc0/ExpertsSegmentations/Contours/RET026OS_disc_exp2.txt,data/PAPILA/PapilaDB-PAPILA-9c67b80983805f0f886b068af800ef2b507e7dc0/ExpertsSegmentations/Contours/RET026OS_cup_exp2.txt,93c0fe813eb7b8ea033c47a9e0bbc07184cd644bbd96cfd14d47bcdc434cacb2
RET027OD,RET027,data/PAPILA/PapilaDB-PAPILA-9c67b80983805f0f886b068af800ef2b507e7dc0/FundusImages/RET027OD.jpg,0,train,OD,PAPILA/PapilaDB-PAPILA-9c67b80983805f0f886b068af800ef2b507e7dc0/FundusImages/RET027OD.jpg,data/PAPILA/PapilaDB-PAPILA-9c67b80983805f0f886b068af800ef2b507e7dc0/ExpertsSegmentations/Contours/RET027OD_disc_exp1.txt,data/PAPILA/PapilaDB-PAPILA-9c67b80983805f0f886b068af800ef2b507e7dc0/ExpertsSegmentations/Contours/RET027OD_cup_exp1.txt,data/PAPILA/PapilaDB-PAPILA-9c67b80983805f0f886b068af800ef2b507e7dc0/ExpertsSegmentations/Contours/RET027OD_disc_exp2.txt,data/PAPILA/PapilaDB-PAPILA-9c67b80983805f0f886b068af800ef2b507e7dc0/ExpertsSegmentations/Contours/RET027OD_cup_exp2.txt,c35ad59275e40538db351fc44a6126d13d52446a164053849782bb064d5b12d3
RET027OS,RET027,data/PAPILA/PapilaDB-PAPILA-9c67b80983805f0f886b068af800ef2b507e7dc0/FundusImages/RET027OS.jpg,1,train,OS,PAPILA/PapilaDB-PAPILA-9c67b80983805f0f886b068af800ef2b507e7dc0/FundusImages/RET027OS.jpg,data/PAPILA/PapilaDB-PAPILA-9c67b80983805f0f886b068af800ef2b507e7dc0/ExpertsSegmentations/Contours/RET027OS_disc_exp1.txt,data/PAPILA/PapilaDB-PAPILA-9c67b80983805f0f886b068af800ef2b507e7dc0/ExpertsSegmentations/Contours/RET027OS_cup_exp1.txt,data/PAPILA/PapilaDB-PAPILA-9c67b80983805f0f886b068af800ef2b507e7dc0/ExpertsSegmentations/Contours/RET027OS_disc_exp2.txt,data/PAPILA/PapilaDB-PAPILA-9c67b80983805f0f886b068af800ef2b507e7dc0/ExpertsSegmentations/Contours/RET027OS_cup_exp2.txt,e5b6fb2345464a529c4f3c95aecf5afb4f4070e31230ab351d815ba446aa2bf2
RET028OD,RET028,data/PAPILA/PapilaDB-PAPILA-9c67b80983805f0f886b068af800ef2b507e7dc0/FundusImages/RET028OD.jpg,0,train,OD,PAPILA/PapilaDB-PAPILA-9c67b80983805f0f886b068af800ef2b507e7dc0/FundusImages/RET028OD.jpg,data/PAPILA/PapilaDB-PAPILA-9c67b80983805f0f886b068af800ef2b507e7dc0/ExpertsSegmentations/Contours/RET028OD_disc_exp1.txt,data/PAPILA/PapilaDB-PAPILA-9c67b80983805f0f886b068af800ef2b507e7dc0/ExpertsSegmentations/Contours/RET028OD_cup_exp1.txt,data/PAPILA/PapilaDB-PAPILA-9c67b80983805f0f886b068af800ef2b507e7dc0/ExpertsSegmentations/Contours/RET028OD_disc_exp2.txt,data/PAPILA/PapilaDB-PAPILA-9c67b80983805f0f886b068af800ef2b507e7dc0/ExpertsSegmentations/Contours/RET028OD_cup_exp2.txt,d09410dcdec6e09005f32a472b44d7df6f86b3e0ede433d47f091bdbc132851b
RET028OS,RET028,data/PAPILA/PapilaDB-PAPILA-9c67b80983805f0f886b068af800ef2b507e7dc0/FundusImages/RET028OS.jpg,0,train,OS,PAPILA/PapilaDB-PAPILA-9c67b80983805f0f886b068af800ef2b507e7dc0/FundusImages/RET028OS.jpg,data/PAPILA/PapilaDB-PAPILA-9c67b80983805f0f886b068af800ef2b507e7dc0/ExpertsSegmentations/Contours/RET028OS_disc_exp1.txt,data/PAPILA/PapilaDB-PAPILA-9c67b80983805f0f886b068af800ef2b507e7dc0/ExpertsSegmentations/Contours/RET028OS_cup_exp1.txt,data/PAPILA/PapilaDB-PAPILA-9c67b80983805f0f886b068af800ef2b507e7dc0/ExpertsSegmentations/Contours/RET028OS_disc_exp2.txt,data/PAPILA/PapilaDB-PAPILA-9c67b80983805f0f886b068af800ef2b507e7dc0/ExpertsSegmentations/Contours/RET028OS_cup_exp2.txt,f0cdbed9e14e0f13af870d26b67bcd83217417f3ecb7eb6db997c27b9d0f429a
RET029OD,RET029,data/PAPILA/PapilaDB-PAPILA-9c67b80983805f0f886b068af800ef2b507e7dc0/FundusImages/RET029OD.jpg,0,val,OD,PAPILA/PapilaDB-PAPILA-9c67b80983805f0f886b068af800ef2b507e7dc0/FundusImages/RET029OD.jpg,data/PAPILA/PapilaDB-PAPILA-9c67b80983805f0f886b068af800ef2b507e7dc0/ExpertsSegmentations/Contours/RET029OD_disc_exp1.txt,data/PAPILA/PapilaDB-PAPILA-9c67b80983805f0f886b068af800ef2b507e7dc0/ExpertsSegmentations/Contours/RET029OD_cup_exp1.txt,data/PAPILA/PapilaDB-PAPILA-9c67b80983805f0f886b068af800ef2b507e7dc0/ExpertsSegmentations/Contours/RET029OD_disc_exp2.txt,data/PAPILA/PapilaDB-PAPILA-9c67b80983805f0f886b068af800ef2b507e7dc0/ExpertsSegmentations/Contours/RET029OD_cup_exp2.txt,994f40fc8145ddced17c6c6a1a8f9ca0ba4cb10746ffcdb38ae44fb4b8bc58f2
RET029OS,RET029,data/PAPILA/PapilaDB-PAPILA-9c67b80983805f0f886b068af800ef2b507e7dc0/FundusImages/RET029OS.jpg,0,val,OS,PAPILA/PapilaDB-PAPILA-9c67b80983805f0f886b068af800ef2b507e7dc0/FundusImages/RET029OS.jpg,data/PAPILA/PapilaDB-PAPILA-9c67b80983805f0f886b068af800ef2b507e7dc0/ExpertsSegmentations/Contours/RET029OS_disc_exp1.txt,data/PAPILA/PapilaDB-PAPILA-9c67b80983805f0f886b068af800ef2b507e7dc0/ExpertsSegmentations/Contours/RET029OS_cup_exp1.txt,data/PAPILA/PapilaDB-PAPILA-9c67b80983805f0f886b068af800ef2b507e7dc0/ExpertsSegmentations/Contours/RET029OS_disc_exp2.txt,data/PAPILA/PapilaDB-PAPILA-9c67b80983805f0f886b068af800ef2b507e7dc0/ExpertsSegmentations/Contours/RET029OS_cup_exp2.txt,b48fef447ef62a660f8fd5fb82527590016124aaaccf96ec44dafff56179784d
RET030OD,RET030,data/PAPILA/PapilaDB-PAPILA-9c67b80983805f0f886b068af800ef2b507e7dc0/FundusImages/RET030OD.jpg,0,train,OD,PAPILA/PapilaDB-PAPILA-9c67b80983805f0f886b068af800ef2b507e7dc0/FundusImages/RET030OD.jpg,data/PAPILA/PapilaDB-PAPILA-9c67b80983805f0f886b068af800ef2b507e7dc0/ExpertsSegmentations/Contours/RET030OD_disc_exp1.txt,data/PAPILA/PapilaDB-PAPILA-9c67b80983805f0f886b068af800ef2b507e7dc0/ExpertsSegmentations/Contours/RET030OD_cup_exp1.txt,data/PAPILA/PapilaDB-PAPILA-9c67b80983805f0f886b068af800ef2b507e7dc0/ExpertsSegmentations/Contours/RET030OD_disc_exp2.txt,data/PAPILA/PapilaDB-PAPILA-9c67b80983805f0f886b068af800ef2b507e7dc0/ExpertsSegmentations/Contours/RET030OD_cup_exp2.txt,fc2698abc6f8e14083b8e744e657324cb5b45af8828717b678f9a7bf3f79d95f
RET030OS,RET030,data/PAPILA/PapilaDB-PAPILA-9c67b80983805f0f886b068af800ef2b507e7dc0/FundusImages/RET030OS.jpg,0,train,OS,PAPILA/PapilaDB-PAPILA-9c67b80983805f0f886b068af800ef2b507e7dc0/FundusImages/RET030OS.jpg,data/PAPILA/PapilaDB-PAPILA-9c67b80983805f0f886b068af800ef2b507e7dc0/ExpertsSegmentations/Contours/RET030OS_disc_exp1.txt,data/PAPILA/PapilaDB-PAPILA-9c67b80983805f0f886b068af800ef2b507e7dc0/ExpertsSegmentations/Contours/RET030OS_cup_exp1.txt,data/PAPILA/PapilaDB-PAPILA-9c67b80983805f0f886b068af800ef2b507e7dc0/ExpertsSegmentations/Contours/RET030OS_disc_exp2.txt,data/PAPILA/PapilaDB-PAPILA-9c67b80983805f0f886b068af800ef2b507e7dc0/ExpertsSegmentations/Contours/RET030OS_cup_exp2.txt,731d5e7143158295ea888ba9ce5e4a9584b25cbbd294093fdb5d05fae1aa5470
RET031OD,RET031,data/PAPILA/PapilaDB-PAPILA-9c67b80983805f0f886b068af800ef2b507e7dc0/FundusImages/RET031OD.jpg,0,train,OD,PAPILA/PapilaDB-PAPILA-9c67b80983805f0f886b068af800ef2b507e7dc0/FundusImages/RET031OD.jpg,data/PAPILA/PapilaDB-PAPILA-9c67b80983805f0f886b068af800ef2b507e7dc0/ExpertsSegmentations/Contours/RET031OD_disc_exp1.txt,data/PAPILA/PapilaDB-PAPILA-9c67b80983805f0f886b068af800ef2b507e7dc0/ExpertsSegmentations/Contours/RET031OD_cup_exp1.txt,data/PAPILA/PapilaDB-PAPILA-9c67b80983805f0f886b068af800ef2b507e7dc0/ExpertsSegmentations/Contours/RET031OD_disc_exp2.txt,data/PAPILA/PapilaDB-PAPILA-9c67b80983805f0f886b068af800ef2b507e7dc0/ExpertsSegmentations/Contours/RET031OD_cup_exp2.txt,50584b03898b0ac5c4d2157d767f365ecb350536055a8c983b54905fc24d564e
RET031OS,RET031,data/PAPILA/PapilaDB-PAPILA-9c67b80983805f0f886b068af800ef2b507e7dc0/FundusImages/RET031OS.jpg,0,train,OS,PAPILA/PapilaDB-PAPILA-9c67b80983805f0f886b068af800ef2b507e7dc0/FundusImages/RET031OS.jpg,data/PAPILA/PapilaDB-PAPILA-9c67b80983805f0f886b068af800ef2b507e7dc0/ExpertsSegmentations/Contours/RET031OS_disc_exp1.txt,data/PAPILA/PapilaDB-PAPILA-9c67b80983805f0f886b068af800ef2b507e7dc0/ExpertsSegmentations/Contours/RET031OS_cup_exp1.txt,data/PAPILA/PapilaDB-PAPILA-9c67b80983805f0f886b068af800ef2b507e7dc0/ExpertsSegmentations/Contours/RET031OS_disc_exp2.txt,data/PAPILA/PapilaDB-PAPILA-9c67b80983805f0f886b068af800ef2b507e7dc0/ExpertsSegmentations/Contours/RET031OS_cup_exp2.txt,111461e8d67e6791ed9b117dde1ee0d17738082a68e9c871757c2ac117342209
RET032OD,RET032,data/PAPILA/PapilaDB-PAPILA-9c67b80983805f0f886b068af800ef2b507e7dc0/FundusImages/RET032OD.jpg,0,train,OD,PAPILA/PapilaDB-PAPILA-9c67b80983805f0f886b068af800ef2b507e7dc0/FundusImages/RET032OD.jpg,data/PAPILA/PapilaDB-PAPILA-9c67b80983805f0f886b068af800ef2b507e7dc0/ExpertsSegmentations/Contours/RET032OD_disc_exp1.txt,data/PAPILA/PapilaDB-PAPILA-9c67b80983805f0f886b068af800ef2b507e7dc0/ExpertsSegmentations/Contours/RET032OD_cup_exp1.txt,data/PAPILA/PapilaDB-PAPILA-9c67b80983805f0f886b068af800ef2b507e7dc0/ExpertsSegmentations/Contours/RET032OD_disc_exp2.txt,data/PAPILA/PapilaDB-PAPILA-9c67b80983805f0f886b068af800ef2b507e7dc0/ExpertsSegmentations/Contours/RET032OD_cup_exp2.txt,53ca9f6498ce5bce13e68eb651a36a03ece535ee9b86a8b569468c4fedcfc6da
RET032OS,RET032,data/PAPILA/PapilaDB-PAPILA-9c67b80983805f0f886b068af800ef2b507e7dc0/FundusImages/RET032OS.jpg,0,train,OS,PAPILA/PapilaDB-PAPILA-9c67b80983805f0f886b068af800ef2b507e7dc0/FundusImages/RET032OS.jpg,data/PAPILA/PapilaDB-PAPILA-9c67b80983805f0f886b068af800ef2b507e7dc0/ExpertsSegmentations/Contours/RET032OS_disc_exp1.txt,data/PAPILA/PapilaDB-PAPILA-9c67b80983805f0f886b068af800ef2b507e7dc0/ExpertsSegmentations/Contours/RET032OS_cup_exp1.txt,data/PAPILA/PapilaDB-PAPILA-9c67b80983805f0f886b068af800ef2b507e7dc0/ExpertsSegmentations/Contours/RET032OS_disc_exp2.txt,data/PAPILA/PapilaDB-PAPILA-9c67b80983805f0f886b068af800ef2b507e7dc0/ExpertsSegmentations/Contours/RET032OS_cup_exp2.txt,52cf7e627b3a77f30e7fbfe04ed384c6896cbfc043f0fdd26c92e52bcb5af36a
RET033OD,RET033,data/PAPILA/PapilaDB-PAPILA-9c67b80983805f0f886b068af800ef2b507e7dc0/FundusImages/RET033OD.jpg,0,val,OD,PAPILA/PapilaDB-PAPILA-9c67b80983805f0f886b068af800ef2b507e7dc0/FundusImages/RET033OD.jpg,data/PAPILA/PapilaDB-PAPILA-9c67b80983805f0f886b068af800ef2b507e7dc0/ExpertsSegmentations/Contours/RET033OD_disc_exp1.txt,data/PAPILA/PapilaDB-PAPILA-9c67b80983805f0f886b068af800ef2b507e7dc0/ExpertsSegmentations/Contours/RET033OD_cup_exp1.txt,data/PAPILA/PapilaDB-PAPILA-9c67b80983805f0f886b068af800ef2b507e7dc0/ExpertsSegmentations/Contours/RET033OD_disc_exp2.txt,data/PAPILA/PapilaDB-PAPILA-9c67b80983805f0f886b068af800ef2b507e7dc0/ExpertsSegmentations/Contours/RET033OD_cup_exp2.txt,25c36693701c0e9c51bcf63bfef4f38f3b81804122ac9b99931e9105f151e4de
RET033OS,RET033,data/PAPILA/PapilaDB-PAPILA-9c67b80983805f0f886b068af800ef2b507e7dc0/FundusImages/RET033OS.jpg,0,val,OS,PAPILA/PapilaDB-PAPILA-9c67b80983805f0f886b068af800ef2b507e7dc0/FundusImages/RET033OS.jpg,data/PAPILA/PapilaDB-PAPILA-9c67b80983805f0f886b068af800ef2b507e7dc0/ExpertsSegmentations/Contours/RET033OS_disc_exp1.txt,data/PAPILA/PapilaDB-PAPILA-9c67b80983805f0f886b068af800ef2b507e7dc0/ExpertsSegmentations/Contours/RET033OS_cup_exp1.txt,data/PAPILA/PapilaDB-PAPILA-9c67b80983805f0f886b068af800ef2b507e7dc0/ExpertsSegmentations/Contours/RET033OS_disc_exp2.txt,data/PAPILA/PapilaDB-PAPILA-9c67b80983805f0f886b068af800ef2b507e7dc0/ExpertsSegmentations/Contours/RET033OS_cup_exp2.txt,1d9894dccdc6c451c4bebce698481231a0e8c31d584714772ffc5a7eee4fb606
RET034OD,RET034,data/PAPILA/PapilaDB-PAPILA-9c67b80983805f0f886b068af800ef2b507e7dc0/FundusImages/RET034OD.jpg,0,test,OD,PAPILA/PapilaDB-PAPILA-9c67b80983805f0f886b068af800ef2b507e7dc0/FundusImages/RET034OD.jpg,data/PAPILA/PapilaDB-PAPILA-9c67b80983805f0f886b068af800ef2b507e7dc0/ExpertsSegmentations/Contours/RET034OD_disc_exp1.txt,data/PAPILA/PapilaDB-PAPILA-9c67b80983805f0f886b068af800ef2b507e7dc0/ExpertsSegmentations/Contours/RET034OD_cup_exp1.txt,data/PAPILA/PapilaDB-PAPILA-9c67b80983805f0f886b068af800ef2b507e7dc0/ExpertsSegmentations/Contours/RET034OD_disc_exp2.txt,data/PAPILA/PapilaDB-PAPILA-9c67b80983805f0f886b068af800ef2b507e7dc0/ExpertsSegmentations/Contours/RET034OD_cup_exp2.txt,b8017e59a109ae9038000602c2731e657cb80e76f80db8eff9fb9700caf471f8
RET034OS,RET034,data/PAPILA/PapilaDB-PAPILA-9c67b80983805f0f886b068af800ef2b507e7dc0/FundusImages/RET034OS.jpg,0,test,OS,PAPILA/PapilaDB-PAPILA-9c67b80983805f0f886b068af800ef2b507e7dc0/FundusImages/RET034OS.jpg,data/PAPILA/PapilaDB-PAPILA-9c67b80983805f0f886b068af800ef2b507e7dc0/ExpertsSegmentations/Contours/RET034OS_disc_exp1.txt,data/PAPILA/PapilaDB-PAPILA-9c67b80983805f0f886b068af800ef2b507e7dc0/ExpertsSegmentations/Contours/RET034OS_cup_exp1.txt,data/PAPILA/PapilaDB-PAPILA-9c67b80983805f0f886b068af800ef2b507e7dc0/ExpertsSegmentations/Contours/RET034OS_disc_exp2.txt,data/PAPILA/PapilaDB-PAPILA-9c67b80983805f0f886b068af800ef2b507e7dc0/ExpertsSegmentations/Contours/RET034OS_cup_exp2.txt,47da36790803cd6e22c03e6db6a4e1a5b578343e0018be8290f039293395b30b
RET035OD,RET035,data/PAPILA/PapilaDB-PAPILA-9c67b80983805f0f886b068af800ef2b507e7dc0/FundusImages/RET035OD.jpg,0,test,OD,PAPILA/PapilaDB-PAPILA-9c67b80983805f0f886b068af800ef2b507e7dc0/FundusImages/RET035OD.jpg,data/PAPILA/PapilaDB-PAPILA-9c67b80983805f0f886b068af800ef2b507e7dc0/ExpertsSegmentations/Contours/RET035OD_disc_exp1.txt,data/PAPILA/PapilaDB-PAPILA-9c67b80983805f0f886b068af800ef2b507e7dc0/ExpertsSegmentations/Contours/RET035OD_cup_exp1.txt,data/PAPILA/PapilaDB-PAPILA-9c67b80983805f0f886b068af800ef2b507e7dc0/ExpertsSegmentations/Contours/RET035OD_disc_exp2.txt,data/PAPILA/PapilaDB-PAPILA-9c67b80983805f0f886b068af800ef2b507e7dc0/ExpertsSegmentations/Contours/RET035OD_cup_exp2.txt,93efa382872dbd02cf939ac618b74c9cbb404e8e2a809492e73ebbb995bd564c
RET035OS,RET035,data/PAPILA/PapilaDB-PAPILA-9c67b80983805f0f886b068af800ef2b507e7dc0/FundusImages/RET035OS.jpg,0,test,OS,PAPILA/PapilaDB-PAPILA-9c67b80983805f0f886b068af800ef2b507e7dc0/FundusImages/RET035OS.jpg,data/PAPILA/PapilaDB-PAPILA-9c67b80983805f0f886b068af800ef2b507e7dc0/ExpertsSegmentations/Contours/RET035OS_disc_exp1.txt,data/PAPILA/PapilaDB-PAPILA-9c67b80983805f0f886b068af800ef2b507e7dc0/ExpertsSegmentations/Contours/RET035OS_cup_exp1.txt,data/PAPILA/PapilaDB-PAPILA-9c67b80983805f0f886b068af800ef2b507e7dc0/ExpertsSegmentations/Contours/RET035OS_disc_exp2.txt,data/PAPILA/PapilaDB-PAPILA-9c67b80983805f0f886b068af800ef2b507e7dc0/ExpertsSegmentations/Contours/RET035OS_cup_exp2.txt,3e13bc8a78913ac16a73bdea54645607257dc1beff53db95cc7d8583dff7f194
RET036OD,RET036,data/PAPILA/PapilaDB-PAPILA-9c67b80983805f0f886b068af800ef2b507e7dc0/FundusImages/RET036OD.jpg,0,test,OD,PAPILA/PapilaDB-PAPILA-9c67b80983805f0f886b068af800ef2b507e7dc0/FundusImages/RET036OD.jpg,data/PAPILA/PapilaDB-PAPILA-9c67b80983805f0f886b068af800ef2b507e7dc0/ExpertsSegmentations/Contours/RET036OD_disc_exp1.txt,data/PAPILA/PapilaDB-PAPILA-9c67b80983805f0f886b068af800ef2b507e7dc0/ExpertsSegmentations/Contours/RET036OD_cup_exp1.txt,data/PAPILA/PapilaDB-PAPILA-9c67b80983805f0f886b068af800ef2b507e7dc0/ExpertsSegmentations/Contours/RET036OD_disc_exp2.txt,data/PAPILA/PapilaDB-PAPILA-9c67b80983805f0f886b068af800ef2b507e7dc0/ExpertsSegmentations/Contours/RET036OD_cup_exp2.txt,3881e96bf2bcac300ec85ecb8adbaa28c2848c86146a73d9eb3bad46bd5e852a
RET036OS,RET036,data/PAPILA/PapilaDB-PAPILA-9c67b80983805f0f886b068af800ef2b507e7dc0/FundusImages/RET036OS.jpg,0,test,OS,PAPILA/PapilaDB-PAPILA-9c67b80983805f0f886b068af800ef2b507e7dc0/FundusImages/RET036OS.jpg,data/PAPILA/PapilaDB-PAPILA-9c67b80983805f0f886b068af800ef2b507e7dc0/ExpertsSegmentations/Contours/RET036OS_disc_exp1.txt,data/PAPILA/PapilaDB-PAPILA-9c67b80983805f0f886b068af800ef2b507e7dc0/ExpertsSegmentations/Contours/RET036OS_cup_exp1.txt,data/PAPILA/PapilaDB-PAPILA-9c67b80983805f0f886b068af800ef2b507e7dc0/ExpertsSegmentations/Contours/RET036OS_disc_exp2.txt,data/PAPILA/PapilaDB-PAPILA-9c67b80983805f0f886b068af800ef2b507e7dc0/ExpertsSegmentations/Contours/RET036OS_cup_exp2.txt,9d0713439e2c8e17225a7604d7bbf8e582de05e8d0065b6c91d69eee7775fe61
RET037OD,RET037,data/PAPILA/PapilaDB-PAPILA-9c67b80983805f0f886b068af800ef2b507e7dc0/FundusImages/RET037OD.jpg,0,train,OD,PAPILA/PapilaDB-PAPILA-9c67b80983805f0f886b068af800ef2b507e7dc0/FundusImages/RET037OD.jpg,data/PAPILA/PapilaDB-PAPILA-9c67b80983805f0f886b068af800ef2b507e7dc0/ExpertsSegmentations/Contours/RET037OD_disc_exp1.txt,data/PAPILA/PapilaDB-PAPILA-9c67b80983805f0f886b068af800ef2b507e7dc0/ExpertsSegmentations/Contours/RET037OD_cup_exp1.txt,data/PAPILA/PapilaDB-PAPILA-9c67b80983805f0f886b068af800ef2b507e7dc0/ExpertsSegmentations/Contours/RET037OD_disc_exp2.txt,data/PAPILA/PapilaDB-PAPILA-9c67b80983805f0f886b068af800ef2b507e7dc0/ExpertsSegmentations/Contours/RET037OD_cup_exp2.txt,ce8fdd44d39987adfb9b5d81f596e1fb4884cace44543074a91d0c76f7266293
RET037OS,RET037,data/PAPILA/PapilaDB-PAPILA-9c67b80983805f0f886b068af800ef2b507e7dc0/FundusImages/RET037OS.jpg,0,train,OS,PAPILA/PapilaDB-PAPILA-9c67b80983805f0f886b068af800ef2b507e7dc0/FundusImages/RET037OS.jpg,data/PAPILA/PapilaDB-PAPILA-9c67b80983805f0f886b068af800ef2b507e7dc0/ExpertsSegmentations/Contours/RET037OS_disc_exp1.txt,data/PAPILA/PapilaDB-PAPILA-9c67b80983805f0f886b068af800ef2b507e7dc0/ExpertsSegmentations/Contours/RET037OS_cup_exp1.txt,data/PAPILA/PapilaDB-PAPILA-9c67b80983805f0f886b068af800ef2b507e7dc0/ExpertsSegmentations/Contours/RET037OS_disc_exp2.txt,data/PAPILA/PapilaDB-PAPILA-9c67b80983805f0f886b068af800ef2b507e7dc0/ExpertsSegmentations/Contours/RET037OS_cup_exp2.txt,e0d86b1caf4f2a1792e6e6fc522662644365b574780e8c0d8d6f8e7c3a5cf476
RET038OD,RET038,data/PAPILA/PapilaDB-PAPILA-9c67b80983805f0f886b068af800ef2b507e7dc0/FundusImages/RET038OD.jpg,0,train,OD,PAPILA/PapilaDB-PAPILA-9c67b80983805f0f886b068af800ef2b507e7dc0/FundusImages/RET038OD.jpg,data/PAPILA/PapilaDB-PAPILA-9c67b80983805f0f886b068af800ef2b507e7dc0/ExpertsSegmentations/Contours/RET038OD_disc_exp1.txt,data/PAPILA/PapilaDB-PAPILA-9c67b80983805f0f886b068af800ef2b507e7dc0/ExpertsSegmentations/Contours/RET038OD_cup_exp1.txt,data/PAPILA/PapilaDB-PAPILA-9c67b80983805f0f886b068af800ef2b507e7dc0/ExpertsSegmentations/Contours/RET038OD_disc_exp2.txt,data/PAPILA/PapilaDB-PAPILA-9c67b80983805f0f886b068af800ef2b507e7dc0/ExpertsSegmentations/Contours/RET038OD_cup_exp2.txt,5f7497df43e5f8ef01cabca166e5c27275dd5158eb64dd2623c6e49f08f5a773
RET038OS,RET038,data/PAPILA/PapilaDB-PAPILA-9c67b80983805f0f886b068af800ef2b507e7dc0/FundusImages/RET038OS.jpg,0,train,OS,PAPILA/PapilaDB-PAPILA-9c67b80983805f0f886b068af800ef2b507e7dc0/FundusImages/RET038OS.jpg,data/PAPILA/PapilaDB-PAPILA-9c67b80983805f0f886b068af800ef2b507e7dc0/ExpertsSegmentations/Contours/RET038OS_disc_exp1.txt,data/PAPILA/PapilaDB-PAPILA-9c67b80983805f0f886b068af800ef2b507e7dc0/ExpertsSegmentations/Contours/RET038OS_cup_exp1.txt,data/PAPILA/PapilaDB-PAPILA-9c67b80983805f0f886b068af800ef2b507e7dc0/ExpertsSegmentations/Contours/RET038OS_disc_exp2.txt,data/PAPILA/PapilaDB-PAPILA-9c67b80983805f0f886b068af800ef2b507e7dc0/ExpertsSegmentations/Contours/RET038OS_cup_exp2.txt,5f8a72743dbcff2514d13f6761528697e5f8e22d4aa9a06b2fc55230b16767e7
RET039OD,RET039,data/PAPILA/PapilaDB-PAPILA-9c67b80983805f0f886b068af800ef2b507e7dc0/FundusImages/RET039OD.jpg,0,train,OD,PAPILA/PapilaDB-PAPILA-9c67b80983805f0f886b068af800ef2b507e7dc0/FundusImages/RET039OD.jpg,data/PAPILA/PapilaDB-PAPILA-9c67b80983805f0f886b068af800ef2b507e7dc0/ExpertsSegmentations/Contours/RET039OD_disc_exp1.txt,data/PAPILA/PapilaDB-PAPILA-9c67b80983805f0f886b068af800ef2b507e7dc0/ExpertsSegmentations/Contours/RET039OD_cup_exp1.txt,data/PAPILA/PapilaDB-PAPILA-9c67b80983805f0f886b068af800ef2b507e7dc0/ExpertsSegmentations/Contours/RET039OD_disc_exp2.txt,data/PAPILA/PapilaDB-PAPILA-9c67b80983805f0f886b068af800ef2b507e7dc0/ExpertsSegmentations/Contours/RET039OD_cup_exp2.txt,e5e79667d5bb842733cfe9b05b2ba77b4949d7da604f7bfab707f97761cb911a
RET039OS,RET039,data/PAPILA/PapilaDB-PAPILA-9c67b80983805f0f886b068af800ef2b507e7dc0/FundusImages/RET039OS.jpg,0,train,OS,PAPILA/PapilaDB-PAPILA-9c67b80983805f0f886b068af800ef2b507e7dc0/FundusImages/RET039OS.jpg,data/PAPILA/PapilaDB-PAPILA-9c67b80983805f0f886b068af800ef2b507e7dc0/ExpertsSegmentations/Contours/RET039OS_disc_exp1.txt,data/PAPILA/PapilaDB-PAPILA-9c67b80983805f0f886b068af800ef2b507e7dc0/ExpertsSegmentations/Contours/RET039OS_cup_exp1.txt,data/PAPILA/PapilaDB-PAPILA-9c67b80983805f0f886b068af800ef2b507e7dc0/ExpertsSegmentations/Contours/RET039OS_disc_exp2.txt,data/PAPILA/PapilaDB-PAPILA-9c67b80983805f0f886b068af800ef2b507e7dc0/ExpertsSegmentations/Contours/RET039OS_cup_exp2.txt,e13edf78efe9a250bbc37a70a3b431b5e6edfddd9b50859862d73ee013e6b3fd
RET042OD,RET042,data/PAPILA/PapilaDB-PAPILA-9c67b80983805f0f886b068af800ef2b507e7dc0/FundusImages/RET042OD.jpg,1,train,OD,PAPILA/PapilaDB-PAPILA-9c67b80983805f0f886b068af800ef2b507e7dc0/FundusImages/RET042OD.jpg,data/PAPILA/PapilaDB-PAPILA-9c67b80983805f0f886b068af800ef2b507e7dc0/ExpertsSegmentations/Contours/RET042OD_disc_exp1.txt,data/PAPILA/PapilaDB-PAPILA-9c67b80983805f0f886b068af800ef2b507e7dc0/ExpertsSegmentations/Contours/RET042OD_cup_exp1.txt,data/PAPILA/PapilaDB-PAPILA-9c67b80983805f0f886b068af800ef2b507e7dc0/ExpertsSegmentations/Contours/RET042OD_disc_exp2.txt,data/PAPILA/PapilaDB-PAPILA-9c67b80983805f0f886b068af800ef2b507e7dc0/ExpertsSegmentations/Contours/RET042OD_cup_exp2.txt,3a72ad3bfbbf7e3c0555e8c03ae925c07d798e30f482ecec81310d2de318a639
RET042OS,RET042,data/PAPILA/PapilaDB-PAPILA-9c67b80983805f0f886b068af800ef2b507e7dc0/FundusImages/RET042OS.jpg,1,train,OS,PAPILA/PapilaDB-PAPILA-9c67b80983805f0f886b068af800ef2b507e7dc0/FundusImages/RET042OS.jpg,data/PAPILA/PapilaDB-PAPILA-9c67b80983805f0f886b068af800ef2b507e7dc0/ExpertsSegmentations/Contours/RET042OS_disc_exp1.txt,data/PAPILA/PapilaDB-PAPILA-9c67b80983805f0f886b068af800ef2b507e7dc0/ExpertsSegmentations/Contours/RET042OS_cup_exp1.txt,data/PAPILA/PapilaDB-PAPILA-9c67b80983805f0f886b068af800ef2b507e7dc0/ExpertsSegmentations/Contours/RET042OS_disc_exp2.txt,data/PAPILA/PapilaDB-PAPILA-9c67b80983805f0f886b068af800ef2b507e7dc0/ExpertsSegmentations/Contours/RET042OS_cup_exp2.txt,b52acdfca9ade26d31077fdd9a0e25858dc6493ca10a5fd09acb5e3bd68540e8
RET044OD,RET044,data/PAPILA/PapilaDB-PAPILA-9c67b80983805f0f886b068af800ef2b507e7dc0/FundusImages/RET044OD.jpg,1,train,OD,PAPILA/PapilaDB-PAPILA-9c67b80983805f0f886b068af800ef2b507e7dc0/FundusImages/RET044OD.jpg,data/PAPILA/PapilaDB-PAPILA-9c67b80983805f0f886b068af800ef2b507e7dc0/ExpertsSegmentations/Contours/RET044OD_disc_exp1.txt,data/PAPILA/PapilaDB-PAPILA-9c67b80983805f0f886b068af800ef2b507e7dc0/ExpertsSegmentations/Contours/RET044OD_cup_exp1.txt,data/PAPILA/PapilaDB-PAPILA-9c67b80983805f0f886b068af800ef2b507e7dc0/ExpertsSegmentations/Contours/RET044OD_disc_exp2.txt,data/PAPILA/PapilaDB-PAPILA-9c67b80983805f0f886b068af800ef2b507e7dc0/ExpertsSegmentations/Contours/RET044OD_cup_exp2.txt,33741d502ed04895a6c082786085e4748095df65a4408508aab5c29e4f2aa027
RET044OS,RET044,data/PAPILA/PapilaDB-PAPILA-9c67b80983805f0f886b068af800ef2b507e7dc0/FundusImages/RET044OS.jpg,1,train,OS,PAPILA/PapilaDB-PAPILA-9c67b80983805f0f886b068af800ef2b507e7dc0/FundusImages/RET044OS.jpg,data/PAPILA/PapilaDB-PAPILA-9c67b80983805f0f886b068af800ef2b507e7dc0/ExpertsSegmentations/Contours/RET044OS_disc_exp1.txt,data/PAPILA/PapilaDB-PAPILA-9c67b80983805f0f886b068af800ef2b507e7dc0/ExpertsSegmentations/Contours/RET044OS_cup_exp1.txt,data/PAPILA/PapilaDB-PAPILA-9c67b80983805f0f886b068af800ef2b507e7dc0/ExpertsSegmentations/Contours/RET044OS_disc_exp2.txt,data/PAPILA/PapilaDB-PAPILA-9c67b80983805f0f886b068af800ef2b507e7dc0/ExpertsSegmentations/Contours/RET044OS_cup_exp2.txt,fb5ca14fef5be7548a65470b635c09662b53d0ac8e1c518d487c553a3a920d2f
RET045OD,RET045,data/PAPILA/PapilaDB-PAPILA-9c67b80983805f0f886b068af800ef2b507e7dc0/FundusImages/RET045OD.jpg,0,test,OD,PAPILA/PapilaDB-PAPILA-9c67b80983805f0f886b068af800ef2b507e7dc0/FundusImages/RET045OD.jpg,data/PAPILA/PapilaDB-PAPILA-9c67b80983805f0f886b068af800ef2b507e7dc0/ExpertsSegmentations/Contours/RET045OD_disc_exp1.txt,data/PAPILA/PapilaDB-PAPILA-9c67b80983805f0f886b068af800ef2b507e7dc0/ExpertsSegmentations/Contours/RET045OD_cup_exp1.txt,data/PAPILA/PapilaDB-PAPILA-9c67b80983805f0f886b068af800ef2b507e7dc0/ExpertsSegmentations/Contours/RET045OD_disc_exp2.txt,data/PAPILA/PapilaDB-PAPILA-9c67b80983805f0f886b068af800ef2b507e7dc0/ExpertsSegmentations/Contours/RET045OD_cup_exp2.txt,a6ebb0c2588aa810314117c82a3414063755c6938b6fcb4a0052f3c904c215c8
RET045OS,RET045,data/PAPILA/PapilaDB-PAPILA-9c67b80983805f0f886b068af800ef2b507e7dc0/FundusImages/RET045OS.jpg,1,test,OS,PAPILA/PapilaDB-PAPILA-9c67b80983805f0f886b068af800ef2b507e7dc0/FundusImages/RET045OS.jpg,data/PAPILA/PapilaDB-PAPILA-9c67b80983805f0f886b068af800ef2b507e7dc0/ExpertsSegmentations/Contours/RET045OS_disc_exp1.txt,data/PAPILA/PapilaDB-PAPILA-9c67b80983805f0f886b068af800ef2b507e7dc0/ExpertsSegmentations/Contours/RET045OS_cup_exp1.txt,data/PAPILA/PapilaDB-PAPILA-9c67b80983805f0f886b068af800ef2b507e7dc0/ExpertsSegmentations/Contours/RET045OS_disc_exp2.txt,data/PAPILA/PapilaDB-PAPILA-9c67b80983805f0f886b068af800ef2b507e7dc0/ExpertsSegmentations/Contours/RET045OS_cup_exp2.txt,5c1680c9f3c3486c4ccc17626b4960917efe11e94b329bda81261681ba3b3ac4
RET047OD,RET047,data/PAPILA/PapilaDB-PAPILA-9c67b80983805f0f886b068af800ef2b507e7dc0/FundusImages/RET047OD.jpg,1,train,OD,PAPILA/PapilaDB-PAPILA-9c67b80983805f0f886b068af800ef2b507e7dc0/FundusImages/RET047OD.jpg,data/PAPILA/PapilaDB-PAPILA-9c67b80983805f0f886b068af800ef2b507e7dc0/ExpertsSegmentations/Contours/RET047OD_disc_exp1.txt,data/PAPILA/PapilaDB-PAPILA-9c67b80983805f0f886b068af800ef2b507e7dc0/ExpertsSegmentations/Contours/RET047OD_cup_exp1.txt,data/PAPILA/PapilaDB-PAPILA-9c67b80983805f0f886b068af800ef2b507e7dc0/ExpertsSegmentations/Contours/RET047OD_disc_exp2.txt,data/PAPILA/PapilaDB-PAPILA-9c67b80983805f0f886b068af800ef2b507e7dc0/ExpertsSegmentations/Contours/RET047OD_cup_exp2.txt,3d3cb9a5253cd441eb8cfe26f862e0aab133ebb09414b387a39f33db3cf56245
RET047OS,RET047,data/PAPILA/PapilaDB-PAPILA-9c67b80983805f0f886b068af800ef2b507e7dc0/FundusImages/RET047OS.jpg,1,train,OS,PAPILA/PapilaDB-PAPILA-9c67b80983805f0f886b068af800ef2b507e7dc0/FundusImages/RET047OS.jpg,data/PAPILA/PapilaDB-PAPILA-9c67b80983805f0f886b068af800ef2b507e7dc0/ExpertsSegmentations/Contours/RET047OS_disc_exp1.txt,data/PAPILA/PapilaDB-PAPILA-9c67b80983805f0f886b068af800ef2b507e7dc0/ExpertsSegmentations/Contours/RET047OS_cup_exp1.txt,data/PAPILA/PapilaDB-PAPILA-9c67b80983805f0f886b068af800ef2b507e7dc0/ExpertsSegmentations/Contours/RET047OS_disc_exp2.txt,data/PAPILA/PapilaDB-PAPILA-9c67b80983805f0f886b068af800ef2b507e7dc0/ExpertsSegmentations/Contours/RET047OS_cup_exp2.txt,50cd8317a90638247d3816c0fdea3c9dfb154dc76c58d4979f63128c940c20f1
RET048OD,RET048,data/PAPILA/PapilaDB-PAPILA-9c67b80983805f0f886b068af800ef2b507e7dc0/FundusImages/RET048OD.jpg,1,train,OD,PAPILA/PapilaDB-PAPILA-9c67b80983805f0f886b068af800ef2b507e7dc0/FundusImages/RET048OD.jpg,data/PAPILA/PapilaDB-PAPILA-9c67b80983805f0f886b068af800ef2b507e7dc0/ExpertsSegmentations/Contours/RET048OD_disc_exp1.txt,data/PAPILA/PapilaDB-PAPILA-9c67b80983805f0f886b068af800ef2b507e7dc0/ExpertsSegmentations/Contours/RET048OD_cup_exp1.txt,data/PAPILA/PapilaDB-PAPILA-9c67b80983805f0f886b068af800ef2b507e7dc0/ExpertsSegmentations/Contours/RET048OD_disc_exp2.txt,data/PAPILA/PapilaDB-PAPILA-9c67b80983805f0f886b068af800ef2b507e7dc0/ExpertsSegmentations/Contours/RET048OD_cup_exp2.txt,5f468ee1a77ec60ec70ad6cde42dfa31e5da3e947f7e2c6c5ac5023064a0da85
RET048OS,RET048,data/PAPILA/PapilaDB-PAPILA-9c67b80983805f0f886b068af800ef2b507e7dc0/FundusImages/RET048OS.jpg,1,train,OS,PAPILA/PapilaDB-PAPILA-9c67b80983805f0f886b068af800ef2b507e7dc0/FundusImages/RET048OS.jpg,data/PAPILA/PapilaDB-PAPILA-9c67b80983805f0f886b068af800ef2b507e7dc0/ExpertsSegmentations/Contours/RET048OS_disc_exp1.txt,data/PAPILA/PapilaDB-PAPILA-9c67b80983805f0f886b068af800ef2b507e7dc0/ExpertsSegmentations/Contours/RET048OS_cup_exp1.txt,data/PAPILA/PapilaDB-PAPILA-9c67b80983805f0f886b068af800ef2b507e7dc0/ExpertsSegmentations/Contours/RET048OS_disc_exp2.txt,data/PAPILA/PapilaDB-PAPILA-9c67b80983805f0f886b068af800ef2b507e7dc0/ExpertsSegmentations/Contours/RET048OS_cup_exp2.txt,6def22bfecfdec21e41b29736d42d1f2b9ad55d9006f196b1e62321fd066f50f
RET050OD,RET050,data/PAPILA/PapilaDB-PAPILA-9c67b80983805f0f886b068af800ef2b507e7dc0/FundusImages/RET050OD.jpg,1,val,OD,PAPILA/PapilaDB-PAPILA-9c67b80983805f0f886b068af800ef2b507e7dc0/FundusImages/RET050OD.jpg,data/PAPILA/PapilaDB-PAPILA-9c67b80983805f0f886b068af800ef2b507e7dc0/ExpertsSegmentations/Contours/RET050OD_disc_exp1.txt,data/PAPILA/PapilaDB-PAPILA-9c67b80983805f0f886b068af800ef2b507e7dc0/ExpertsSegmentations/Contours/RET050OD_cup_exp1.txt,data/PAPILA/PapilaDB-PAPILA-9c67b80983805f0f886b068af800ef2b507e7dc0/ExpertsSegmentations/Contours/RET050OD_disc_exp2.txt,data/PAPILA/PapilaDB-PAPILA-9c67b80983805f0f886b068af800ef2b507e7dc0/ExpertsSegmentations/Contours/RET050OD_cup_exp2.txt,261c89fa4cfdf19c661cbd0e2f435ffa6490c0a79e2afc37c2759c32d6a552df
RET050OS,RET050,data/PAPILA/PapilaDB-PAPILA-9c67b80983805f0f886b068af800ef2b507e7dc0/FundusImages/RET050OS.jpg,1,val,OS,PAPILA/PapilaDB-PAPILA-9c67b80983805f0f886b068af800ef2b507e7dc0/FundusImages/RET050OS.jpg,data/PAPILA/PapilaDB-PAPILA-9c67b80983805f0f886b068af800ef2b507e7dc0/ExpertsSegmentations/Contours/RET050OS_disc_exp1.txt,data/PAPILA/PapilaDB-PAPILA-9c67b80983805f0f886b068af800ef2b507e7dc0/ExpertsSegmentations/Contours/RET050OS_cup_exp1.txt,data/PAPILA/PapilaDB-PAPILA-9c67b80983805f0f886b068af800ef2b507e7dc0/ExpertsSegmentations/Contours/RET050OS_disc_exp2.txt,data/PAPILA/PapilaDB-PAPILA-9c67b80983805f0f886b068af800ef2b507e7dc0/ExpertsSegmentations/Contours/RET050OS_cup_exp2.txt,efa7576897322b7789123f39dcabe54ba9940e2ac94440e091bb16916faeebdf
RET051OD,RET051,data/PAPILA/PapilaDB-PAPILA-9c67b80983805f0f886b068af800ef2b507e7dc0/FundusImages/RET051OD.jpg,1,train,OD,PAPILA/PapilaDB-PAPILA-9c67b80983805f0f886b068af800ef2b507e7dc0/FundusImages/RET051OD.jpg,data/PAPILA/PapilaDB-PAPILA-9c67b80983805f0f886b068af800ef2b507e7dc0/ExpertsSegmentations/Contours/RET051OD_disc_exp1.txt,data/PAPILA/PapilaDB-PAPILA-9c67b80983805f0f886b068af800ef2b507e7dc0/ExpertsSegmentations/Contours/RET051OD_cup_exp1.txt,data/PAPILA/PapilaDB-PAPILA-9c67b80983805f0f886b068af800ef2b507e7dc0/ExpertsSegmentations/Contours/RET051OD_disc_exp2.txt,data/PAPILA/PapilaDB-PAPILA-9c67b80983805f0f886b068af800ef2b507e7dc0/ExpertsSegmentations/Contours/RET051OD_cup_exp2.txt,6a9b08ff574cf9ae65833d6457e3dd9e6fcf9bf6257c830592ec9c2bfabdd4b2
RET051OS,RET051,data/PAPILA/PapilaDB-PAPILA-9c67b80983805f0f886b068af800ef2b507e7dc0/FundusImages/RET051OS.jpg,1,train,OS,PAPILA/PapilaDB-PAPILA-9c67b80983805f0f886b068af800ef2b507e7dc0/FundusImages/RET051OS.jpg,data/PAPILA/PapilaDB-PAPILA-9c67b80983805f0f886b068af800ef2b507e7dc0/ExpertsSegmentations/Contours/RET051OS_disc_exp1.txt,data/PAPILA/PapilaDB-PAPILA-9c67b80983805f0f886b068af800ef2b507e7dc0/ExpertsSegmentations/Contours/RET051OS_cup_exp1.txt,data/PAPILA/PapilaDB-PAPILA-9c67b80983805f0f886b068af800ef2b507e7dc0/ExpertsSegmentations/Contours/RET051OS_disc_exp2.txt,data/PAPILA/PapilaDB-PAPILA-9c67b80983805f0f886b068af800ef2b507e7dc0/ExpertsSegmentations/Contours/RET051OS_cup_exp2.txt,db18dd741b791c4f04fe9c776b1ecc4758568c6c74b8d525f76fbfaa9fbc6b62
RET055OD,RET055,data/PAPILA/PapilaDB-PAPILA-9c67b80983805f0f886b068af800ef2b507e7dc0/FundusImages/RET055OD.jpg,1,test,OD,PAPILA/PapilaDB-PAPILA-9c67b80983805f0f886b068af800ef2b507e7dc0/FundusImages/RET055OD.jpg,data/PAPILA/PapilaDB-PAPILA-9c67b80983805f0f886b068af800ef2b507e7dc0/ExpertsSegmentations/Contours/RET055OD_disc_exp1.txt,data/PAPILA/PapilaDB-PAPILA-9c67b80983805f0f886b068af800ef2b507e7dc0/ExpertsSegmentations/Contours/RET055OD_cup_exp1.txt,data/PAPILA/PapilaDB-PAPILA-9c67b80983805f0f886b068af800ef2b507e7dc0/ExpertsSegmentations/Contours/RET055OD_disc_exp2.txt,data/PAPILA/PapilaDB-PAPILA-9c67b80983805f0f886b068af800ef2b507e7dc0/ExpertsSegmentations/Contours/RET055OD_cup_exp2.txt,9da26827bbd143bb6a72a2ccf80a7ddfb0524a0e2a99752c813c08db90755296
RET055OS,RET055,data/PAPILA/PapilaDB-PAPILA-9c67b80983805f0f886b068af800ef2b507e7dc0/FundusImages/RET055OS.jpg,1,test,OS,PAPILA/PapilaDB-PAPILA-9c67b80983805f0f886b068af800ef2b507e7dc0/FundusImages/RET055OS.jpg,data/PAPILA/PapilaDB-PAPILA-9c67b80983805f0f886b068af800ef2b507e7dc0/ExpertsSegmentations/Contours/RET055OS_disc_exp1.txt,data/PAPILA/PapilaDB-PAPILA-9c67b80983805f0f886b068af800ef2b507e7dc0/ExpertsSegmentations/Contours/RET055OS_cup_exp1.txt,data/PAPILA/PapilaDB-PAPILA-9c67b80983805f0f886b068af800ef2b507e7dc0/ExpertsSegmentations/Contours/RET055OS_disc_exp2.txt,data/PAPILA/PapilaDB-PAPILA-9c67b80983805f0f886b068af800ef2b507e7dc0/ExpertsSegmentations/Contours/RET055OS_cup_exp2.txt,526cadf4083899033b27bfc0e788e6c2cd893da7176682fc5323ae9f9aaed07d
RET056OD,RET056,data/PAPILA/PapilaDB-PAPILA-9c67b80983805f0f886b068af800ef2b507e7dc0/FundusImages/RET056OD.jpg,1,train,OD,PAPILA/PapilaDB-PAPILA-9c67b80983805f0f886b068af800ef2b507e7dc0/FundusImages/RET056OD.jpg,data/PAPILA/PapilaDB-PAPILA-9c67b80983805f0f886b068af800ef2b507e7dc0/ExpertsSegmentations/Contours/RET056OD_disc_exp1.txt,data/PAPILA/PapilaDB-PAPILA-9c67b80983805f0f886b068af800ef2b507e7dc0/ExpertsSegmentations/Contours/RET056OD_cup_exp1.txt,data/PAPILA/PapilaDB-PAPILA-9c67b80983805f0f886b068af800ef2b507e7dc0/ExpertsSegmentations/Contours/RET056OD_disc_exp2.txt,data/PAPILA/PapilaDB-PAPILA-9c67b80983805f0f886b068af800ef2b507e7dc0/ExpertsSegmentations/Contours/RET056OD_cup_exp2.txt,8f4fd0e5cf380478a186c7effe8e1c4ae56d4b3643952920ce2298c61969f321
RET056OS,RET056,data/PAPILA/PapilaDB-PAPILA-9c67b80983805f0f886b068af800ef2b507e7dc0/FundusImages/RET056OS.jpg,1,train,OS,PAPILA/PapilaDB-PAPILA-9c67b80983805f0f886b068af800ef2b507e7dc0/FundusImages/RET056OS.jpg,data/PAPILA/PapilaDB-PAPILA-9c67b80983805f0f886b068af800ef2b507e7dc0/ExpertsSegmentations/Contours/RET056OS_disc_exp1.txt,data/PAPILA/PapilaDB-PAPILA-9c67b80983805f0f886b068af800ef2b507e7dc0/ExpertsSegmentations/Contours/RET056OS_cup_exp1.txt,data/PAPILA/PapilaDB-PAPILA-9c67b80983805f0f886b068af800ef2b507e7dc0/ExpertsSegmentations/Contours/RET056OS_disc_exp2.txt,data/PAPILA/PapilaDB-PAPILA-9c67b80983805f0f886b068af800ef2b507e7dc0/ExpertsSegmentations/Contours/RET056OS_cup_exp2.txt,3745dbdafe106134131ed618a5f1b332226def723725ca85c1880d06fede4503
RET057OD,RET057,data/PAPILA/PapilaDB-PAPILA-9c67b80983805f0f886b068af800ef2b507e7dc0/FundusImages/RET057OD.jpg,1,train,OD,PAPILA/PapilaDB-PAPILA-9c67b80983805f0f886b068af800ef2b507e7dc0/FundusImages/RET057OD.jpg,data/PAPILA/PapilaDB-PAPILA-9c67b80983805f0f886b068af800ef2b507e7dc0/ExpertsSegmentations/Contours/RET057OD_disc_exp1.txt,data/PAPILA/PapilaDB-PAPILA-9c67b80983805f0f886b068af800ef2b507e7dc0/ExpertsSegmentations/Contours/RET057OD_cup_exp1.txt,data/PAPILA/PapilaDB-PAPILA-9c67b80983805f0f886b068af800ef2b507e7dc0/ExpertsSegmentations/Contours/RET057OD_disc_exp2.txt,data/PAPILA/PapilaDB-PAPILA-9c67b80983805f0f886b068af800ef2b507e7dc0/ExpertsSegmentations/Contours/RET057OD_cup_exp2.txt,63503b801637aeb0acd814efc041f76fc160a407ac919a4ea7f69e47607491cf
RET057OS,RET057,data/PAPILA/PapilaDB-PAPILA-9c67b80983805f0f886b068af800ef2b507e7dc0/FundusImages/RET057OS.jpg,1,train,OS,PAPILA/PapilaDB-PAPILA-9c67b80983805f0f886b068af800ef2b507e7dc0/FundusImages/RET057OS.jpg,data/PAPILA/PapilaDB-PAPILA-9c67b80983805f0f886b068af800ef2b507e7dc0/ExpertsSegmentations/Contours/RET057OS_disc_exp1.txt,data/PAPILA/PapilaDB-PAPILA-9c67b80983805f0f886b068af800ef2b507e7dc0/ExpertsSegmentations/Contours/RET057OS_cup_exp1.txt,data/PAPILA/PapilaDB-PAPILA-9c67b80983805f0f886b068af800ef2b507e7dc0/ExpertsSegmentations/Contours/RET057OS_disc_exp2.txt,data/PAPILA/PapilaDB-PAPILA-9c67b80983805f0f886b068af800ef2b507e7dc0/ExpertsSegmentations/Contours/RET057OS_cup_exp2.txt,dea642f06f036d1b06a0e21726d3d10a644e003559fe516333957372da179428
RET062OD,RET062,data/PAPILA/PapilaDB-PAPILA-9c67b80983805f0f886b068af800ef2b507e7dc0/FundusImages/RET062OD.jpg,1,train,OD,PAPILA/PapilaDB-PAPILA-9c67b80983805f0f886b068af800ef2b507e7dc0/FundusImages/RET062OD.jpg,data/PAPILA/PapilaDB-PAPILA-9c67b80983805f0f886b068af800ef2b507e7dc0/ExpertsSegmentations/Contours/RET062OD_disc_exp1.txt,data/PAPILA/PapilaDB-PAPILA-9c67b80983805f0f886b068af800ef2b507e7dc0/ExpertsSegmentations/Contours/RET062OD_cup_exp1.txt,data/PAPILA/PapilaDB-PAPILA-9c67b80983805f0f886b068af800ef2b507e7dc0/ExpertsSegmentations/Contours/RET062OD_disc_exp2.txt,data/PAPILA/PapilaDB-PAPILA-9c67b80983805f0f886b068af800ef2b507e7dc0/ExpertsSegmentations/Contours/RET062OD_cup_exp2.txt,06a88b404cf437096c21f83565e6f43bc2aae1ada6506d97002821ac194005cf
RET062OS,RET062,data/PAPILA/PapilaDB-PAPILA-9c67b80983805f0f886b068af800ef2b507e7dc0/FundusImages/RET062OS.jpg,1,train,OS,PAPILA/PapilaDB-PAPILA-9c67b80983805f0f886b068af800ef2b507e7dc0/FundusImages/RET062OS.jpg,data/PAPILA/PapilaDB-PAPILA-9c67b80983805f0f886b068af800ef2b507e7dc0/ExpertsSegmentations/Contours/RET062OS_disc_exp1.txt,data/PAPILA/PapilaDB-PAPILA-9c67b80983805f0f886b068af800ef2b507e7dc0/ExpertsSegmentations/Contours/RET062OS_cup_exp1.txt,data/PAPILA/PapilaDB-PAPILA-9c67b80983805f0f886b068af800ef2b507e7dc0/ExpertsSegmentations/Contours/RET062OS_disc_exp2.txt,data/PAPILA/PapilaDB-PAPILA-9c67b80983805f0f886b068af800ef2b507e7dc0/ExpertsSegmentations/Contours/RET062OS_cup_exp2.txt,643464f38c14694872aad6a1fa2b6674a68df5834947353a8b5b2bd539e48e56
RET064OD,RET064,data/PAPILA/PapilaDB-PAPILA-9c67b80983805f0f886b068af800ef2b507e7dc0/FundusImages/RET064OD.jpg,1,val,OD,PAPILA/PapilaDB-PAPILA-9c67b80983805f0f886b068af800ef2b507e7dc0/FundusImages/RET064OD.jpg,data/PAPILA/PapilaDB-PAPILA-9c67b80983805f0f886b068af800ef2b507e7dc0/ExpertsSegmentations/Contours/RET064OD_disc_exp1.txt,data/PAPILA/PapilaDB-PAPILA-9c67b80983805f0f886b068af800ef2b507e7dc0/ExpertsSegmentations/Contours/RET064OD_cup_exp1.txt,data/PAPILA/PapilaDB-PAPILA-9c67b80983805f0f886b068af800ef2b507e7dc0/ExpertsSegmentations/Contours/RET064OD_disc_exp2.txt,data/PAPILA/PapilaDB-PAPILA-9c67b80983805f0f886b068af800ef2b507e7dc0/ExpertsSegmentations/Contours/RET064OD_cup_exp2.txt,bd64619692723eb8d557e7dc6c3c423ff56e85dc4eda7686b2cb935d4078c5aa
RET064OS,RET064,data/PAPILA/PapilaDB-PAPILA-9c67b80983805f0f886b068af800ef2b507e7dc0/FundusImages/RET064OS.jpg,1,val,OS,PAPILA/PapilaDB-PAPILA-9c67b80983805f0f886b068af800ef2b507e7dc0/FundusImages/RET064OS.jpg,data/PAPILA/PapilaDB-PAPILA-9c67b80983805f0f886b068af800ef2b507e7dc0/ExpertsSegmentations/Contours/RET064OS_disc_exp1.txt,data/PAPILA/PapilaDB-PAPILA-9c67b80983805f0f886b068af800ef2b507e7dc0/ExpertsSegmentations/Contours/RET064OS_cup_exp1.txt,data/PAPILA/PapilaDB-PAPILA-9c67b80983805f0f886b068af800ef2b507e7dc0/ExpertsSegmentations/Contours/RET064OS_disc_exp2.txt,data/PAPILA/PapilaDB-PAPILA-9c67b80983805f0f886b068af800ef2b507e7dc0/ExpertsSegmentations/Contours/RET064OS_cup_exp2.txt,ff65b59b7dde0e6ca443ed3f0ee0a7edb1d4bb2e29e497c7563441ee6ded111d
RET065OD,RET065,data/PAPILA/PapilaDB-PAPILA-9c67b80983805f0f886b068af800ef2b507e7dc0/FundusImages/RET065OD.jpg,1,val,OD,PAPILA/PapilaDB-PAPILA-9c67b80983805f0f886b068af800ef2b507e7dc0/FundusImages/RET065OD.jpg,data/PAPILA/PapilaDB-PAPILA-9c67b80983805f0f886b068af800ef2b507e7dc0/ExpertsSegmentations/Contours/RET065OD_disc_exp1.txt,data/PAPILA/PapilaDB-PAPILA-9c67b80983805f0f886b068af800ef2b507e7dc0/ExpertsSegmentations/Contours/RET065OD_cup_exp1.txt,data/PAPILA/PapilaDB-PAPILA-9c67b80983805f0f886b068af800ef2b507e7dc0/ExpertsSegmentations/Contours/RET065OD_disc_exp2.txt,data/PAPILA/PapilaDB-PAPILA-9c67b80983805f0f886b068af800ef2b507e7dc0/ExpertsSegmentations/Contours/RET065OD_cup_exp2.txt,bb360289adb0088528710a6e441b4bfd215161119a612e614f96f56d7664bb0c
RET065OS,RET065,data/PAPILA/PapilaDB-PAPILA-9c67b80983805f0f886b068af800ef2b507e7dc0/FundusImages/RET065OS.jpg,1,val,OS,PAPILA/PapilaDB-PAPILA-9c67b80983805f0f886b068af800ef2b507e7dc0/FundusImages/RET065OS.jpg,data/PAPILA/PapilaDB-PAPILA-9c67b80983805f0f886b068af800ef2b507e7dc0/ExpertsSegmentations/Contours/RET065OS_disc_exp1.txt,data/PAPILA/PapilaDB-PAPILA-9c67b80983805f0f886b068af800ef2b507e7dc0/ExpertsSegmentations/Contours/RET065OS_cup_exp1.txt,data/PAPILA/PapilaDB-PAPILA-9c67b80983805f0f886b068af800ef2b507e7dc0/ExpertsSegmentations/Contours/RET065OS_disc_exp2.txt,data/PAPILA/PapilaDB-PAPILA-9c67b80983805f0f886b068af800ef2b507e7dc0/ExpertsSegmentations/Contours/RET065OS_cup_exp2.txt,de3ac8659542b189be9b3433ec62d4b0b1cbabcc477acf8d2028075849335098
RET068OD,RET068,data/PAPILA/PapilaDB-PAPILA-9c67b80983805f0f886b068af800ef2b507e7dc0/FundusImages/RET068OD.jpg,1,train,OD,PAPILA/PapilaDB-PAPILA-9c67b80983805f0f886b068af800ef2b507e7dc0/FundusImages/RET068OD.jpg,data/PAPILA/PapilaDB-PAPILA-9c67b80983805f0f886b068af800ef2b507e7dc0/ExpertsSegmentations/Contours/RET068OD_disc_exp1.txt,data/PAPILA/PapilaDB-PAPILA-9c67b80983805f0f886b068af800ef2b507e7dc0/ExpertsSegmentations/Contours/RET068OD_cup_exp1.txt,data/PAPILA/PapilaDB-PAPILA-9c67b80983805f0f886b068af800ef2b507e7dc0/ExpertsSegmentations/Contours/RET068OD_disc_exp2.txt,data/PAPILA/PapilaDB-PAPILA-9c67b80983805f0f886b068af800ef2b507e7dc0/ExpertsSegmentations/Contours/RET068OD_cup_exp2.txt,cafcca8f814c4a890710c80043505a6af63e76d988ae0e63947d93975b660270
RET068OS,RET068,data/PAPILA/PapilaDB-PAPILA-9c67b80983805f0f886b068af800ef2b507e7dc0/FundusImages/RET068OS.jpg,1,train,OS,PAPILA/PapilaDB-PAPILA-9c67b80983805f0f886b068af800ef2b507e7dc0/FundusImages/RET068OS.jpg,data/PAPILA/PapilaDB-PAPILA-9c67b80983805f0f886b068af800ef2b507e7dc0/ExpertsSegmentations/Contours/RET068OS_disc_exp1.txt,data/PAPILA/PapilaDB-PAPILA-9c67b80983805f0f886b068af800ef2b507e7dc0/ExpertsSegmentations/Contours/RET068OS_cup_exp1.txt,data/PAPILA/PapilaDB-PAPILA-9c67b80983805f0f886b068af800ef2b507e7dc0/ExpertsSegmentations/Contours/RET068OS_disc_exp2.txt,data/PAPILA/PapilaDB-PAPILA-9c67b80983805f0f886b068af800ef2b507e7dc0/ExpertsSegmentations/Contours/RET068OS_cup_exp2.txt,c73eb0b7e923b2c032442780197c93968ccbcad8679cef3e14cdc19db61dae9f
RET069OD,RET069,data/PAPILA/PapilaDB-PAPILA-9c67b80983805f0f886b068af800ef2b507e7dc0/FundusImages/RET069OD.jpg,1,train,OD,PAPILA/PapilaDB-PAPILA-9c67b80983805f0f886b068af800ef2b507e7dc0/FundusImages/RET069OD.jpg,data/PAPILA/PapilaDB-PAPILA-9c67b80983805f0f886b068af800ef2b507e7dc0/ExpertsSegmentations/Contours/RET069OD_disc_exp1.txt,data/PAPILA/PapilaDB-PAPILA-9c67b80983805f0f886b068af800ef2b507e7dc0/ExpertsSegmentations/Contours/RET069OD_cup_exp1.txt,data/PAPILA/PapilaDB-PAPILA-9c67b80983805f0f886b068af800ef2b507e7dc0/ExpertsSegmentations/Contours/RET069OD_disc_exp2.txt,data/PAPILA/PapilaDB-PAPILA-9c67b80983805f0f886b068af800ef2b507e7dc0/ExpertsSegmentations/Contours/RET069OD_cup_exp2.txt,0df34e6dc4c3e3d8f6381de88d8afeb3f19159ea8548527618803a0f208fac1e
RET069OS,RET069,data/PAPILA/PapilaDB-PAPILA-9c67b80983805f0f886b068af800ef2b507e7dc0/FundusImages/RET069OS.jpg,1,train,OS,PAPILA/PapilaDB-PAPILA-9c67b80983805f0f886b068af800ef2b507e7dc0/FundusImages/RET069OS.jpg,data/PAPILA/PapilaDB-PAPILA-9c67b80983805f0f886b068af800ef2b507e7dc0/ExpertsSegmentations/Contours/RET069OS_disc_exp1.txt,data/PAPILA/PapilaDB-PAPILA-9c67b80983805f0f886b068af800ef2b507e7dc0/ExpertsSegmentations/Contours/RET069OS_cup_exp1.txt,data/PAPILA/PapilaDB-PAPILA-9c67b80983805f0f886b068af800ef2b507e7dc0/ExpertsSegmentations/Contours/RET069OS_disc_exp2.txt,data/PAPILA/PapilaDB-PAPILA-9c67b80983805f0f886b068af800ef2b507e7dc0/ExpertsSegmentations/Contours/RET069OS_cup_exp2.txt,a2c4592b31b20662622c24f135424d135a709fcba2f907e465f02c6e6d65a5dc
RET074OD,RET074,data/PAPILA/PapilaDB-PAPILA-9c67b80983805f0f886b068af800ef2b507e7dc0/FundusImages/RET074OD.jpg,1,train,OD,PAPILA/PapilaDB-PAPILA-9c67b80983805f0f886b068af800ef2b507e7dc0/FundusImages/RET074OD.jpg,data/PAPILA/PapilaDB-PAPILA-9c67b80983805f0f886b068af800ef2b507e7dc0/ExpertsSegmentations/Contours/RET074OD_disc_exp1.txt,data/PAPILA/PapilaDB-PAPILA-9c67b80983805f0f886b068af800ef2b507e7dc0/ExpertsSegmentations/Contours/RET074OD_cup_exp1.txt,data/PAPILA/PapilaDB-PAPILA-9c67b80983805f0f886b068af800ef2b507e7dc0/ExpertsSegmentations/Contours/RET074OD_disc_exp2.txt,data/PAPILA/PapilaDB-PAPILA-9c67b80983805f0f886b068af800ef2b507e7dc0/ExpertsSegmentations/Contours/RET074OD_cup_exp2.txt,578752c62fe452c2019541128fe247fabf618fbc6c90dab5fb588547ef428f8a
RET074OS,RET074,data/PAPILA/PapilaDB-PAPILA-9c67b80983805f0f886b068af800ef2b507e7dc0/FundusImages/RET074OS.jpg,1,train,OS,PAPILA/PapilaDB-PAPILA-9c67b80983805f0f886b068af800ef2b507e7dc0/FundusImages/RET074OS.jpg,data/PAPILA/PapilaDB-PAPILA-9c67b80983805f0f886b068af800ef2b507e7dc0/ExpertsSegmentations/Contours/RET074OS_disc_exp1.txt,data/PAPILA/PapilaDB-PAPILA-9c67b80983805f0f886b068af800ef2b507e7dc0/ExpertsSegmentations/Contours/RET074OS_cup_exp1.txt,data/PAPILA/PapilaDB-PAPILA-9c67b80983805f0f886b068af800ef2b507e7dc0/ExpertsSegmentations/Contours/RET074OS_disc_exp2.txt,data/PAPILA/PapilaDB-PAPILA-9c67b80983805f0f886b068af800ef2b507e7dc0/ExpertsSegmentations/Contours/RET074OS_cup_exp2.txt,8c9a74a64ab39c9a124f38114fae81e5344b28ed37d4767f0b8e1265061fb859
RET077OD,RET077,data/PAPILA/PapilaDB-PAPILA-9c67b80983805f0f886b068af800ef2b507e7dc0/FundusImages/RET077OD.jpg,1,train,OD,PAPILA/PapilaDB-PAPILA-9c67b80983805f0f886b068af800ef2b507e7dc0/FundusImages/RET077OD.jpg,data/PAPILA/PapilaDB-PAPILA-9c67b80983805f0f886b068af800ef2b507e7dc0/ExpertsSegmentations/Contours/RET077OD_disc_exp1.txt,data/PAPILA/PapilaDB-PAPILA-9c67b80983805f0f886b068af800ef2b507e7dc0/ExpertsSegmentations/Contours/RET077OD_cup_exp1.txt,data/PAPILA/PapilaDB-PAPILA-9c67b80983805f0f886b068af800ef2b507e7dc0/ExpertsSegmentations/Contours/RET077OD_disc_exp2.txt,data/PAPILA/PapilaDB-PAPILA-9c67b80983805f0f886b068af800ef2b507e7dc0/ExpertsSegmentations/Contours/RET077OD_cup_exp2.txt,7c449da5c47b4e1db57f2b84ac4d1ff0a98266468e4894427f5a661a8aa00ce5
RET077OS,RET077,data/PAPILA/PapilaDB-PAPILA-9c67b80983805f0f886b068af800ef2b507e7dc0/FundusImages/RET077OS.jpg,1,train,OS,PAPILA/PapilaDB-PAPILA-9c67b80983805f0f886b068af800ef2b507e7dc0/FundusImages/RET077OS.jpg,data/PAPILA/PapilaDB-PAPILA-9c67b80983805f0f886b068af800ef2b507e7dc0/ExpertsSegmentations/Contours/RET077OS_disc_exp1.txt,data/PAPILA/PapilaDB-PAPILA-9c67b80983805f0f886b068af800ef2b507e7dc0/ExpertsSegmentations/Contours/RET077OS_cup_exp1.txt,data/PAPILA/PapilaDB-PAPILA-9c67b80983805f0f886b068af800ef2b507e7dc0/ExpertsSegmentations/Contours/RET077OS_disc_exp2.txt,data/PAPILA/PapilaDB-PAPILA-9c67b80983805f0f886b068af800ef2b507e7dc0/ExpertsSegmentations/Contours/RET077OS_cup_exp2.txt,2579271a9875b802bfcea3c0644dc2d11b0448eff61d3f7b50100b5f7862d22d
RET081OD,RET081,data/PAPILA/PapilaDB-PAPILA-9c67b80983805f0f886b068af800ef2b507e7dc0/FundusImages/RET081OD.jpg,1,train,OD,PAPILA/PapilaDB-PAPILA-9c67b80983805f0f886b068af800ef2b507e7dc0/FundusImages/RET081OD.jpg,data/PAPILA/PapilaDB-PAPILA-9c67b80983805f0f886b068af800ef2b507e7dc0/ExpertsSegmentations/Contours/RET081OD_disc_exp1.txt,data/PAPILA/PapilaDB-PAPILA-9c67b80983805f0f886b068af800ef2b507e7dc0/ExpertsSegmentations/Contours/RET081OD_cup_exp1.txt,data/PAPILA/PapilaDB-PAPILA-9c67b80983805f0f886b068af800ef2b507e7dc0/ExpertsSegmentations/Contours/RET081OD_disc_exp2.txt,data/PAPILA/PapilaDB-PAPILA-9c67b80983805f0f886b068af800ef2b507e7dc0/ExpertsSegmentations/Contours/RET081OD_cup_exp2.txt,9604ab068e83adc165933dea4a889939598c9684b19f0a4b3abb51b3938abf98
RET081OS,RET081,data/PAPILA/PapilaDB-PAPILA-9c67b80983805f0f886b068af800ef2b507e7dc0/FundusImages/RET081OS.jpg,1,train,OS,PAPILA/PapilaDB-PAPILA-9c67b80983805f0f886b068af800ef2b507e7dc0/FundusImages/RET081OS.jpg,data/PAPILA/PapilaDB-PAPILA-9c67b80983805f0f886b068af800ef2b507e7dc0/ExpertsSegmentations/Contours/RET081OS_disc_exp1.txt,data/PAPILA/PapilaDB-PAPILA-9c67b80983805f0f886b068af800ef2b507e7dc0/ExpertsSegmentations/Contours/RET081OS_cup_exp1.txt,data/PAPILA/PapilaDB-PAPILA-9c67b80983805f0f886b068af800ef2b507e7dc0/ExpertsSegmentations/Contours/RET081OS_disc_exp2.txt,data/PAPILA/PapilaDB-PAPILA-9c67b80983805f0f886b068af800ef2b507e7dc0/ExpertsSegmentations/Contours/RET081OS_cup_exp2.txt,cf61fb3bd0f07be04f4a60cb35bb6cefc20df0dc2c879c98b18cde64ab34256d
RET084OD,RET084,data/PAPILA/PapilaDB-PAPILA-9c67b80983805f0f886b068af800ef2b507e7dc0/FundusImages/RET084OD.jpg,1,train,OD,PAPILA/PapilaDB-PAPILA-9c67b80983805f0f886b068af800ef2b507e7dc0/FundusImages/RET084OD.jpg,data/PAPILA/PapilaDB-PAPILA-9c67b80983805f0f886b068af800ef2b507e7dc0/ExpertsSegmentations/Contours/RET084OD_disc_exp1.txt,data/PAPILA/PapilaDB-PAPILA-9c67b80983805f0f886b068af800ef2b507e7dc0/ExpertsSegmentations/Contours/RET084OD_cup_exp1.txt,data/PAPILA/PapilaDB-PAPILA-9c67b80983805f0f886b068af800ef2b507e7dc0/ExpertsSegmentations/Contours/RET084OD_disc_exp2.txt,data/PAPILA/PapilaDB-PAPILA-9c67b80983805f0f886b068af800ef2b507e7dc0/ExpertsSegmentations/Contours/RET084OD_cup_exp2.txt,abef0077916906752b9c808625f3fc3a8b8e97f721e6780bd27421e8e52ca868
RET084OS,RET084,data/PAPILA/PapilaDB-PAPILA-9c67b80983805f0f886b068af800ef2b507e7dc0/FundusImages/RET084OS.jpg,1,train,OS,PAPILA/PapilaDB-PAPILA-9c67b80983805f0f886b068af800ef2b507e7dc0/FundusImages/RET084OS.jpg,data/PAPILA/PapilaDB-PAPILA-9c67b80983805f0f886b068af800ef2b507e7dc0/ExpertsSegmentations/Contours/RET084OS_disc_exp1.txt,data/PAPILA/PapilaDB-PAPILA-9c67b80983805f0f886b068af800ef2b507e7dc0/ExpertsSegmentations/Contours/RET084OS_cup_exp1.txt,data/PAPILA/PapilaDB-PAPILA-9c67b80983805f0f886b068af800ef2b507e7dc0/ExpertsSegmentations/Contours/RET084OS_disc_exp2.txt,data/PAPILA/PapilaDB-PAPILA-9c67b80983805f0f886b068af800ef2b507e7dc0/ExpertsSegmentations/Contours/RET084OS_cup_exp2.txt,f7455bf3716e82affa0a6764515f040ecba7cf30e91b28d5574e57cb602ab9d9
RET087OD,RET087,data/PAPILA/PapilaDB-PAPILA-9c67b80983805f0f886b068af800ef2b507e7dc0/FundusImages/RET087OD.jpg,1,train,OD,PAPILA/PapilaDB-PAPILA-9c67b80983805f0f886b068af800ef2b507e7dc0/FundusImages/RET087OD.jpg,data/PAPILA/PapilaDB-PAPILA-9c67b80983805f0f886b068af800ef2b507e7dc0/ExpertsSegmentations/Contours/RET087OD_disc_exp1.txt,data/PAPILA/PapilaDB-PAPILA-9c67b80983805f0f886b068af800ef2b507e7dc0/ExpertsSegmentations/Contours/RET087OD_cup_exp1.txt,data/PAPILA/PapilaDB-PAPILA-9c67b80983805f0f886b068af800ef2b507e7dc0/ExpertsSegmentations/Contours/RET087OD_disc_exp2.txt,data/PAPILA/PapilaDB-PAPILA-9c67b80983805f0f886b068af800ef2b507e7dc0/ExpertsSegmentations/Contours/RET087OD_cup_exp2.txt,67a76720fc530b73ba58cb2af756b9dc42ee1baef5914a6480457c19a33e8929
RET087OS,RET087,data/PAPILA/PapilaDB-PAPILA-9c67b80983805f0f886b068af800ef2b507e7dc0/FundusImages/RET087OS.jpg,1,train,OS,PAPILA/PapilaDB-PAPILA-9c67b80983805f0f886b068af800ef2b507e7dc0/FundusImages/RET087OS.jpg,data/PAPILA/PapilaDB-PAPILA-9c67b80983805f0f886b068af800ef2b507e7dc0/ExpertsSegmentations/Contours/RET087OS_disc_exp1.txt,data/PAPILA/PapilaDB-PAPILA-9c67b80983805f0f886b068af800ef2b507e7dc0/ExpertsSegmentations/Contours/RET087OS_cup_exp1.txt,data/PAPILA/PapilaDB-PAPILA-9c67b80983805f0f886b068af800ef2b507e7dc0/ExpertsSegmentations/Contours/RET087OS_disc_exp2.txt,data/PAPILA/PapilaDB-PAPILA-9c67b80983805f0f886b068af800ef2b507e7dc0/ExpertsSegmentations/Contours/RET087OS_cup_exp2.txt,ec5e26600add702dde55c0058368a8a3ead190eda28257e0669f7ff71e2ac432
RET088OD,RET088,data/PAPILA/PapilaDB-PAPILA-9c67b80983805f0f886b068af800ef2b507e7dc0/FundusImages/RET088OD.jpg,1,test,OD,PAPILA/PapilaDB-PAPILA-9c67b80983805f0f886b068af800ef2b507e7dc0/FundusImages/RET088OD.jpg,data/PAPILA/PapilaDB-PAPILA-9c67b80983805f0f886b068af800ef2b507e7dc0/ExpertsSegmentations/Contours/RET088OD_disc_exp1.txt,data/PAPILA/PapilaDB-PAPILA-9c67b80983805f0f886b068af800ef2b507e7dc0/ExpertsSegmentations/Contours/RET088OD_cup_exp1.txt,data/PAPILA/PapilaDB-PAPILA-9c67b80983805f0f886b068af800ef2b507e7dc0/ExpertsSegmentations/Contours/RET088OD_disc_exp2.txt,data/PAPILA/PapilaDB-PAPILA-9c67b80983805f0f886b068af800ef2b507e7dc0/ExpertsSegmentations/Contours/RET088OD_cup_exp2.txt,a4bf3fbe02201970458f5f7c205311a43df70ebc96378b4f6f2dcf55bf79ca2e
RET088OS,RET088,data/PAPILA/PapilaDB-PAPILA-9c67b80983805f0f886b068af800ef2b507e7dc0/FundusImages/RET088OS.jpg,1,test,OS,PAPILA/PapilaDB-PAPILA-9c67b80983805f0f886b068af800ef2b507e7dc0/FundusImages/RET088OS.jpg,data/PAPILA/PapilaDB-PAPILA-9c67b80983805f0f886b068af800ef2b507e7dc0/ExpertsSegmentations/Contours/RET088OS_disc_exp1.txt,data/PAPILA/PapilaDB-PAPILA-9c67b80983805f0f886b068af800ef2b507e7dc0/ExpertsSegmentations/Contours/RET088OS_cup_exp1.txt,data/PAPILA/PapilaDB-PAPILA-9c67b80983805f0f886b068af800ef2b507e7dc0/ExpertsSegmentations/Contours/RET088OS_disc_exp2.txt,data/PAPILA/PapilaDB-PAPILA-9c67b80983805f0f886b068af800ef2b507e7dc0/ExpertsSegmentations/Contours/RET088OS_cup_exp2.txt,0ee4548d85c8a10ca137022c9fdb00ddd7319c7ecb40437b193b8790d70c2ff4
RET090OD,RET090,data/PAPILA/PapilaDB-PAPILA-9c67b80983805f0f886b068af800ef2b507e7dc0/FundusImages/RET090OD.jpg,1,train,OD,PAPILA/PapilaDB-PAPILA-9c67b80983805f0f886b068af800ef2b507e7dc0/FundusImages/RET090OD.jpg,data/PAPILA/PapilaDB-PAPILA-9c67b80983805f0f886b068af800ef2b507e7dc0/ExpertsSegmentations/Contours/RET090OD_disc_exp1.txt,data/PAPILA/PapilaDB-PAPILA-9c67b80983805f0f886b068af800ef2b507e7dc0/ExpertsSegmentations/Contours/RET090OD_cup_exp1.txt,data/PAPILA/PapilaDB-PAPILA-9c67b80983805f0f886b068af800ef2b507e7dc0/ExpertsSegmentations/Contours/RET090OD_disc_exp2.txt,data/PAPILA/PapilaDB-PAPILA-9c67b80983805f0f886b068af800ef2b507e7dc0/ExpertsSegmentations/Contours/RET090OD_cup_exp2.txt,3697875d6690ad5de5128aadbfc64fa1553a240194f671fe7258aada3d5a070c
RET090OS,RET090,data/PAPILA/PapilaDB-PAPILA-9c67b80983805f0f886b068af800ef2b507e7dc0/FundusImages/RET090OS.jpg,1,train,OS,PAPILA/PapilaDB-PAPILA-9c67b80983805f0f886b068af800ef2b507e7dc0/FundusImages/RET090OS.jpg,data/PAPILA/PapilaDB-PAPILA-9c67b80983805f0f886b068af800ef2b507e7dc0/ExpertsSegmentations/Contours/RET090OS_disc_exp1.txt,data/PAPILA/PapilaDB-PAPILA-9c67b80983805f0f886b068af800ef2b507e7dc0/ExpertsSegmentations/Contours/RET090OS_cup_exp1.txt,data/PAPILA/PapilaDB-PAPILA-9c67b80983805f0f886b068af800ef2b507e7dc0/ExpertsSegmentations/Contours/RET090OS_disc_exp2.txt,data/PAPILA/PapilaDB-PAPILA-9c67b80983805f0f886b068af800ef2b507e7dc0/ExpertsSegmentations/Contours/RET090OS_cup_exp2.txt,e1b10b6ae4e5c622d55925f22dbf25689c4e3c24ec371b990a63e61e6f57c9dd
RET096OD,RET096,data/PAPILA/PapilaDB-PAPILA-9c67b80983805f0f886b068af800ef2b507e7dc0/FundusImages/RET096OD.jpg,0,train,OD,PAPILA/PapilaDB-PAPILA-9c67b80983805f0f886b068af800ef2b507e7dc0/FundusImages/RET096OD.jpg,data/PAPILA/PapilaDB-PAPILA-9c67b80983805f0f886b068af800ef2b507e7dc0/ExpertsSegmentations/Contours/RET096OD_disc_exp1.txt,data/PAPILA/PapilaDB-PAPILA-9c67b80983805f0f886b068af800ef2b507e7dc0/ExpertsSegmentations/Contours/RET096OD_cup_exp1.txt,data/PAPILA/PapilaDB-PAPILA-9c67b80983805f0f886b068af800ef2b507e7dc0/ExpertsSegmentations/Contours/RET096OD_disc_exp2.txt,data/PAPILA/PapilaDB-PAPILA-9c67b80983805f0f886b068af800ef2b507e7dc0/ExpertsSegmentations/Contours/RET096OD_cup_exp2.txt,dd301ed90dbc1ccc90014dc58e3244f3504d83dde8b150de22074c86dbefa353
RET096OS,RET096,data/PAPILA/PapilaDB-PAPILA-9c67b80983805f0f886b068af800ef2b507e7dc0/FundusImages/RET096OS.jpg,1,train,OS,PAPILA/PapilaDB-PAPILA-9c67b80983805f0f886b068af800ef2b507e7dc0/FundusImages/RET096OS.jpg,data/PAPILA/PapilaDB-PAPILA-9c67b80983805f0f886b068af800ef2b507e7dc0/ExpertsSegmentations/Contours/RET096OS_disc_exp1.txt,data/PAPILA/PapilaDB-PAPILA-9c67b80983805f0f886b068af800ef2b507e7dc0/ExpertsSegmentations/Contours/RET096OS_cup_exp1.txt,data/PAPILA/PapilaDB-PAPILA-9c67b80983805f0f886b068af800ef2b507e7dc0/ExpertsSegmentations/Contours/RET096OS_disc_exp2.txt,data/PAPILA/PapilaDB-PAPILA-9c67b80983805f0f886b068af800ef2b507e7dc0/ExpertsSegmentations/Contours/RET096OS_cup_exp2.txt,654ae8f8b238c3018aa7236ba6c2a39c56073c32bb013b6d9a537117b4ecd48a
RET098OD,RET098,data/PAPILA/PapilaDB-PAPILA-9c67b80983805f0f886b068af800ef2b507e7dc0/FundusImages/RET098OD.jpg,0,train,OD,PAPILA/PapilaDB-PAPILA-9c67b80983805f0f886b068af800ef2b507e7dc0/FundusImages/RET098OD.jpg,data/PAPILA/PapilaDB-PAPILA-9c67b80983805f0f886b068af800ef2b507e7dc0/ExpertsSegmentations/Contours/RET098OD_disc_exp1.txt,data/PAPILA/PapilaDB-PAPILA-9c67b80983805f0f886b068af800ef2b507e7dc0/ExpertsSegmentations/Contours/RET098OD_cup_exp1.txt,data/PAPILA/PapilaDB-PAPILA-9c67b80983805f0f886b068af800ef2b507e7dc0/ExpertsSegmentations/Contours/RET098OD_disc_exp2.txt,data/PAPILA/PapilaDB-PAPILA-9c67b80983805f0f886b068af800ef2b507e7dc0/ExpertsSegmentations/Contours/RET098OD_cup_exp2.txt,154de98312055cca56c29fdfd7903922654c34368d701e8973ff45cf006f5fc2
RET098OS,RET098,data/PAPILA/PapilaDB-PAPILA-9c67b80983805f0f886b068af800ef2b507e7dc0/FundusImages/RET098OS.jpg,1,train,OS,PAPILA/PapilaDB-PAPILA-9c67b80983805f0f886b068af800ef2b507e7dc0/FundusImages/RET098OS.jpg,data/PAPILA/PapilaDB-PAPILA-9c67b80983805f0f886b068af800ef2b507e7dc0/ExpertsSegmentations/Contours/RET098OS_disc_exp1.txt,data/PAPILA/PapilaDB-PAPILA-9c67b80983805f0f886b068af800ef2b507e7dc0/ExpertsSegmentations/Contours/RET098OS_cup_exp1.txt,data/PAPILA/PapilaDB-PAPILA-9c67b80983805f0f886b068af800ef2b507e7dc0/ExpertsSegmentations/Contours/RET098OS_disc_exp2.txt,data/PAPILA/PapilaDB-PAPILA-9c67b80983805f0f886b068af800ef2b507e7dc0/ExpertsSegmentations/Contours/RET098OS_cup_exp2.txt,f851142db0887482403f7fe0dd4308e4956b9457090dc8c315a5b03537432148
RET105OD,RET105,data/PAPILA/PapilaDB-PAPILA-9c67b80983805f0f886b068af800ef2b507e7dc0/FundusImages/RET105OD.jpg,1,train,OD,PAPILA/PapilaDB-PAPILA-9c67b80983805f0f886b068af800ef2b507e7dc0/FundusImages/RET105OD.jpg,data/PAPILA/PapilaDB-PAPILA-9c67b80983805f0f886b068af800ef2b507e7dc0/ExpertsSegmentations/Contours/RET105OD_disc_exp1.txt,data/PAPILA/PapilaDB-PAPILA-9c67b80983805f0f886b068af800ef2b507e7dc0/ExpertsSegmentations/Contours/RET105OD_cup_exp1.txt,data/PAPILA/PapilaDB-PAPILA-9c67b80983805f0f886b068af800ef2b507e7dc0/ExpertsSegmentations/Contours/RET105OD_disc_exp2.txt,data/PAPILA/PapilaDB-PAPILA-9c67b80983805f0f886b068af800ef2b507e7dc0/ExpertsSegmentations/Contours/RET105OD_cup_exp2.txt,cac9c4526bb9fa7098f7bddbb5a5097e705951c4e8ca188aaf6f58bce5ccc950
RET105OS,RET105,data/PAPILA/PapilaDB-PAPILA-9c67b80983805f0f886b068af800ef2b507e7dc0/FundusImages/RET105OS.jpg,1,train,OS,PAPILA/PapilaDB-PAPILA-9c67b80983805f0f886b068af800ef2b507e7dc0/FundusImages/RET105OS.jpg,data/PAPILA/PapilaDB-PAPILA-9c67b80983805f0f886b068af800ef2b507e7dc0/ExpertsSegmentations/Contours/RET105OS_disc_exp1.txt,data/PAPILA/PapilaDB-PAPILA-9c67b80983805f0f886b068af800ef2b507e7dc0/ExpertsSegmentations/Contours/RET105OS_cup_exp1.txt,data/PAPILA/PapilaDB-PAPILA-9c67b80983805f0f886b068af800ef2b507e7dc0/ExpertsSegmentations/Contours/RET105OS_disc_exp2.txt,data/PAPILA/PapilaDB-PAPILA-9c67b80983805f0f886b068af800ef2b507e7dc0/ExpertsSegmentations/Contours/RET105OS_cup_exp2.txt,30ea8afd50f2024755eb6bfc76e481868be87c6b6393d0552c505f467a865c1f
RET107OD,RET107,data/PAPILA/PapilaDB-PAPILA-9c67b80983805f0f886b068af800ef2b507e7dc0/FundusImages/RET107OD.jpg,0,val,OD,PAPILA/PapilaDB-PAPILA-9c67b80983805f0f886b068af800ef2b507e7dc0/FundusImages/RET107OD.jpg,data/PAPILA/PapilaDB-PAPILA-9c67b80983805f0f886b068af800ef2b507e7dc0/ExpertsSegmentations/Contours/RET107OD_disc_exp1.txt,data/PAPILA/PapilaDB-PAPILA-9c67b80983805f0f886b068af800ef2b507e7dc0/ExpertsSegmentations/Contours/RET107OD_cup_exp1.txt,data/PAPILA/PapilaDB-PAPILA-9c67b80983805f0f886b068af800ef2b507e7dc0/ExpertsSegmentations/Contours/RET107OD_disc_exp2.txt,data/PAPILA/PapilaDB-PAPILA-9c67b80983805f0f886b068af800ef2b507e7dc0/ExpertsSegmentations/Contours/RET107OD_cup_exp2.txt,5b7e44d426dd6bf1c37dfb8294cf830e39b248088289e780de1dec2686ea8c41
RET107OS,RET107,data/PAPILA/PapilaDB-PAPILA-9c67b80983805f0f886b068af800ef2b507e7dc0/FundusImages/RET107OS.jpg,1,val,OS,PAPILA/PapilaDB-PAPILA-9c67b80983805f0f886b068af800ef2b507e7dc0/FundusImages/RET107OS.jpg,data/PAPILA/PapilaDB-PAPILA-9c67b80983805f0f886b068af800ef2b507e7dc0/ExpertsSegmentations/Contours/RET107OS_disc_exp1.txt,data/PAPILA/PapilaDB-PAPILA-9c67b80983805f0f886b068af800ef2b507e7dc0/ExpertsSegmentations/Contours/RET107OS_cup_exp1.txt,data/PAPILA/PapilaDB-PAPILA-9c67b80983805f0f886b068af800ef2b507e7dc0/ExpertsSegmentations/Contours/RET107OS_disc_exp2.txt,data/PAPILA/PapilaDB-PAPILA-9c67b80983805f0f886b068af800ef2b507e7dc0/ExpertsSegmentations/Contours/RET107OS_cup_exp2.txt,1c391ce6641fdf4783989207885af42241aec90bbcd55d09a1366b8a6f6cfae4
RET108OD,RET108,data/PAPILA/PapilaDB-PAPILA-9c67b80983805f0f886b068af800ef2b507e7dc0/FundusImages/RET108OD.jpg,0,val,OD,PAPILA/PapilaDB-PAPILA-9c67b80983805f0f886b068af800ef2b507e7dc0/FundusImages/RET108OD.jpg,data/PAPILA/PapilaDB-PAPILA-9c67b80983805f0f886b068af800ef2b507e7dc0/ExpertsSegmentations/Contours/RET108OD_disc_exp1.txt,data/PAPILA/PapilaDB-PAPILA-9c67b80983805f0f886b068af800ef2b507e7dc0/ExpertsSegmentations/Contours/RET108OD_cup_exp1.txt,data/PAPILA/PapilaDB-PAPILA-9c67b80983805f0f886b068af800ef2b507e7dc0/ExpertsSegmentations/Contours/RET108OD_disc_exp2.txt,data/PAPILA/PapilaDB-PAPILA-9c67b80983805f0f886b068af800ef2b507e7dc0/ExpertsSegmentations/Contours/RET108OD_cup_exp2.txt,a550bae5be56f9b40b9d4e30bf4ae631c33f442020bf943239fb78a9388b558c
RET108OS,RET108,data/PAPILA/PapilaDB-PAPILA-9c67b80983805f0f886b068af800ef2b507e7dc0/FundusImages/RET108OS.jpg,0,val,OS,PAPILA/PapilaDB-PAPILA-9c67b80983805f0f886b068af800ef2b507e7dc0/FundusImages/RET108OS.jpg,data/PAPILA/PapilaDB-PAPILA-9c67b80983805f0f886b068af800ef2b507e7dc0/ExpertsSegmentations/Contours/RET108OS_disc_exp1.txt,data/PAPILA/PapilaDB-PAPILA-9c67b80983805f0f886b068af800ef2b507e7dc0/ExpertsSegmentations/Contours/RET108OS_cup_exp1.txt,data/PAPILA/PapilaDB-PAPILA-9c67b80983805f0f886b068af800ef2b507e7dc0/ExpertsSegmentations/Contours/RET108OS_disc_exp2.txt,data/PAPILA/PapilaDB-PAPILA-9c67b80983805f0f886b068af800ef2b507e7dc0/ExpertsSegmentations/Contours/RET108OS_cup_exp2.txt,b82d4f783d8654277748a9c314f8914c78fe0373d7313ee60ac716d9577d18b4
RET116OD,RET116,data/PAPILA/PapilaDB-PAPILA-9c67b80983805f0f886b068af800ef2b507e7dc0/FundusImages/RET116OD.jpg,0,train,OD,PAPILA/PapilaDB-PAPILA-9c67b80983805f0f886b068af800ef2b507e7dc0/FundusImages/RET116OD.jpg,data/PAPILA/PapilaDB-PAPILA-9c67b80983805f0f886b068af800ef2b507e7dc0/ExpertsSegmentations/Contours/RET116OD_disc_exp1.txt,data/PAPILA/PapilaDB-PAPILA-9c67b80983805f0f886b068af800ef2b507e7dc0/ExpertsSegmentations/Contours/RET116OD_cup_exp1.txt,data/PAPILA/PapilaDB-PAPILA-9c67b80983805f0f886b068af800ef2b507e7dc0/ExpertsSegmentations/Contours/RET116OD_disc_exp2.txt,data/PAPILA/PapilaDB-PAPILA-9c67b80983805f0f886b068af800ef2b507e7dc0/ExpertsSegmentations/Contours/RET116OD_cup_exp2.txt,595d7e0ddc30dd4818807906a31b2b33b46be9657066374e896e29f2d4c367d0
RET116OS,RET116,data/PAPILA/PapilaDB-PAPILA-9c67b80983805f0f886b068af800ef2b507e7dc0/FundusImages/RET116OS.jpg,1,train,OS,PAPILA/PapilaDB-PAPILA-9c67b80983805f0f886b068af800ef2b507e7dc0/FundusImages/RET116OS.jpg,data/PAPILA/PapilaDB-PAPILA-9c67b80983805f0f886b068af800ef2b507e7dc0/ExpertsSegmentations/Contours/RET116OS_disc_exp1.txt,data/PAPILA/PapilaDB-PAPILA-9c67b80983805f0f886b068af800ef2b507e7dc0/ExpertsSegmentations/Contours/RET116OS_cup_exp1.txt,data/PAPILA/PapilaDB-PAPILA-9c67b80983805f0f886b068af800ef2b507e7dc0/ExpertsSegmentations/Contours/RET116OS_disc_exp2.txt,data/PAPILA/PapilaDB-PAPILA-9c67b80983805f0f886b068af800ef2b507e7dc0/ExpertsSegmentations/Contours/RET116OS_cup_exp2.txt,3923f02e89795932aaeae5f8596e3b47939a9fe0dd86b7ebff7f1ab8d62906d6
RET119OD,RET119,data/PAPILA/PapilaDB-PAPILA-9c67b80983805f0f886b068af800ef2b507e7dc0/FundusImages/RET119OD.jpg,1,train,OD,PAPILA/PapilaDB-PAPILA-9c67b80983805f0f886b068af800ef2b507e7dc0/FundusImages/RET119OD.jpg,data/PAPILA/PapilaDB-PAPILA-9c67b80983805f0f886b068af800ef2b507e7dc0/ExpertsSegmentations/Contours/RET119OD_disc_exp1.txt,data/PAPILA/PapilaDB-PAPILA-9c67b80983805f0f886b068af800ef2b507e7dc0/ExpertsSegmentations/Contours/RET119OD_cup_exp1.txt,data/PAPILA/PapilaDB-PAPILA-9c67b80983805f0f886b068af800ef2b507e7dc0/ExpertsSegmentations/Contours/RET119OD_disc_exp2.txt,data/PAPILA/PapilaDB-PAPILA-9c67b80983805f0f886b068af800ef2b507e7dc0/ExpertsSegmentations/Contours/RET119OD_cup_exp2.txt,d06d5438a3b2b8911ce69282fee7fab5904050148ab325f7470a8d681ceeb5ef
RET119OS,RET119,data/PAPILA/PapilaDB-PAPILA-9c67b80983805f0f886b068af800ef2b507e7dc0/FundusImages/RET119OS.jpg,1,train,OS,PAPILA/PapilaDB-PAPILA-9c67b80983805f0f886b068af800ef2b507e7dc0/FundusImages/RET119OS.jpg,data/PAPILA/PapilaDB-PAPILA-9c67b80983805f0f886b068af800ef2b507e7dc0/ExpertsSegmentations/Contours/RET119OS_disc_exp1.txt,data/PAPILA/PapilaDB-PAPILA-9c67b80983805f0f886b068af800ef2b507e7dc0/ExpertsSegmentations/Contours/RET119OS_cup_exp1.txt,data/PAPILA/PapilaDB-PAPILA-9c67b80983805f0f886b068af800ef2b507e7dc0/ExpertsSegmentations/Contours/RET119OS_disc_exp2.txt,data/PAPILA/PapilaDB-PAPILA-9c67b80983805f0f886b068af800ef2b507e7dc0/ExpertsSegmentations/Contours/RET119OS_cup_exp2.txt,59f71eb26c50c58a19271f33b1968accbf373c3ecc4a748933a18d6e33d74b30
RET123OD,RET123,data/PAPILA/PapilaDB-PAPILA-9c67b80983805f0f886b068af800ef2b507e7dc0/FundusImages/RET123OD.jpg,0,train,OD,PAPILA/PapilaDB-PAPILA-9c67b80983805f0f886b068af800ef2b507e7dc0/FundusImages/RET123OD.jpg,data/PAPILA/PapilaDB-PAPILA-9c67b80983805f0f886b068af800ef2b507e7dc0/ExpertsSegmentations/Contours/RET123OD_disc_exp1.txt,data/PAPILA/PapilaDB-PAPILA-9c67b80983805f0f886b068af800ef2b507e7dc0/ExpertsSegmentations/Contours/RET123OD_cup_exp1.txt,data/PAPILA/PapilaDB-PAPILA-9c67b80983805f0f886b068af800ef2b507e7dc0/ExpertsSegmentations/Contours/RET123OD_disc_exp2.txt,data/PAPILA/PapilaDB-PAPILA-9c67b80983805f0f886b068af800ef2b507e7dc0/ExpertsSegmentations/Contours/RET123OD_cup_exp2.txt,6e98d6738d2331f548d6e9bb9e7990319d859a49c3f9ed39193f556cd9792213
RET123OS,RET123,data/PAPILA/PapilaDB-PAPILA-9c67b80983805f0f886b068af800ef2b507e7dc0/FundusImages/RET123OS.jpg,1,train,OS,PAPILA/PapilaDB-PAPILA-9c67b80983805f0f886b068af800ef2b507e7dc0/FundusImages/RET123OS.jpg,data/PAPILA/PapilaDB-PAPILA-9c67b80983805f0f886b068af800ef2b507e7dc0/ExpertsSegmentations/Contours/RET123OS_disc_exp1.txt,data/PAPILA/PapilaDB-PAPILA-9c67b80983805f0f886b068af800ef2b507e7dc0/ExpertsSegmentations/Contours/RET123OS_cup_exp1.txt,data/PAPILA/PapilaDB-PAPILA-9c67b80983805f0f886b068af800ef2b507e7dc0/ExpertsSegmentations/Contours/RET123OS_disc_exp2.txt,data/PAPILA/PapilaDB-PAPILA-9c67b80983805f0f886b068af800ef2b507e7dc0/ExpertsSegmentations/Contours/RET123OS_cup_exp2.txt,549eac5ae071a495a92ebd19646287ba2ad60b4c22116e1aba1dc2680233e60f
RET124OD,RET124,data/PAPILA/PapilaDB-PAPILA-9c67b80983805f0f886b068af800ef2b507e7dc0/FundusImages/RET124OD.jpg,1,train,OD,PAPILA/PapilaDB-PAPILA-9c67b80983805f0f886b068af800ef2b507e7dc0/FundusImages/RET124OD.jpg,data/PAPILA/PapilaDB-PAPILA-9c67b80983805f0f886b068af800ef2b507e7dc0/ExpertsSegmentations/Contours/RET124OD_disc_exp1.txt,data/PAPILA/PapilaDB-PAPILA-9c67b80983805f0f886b068af800ef2b507e7dc0/ExpertsSegmentations/Contours/RET124OD_cup_exp1.txt,data/PAPILA/PapilaDB-PAPILA-9c67b80983805f0f886b068af800ef2b507e7dc0/ExpertsSegmentations/Contours/RET124OD_disc_exp2.txt,data/PAPILA/PapilaDB-PAPILA-9c67b80983805f0f886b068af800ef2b507e7dc0/ExpertsSegmentations/Contours/RET124OD_cup_exp2.txt,4c8fa1bec2a0d74ae6f7d26946fb57d68eb749f8304ae5e794315f946261336e
RET124OS,RET124,data/PAPILA/PapilaDB-PAPILA-9c67b80983805f0f886b068af800ef2b507e7dc0/FundusImages/RET124OS.jpg,1,train,OS,PAPILA/PapilaDB-PAPILA-9c67b80983805f0f886b068af800ef2b507e7dc0/FundusImages/RET124OS.jpg,data/PAPILA/PapilaDB-PAPILA-9c67b80983805f0f886b068af800ef2b507e7dc0/ExpertsSegmentations/Contours/RET124OS_disc_exp1.txt,data/PAPILA/PapilaDB-PAPILA-9c67b80983805f0f886b068af800ef2b507e7dc0/ExpertsSegmentations/Contours/RET124OS_cup_exp1.txt,data/PAPILA/PapilaDB-PAPILA-9c67b80983805f0f886b068af800ef2b507e7dc0/ExpertsSegmentations/Contours/RET124OS_disc_exp2.txt,data/PAPILA/PapilaDB-PAPILA-9c67b80983805f0f886b068af800ef2b507e7dc0/ExpertsSegmentations/Contours/RET124OS_cup_exp2.txt,3b4982bf6f90cc4dd564092fec96adb714a1a56c1c389bf1f0d843b805f85be7
RET125OD,RET125,data/PAPILA/PapilaDB-PAPILA-9c67b80983805f0f886b068af800ef2b507e7dc0/FundusImages/RET125OD.jpg,0,train,OD,PAPILA/PapilaDB-PAPILA-9c67b80983805f0f886b068af800ef2b507e7dc0/FundusImages/RET125OD.jpg,data/PAPILA/PapilaDB-PAPILA-9c67b80983805f0f886b068af800ef2b507e7dc0/ExpertsSegmentations/Contours/RET125OD_disc_exp1.txt,data/PAPILA/PapilaDB-PAPILA-9c67b80983805f0f886b068af800ef2b507e7dc0/ExpertsSegmentations/Contours/RET125OD_cup_exp1.txt,data/PAPILA/PapilaDB-PAPILA-9c67b80983805f0f886b068af800ef2b507e7dc0/ExpertsSegmentations/Contours/RET125OD_disc_exp2.txt,data/PAPILA/PapilaDB-PAPILA-9c67b80983805f0f886b068af800ef2b507e7dc0/ExpertsSegmentations/Contours/RET125OD_cup_exp2.txt,5d3eb8e1de73cbae90e9d1e78b45ab24eed1ee24876aa5114a9f5403d6e1d3dc
RET125OS,RET125,data/PAPILA/PapilaDB-PAPILA-9c67b80983805f0f886b068af800ef2b507e7dc0/FundusImages/RET125OS.jpg,0,train,OS,PAPILA/PapilaDB-PAPILA-9c67b80983805f0f886b068af800ef2b507e7dc0/FundusImages/RET125OS.jpg,data/PAPILA/PapilaDB-PAPILA-9c67b80983805f0f886b068af800ef2b507e7dc0/ExpertsSegmentations/Contours/RET125OS_disc_exp1.txt,data/PAPILA/PapilaDB-PAPILA-9c67b80983805f0f886b068af800ef2b507e7dc0/ExpertsSegmentations/Contours/RET125OS_cup_exp1.txt,data/PAPILA/PapilaDB-PAPILA-9c67b80983805f0f886b068af800ef2b507e7dc0/ExpertsSegmentations/Contours/RET125OS_disc_exp2.txt,data/PAPILA/PapilaDB-PAPILA-9c67b80983805f0f886b068af800ef2b507e7dc0/ExpertsSegmentations/Contours/RET125OS_cup_exp2.txt,65657c831b697e828837d734f061c8a1d784c23dd83fcfe4a6a581f16c6b9a5c
RET126OD,RET126,data/PAPILA/PapilaDB-PAPILA-9c67b80983805f0f886b068af800ef2b507e7dc0/FundusImages/RET126OD.jpg,0,train,OD,PAPILA/PapilaDB-PAPILA-9c67b80983805f0f886b068af800ef2b507e7dc0/FundusImages/RET126OD.jpg,data/PAPILA/PapilaDB-PAPILA-9c67b80983805f0f886b068af800ef2b507e7dc0/ExpertsSegmentations/Contours/RET126OD_disc_exp1.txt,data/PAPILA/PapilaDB-PAPILA-9c67b80983805f0f886b068af800ef2b507e7dc0/ExpertsSegmentations/Contours/RET126OD_cup_exp1.txt,data/PAPILA/PapilaDB-PAPILA-9c67b80983805f0f886b068af800ef2b507e7dc0/ExpertsSegmentations/Contours/RET126OD_disc_exp2.txt,data/PAPILA/PapilaDB-PAPILA-9c67b80983805f0f886b068af800ef2b507e7dc0/ExpertsSegmentations/Contours/RET126OD_cup_exp2.txt,b99f8bbba1838b67c3e4c87db05daaa50b4885af0242733ed9e5673df7aee634
RET126OS,RET126,data/PAPILA/PapilaDB-PAPILA-9c67b80983805f0f886b068af800ef2b507e7dc0/FundusImages/RET126OS.jpg,0,train,OS,PAPILA/PapilaDB-PAPILA-9c67b80983805f0f886b068af800ef2b507e7dc0/FundusImages/RET126OS.jpg,data/PAPILA/PapilaDB-PAPILA-9c67b80983805f0f886b068af800ef2b507e7dc0/ExpertsSegmentations/Contours/RET126OS_disc_exp1.txt,data/PAPILA/PapilaDB-PAPILA-9c67b80983805f0f886b068af800ef2b507e7dc0/ExpertsSegmentations/Contours/RET126OS_cup_exp1.txt,data/PAPILA/PapilaDB-PAPILA-9c67b80983805f0f886b068af800ef2b507e7dc0/ExpertsSegmentations/Contours/RET126OS_disc_exp2.txt,data/PAPILA/PapilaDB-PAPILA-9c67b80983805f0f886b068af800ef2b507e7dc0/ExpertsSegmentations/Contours/RET126OS_cup_exp2.txt,575f3cb4e87d0149fc086ccd1f716aace941ecb5b2ea9660d92d924b0c679644
RET127OD,RET127,data/PAPILA/PapilaDB-PAPILA-9c67b80983805f0f886b068af800ef2b507e7dc0/FundusImages/RET127OD.jpg,0,val,OD,PAPILA/PapilaDB-PAPILA-9c67b80983805f0f886b068af800ef2b507e7dc0/FundusImages/RET127OD.jpg,data/PAPILA/PapilaDB-PAPILA-9c67b80983805f0f886b068af800ef2b507e7dc0/ExpertsSegmentations/Contours/RET127OD_disc_exp1.txt,data/PAPILA/PapilaDB-PAPILA-9c67b80983805f0f886b068af800ef2b507e7dc0/ExpertsSegmentations/Contours/RET127OD_cup_exp1.txt,data/PAPILA/PapilaDB-PAPILA-9c67b80983805f0f886b068af800ef2b507e7dc0/ExpertsSegmentations/Contours/RET127OD_disc_exp2.txt,data/PAPILA/PapilaDB-PAPILA-9c67b80983805f0f886b068af800ef2b507e7dc0/ExpertsSegmentations/Contours/RET127OD_cup_exp2.txt,88e739bc880df70a17418661ddb500174c94407e8b7d67c56e4f35be2bb7f01f
RET127OS,RET127,data/PAPILA/PapilaDB-PAPILA-9c67b80983805f0f886b068af800ef2b507e7dc0/FundusImages/RET127OS.jpg,0,val,OS,PAPILA/PapilaDB-PAPILA-9c67b80983805f0f886b068af800ef2b507e7dc0/FundusImages/RET127OS.jpg,data/PAPILA/PapilaDB-PAPILA-9c67b80983805f0f886b068af800ef2b507e7dc0/ExpertsSegmentations/Contours/RET127OS_disc_exp1.txt,data/PAPILA/PapilaDB-PAPILA-9c67b80983805f0f886b068af800ef2b507e7dc0/ExpertsSegmentations/Contours/RET127OS_cup_exp1.txt,data/PAPILA/PapilaDB-PAPILA-9c67b80983805f0f886b068af800ef2b507e7dc0/ExpertsSegmentations/Contours/RET127OS_disc_exp2.txt,data/PAPILA/PapilaDB-PAPILA-9c67b80983805f0f886b068af800ef2b507e7dc0/ExpertsSegmentations/Contours/RET127OS_cup_exp2.txt,cf7a2862f4cc0b8948b951fe2558ba2905305090f5c7e6beecd711a0e602cebb
RET128OD,RET128,data/PAPILA/PapilaDB-PAPILA-9c67b80983805f0f886b068af800ef2b507e7dc0/FundusImages/RET128OD.jpg,0,train,OD,PAPILA/PapilaDB-PAPILA-9c67b80983805f0f886b068af800ef2b507e7dc0/FundusImages/RET128OD.jpg,data/PAPILA/PapilaDB-PAPILA-9c67b80983805f0f886b068af800ef2b507e7dc0/ExpertsSegmentations/Contours/RET128OD_disc_exp1.txt,data/PAPILA/PapilaDB-PAPILA-9c67b80983805f0f886b068af800ef2b507e7dc0/ExpertsSegmentations/Contours/RET128OD_cup_exp1.txt,data/PAPILA/PapilaDB-PAPILA-9c67b80983805f0f886b068af800ef2b507e7dc0/ExpertsSegmentations/Contours/RET128OD_disc_exp2.txt,data/PAPILA/PapilaDB-PAPILA-9c67b80983805f0f886b068af800ef2b507e7dc0/ExpertsSegmentations/Contours/RET128OD_cup_exp2.txt,25e22a546c88a2c4a50c08ecbd2c4b3988f5fa953608b3bdaf5d6d4fc17cf936
RET128OS,RET128,data/PAPILA/PapilaDB-PAPILA-9c67b80983805f0f886b068af800ef2b507e7dc0/FundusImages/RET128OS.jpg,0,train,OS,PAPILA/PapilaDB-PAPILA-9c67b80983805f0f886b068af800ef2b507e7dc0/FundusImages/RET128OS.jpg,data/PAPILA/PapilaDB-PAPILA-9c67b80983805f0f886b068af800ef2b507e7dc0/ExpertsSegmentations/Contours/RET128OS_disc_exp1.txt,data/PAPILA/PapilaDB-PAPILA-9c67b80983805f0f886b068af800ef2b507e7dc0/ExpertsSegmentations/Contours/RET128OS_cup_exp1.txt,data/PAPILA/PapilaDB-PAPILA-9c67b80983805f0f886b068af800ef2b507e7dc0/ExpertsSegmentations/Contours/RET128OS_disc_exp2.txt,data/PAPILA/PapilaDB-PAPILA-9c67b80983805f0f886b068af800ef2b507e7dc0/ExpertsSegmentations/Contours/RET128OS_cup_exp2.txt,13bef64c438772c80530c1c67896332540b46abe4a7b58669ce40cb2fb7aa898
RET129OD,RET129,data/PAPILA/PapilaDB-PAPILA-9c67b80983805f0f886b068af800ef2b507e7dc0/FundusImages/RET129OD.jpg,0,train,OD,PAPILA/PapilaDB-PAPILA-9c67b80983805f0f886b068af800ef2b507e7dc0/FundusImages/RET129OD.jpg,data/PAPILA/PapilaDB-PAPILA-9c67b80983805f0f886b068af800ef2b507e7dc0/ExpertsSegmentations/Contours/RET129OD_disc_exp1.txt,data/PAPILA/PapilaDB-PAPILA-9c67b80983805f0f886b068af800ef2b507e7dc0/ExpertsSegmentations/Contours/RET129OD_cup_exp1.txt,data/PAPILA/PapilaDB-PAPILA-9c67b80983805f0f886b068af800ef2b507e7dc0/ExpertsSegmentations/Contours/RET129OD_disc_exp2.txt,data/PAPILA/PapilaDB-PAPILA-9c67b80983805f0f886b068af800ef2b507e7dc0/ExpertsSegmentations/Contours/RET129OD_cup_exp2.txt,9b64972aa62164bc994f0df8603ccfe844ef5418070857462b0b4d71edf48c1b
RET129OS,RET129,data/PAPILA/PapilaDB-PAPILA-9c67b80983805f0f886b068af800ef2b507e7dc0/FundusImages/RET129OS.jpg,0,train,OS,PAPILA/PapilaDB-PAPILA-9c67b80983805f0f886b068af800ef2b507e7dc0/FundusImages/RET129OS.jpg,data/PAPILA/PapilaDB-PAPILA-9c67b80983805f0f886b068af800ef2b507e7dc0/ExpertsSegmentations/Contours/RET129OS_disc_exp1.txt,data/PAPILA/PapilaDB-PAPILA-9c67b80983805f0f886b068af800ef2b507e7dc0/ExpertsSegmentations/Contours/RET129OS_cup_exp1.txt,data/PAPILA/PapilaDB-PAPILA-9c67b80983805f0f886b068af800ef2b507e7dc0/ExpertsSegmentations/Contours/RET129OS_disc_exp2.txt,data/PAPILA/PapilaDB-PAPILA-9c67b80983805f0f886b068af800ef2b507e7dc0/ExpertsSegmentations/Contours/RET129OS_cup_exp2.txt,7fc51b7b078fe2834b355fb7af82ecb78dff904ce1373c1f3b965226ce548634
RET130OD,RET130,data/PAPILA/PapilaDB-PAPILA-9c67b80983805f0f886b068af800ef2b507e7dc0/FundusImages/RET130OD.jpg,0,train,OD,PAPILA/PapilaDB-PAPILA-9c67b80983805f0f886b068af800ef2b507e7dc0/FundusImages/RET130OD.jpg,data/PAPILA/PapilaDB-PAPILA-9c67b80983805f0f886b068af800ef2b507e7dc0/ExpertsSegmentations/Contours/RET130OD_disc_exp1.txt,data/PAPILA/PapilaDB-PAPILA-9c67b80983805f0f886b068af800ef2b507e7dc0/ExpertsSegmentations/Contours/RET130OD_cup_exp1.txt,data/PAPILA/PapilaDB-PAPILA-9c67b80983805f0f886b068af800ef2b507e7dc0/ExpertsSegmentations/Contours/RET130OD_disc_exp2.txt,data/PAPILA/PapilaDB-PAPILA-9c67b80983805f0f886b068af800ef2b507e7dc0/ExpertsSegmentations/Contours/RET130OD_cup_exp2.txt,568ce147b2604d5c1129ddfe5c12a7b152b18befccc6ce8e6ed1ba317b127d80
RET130OS,RET130,data/PAPILA/PapilaDB-PAPILA-9c67b80983805f0f886b068af800ef2b507e7dc0/FundusImages/RET130OS.jpg,0,train,OS,PAPILA/PapilaDB-PAPILA-9c67b80983805f0f886b068af800ef2b507e7dc0/FundusImages/RET130OS.jpg,data/PAPILA/PapilaDB-PAPILA-9c67b80983805f0f886b068af800ef2b507e7dc0/ExpertsSegmentations/Contours/RET130OS_disc_exp1.txt,data/PAPILA/PapilaDB-PAPILA-9c67b80983805f0f886b068af800ef2b507e7dc0/ExpertsSegmentations/Contours/RET130OS_cup_exp1.txt,data/PAPILA/PapilaDB-PAPILA-9c67b80983805f0f886b068af800ef2b507e7dc0/ExpertsSegmentations/Contours/RET130OS_disc_exp2.txt,data/PAPILA/PapilaDB-PAPILA-9c67b80983805f0f886b068af800ef2b507e7dc0/ExpertsSegmentations/Contours/RET130OS_cup_exp2.txt,13616bf8fc6d2c33bb3372e0ee52a77843dcd496c56a5827eeee2fc36c42fdf4
RET131OD,RET131,data/PAPILA/PapilaDB-PAPILA-9c67b80983805f0f886b068af800ef2b507e7dc0/FundusImages/RET131OD.jpg,0,train,OD,PAPILA/PapilaDB-PAPILA-9c67b80983805f0f886b068af800ef2b507e7dc0/FundusImages/RET131OD.jpg,data/PAPILA/PapilaDB-PAPILA-9c67b80983805f0f886b068af800ef2b507e7dc0/ExpertsSegmentations/Contours/RET131OD_disc_exp1.txt,data/PAPILA/PapilaDB-PAPILA-9c67b80983805f0f886b068af800ef2b507e7dc0/ExpertsSegmentations/Contours/RET131OD_cup_exp1.txt,data/PAPILA/PapilaDB-PAPILA-9c67b80983805f0f886b068af800ef2b507e7dc0/ExpertsSegmentations/Contours/RET131OD_disc_exp2.txt,data/PAPILA/PapilaDB-PAPILA-9c67b80983805f0f886b068af800ef2b507e7dc0/ExpertsSegmentations/Contours/RET131OD_cup_exp2.txt,e837b7e47f7317044b111650186ee97ea414382a1bebbadaa8b334528ef6ba28
RET131OS,RET131,data/PAPILA/PapilaDB-PAPILA-9c67b80983805f0f886b068af800ef2b507e7dc0/FundusImages/RET131OS.jpg,0,train,OS,PAPILA/PapilaDB-PAPILA-9c67b80983805f0f886b068af800ef2b507e7dc0/FundusImages/RET131OS.jpg,data/PAPILA/PapilaDB-PAPILA-9c67b80983805f0f886b068af800ef2b507e7dc0/ExpertsSegmentations/Contours/RET131OS_disc_exp1.txt,data/PAPILA/PapilaDB-PAPILA-9c67b80983805f0f886b068af800ef2b507e7dc0/ExpertsSegmentations/Contours/RET131OS_cup_exp1.txt,data/PAPILA/PapilaDB-PAPILA-9c67b80983805f0f886b068af800ef2b507e7dc0/ExpertsSegmentations/Contours/RET131OS_disc_exp2.txt,data/PAPILA/PapilaDB-PAPILA-9c67b80983805f0f886b068af800ef2b507e7dc0/ExpertsSegmentations/Contours/RET131OS_cup_exp2.txt,92f35e904e74eaa49ca03a06f0f64a17189e99a3438660b1c7b71612b65d1dd1
RET132OD,RET132,data/PAPILA/PapilaDB-PAPILA-9c67b80983805f0f886b068af800ef2b507e7dc0/FundusImages/RET132OD.jpg,0,train,OD,PAPILA/PapilaDB-PAPILA-9c67b80983805f0f886b068af800ef2b507e7dc0/FundusImages/RET132OD.jpg,data/PAPILA/PapilaDB-PAPILA-9c67b80983805f0f886b068af800ef2b507e7dc0/ExpertsSegmentations/Contours/RET132OD_disc_exp1.txt,data/PAPILA/PapilaDB-PAPILA-9c67b80983805f0f886b068af800ef2b507e7dc0/ExpertsSegmentations/Contours/RET132OD_cup_exp1.txt,data/PAPILA/PapilaDB-PAPILA-9c67b80983805f0f886b068af800ef2b507e7dc0/ExpertsSegmentations/Contours/RET132OD_disc_exp2.txt,data/PAPILA/PapilaDB-PAPILA-9c67b80983805f0f886b068af800ef2b507e7dc0/ExpertsSegmentations/Contours/RET132OD_cup_exp2.txt,9cf6a7a99ac7e23c4fdd7f314b2e7e262f62cd40f767c177f573caf7b4154b9a
RET132OS,RET132,data/PAPILA/PapilaDB-PAPILA-9c67b80983805f0f886b068af800ef2b507e7dc0/FundusImages/RET132OS.jpg,0,train,OS,PAPILA/PapilaDB-PAPILA-9c67b80983805f0f886b068af800ef2b507e7dc0/FundusImages/RET132OS.jpg,data/PAPILA/PapilaDB-PAPILA-9c67b80983805f0f886b068af800ef2b507e7dc0/ExpertsSegmentations/Contours/RET132OS_disc_exp1.txt,data/PAPILA/PapilaDB-PAPILA-9c67b80983805f0f886b068af800ef2b507e7dc0/ExpertsSegmentations/Contours/RET132OS_cup_exp1.txt,data/PAPILA/PapilaDB-PAPILA-9c67b80983805f0f886b068af800ef2b507e7dc0/ExpertsSegmentations/Contours/RET132OS_disc_exp2.txt,data/PAPILA/PapilaDB-PAPILA-9c67b80983805f0f886b068af800ef2b507e7dc0/ExpertsSegmentations/Contours/RET132OS_cup_exp2.txt,b0a75b57b1aaaa15d04898056982a38ab02c0a20f308ac50ced5f7e746447b19
RET133OD,RET133,data/PAPILA/PapilaDB-PAPILA-9c67b80983805f0f886b068af800ef2b507e7dc0/FundusImages/RET133OD.jpg,0,train,OD,PAPILA/PapilaDB-PAPILA-9c67b80983805f0f886b068af800ef2b507e7dc0/FundusImages/RET133OD.jpg,data/PAPILA/PapilaDB-PAPILA-9c67b80983805f0f886b068af800ef2b507e7dc0/ExpertsSegmentations/Contours/RET133OD_disc_exp1.txt,data/PAPILA/PapilaDB-PAPILA-9c67b80983805f0f886b068af800ef2b507e7dc0/ExpertsSegmentations/Contours/RET133OD_cup_exp1.txt,data/PAPILA/PapilaDB-PAPILA-9c67b80983805f0f886b068af800ef2b507e7dc0/ExpertsSegmentations/Contours/RET133OD_disc_exp2.txt,data/PAPILA/PapilaDB-PAPILA-9c67b80983805f0f886b068af800ef2b507e7dc0/ExpertsSegmentations/Contours/RET133OD_cup_exp2.txt,9e56242e501ebf4a1ad504b6111cf6b570d1171e74b559e0dc1ac25f9ac7fe86
RET133OS,RET133,data/PAPILA/PapilaDB-PAPILA-9c67b80983805f0f886b068af800ef2b507e7dc0/FundusImages/RET133OS.jpg,0,train,OS,PAPILA/PapilaDB-PAPILA-9c67b80983805f0f886b068af800ef2b507e7dc0/FundusImages/RET133OS.jpg,data/PAPILA/PapilaDB-PAPILA-9c67b80983805f0f886b068af800ef2b507e7dc0/ExpertsSegmentations/Contours/RET133OS_disc_exp1.txt,data/PAPILA/PapilaDB-PAPILA-9c67b80983805f0f886b068af800ef2b507e7dc0/ExpertsSegmentations/Contours/RET133OS_cup_exp1.txt,data/PAPILA/PapilaDB-PAPILA-9c67b80983805f0f886b068af800ef2b507e7dc0/ExpertsSegmentations/Contours/RET133OS_disc_exp2.txt,data/PAPILA/PapilaDB-PAPILA-9c67b80983805f0f886b068af800ef2b507e7dc0/ExpertsSegmentations/Contours/RET133OS_cup_exp2.txt,ca1077c9e0d21128eed5ed16d667db8e52a1474a2a9567ac388c5aaaf8253656
RET134OD,RET134,data/PAPILA/PapilaDB-PAPILA-9c67b80983805f0f886b068af800ef2b507e7dc0/FundusImages/RET134OD.jpg,0,test,OD,PAPILA/PapilaDB-PAPILA-9c67b80983805f0f886b068af800ef2b507e7dc0/FundusImages/RET134OD.jpg,data/PAPILA/PapilaDB-PAPILA-9c67b80983805f0f886b068af800ef2b507e7dc0/ExpertsSegmentations/Contours/RET134OD_disc_exp1.txt,data/PAPILA/PapilaDB-PAPILA-9c67b80983805f0f886b068af800ef2b507e7dc0/ExpertsSegmentations/Contours/RET134OD_cup_exp1.txt,data/PAPILA/PapilaDB-PAPILA-9c67b80983805f0f886b068af800ef2b507e7dc0/ExpertsSegmentations/Contours/RET134OD_disc_exp2.txt,data/PAPILA/PapilaDB-PAPILA-9c67b80983805f0f886b068af800ef2b507e7dc0/ExpertsSegmentations/Contours/RET134OD_cup_exp2.txt,2bdb5f72c158937a57a396f9ed1aefb65b7f3b347a9d5a7b594fbdaa68a8d9bf
RET134OS,RET134,data/PAPILA/PapilaDB-PAPILA-9c67b80983805f0f886b068af800ef2b507e7dc0/FundusImages/RET134OS.jpg,0,test,OS,PAPILA/PapilaDB-PAPILA-9c67b80983805f0f886b068af800ef2b507e7dc0/FundusImages/RET134OS.jpg,data/PAPILA/PapilaDB-PAPILA-9c67b80983805f0f886b068af800ef2b507e7dc0/ExpertsSegmentations/Contours/RET134OS_disc_exp1.txt,data/PAPILA/PapilaDB-PAPILA-9c67b80983805f0f886b068af800ef2b507e7dc0/ExpertsSegmentations/Contours/RET134OS_cup_exp1.txt,data/PAPILA/PapilaDB-PAPILA-9c67b80983805f0f886b068af800ef2b507e7dc0/ExpertsSegmentations/Contours/RET134OS_disc_exp2.txt,data/PAPILA/PapilaDB-PAPILA-9c67b80983805f0f886b068af800ef2b507e7dc0/ExpertsSegmentations/Contours/RET134OS_cup_exp2.txt,c15e329d7c5a1e30f82ac47dddca7da05ff0de578e1d258366d75361d9e09645
RET135OD,RET135,data/PAPILA/PapilaDB-PAPILA-9c67b80983805f0f886b068af800ef2b507e7dc0/FundusImages/RET135OD.jpg,0,test,OD,PAPILA/PapilaDB-PAPILA-9c67b80983805f0f886b068af800ef2b507e7dc0/FundusImages/RET135OD.jpg,data/PAPILA/PapilaDB-PAPILA-9c67b80983805f0f886b068af800ef2b507e7dc0/ExpertsSegmentations/Contours/RET135OD_disc_exp1.txt,data/PAPILA/PapilaDB-PAPILA-9c67b80983805f0f886b068af800ef2b507e7dc0/ExpertsSegmentations/Contours/RET135OD_cup_exp1.txt,data/PAPILA/PapilaDB-PAPILA-9c67b80983805f0f886b068af800ef2b507e7dc0/ExpertsSegmentations/Contours/RET135OD_disc_exp2.txt,data/PAPILA/PapilaDB-PAPILA-9c67b80983805f0f886b068af800ef2b507e7dc0/ExpertsSegmentations/Contours/RET135OD_cup_exp2.txt,e68a4d8d529057e2197b29c9a8db26f23868b0ce7eae591f0e6dfc05c131d8f7
RET135OS,RET135,data/PAPILA/PapilaDB-PAPILA-9c67b80983805f0f886b068af800ef2b507e7dc0/FundusImages/RET135OS.jpg,0,test,OS,PAPILA/PapilaDB-PAPILA-9c67b80983805f0f886b068af800ef2b507e7dc0/FundusImages/RET135OS.jpg,data/PAPILA/PapilaDB-PAPILA-9c67b80983805f0f886b068af800ef2b507e7dc0/ExpertsSegmentations/Contours/RET135OS_disc_exp1.txt,data/PAPILA/PapilaDB-PAPILA-9c67b80983805f0f886b068af800ef2b507e7dc0/ExpertsSegmentations/Contours/RET135OS_cup_exp1.txt,data/PAPILA/PapilaDB-PAPILA-9c67b80983805f0f886b068af800ef2b507e7dc0/ExpertsSegmentations/Contours/RET135OS_disc_exp2.txt,data/PAPILA/PapilaDB-PAPILA-9c67b80983805f0f886b068af800ef2b507e7dc0/ExpertsSegmentations/Contours/RET135OS_cup_exp2.txt,c96710d8472adcdc1011b4505cf4b8b910a4c3b499b929e4b359f97feae4e324
RET136OD,RET136,data/PAPILA/PapilaDB-PAPILA-9c67b80983805f0f886b068af800ef2b507e7dc0/FundusImages/RET136OD.jpg,0,train,OD,PAPILA/PapilaDB-PAPILA-9c67b80983805f0f886b068af800ef2b507e7dc0/FundusImages/RET136OD.jpg,data/PAPILA/PapilaDB-PAPILA-9c67b80983805f0f886b068af800ef2b507e7dc0/ExpertsSegmentations/Contours/RET136OD_disc_exp1.txt,data/PAPILA/PapilaDB-PAPILA-9c67b80983805f0f886b068af800ef2b507e7dc0/ExpertsSegmentations/Contours/RET136OD_cup_exp1.txt,data/PAPILA/PapilaDB-PAPILA-9c67b80983805f0f886b068af800ef2b507e7dc0/ExpertsSegmentations/Contours/RET136OD_disc_exp2.txt,data/PAPILA/PapilaDB-PAPILA-9c67b80983805f0f886b068af800ef2b507e7dc0/ExpertsSegmentations/Contours/RET136OD_cup_exp2.txt,df789bc587da1807a8e856336d50f396053f02b328b313efb4935491e16574d8
RET136OS,RET136,data/PAPILA/PapilaDB-PAPILA-9c67b80983805f0f886b068af800ef2b507e7dc0/FundusImages/RET136OS.jpg,0,train,OS,PAPILA/PapilaDB-PAPILA-9c67b80983805f0f886b068af800ef2b507e7dc0/FundusImages/RET136OS.jpg,data/PAPILA/PapilaDB-PAPILA-9c67b80983805f0f886b068af800ef2b507e7dc0/ExpertsSegmentations/Contours/RET136OS_disc_exp1.txt,data/PAPILA/PapilaDB-PAPILA-9c67b80983805f0f886b068af800ef2b507e7dc0/ExpertsSegmentations/Contours/RET136OS_cup_exp1.txt,data/PAPILA/PapilaDB-PAPILA-9c67b80983805f0f886b068af800ef2b507e7dc0/ExpertsSegmentations/Contours/RET136OS_disc_exp2.txt,data/PAPILA/PapilaDB-PAPILA-9c67b80983805f0f886b068af800ef2b507e7dc0/ExpertsSegmentations/Contours/RET136OS_cup_exp2.txt,2ab724bb52f80557efd9cd28935e815a6b2b623472256d8b5b8d05489a96e3f2
RET137OD,RET137,data/PAPILA/PapilaDB-PAPILA-9c67b80983805f0f886b068af800ef2b507e7dc0/FundusImages/RET137OD.jpg,0,train,OD,PAPILA/PapilaDB-PAPILA-9c67b80983805f0f886b068af800ef2b507e7dc0/FundusImages/RET137OD.jpg,data/PAPILA/PapilaDB-PAPILA-9c67b80983805f0f886b068af800ef2b507e7dc0/ExpertsSegmentations/Contours/RET137OD_disc_exp1.txt,data/PAPILA/PapilaDB-PAPILA-9c67b80983805f0f886b068af800ef2b507e7dc0/ExpertsSegmentations/Contours/RET137OD_cup_exp1.txt,data/PAPILA/PapilaDB-PAPILA-9c67b80983805f0f886b068af800ef2b507e7dc0/ExpertsSegmentations/Contours/RET137OD_disc_exp2.txt,data/PAPILA/PapilaDB-PAPILA-9c67b80983805f0f886b068af800ef2b507e7dc0/ExpertsSegmentations/Contours/RET137OD_cup_exp2.txt,591d8b5ca3e3e24945aee251934c70b12e85f74cc4262e295b695d412960fb0f
RET137OS,RET137,data/PAPILA/PapilaDB-PAPILA-9c67b80983805f0f886b068af800ef2b507e7dc0/FundusImages/RET137OS.jpg,0,train,OS,PAPILA/PapilaDB-PAPILA-9c67b80983805f0f886b068af800ef2b507e7dc0/FundusImages/RET137OS.jpg,data/PAPILA/PapilaDB-PAPILA-9c67b80983805f0f886b068af800ef2b507e7dc0/ExpertsSegmentations/Contours/RET137OS_disc_exp1.txt,data/PAPILA/PapilaDB-PAPILA-9c67b80983805f0f886b068af800ef2b507e7dc0/ExpertsSegmentations/Contours/RET137OS_cup_exp1.txt,data/PAPILA/PapilaDB-PAPILA-9c67b80983805f0f886b068af800ef2b507e7dc0/ExpertsSegmentations/Contours/RET137OS_disc_exp2.txt,data/PAPILA/PapilaDB-PAPILA-9c67b80983805f0f886b068af800ef2b507e7dc0/ExpertsSegmentations/Contours/RET137OS_cup_exp2.txt,70c6762d211bdfc5994f3f4f75651148bc4af2aed7c32ff805b9512c31628513
RET138OD,RET138,data/PAPILA/PapilaDB-PAPILA-9c67b80983805f0f886b068af800ef2b507e7dc0/FundusImages/RET138OD.jpg,0,test,OD,PAPILA/PapilaDB-PAPILA-9c67b80983805f0f886b068af800ef2b507e7dc0/FundusImages/RET138OD.jpg,data/PAPILA/PapilaDB-PAPILA-9c67b80983805f0f886b068af800ef2b507e7dc0/ExpertsSegmentations/Contours/RET138OD_disc_exp1.txt,data/PAPILA/PapilaDB-PAPILA-9c67b80983805f0f886b068af800ef2b507e7dc0/ExpertsSegmentations/Contours/RET138OD_cup_exp1.txt,data/PAPILA/PapilaDB-PAPILA-9c67b80983805f0f886b068af800ef2b507e7dc0/ExpertsSegmentations/Contours/RET138OD_disc_exp2.txt,data/PAPILA/PapilaDB-PAPILA-9c67b80983805f0f886b068af800ef2b507e7dc0/ExpertsSegmentations/Contours/RET138OD_cup_exp2.txt,6ef8ba7c9ae8e7a557ed044cd83fe440e8f2925eccb9df9b1351816b1ecbda02
RET138OS,RET138,data/PAPILA/PapilaDB-PAPILA-9c67b80983805f0f886b068af800ef2b507e7dc0/FundusImages/RET138OS.jpg,0,test,OS,PAPILA/PapilaDB-PAPILA-9c67b80983805f0f886b068af800ef2b507e7dc0/FundusImages/RET138OS.jpg,data/PAPILA/PapilaDB-PAPILA-9c67b80983805f0f886b068af800ef2b507e7dc0/ExpertsSegmentations/Contours/RET138OS_disc_exp1.txt,data/PAPILA/PapilaDB-PAPILA-9c67b80983805f0f886b068af800ef2b507e7dc0/ExpertsSegmentations/Contours/RET138OS_cup_exp1.txt,data/PAPILA/PapilaDB-PAPILA-9c67b80983805f0f886b068af800ef2b507e7dc0/ExpertsSegmentations/Contours/RET138OS_disc_exp2.txt,data/PAPILA/PapilaDB-PAPILA-9c67b80983805f0f886b068af800ef2b507e7dc0/ExpertsSegmentations/Contours/RET138OS_cup_exp2.txt,aa6c31609638642dfc775df7c7db6dee0c195660e1869cf8515c7fc90c32fa0e
RET139OD,RET139,data/PAPILA/PapilaDB-PAPILA-9c67b80983805f0f886b068af800ef2b507e7dc0/FundusImages/RET139OD.jpg,0,train,OD,PAPILA/PapilaDB-PAPILA-9c67b80983805f0f886b068af800ef2b507e7dc0/FundusImages/RET139OD.jpg,data/PAPILA/PapilaDB-PAPILA-9c67b80983805f0f886b068af800ef2b507e7dc0/ExpertsSegmentations/Contours/RET139OD_disc_exp1.txt,data/PAPILA/PapilaDB-PAPILA-9c67b80983805f0f886b068af800ef2b507e7dc0/ExpertsSegmentations/Contours/RET139OD_cup_exp1.txt,data/PAPILA/PapilaDB-PAPILA-9c67b80983805f0f886b068af800ef2b507e7dc0/ExpertsSegmentations/Contours/RET139OD_disc_exp2.txt,data/PAPILA/PapilaDB-PAPILA-9c67b80983805f0f886b068af800ef2b507e7dc0/ExpertsSegmentations/Contours/RET139OD_cup_exp2.txt,b893044e5d85a73a90ff3abf0378d64d64b3c80327273866c4b121d5399abc04
RET139OS,RET139,data/PAPILA/PapilaDB-PAPILA-9c67b80983805f0f886b068af800ef2b507e7dc0/FundusImages/RET139OS.jpg,0,train,OS,PAPILA/PapilaDB-PAPILA-9c67b80983805f0f886b068af800ef2b507e7dc0/FundusImages/RET139OS.jpg,data/PAPILA/PapilaDB-PAPILA-9c67b80983805f0f886b068af800ef2b507e7dc0/ExpertsSegmentations/Contours/RET139OS_disc_exp1.txt,data/PAPILA/PapilaDB-PAPILA-9c67b80983805f0f886b068af800ef2b507e7dc0/ExpertsSegmentations/Contours/RET139OS_cup_exp1.txt,data/PAPILA/PapilaDB-PAPILA-9c67b80983805f0f886b068af800ef2b507e7dc0/ExpertsSegmentations/Contours/RET139OS_disc_exp2.txt,data/PAPILA/PapilaDB-PAPILA-9c67b80983805f0f886b068af800ef2b507e7dc0/ExpertsSegmentations/Contours/RET139OS_cup_exp2.txt,ff63ff9777c4fdf0101f18bab1860be74e7ddc3f23911df058c18a153b80e3d1
RET140OD,RET140,data/PAPILA/PapilaDB-PAPILA-9c67b80983805f0f886b068af800ef2b507e7dc0/FundusImages/RET140OD.jpg,0,test,OD,PAPILA/PapilaDB-PAPILA-9c67b80983805f0f886b068af800ef2b507e7dc0/FundusImages/RET140OD.jpg,data/PAPILA/PapilaDB-PAPILA-9c67b80983805f0f886b068af800ef2b507e7dc0/ExpertsSegmentations/Contours/RET140OD_disc_exp1.txt,data/PAPILA/PapilaDB-PAPILA-9c67b80983805f0f886b068af800ef2b507e7dc0/ExpertsSegmentations/Contours/RET140OD_cup_exp1.txt,data/PAPILA/PapilaDB-PAPILA-9c67b80983805f0f886b068af800ef2b507e7dc0/ExpertsSegmentations/Contours/RET140OD_disc_exp2.txt,data/PAPILA/PapilaDB-PAPILA-9c67b80983805f0f886b068af800ef2b507e7dc0/ExpertsSegmentations/Contours/RET140OD_cup_exp2.txt,3be5536557dce6ca93bfc3ec7681dc242378e723b6dad9fe5672a46c901972aa
RET140OS,RET140,data/PAPILA/PapilaDB-PAPILA-9c67b80983805f0f886b068af800ef2b507e7dc0/FundusImages/RET140OS.jpg,0,test,OS,PAPILA/PapilaDB-PAPILA-9c67b80983805f0f886b068af800ef2b507e7dc0/FundusImages/RET140OS.jpg,data/PAPILA/PapilaDB-PAPILA-9c67b80983805f0f886b068af800ef2b507e7dc0/ExpertsSegmentations/Contours/RET140OS_disc_exp1.txt,data/PAPILA/PapilaDB-PAPILA-9c67b80983805f0f886b068af800ef2b507e7dc0/ExpertsSegmentations/Contours/RET140OS_cup_exp1.txt,data/PAPILA/PapilaDB-PAPILA-9c67b80983805f0f886b068af800ef2b507e7dc0/ExpertsSegmentations/Contours/RET140OS_disc_exp2.txt,data/PAPILA/PapilaDB-PAPILA-9c67b80983805f0f886b068af800ef2b507e7dc0/ExpertsSegmentations/Contours/RET140OS_cup_exp2.txt,56910dde3713a339484ff3c8eaab6b80c015c65498b21945c02d93f006d7e913
RET141OD,RET141,data/PAPILA/PapilaDB-PAPILA-9c67b80983805f0f886b068af800ef2b507e7dc0/FundusImages/RET141OD.jpg,0,train,OD,PAPILA/PapilaDB-PAPILA-9c67b80983805f0f886b068af800ef2b507e7dc0/FundusImages/RET141OD.jpg,data/PAPILA/PapilaDB-PAPILA-9c67b80983805f0f886b068af800ef2b507e7dc0/ExpertsSegmentations/Contours/RET141OD_disc_exp1.txt,data/PAPILA/PapilaDB-PAPILA-9c67b80983805f0f886b068af800ef2b507e7dc0/ExpertsSegmentations/Contours/RET141OD_cup_exp1.txt,data/PAPILA/PapilaDB-PAPILA-9c67b80983805f0f886b068af800ef2b507e7dc0/ExpertsSegmentations/Contours/RET141OD_disc_exp2.txt,data/PAPILA/PapilaDB-PAPILA-9c67b80983805f0f886b068af800ef2b507e7dc0/ExpertsSegmentations/Contours/RET141OD_cup_exp2.txt,e855a2cde49cdad63e0790af2815c203ee3555b8e8b80ba10fe3c2db477123a7
RET141OS,RET141,data/PAPILA/PapilaDB-PAPILA-9c67b80983805f0f886b068af800ef2b507e7dc0/FundusImages/RET141OS.jpg,0,train,OS,PAPILA/PapilaDB-PAPILA-9c67b80983805f0f886b068af800ef2b507e7dc0/FundusImages/RET141OS.jpg,data/PAPILA/PapilaDB-PAPILA-9c67b80983805f0f886b068af800ef2b507e7dc0/ExpertsSegmentations/Contours/RET141OS_disc_exp1.txt,data/PAPILA/PapilaDB-PAPILA-9c67b80983805f0f886b068af800ef2b507e7dc0/ExpertsSegmentations/Contours/RET141OS_cup_exp1.txt,data/PAPILA/PapilaDB-PAPILA-9c67b80983805f0f886b068af800ef2b507e7dc0/ExpertsSegmentations/Contours/RET141OS_disc_exp2.txt,data/PAPILA/PapilaDB-PAPILA-9c67b80983805f0f886b068af800ef2b507e7dc0/ExpertsSegmentations/Contours/RET141OS_cup_exp2.txt,08733cc114f41c4fd547e2fcce67c56c6e955cc145b055d065e748c9ca5f04b1
RET142OD,RET142,data/PAPILA/PapilaDB-PAPILA-9c67b80983805f0f886b068af800ef2b507e7dc0/FundusImages/RET142OD.jpg,0,train,OD,PAPILA/PapilaDB-PAPILA-9c67b80983805f0f886b068af800ef2b507e7dc0/FundusImages/RET142OD.jpg,data/PAPILA/PapilaDB-PAPILA-9c67b80983805f0f886b068af800ef2b507e7dc0/ExpertsSegmentations/Contours/RET142OD_disc_exp1.txt,data/PAPILA/PapilaDB-PAPILA-9c67b80983805f0f886b068af800ef2b507e7dc0/ExpertsSegmentations/Contours/RET142OD_cup_exp1.txt,data/PAPILA/PapilaDB-PAPILA-9c67b80983805f0f886b068af800ef2b507e7dc0/ExpertsSegmentations/Contours/RET142OD_disc_exp2.txt,data/PAPILA/PapilaDB-PAPILA-9c67b80983805f0f886b068af800ef2b507e7dc0/ExpertsSegmentations/Contours/RET142OD_cup_exp2.txt,da8eb2ab380d5c8a719504588c43bddb8d8a65d0aa10c695973060f789568b73
RET142OS,RET142,data/PAPILA/PapilaDB-PAPILA-9c67b80983805f0f886b068af800ef2b507e7dc0/FundusImages/RET142OS.jpg,0,train,OS,PAPILA/PapilaDB-PAPILA-9c67b80983805f0f886b068af800ef2b507e7dc0/FundusImages/RET142OS.jpg,data/PAPILA/PapilaDB-PAPILA-9c67b80983805f0f886b068af800ef2b507e7dc0/ExpertsSegmentations/Contours/RET142OS_disc_exp1.txt,data/PAPILA/PapilaDB-PAPILA-9c67b80983805f0f886b068af800ef2b507e7dc0/ExpertsSegmentations/Contours/RET142OS_cup_exp1.txt,data/PAPILA/PapilaDB-PAPILA-9c67b80983805f0f886b068af800ef2b507e7dc0/ExpertsSegmentations/Contours/RET142OS_disc_exp2.txt,data/PAPILA/PapilaDB-PAPILA-9c67b80983805f0f886b068af800ef2b507e7dc0/ExpertsSegmentations/Contours/RET142OS_cup_exp2.txt,1071d1b5ca7ef05093bcb353ef77d32b706b95d79bfdc79b33df097037ab8937
RET143OD,RET143,data/PAPILA/PapilaDB-PAPILA-9c67b80983805f0f886b068af800ef2b507e7dc0/FundusImages/RET143OD.jpg,0,train,OD,PAPILA/PapilaDB-PAPILA-9c67b80983805f0f886b068af800ef2b507e7dc0/FundusImages/RET143OD.jpg,data/PAPILA/PapilaDB-PAPILA-9c67b80983805f0f886b068af800ef2b507e7dc0/ExpertsSegmentations/Contours/RET143OD_disc_exp1.txt,data/PAPILA/PapilaDB-PAPILA-9c67b80983805f0f886b068af800ef2b507e7dc0/ExpertsSegmentations/Contours/RET143OD_cup_exp1.txt,data/PAPILA/PapilaDB-PAPILA-9c67b80983805f0f886b068af800ef2b507e7dc0/ExpertsSegmentations/Contours/RET143OD_disc_exp2.txt,data/PAPILA/PapilaDB-PAPILA-9c67b80983805f0f886b068af800ef2b507e7dc0/ExpertsSegmentations/Contours/RET143OD_cup_exp2.txt,d048af33a94ebf283703d4a88902b3dcd3e0b091f3ae798035d9549b824da197
RET143OS,RET143,data/PAPILA/PapilaDB-PAPILA-9c67b80983805f0f886b068af800ef2b507e7dc0/FundusImages/RET143OS.jpg,0,train,OS,PAPILA/PapilaDB-PAPILA-9c67b80983805f0f886b068af800ef2b507e7dc0/FundusImages/RET143OS.jpg,data/PAPILA/PapilaDB-PAPILA-9c67b80983805f0f886b068af800ef2b507e7dc0/ExpertsSegmentations/Contours/RET143OS_disc_exp1.txt,data/PAPILA/PapilaDB-PAPILA-9c67b80983805f0f886b068af800ef2b507e7dc0/ExpertsSegmentations/Contours/RET143OS_cup_exp1.txt,data/PAPILA/PapilaDB-PAPILA-9c67b80983805f0f886b068af800ef2b507e7dc0/ExpertsSegmentations/Contours/RET143OS_disc_exp2.txt,data/PAPILA/PapilaDB-PAPILA-9c67b80983805f0f886b068af800ef2b507e7dc0/ExpertsSegmentations/Contours/RET143OS_cup_exp2.txt,94959dbcf0aa5d4a500743cb205a89b1072ff4855a476dd46e0e74ced5b38710
RET144OD,RET144,data/PAPILA/PapilaDB-PAPILA-9c67b80983805f0f886b068af800ef2b507e7dc0/FundusImages/RET144OD.jpg,0,train,OD,PAPILA/PapilaDB-PAPILA-9c67b80983805f0f886b068af800ef2b507e7dc0/FundusImages/RET144OD.jpg,data/PAPILA/PapilaDB-PAPILA-9c67b80983805f0f886b068af800ef2b507e7dc0/ExpertsSegmentations/Contours/RET144OD_disc_exp1.txt,data/PAPILA/PapilaDB-PAPILA-9c67b80983805f0f886b068af800ef2b507e7dc0/ExpertsSegmentations/Contours/RET144OD_cup_exp1.txt,data/PAPILA/PapilaDB-PAPILA-9c67b80983805f0f886b068af800ef2b507e7dc0/ExpertsSegmentations/Contours/RET144OD_disc_exp2.txt,data/PAPILA/PapilaDB-PAPILA-9c67b80983805f0f886b068af800ef2b507e7dc0/ExpertsSegmentations/Contours/RET144OD_cup_exp2.txt,dd5b16985c0c7bb59fafdb399f8196df9c633558ead0a77c2cbf547ab0a09dfc
RET144OS,RET144,data/PAPILA/PapilaDB-PAPILA-9c67b80983805f0f886b068af800ef2b507e7dc0/FundusImages/RET144OS.jpg,0,train,OS,PAPILA/PapilaDB-PAPILA-9c67b80983805f0f886b068af800ef2b507e7dc0/FundusImages/RET144OS.jpg,data/PAPILA/PapilaDB-PAPILA-9c67b80983805f0f886b068af800ef2b507e7dc0/ExpertsSegmentations/Contours/RET144OS_disc_exp1.txt,data/PAPILA/PapilaDB-PAPILA-9c67b80983805f0f886b068af800ef2b507e7dc0/ExpertsSegmentations/Contours/RET144OS_cup_exp1.txt,data/PAPILA/PapilaDB-PAPILA-9c67b80983805f0f886b068af800ef2b507e7dc0/ExpertsSegmentations/Contours/RET144OS_disc_exp2.txt,data/PAPILA/PapilaDB-PAPILA-9c67b80983805f0f886b068af800ef2b507e7dc0/ExpertsSegmentations/Contours/RET144OS_cup_exp2.txt,6f80812774a179d34a1b02d67acc32a6573ad58b703f3fbfcfd2702ce983b492
RET146OD,RET146,data/PAPILA/PapilaDB-PAPILA-9c67b80983805f0f886b068af800ef2b507e7dc0/FundusImages/RET146OD.jpg,0,val,OD,PAPILA/PapilaDB-PAPILA-9c67b80983805f0f886b068af800ef2b507e7dc0/FundusImages/RET146OD.jpg,data/PAPILA/PapilaDB-PAPILA-9c67b80983805f0f886b068af800ef2b507e7dc0/ExpertsSegmentations/Contours/RET146OD_disc_exp1.txt,data/PAPILA/PapilaDB-PAPILA-9c67b80983805f0f886b068af800ef2b507e7dc0/ExpertsSegmentations/Contours/RET146OD_cup_exp1.txt,data/PAPILA/PapilaDB-PAPILA-9c67b80983805f0f886b068af800ef2b507e7dc0/ExpertsSegmentations/Contours/RET146OD_disc_exp2.txt,data/PAPILA/PapilaDB-PAPILA-9c67b80983805f0f886b068af800ef2b507e7dc0/ExpertsSegmentations/Contours/RET146OD_cup_exp2.txt,3e387186c71d98e15f87cded8d94041fea82811fe06037a3d6938b877c4073e2
RET146OS,RET146,data/PAPILA/PapilaDB-PAPILA-9c67b80983805f0f886b068af800ef2b507e7dc0/FundusImages/RET146OS.jpg,0,val,OS,PAPILA/PapilaDB-PAPILA-9c67b80983805f0f886b068af800ef2b507e7dc0/FundusImages/RET146OS.jpg,data/PAPILA/PapilaDB-PAPILA-9c67b80983805f0f886b068af800ef2b507e7dc0/ExpertsSegmentations/Contours/RET146OS_disc_exp1.txt,data/PAPILA/PapilaDB-PAPILA-9c67b80983805f0f886b068af800ef2b507e7dc0/ExpertsSegmentations/Contours/RET146OS_cup_exp1.txt,data/PAPILA/PapilaDB-PAPILA-9c67b80983805f0f886b068af800ef2b507e7dc0/ExpertsSegmentations/Contours/RET146OS_disc_exp2.txt,data/PAPILA/PapilaDB-PAPILA-9c67b80983805f0f886b068af800ef2b507e7dc0/ExpertsSegmentations/Contours/RET146OS_cup_exp2.txt,de9d2c4f65ba5d48ab71ee22fc72a4fb48126ef7bfa3b16e5861520347e375be
RET147OD,RET147,data/PAPILA/PapilaDB-PAPILA-9c67b80983805f0f886b068af800ef2b507e7dc0/FundusImages/RET147OD.jpg,0,train,OD,PAPILA/PapilaDB-PAPILA-9c67b80983805f0f886b068af800ef2b507e7dc0/FundusImages/RET147OD.jpg,data/PAPILA/PapilaDB-PAPILA-9c67b80983805f0f886b068af800ef2b507e7dc0/ExpertsSegmentations/Contours/RET147OD_disc_exp1.txt,data/PAPILA/PapilaDB-PAPILA-9c67b80983805f0f886b068af800ef2b507e7dc0/ExpertsSegmentations/Contours/RET147OD_cup_exp1.txt,data/PAPILA/PapilaDB-PAPILA-9c67b80983805f0f886b068af800ef2b507e7dc0/ExpertsSegmentations/Contours/RET147OD_disc_exp2.txt,data/PAPILA/PapilaDB-PAPILA-9c67b80983805f0f886b068af800ef2b507e7dc0/ExpertsSegmentations/Contours/RET147OD_cup_exp2.txt,eb90e8f8b85d8dc4a5a871287f506de1ed2ed649a24d09c2749949b06845311f
RET147OS,RET147,data/PAPILA/PapilaDB-PAPILA-9c67b80983805f0f886b068af800ef2b507e7dc0/FundusImages/RET147OS.jpg,0,train,OS,PAPILA/PapilaDB-PAPILA-9c67b80983805f0f886b068af800ef2b507e7dc0/FundusImages/RET147OS.jpg,data/PAPILA/PapilaDB-PAPILA-9c67b80983805f0f886b068af800ef2b507e7dc0/ExpertsSegmentations/Contours/RET147OS_disc_exp1.txt,data/PAPILA/PapilaDB-PAPILA-9c67b80983805f0f886b068af800ef2b507e7dc0/ExpertsSegmentations/Contours/RET147OS_cup_exp1.txt,data/PAPILA/PapilaDB-PAPILA-9c67b80983805f0f886b068af800ef2b507e7dc0/ExpertsSegmentations/Contours/RET147OS_disc_exp2.txt,data/PAPILA/PapilaDB-PAPILA-9c67b80983805f0f886b068af800ef2b507e7dc0/ExpertsSegmentations/Contours/RET147OS_cup_exp2.txt,ade6d9ee363d34b7f6a9f63bdbfc2c18a0d503780d42281a84c70d3c2a84e09e
RET149OD,RET149,data/PAPILA/PapilaDB-PAPILA-9c67b80983805f0f886b068af800ef2b507e7dc0/FundusImages/RET149OD.jpg,0,test,OD,PAPILA/PapilaDB-PAPILA-9c67b80983805f0f886b068af800ef2b507e7dc0/FundusImages/RET149OD.jpg,data/PAPILA/PapilaDB-PAPILA-9c67b80983805f0f886b068af800ef2b507e7dc0/ExpertsSegmentations/Contours/RET149OD_disc_exp1.txt,data/PAPILA/PapilaDB-PAPILA-9c67b80983805f0f886b068af800ef2b507e7dc0/ExpertsSegmentations/Contours/RET149OD_cup_exp1.txt,data/PAPILA/PapilaDB-PAPILA-9c67b80983805f0f886b068af800ef2b507e7dc0/ExpertsSegmentations/Contours/RET149OD_disc_exp2.txt,data/PAPILA/PapilaDB-PAPILA-9c67b80983805f0f886b068af800ef2b507e7dc0/ExpertsSegmentations/Contours/RET149OD_cup_exp2.txt,b9d6aa10647314ddebdfe80a19e31602ca2344a5f486115b5526e974c26024f3
RET149OS,RET149,data/PAPILA/PapilaDB-PAPILA-9c67b80983805f0f886b068af800ef2b507e7dc0/FundusImages/RET149OS.jpg,0,test,OS,PAPILA/PapilaDB-PAPILA-9c67b80983805f0f886b068af800ef2b507e7dc0/FundusImages/RET149OS.jpg,data/PAPILA/PapilaDB-PAPILA-9c67b80983805f0f886b068af800ef2b507e7dc0/ExpertsSegmentations/Contours/RET149OS_disc_exp1.txt,data/PAPILA/PapilaDB-PAPILA-9c67b80983805f0f886b068af800ef2b507e7dc0/ExpertsSegmentations/Contours/RET149OS_cup_exp1.txt,data/PAPILA/PapilaDB-PAPILA-9c67b80983805f0f886b068af800ef2b507e7dc0/ExpertsSegmentations/Contours/RET149OS_disc_exp2.txt,data/PAPILA/PapilaDB-PAPILA-9c67b80983805f0f886b068af800ef2b507e7dc0/ExpertsSegmentations/Contours/RET149OS_cup_exp2.txt,34ab4e01ab1068981b77ff1f2bdf16a722de40894ab1f765cfc5faf44907721e
RET150OD,RET150,data/PAPILA/PapilaDB-PAPILA-9c67b80983805f0f886b068af800ef2b507e7dc0/FundusImages/RET150OD.jpg,0,train,OD,PAPILA/PapilaDB-PAPILA-9c67b80983805f0f886b068af800ef2b507e7dc0/FundusImages/RET150OD.jpg,data/PAPILA/PapilaDB-PAPILA-9c67b80983805f0f886b068af800ef2b507e7dc0/ExpertsSegmentations/Contours/RET150OD_disc_exp1.txt,data/PAPILA/PapilaDB-PAPILA-9c67b80983805f0f886b068af800ef2b507e7dc0/ExpertsSegmentations/Contours/RET150OD_cup_exp1.txt,data/PAPILA/PapilaDB-PAPILA-9c67b80983805f0f886b068af800ef2b507e7dc0/ExpertsSegmentations/Contours/RET150OD_disc_exp2.txt,data/PAPILA/PapilaDB-PAPILA-9c67b80983805f0f886b068af800ef2b507e7dc0/ExpertsSegmentations/Contours/RET150OD_cup_exp2.txt,76140a220444e1cc323c5d98b2a910270a240b9d03274d487b6aa2ecf29401f2
RET150OS,RET150,data/PAPILA/PapilaDB-PAPILA-9c67b80983805f0f886b068af800ef2b507e7dc0/FundusImages/RET150OS.jpg,0,train,OS,PAPILA/PapilaDB-PAPILA-9c67b80983805f0f886b068af800ef2b507e7dc0/FundusImages/RET150OS.jpg,data/PAPILA/PapilaDB-PAPILA-9c67b80983805f0f886b068af800ef2b507e7dc0/ExpertsSegmentations/Contours/RET150OS_disc_exp1.txt,data/PAPILA/PapilaDB-PAPILA-9c67b80983805f0f886b068af800ef2b507e7dc0/ExpertsSegmentations/Contours/RET150OS_cup_exp1.txt,data/PAPILA/PapilaDB-PAPILA-9c67b80983805f0f886b068af800ef2b507e7dc0/ExpertsSegmentations/Contours/RET150OS_disc_exp2.txt,data/PAPILA/PapilaDB-PAPILA-9c67b80983805f0f886b068af800ef2b507e7dc0/ExpertsSegmentations/Contours/RET150OS_cup_exp2.txt,05156c5e923294fe624c8235e135df2a115e1da9182054422a4aef47483eb9f4
RET151OD,RET151,data/PAPILA/PapilaDB-PAPILA-9c67b80983805f0f886b068af800ef2b507e7dc0/FundusImages/RET151OD.jpg,0,train,OD,PAPILA/PapilaDB-PAPILA-9c67b80983805f0f886b068af800ef2b507e7dc0/FundusImages/RET151OD.jpg,data/PAPILA/PapilaDB-PAPILA-9c67b80983805f0f886b068af800ef2b507e7dc0/ExpertsSegmentations/Contours/RET151OD_disc_exp1.txt,data/PAPILA/PapilaDB-PAPILA-9c67b80983805f0f886b068af800ef2b507e7dc0/ExpertsSegmentations/Contours/RET151OD_cup_exp1.txt,data/PAPILA/PapilaDB-PAPILA-9c67b80983805f0f886b068af800ef2b507e7dc0/ExpertsSegmentations/Contours/RET151OD_disc_exp2.txt,data/PAPILA/PapilaDB-PAPILA-9c67b80983805f0f886b068af800ef2b507e7dc0/ExpertsSegmentations/Contours/RET151OD_cup_exp2.txt,25ad544c1802b0fe6f3017c9a61ec6ab86c4731904f0a8eee375b2fc1235bcc8
RET151OS,RET151,data/PAPILA/PapilaDB-PAPILA-9c67b80983805f0f886b068af800ef2b507e7dc0/FundusImages/RET151OS.jpg,0,train,OS,PAPILA/PapilaDB-PAPILA-9c67b80983805f0f886b068af800ef2b507e7dc0/FundusImages/RET151OS.jpg,data/PAPILA/PapilaDB-PAPILA-9c67b80983805f0f886b068af800ef2b507e7dc0/ExpertsSegmentations/Contours/RET151OS_disc_exp1.txt,data/PAPILA/PapilaDB-PAPILA-9c67b80983805f0f886b068af800ef2b507e7dc0/ExpertsSegmentations/Contours/RET151OS_cup_exp1.txt,data/PAPILA/PapilaDB-PAPILA-9c67b80983805f0f886b068af800ef2b507e7dc0/ExpertsSegmentations/Contours/RET151OS_disc_exp2.txt,data/PAPILA/PapilaDB-PAPILA-9c67b80983805f0f886b068af800ef2b507e7dc0/ExpertsSegmentations/Contours/RET151OS_cup_exp2.txt,44dbf824018821a4636d5716b7bf86cd5547ab28f95a7313936c28fec36d848f
RET152OD,RET152,data/PAPILA/PapilaDB-PAPILA-9c67b80983805f0f886b068af800ef2b507e7dc0/FundusImages/RET152OD.jpg,0,train,OD,PAPILA/PapilaDB-PAPILA-9c67b80983805f0f886b068af800ef2b507e7dc0/FundusImages/RET152OD.jpg,data/PAPILA/PapilaDB-PAPILA-9c67b80983805f0f886b068af800ef2b507e7dc0/ExpertsSegmentations/Contours/RET152OD_disc_exp1.txt,data/PAPILA/PapilaDB-PAPILA-9c67b80983805f0f886b068af800ef2b507e7dc0/ExpertsSegmentations/Contours/RET152OD_cup_exp1.txt,data/PAPILA/PapilaDB-PAPILA-9c67b80983805f0f886b068af800ef2b507e7dc0/ExpertsSegmentations/Contours/RET152OD_disc_exp2.txt,data/PAPILA/PapilaDB-PAPILA-9c67b80983805f0f886b068af800ef2b507e7dc0/ExpertsSegmentations/Contours/RET152OD_cup_exp2.txt,1387bae2a2947cbb65b4afb5a24a89a87b6efe7288f77a826f085088b6c7b9b7
RET152OS,RET152,data/PAPILA/PapilaDB-PAPILA-9c67b80983805f0f886b068af800ef2b507e7dc0/FundusImages/RET152OS.jpg,0,train,OS,PAPILA/PapilaDB-PAPILA-9c67b80983805f0f886b068af800ef2b507e7dc0/FundusImages/RET152OS.jpg,data/PAPILA/PapilaDB-PAPILA-9c67b80983805f0f886b068af800ef2b507e7dc0/ExpertsSegmentations/Contours/RET152OS_disc_exp1.txt,data/PAPILA/PapilaDB-PAPILA-9c67b80983805f0f886b068af800ef2b507e7dc0/ExpertsSegmentations/Contours/RET152OS_cup_exp1.txt,data/PAPILA/PapilaDB-PAPILA-9c67b80983805f0f886b068af800ef2b507e7dc0/ExpertsSegmentations/Contours/RET152OS_disc_exp2.txt,data/PAPILA/PapilaDB-PAPILA-9c67b80983805f0f886b068af800ef2b507e7dc0/ExpertsSegmentations/Contours/RET152OS_cup_exp2.txt,0f3b655ab04ac9a2f1dd2a18ca2c02a38308b5e3a1fedf96eb9e2bdfb8187f68
RET153OD,RET153,data/PAPILA/PapilaDB-PAPILA-9c67b80983805f0f886b068af800ef2b507e7dc0/FundusImages/RET153OD.jpg,0,val,OD,PAPILA/PapilaDB-PAPILA-9c67b80983805f0f886b068af800ef2b507e7dc0/FundusImages/RET153OD.jpg,data/PAPILA/PapilaDB-PAPILA-9c67b80983805f0f886b068af800ef2b507e7dc0/ExpertsSegmentations/Contours/RET153OD_disc_exp1.txt,data/PAPILA/PapilaDB-PAPILA-9c67b80983805f0f886b068af800ef2b507e7dc0/ExpertsSegmentations/Contours/RET153OD_cup_exp1.txt,data/PAPILA/PapilaDB-PAPILA-9c67b80983805f0f886b068af800ef2b507e7dc0/ExpertsSegmentations/Contours/RET153OD_disc_exp2.txt,data/PAPILA/PapilaDB-PAPILA-9c67b80983805f0f886b068af800ef2b507e7dc0/ExpertsSegmentations/Contours/RET153OD_cup_exp2.txt,431744093c6337594d7930bd99194fdd164eddfe517dc2f7ac611873c8128966
RET153OS,RET153,data/PAPILA/PapilaDB-PAPILA-9c67b80983805f0f886b068af800ef2b507e7dc0/FundusImages/RET153OS.jpg,0,val,OS,PAPILA/PapilaDB-PAPILA-9c67b80983805f0f886b068af800ef2b507e7dc0/FundusImages/RET153OS.jpg,data/PAPILA/PapilaDB-PAPILA-9c67b80983805f0f886b068af800ef2b507e7dc0/ExpertsSegmentations/Contours/RET153OS_disc_exp1.txt,data/PAPILA/PapilaDB-PAPILA-9c67b80983805f0f886b068af800ef2b507e7dc0/ExpertsSegmentations/Contours/RET153OS_cup_exp1.txt,data/PAPILA/PapilaDB-PAPILA-9c67b80983805f0f886b068af800ef2b507e7dc0/ExpertsSegmentations/Contours/RET153OS_disc_exp2.txt,data/PAPILA/PapilaDB-PAPILA-9c67b80983805f0f886b068af800ef2b507e7dc0/ExpertsSegmentations/Contours/RET153OS_cup_exp2.txt,e1aa3c9a546fbc2e2439f4163c66bf418bfad2067c39164d8f59937767f293d4
RET154OD,RET154,data/PAPILA/PapilaDB-PAPILA-9c67b80983805f0f886b068af800ef2b507e7dc0/FundusImages/RET154OD.jpg,0,val,OD,PAPILA/PapilaDB-PAPILA-9c67b80983805f0f886b068af800ef2b507e7dc0/FundusImages/RET154OD.jpg,data/PAPILA/PapilaDB-PAPILA-9c67b80983805f0f886b068af800ef2b507e7dc0/ExpertsSegmentations/Contours/RET154OD_disc_exp1.txt,data/PAPILA/PapilaDB-PAPILA-9c67b80983805f0f886b068af800ef2b507e7dc0/ExpertsSegmentations/Contours/RET154OD_cup_exp1.txt,data/PAPILA/PapilaDB-PAPILA-9c67b80983805f0f886b068af800ef2b507e7dc0/ExpertsSegmentations/Contours/RET154OD_disc_exp2.txt,data/PAPILA/PapilaDB-PAPILA-9c67b80983805f0f886b068af800ef2b507e7dc0/ExpertsSegmentations/Contours/RET154OD_cup_exp2.txt,26913774c92a30c3b79560b90ba1aaa2f33f489af7ac57dcb1a46bec31a46298
RET154OS,RET154,data/PAPILA/PapilaDB-PAPILA-9c67b80983805f0f886b068af800ef2b507e7dc0/FundusImages/RET154OS.jpg,0,val,OS,PAPILA/PapilaDB-PAPILA-9c67b80983805f0f886b068af800ef2b507e7dc0/FundusImages/RET154OS.jpg,data/PAPILA/PapilaDB-PAPILA-9c67b80983805f0f886b068af800ef2b507e7dc0/ExpertsSegmentations/Contours/RET154OS_disc_exp1.txt,data/PAPILA/PapilaDB-PAPILA-9c67b80983805f0f886b068af800ef2b507e7dc0/ExpertsSegmentations/Contours/RET154OS_cup_exp1.txt,data/PAPILA/PapilaDB-PAPILA-9c67b80983805f0f886b068af800ef2b507e7dc0/ExpertsSegmentations/Contours/RET154OS_disc_exp2.txt,data/PAPILA/PapilaDB-PAPILA-9c67b80983805f0f886b068af800ef2b507e7dc0/ExpertsSegmentations/Contours/RET154OS_cup_exp2.txt,b95c56de7d8ae03ae4dbf7a6e095b81cbb237e1bf1fc3ed230a1b586d5cb6c51
RET155OD,RET155,data/PAPILA/PapilaDB-PAPILA-9c67b80983805f0f886b068af800ef2b507e7dc0/FundusImages/RET155OD.jpg,0,train,OD,PAPILA/PapilaDB-PAPILA-9c67b80983805f0f886b068af800ef2b507e7dc0/FundusImages/RET155OD.jpg,data/PAPILA/PapilaDB-PAPILA-9c67b80983805f0f886b068af800ef2b507e7dc0/ExpertsSegmentations/Contours/RET155OD_disc_exp1.txt,data/PAPILA/PapilaDB-PAPILA-9c67b80983805f0f886b068af800ef2b507e7dc0/ExpertsSegmentations/Contours/RET155OD_cup_exp1.txt,data/PAPILA/PapilaDB-PAPILA-9c67b80983805f0f886b068af800ef2b507e7dc0/ExpertsSegmentations/Contours/RET155OD_disc_exp2.txt,data/PAPILA/PapilaDB-PAPILA-9c67b80983805f0f886b068af800ef2b507e7dc0/ExpertsSegmentations/Contours/RET155OD_cup_exp2.txt,5d6513088a5e55f0c4cdab8593b09f1581941f4c846a6b743abd816b942cf737
RET155OS,RET155,data/PAPILA/PapilaDB-PAPILA-9c67b80983805f0f886b068af800ef2b507e7dc0/FundusImages/RET155OS.jpg,0,train,OS,PAPILA/PapilaDB-PAPILA-9c67b80983805f0f886b068af800ef2b507e7dc0/FundusImages/RET155OS.jpg,data/PAPILA/PapilaDB-PAPILA-9c67b80983805f0f886b068af800ef2b507e7dc0/ExpertsSegmentations/Contours/RET155OS_disc_exp1.txt,data/PAPILA/PapilaDB-PAPILA-9c67b80983805f0f886b068af800ef2b507e7dc0/ExpertsSegmentations/Contours/RET155OS_cup_exp1.txt,data/PAPILA/PapilaDB-PAPILA-9c67b80983805f0f886b068af800ef2b507e7dc0/ExpertsSegmentations/Contours/RET155OS_disc_exp2.txt,data/PAPILA/PapilaDB-PAPILA-9c67b80983805f0f886b068af800ef2b507e7dc0/ExpertsSegmentations/Contours/RET155OS_cup_exp2.txt,a5822710cf356fd20deb5c5256a4f91a0b1d82b1e62e377c68c55a9015a99178
RET156OD,RET156,data/PAPILA/PapilaDB-PAPILA-9c67b80983805f0f886b068af800ef2b507e7dc0/FundusImages/RET156OD.jpg,0,train,OD,PAPILA/PapilaDB-PAPILA-9c67b80983805f0f886b068af800ef2b507e7dc0/FundusImages/RET156OD.jpg,data/PAPILA/PapilaDB-PAPILA-9c67b80983805f0f886b068af800ef2b507e7dc0/ExpertsSegmentations/Contours/RET156OD_disc_exp1.txt,data/PAPILA/PapilaDB-PAPILA-9c67b80983805f0f886b068af800ef2b507e7dc0/ExpertsSegmentations/Contours/RET156OD_cup_exp1.txt,data/PAPILA/PapilaDB-PAPILA-9c67b80983805f0f886b068af800ef2b507e7dc0/ExpertsSegmentations/Contours/RET156OD_disc_exp2.txt,data/PAPILA/PapilaDB-PAPILA-9c67b80983805f0f886b068af800ef2b507e7dc0/ExpertsSegmentations/Contours/RET156OD_cup_exp2.txt,338be3a5011304d773431f3b5cb61748f447bb089f35bc79ee741b426ad9dc7a
RET156OS,RET156,data/PAPILA/PapilaDB-PAPILA-9c67b80983805f0f886b068af800ef2b507e7dc0/FundusImages/RET156OS.jpg,0,train,OS,PAPILA/PapilaDB-PAPILA-9c67b80983805f0f886b068af800ef2b507e7dc0/FundusImages/RET156OS.jpg,data/PAPILA/PapilaDB-PAPILA-9c67b80983805f0f886b068af800ef2b507e7dc0/ExpertsSegmentations/Contours/RET156OS_disc_exp1.txt,data/PAPILA/PapilaDB-PAPILA-9c67b80983805f0f886b068af800ef2b507e7dc0/ExpertsSegmentations/Contours/RET156OS_cup_exp1.txt,data/PAPILA/PapilaDB-PAPILA-9c67b80983805f0f886b068af800ef2b507e7dc0/ExpertsSegmentations/Contours/RET156OS_disc_exp2.txt,data/PAPILA/PapilaDB-PAPILA-9c67b80983805f0f886b068af800ef2b507e7dc0/ExpertsSegmentations/Contours/RET156OS_cup_exp2.txt,47dafa064c14bb6cbf1792207026864ddb11a1d64f33850bfe1e9f2886e05873
RET157OD,RET157,data/PAPILA/PapilaDB-PAPILA-9c67b80983805f0f886b068af800ef2b507e7dc0/FundusImages/RET157OD.jpg,0,train,OD,PAPILA/PapilaDB-PAPILA-9c67b80983805f0f886b068af800ef2b507e7dc0/FundusImages/RET157OD.jpg,data/PAPILA/PapilaDB-PAPILA-9c67b80983805f0f886b068af800ef2b507e7dc0/ExpertsSegmentations/Contours/RET157OD_disc_exp1.txt,data/PAPILA/PapilaDB-PAPILA-9c67b80983805f0f886b068af800ef2b507e7dc0/ExpertsSegmentations/Contours/RET157OD_cup_exp1.txt,data/PAPILA/PapilaDB-PAPILA-9c67b80983805f0f886b068af800ef2b507e7dc0/ExpertsSegmentations/Contours/RET157OD_disc_exp2.txt,data/PAPILA/PapilaDB-PAPILA-9c67b80983805f0f886b068af800ef2b507e7dc0/ExpertsSegmentations/Contours/RET157OD_cup_exp2.txt,7183a7e283720537fcf0f0f1da979602ce04edf84d691130b363b066c7ce0474
RET157OS,RET157,data/PAPILA/PapilaDB-PAPILA-9c67b80983805f0f886b068af800ef2b507e7dc0/FundusImages/RET157OS.jpg,0,train,OS,PAPILA/PapilaDB-PAPILA-9c67b80983805f0f886b068af800ef2b507e7dc0/FundusImages/RET157OS.jpg,data/PAPILA/PapilaDB-PAPILA-9c67b80983805f0f886b068af800ef2b507e7dc0/ExpertsSegmentations/Contours/RET157OS_disc_exp1.txt,data/PAPILA/PapilaDB-PAPILA-9c67b80983805f0f886b068af800ef2b507e7dc0/ExpertsSegmentations/Contours/RET157OS_cup_exp1.txt,data/PAPILA/PapilaDB-PAPILA-9c67b80983805f0f886b068af800ef2b507e7dc0/ExpertsSegmentations/Contours/RET157OS_disc_exp2.txt,data/PAPILA/PapilaDB-PAPILA-9c67b80983805f0f886b068af800ef2b507e7dc0/ExpertsSegmentations/Contours/RET157OS_cup_exp2.txt,779e50a6c3f5c4676e25e2e54397dd0e9348754d20158e83656e97a59b756c5f
RET158OD,RET158,data/PAPILA/PapilaDB-PAPILA-9c67b80983805f0f886b068af800ef2b507e7dc0/FundusImages/RET158OD.jpg,0,val,OD,PAPILA/PapilaDB-PAPILA-9c67b80983805f0f886b068af800ef2b507e7dc0/FundusImages/RET158OD.jpg,data/PAPILA/PapilaDB-PAPILA-9c67b80983805f0f886b068af800ef2b507e7dc0/ExpertsSegmentations/Contours/RET158OD_disc_exp1.txt,data/PAPILA/PapilaDB-PAPILA-9c67b80983805f0f886b068af800ef2b507e7dc0/ExpertsSegmentations/Contours/RET158OD_cup_exp1.txt,data/PAPILA/PapilaDB-PAPILA-9c67b80983805f0f886b068af800ef2b507e7dc0/ExpertsSegmentations/Contours/RET158OD_disc_exp2.txt,data/PAPILA/PapilaDB-PAPILA-9c67b80983805f0f886b068af800ef2b507e7dc0/ExpertsSegmentations/Contours/RET158OD_cup_exp2.txt,dbccccbcab3388dd00b2d89faeefa2c346dcf25e70da34f2d4884b5ae4995208
RET158OS,RET158,data/PAPILA/PapilaDB-PAPILA-9c67b80983805f0f886b068af800ef2b507e7dc0/FundusImages/RET158OS.jpg,0,val,OS,PAPILA/PapilaDB-PAPILA-9c67b80983805f0f886b068af800ef2b507e7dc0/FundusImages/RET158OS.jpg,data/PAPILA/PapilaDB-PAPILA-9c67b80983805f0f886b068af800ef2b507e7dc0/ExpertsSegmentations/Contours/RET158OS_disc_exp1.txt,data/PAPILA/PapilaDB-PAPILA-9c67b80983805f0f886b068af800ef2b507e7dc0/ExpertsSegmentations/Contours/RET158OS_cup_exp1.txt,data/PAPILA/PapilaDB-PAPILA-9c67b80983805f0f886b068af800ef2b507e7dc0/ExpertsSegmentations/Contours/RET158OS_disc_exp2.txt,data/PAPILA/PapilaDB-PAPILA-9c67b80983805f0f886b068af800ef2b507e7dc0/ExpertsSegmentations/Contours/RET158OS_cup_exp2.txt,352c654180cf5e8e498d84194e4765d5cf16b862acd15ba17af0bd281113625e
RET159OD,RET159,data/PAPILA/PapilaDB-PAPILA-9c67b80983805f0f886b068af800ef2b507e7dc0/FundusImages/RET159OD.jpg,0,val,OD,PAPILA/PapilaDB-PAPILA-9c67b80983805f0f886b068af800ef2b507e7dc0/FundusImages/RET159OD.jpg,data/PAPILA/PapilaDB-PAPILA-9c67b80983805f0f886b068af800ef2b507e7dc0/ExpertsSegmentations/Contours/RET159OD_disc_exp1.txt,data/PAPILA/PapilaDB-PAPILA-9c67b80983805f0f886b068af800ef2b507e7dc0/ExpertsSegmentations/Contours/RET159OD_cup_exp1.txt,data/PAPILA/PapilaDB-PAPILA-9c67b80983805f0f886b068af800ef2b507e7dc0/ExpertsSegmentations/Contours/RET159OD_disc_exp2.txt,data/PAPILA/PapilaDB-PAPILA-9c67b80983805f0f886b068af800ef2b507e7dc0/ExpertsSegmentations/Contours/RET159OD_cup_exp2.txt,f66e0b8a5941db1b2666cbfb5fcd6a2abc44afb9b876d2e847221e4353da61b5
RET159OS,RET159,data/PAPILA/PapilaDB-PAPILA-9c67b80983805f0f886b068af800ef2b507e7dc0/FundusImages/RET159OS.jpg,0,val,OS,PAPILA/PapilaDB-PAPILA-9c67b80983805f0f886b068af800ef2b507e7dc0/FundusImages/RET159OS.jpg,data/PAPILA/PapilaDB-PAPILA-9c67b80983805f0f886b068af800ef2b507e7dc0/ExpertsSegmentations/Contours/RET159OS_disc_exp1.txt,data/PAPILA/PapilaDB-PAPILA-9c67b80983805f0f886b068af800ef2b507e7dc0/ExpertsSegmentations/Contours/RET159OS_cup_exp1.txt,data/PAPILA/PapilaDB-PAPILA-9c67b80983805f0f886b068af800ef2b507e7dc0/ExpertsSegmentations/Contours/RET159OS_disc_exp2.txt,data/PAPILA/PapilaDB-PAPILA-9c67b80983805f0f886b068af800ef2b507e7dc0/ExpertsSegmentations/Contours/RET159OS_cup_exp2.txt,b3983e39c76fa115b402c85eab10997cd765cf58909398a962b7351b80509b70
RET160OD,RET160,data/PAPILA/PapilaDB-PAPILA-9c67b80983805f0f886b068af800ef2b507e7dc0/FundusImages/RET160OD.jpg,0,train,OD,PAPILA/PapilaDB-PAPILA-9c67b80983805f0f886b068af800ef2b507e7dc0/FundusImages/RET160OD.jpg,data/PAPILA/PapilaDB-PAPILA-9c67b80983805f0f886b068af800ef2b507e7dc0/ExpertsSegmentations/Contours/RET160OD_disc_exp1.txt,data/PAPILA/PapilaDB-PAPILA-9c67b80983805f0f886b068af800ef2b507e7dc0/ExpertsSegmentations/Contours/RET160OD_cup_exp1.txt,data/PAPILA/PapilaDB-PAPILA-9c67b80983805f0f886b068af800ef2b507e7dc0/ExpertsSegmentations/Contours/RET160OD_disc_exp2.txt,data/PAPILA/PapilaDB-PAPILA-9c67b80983805f0f886b068af800ef2b507e7dc0/ExpertsSegmentations/Contours/RET160OD_cup_exp2.txt,1caf3baf9cf53ed675698025591842132416bc0c8cd1d149bf2b45e331f7e596
RET160OS,RET160,data/PAPILA/PapilaDB-PAPILA-9c67b80983805f0f886b068af800ef2b507e7dc0/FundusImages/RET160OS.jpg,0,train,OS,PAPILA/PapilaDB-PAPILA-9c67b80983805f0f886b068af800ef2b507e7dc0/FundusImages/RET160OS.jpg,data/PAPILA/PapilaDB-PAPILA-9c67b80983805f0f886b068af800ef2b507e7dc0/ExpertsSegmentations/Contours/RET160OS_disc_exp1.txt,data/PAPILA/PapilaDB-PAPILA-9c67b80983805f0f886b068af800ef2b507e7dc0/ExpertsSegmentations/Contours/RET160OS_cup_exp1.txt,data/PAPILA/PapilaDB-PAPILA-9c67b80983805f0f886b068af800ef2b507e7dc0/ExpertsSegmentations/Contours/RET160OS_disc_exp2.txt,data/PAPILA/PapilaDB-PAPILA-9c67b80983805f0f886b068af800ef2b507e7dc0/ExpertsSegmentations/Contours/RET160OS_cup_exp2.txt,bf7098bb615c6479741ca440ead2a57c5454e80dcb11e16401bf198df96f6162
RET162OD,RET162,data/PAPILA/PapilaDB-PAPILA-9c67b80983805f0f886b068af800ef2b507e7dc0/FundusImages/RET162OD.jpg,0,train,OD,PAPILA/PapilaDB-PAPILA-9c67b80983805f0f886b068af800ef2b507e7dc0/FundusImages/RET162OD.jpg,data/PAPILA/PapilaDB-PAPILA-9c67b80983805f0f886b068af800ef2b507e7dc0/ExpertsSegmentations/Contours/RET162OD_disc_exp1.txt,data/PAPILA/PapilaDB-PAPILA-9c67b80983805f0f886b068af800ef2b507e7dc0/ExpertsSegmentations/Contours/RET162OD_cup_exp1.txt,data/PAPILA/PapilaDB-PAPILA-9c67b80983805f0f886b068af800ef2b507e7dc0/ExpertsSegmentations/Contours/RET162OD_disc_exp2.txt,data/PAPILA/PapilaDB-PAPILA-9c67b80983805f0f886b068af800ef2b507e7dc0/ExpertsSegmentations/Contours/RET162OD_cup_exp2.txt,a45a3dd6f42542b63482269d964fe39d40e489e298823b894a1c3c0781c66136
RET162OS,RET162,data/PAPILA/PapilaDB-PAPILA-9c67b80983805f0f886b068af800ef2b507e7dc0/FundusImages/RET162OS.jpg,0,train,OS,PAPILA/PapilaDB-PAPILA-9c67b80983805f0f886b068af800ef2b507e7dc0/FundusImages/RET162OS.jpg,data/PAPILA/PapilaDB-PAPILA-9c67b80983805f0f886b068af800ef2b507e7dc0/ExpertsSegmentations/Contours/RET162OS_disc_exp1.txt,data/PAPILA/PapilaDB-PAPILA-9c67b80983805f0f886b068af800ef2b507e7dc0/ExpertsSegmentations/Contours/RET162OS_cup_exp1.txt,data/PAPILA/PapilaDB-PAPILA-9c67b80983805f0f886b068af800ef2b507e7dc0/ExpertsSegmentations/Contours/RET162OS_disc_exp2.txt,data/PAPILA/PapilaDB-PAPILA-9c67b80983805f0f886b068af800ef2b507e7dc0/ExpertsSegmentations/Contours/RET162OS_cup_exp2.txt,b2801573272bb42802da918564e5d38d7229f9ce1059637546251d9f360c8c7c
RET163OD,RET163,data/PAPILA/PapilaDB-PAPILA-9c67b80983805f0f886b068af800ef2b507e7dc0/FundusImages/RET163OD.jpg,0,val,OD,PAPILA/PapilaDB-PAPILA-9c67b80983805f0f886b068af800ef2b507e7dc0/FundusImages/RET163OD.jpg,data/PAPILA/PapilaDB-PAPILA-9c67b80983805f0f886b068af800ef2b507e7dc0/ExpertsSegmentations/Contours/RET163OD_disc_exp1.txt,data/PAPILA/PapilaDB-PAPILA-9c67b80983805f0f886b068af800ef2b507e7dc0/ExpertsSegmentations/Contours/RET163OD_cup_exp1.txt,data/PAPILA/PapilaDB-PAPILA-9c67b80983805f0f886b068af800ef2b507e7dc0/ExpertsSegmentations/Contours/RET163OD_disc_exp2.txt,data/PAPILA/PapilaDB-PAPILA-9c67b80983805f0f886b068af800ef2b507e7dc0/ExpertsSegmentations/Contours/RET163OD_cup_exp2.txt,bff1e84399cd5131b122302eab9afdcb6f82bbbd455c24af305e93711040d11e
RET163OS,RET163,data/PAPILA/PapilaDB-PAPILA-9c67b80983805f0f886b068af800ef2b507e7dc0/FundusImages/RET163OS.jpg,0,val,OS,PAPILA/PapilaDB-PAPILA-9c67b80983805f0f886b068af800ef2b507e7dc0/FundusImages/RET163OS.jpg,data/PAPILA/PapilaDB-PAPILA-9c67b80983805f0f886b068af800ef2b507e7dc0/ExpertsSegmentations/Contours/RET163OS_disc_exp1.txt,data/PAPILA/PapilaDB-PAPILA-9c67b80983805f0f886b068af800ef2b507e7dc0/ExpertsSegmentations/Contours/RET163OS_cup_exp1.txt,data/PAPILA/PapilaDB-PAPILA-9c67b80983805f0f886b068af800ef2b507e7dc0/ExpertsSegmentations/Contours/RET163OS_disc_exp2.txt,data/PAPILA/PapilaDB-PAPILA-9c67b80983805f0f886b068af800ef2b507e7dc0/ExpertsSegmentations/Contours/RET163OS_cup_exp2.txt,5a29cba891106866d048f35ba45df2542aa6ef3d770899e5e1359ab84328af8b
RET164OD,RET164,data/PAPILA/PapilaDB-PAPILA-9c67b80983805f0f886b068af800ef2b507e7dc0/FundusImages/RET164OD.jpg,0,train,OD,PAPILA/PapilaDB-PAPILA-9c67b80983805f0f886b068af800ef2b507e7dc0/FundusImages/RET164OD.jpg,data/PAPILA/PapilaDB-PAPILA-9c67b80983805f0f886b068af800ef2b507e7dc0/ExpertsSegmentations/Contours/RET164OD_disc_exp1.txt,data/PAPILA/PapilaDB-PAPILA-9c67b80983805f0f886b068af800ef2b507e7dc0/ExpertsSegmentations/Contours/RET164OD_cup_exp1.txt,data/PAPILA/PapilaDB-PAPILA-9c67b80983805f0f886b068af800ef2b507e7dc0/ExpertsSegmentations/Contours/RET164OD_disc_exp2.txt,data/PAPILA/PapilaDB-PAPILA-9c67b80983805f0f886b068af800ef2b507e7dc0/ExpertsSegmentations/Contours/RET164OD_cup_exp2.txt,f722e409f40b4e37a5e09a11b213112d01071dc5bff63a97ace22fb25dbd048a
RET164OS,RET164,data/PAPILA/PapilaDB-PAPILA-9c67b80983805f0f886b068af800ef2b507e7dc0/FundusImages/RET164OS.jpg,0,train,OS,PAPILA/PapilaDB-PAPILA-9c67b80983805f0f886b068af800ef2b507e7dc0/FundusImages/RET164OS.jpg,data/PAPILA/PapilaDB-PAPILA-9c67b80983805f0f886b068af800ef2b507e7dc0/ExpertsSegmentations/Contours/RET164OS_disc_exp1.txt,data/PAPILA/PapilaDB-PAPILA-9c67b80983805f0f886b068af800ef2b507e7dc0/ExpertsSegmentations/Contours/RET164OS_cup_exp1.txt,data/PAPILA/PapilaDB-PAPILA-9c67b80983805f0f886b068af800ef2b507e7dc0/ExpertsSegmentations/Contours/RET164OS_disc_exp2.txt,data/PAPILA/PapilaDB-PAPILA-9c67b80983805f0f886b068af800ef2b507e7dc0/ExpertsSegmentations/Contours/RET164OS_cup_exp2.txt,d43560eb2fddb5b479e52544a58f59e3a97b096f8e3014cc895e563788c094c4
RET165OD,RET165,data/PAPILA/PapilaDB-PAPILA-9c67b80983805f0f886b068af800ef2b507e7dc0/FundusImages/RET165OD.jpg,0,test,OD,PAPILA/PapilaDB-PAPILA-9c67b80983805f0f886b068af800ef2b507e7dc0/FundusImages/RET165OD.jpg,data/PAPILA/PapilaDB-PAPILA-9c67b80983805f0f886b068af800ef2b507e7dc0/ExpertsSegmentations/Contours/RET165OD_disc_exp1.txt,data/PAPILA/PapilaDB-PAPILA-9c67b80983805f0f886b068af800ef2b507e7dc0/ExpertsSegmentations/Contours/RET165OD_cup_exp1.txt,data/PAPILA/PapilaDB-PAPILA-9c67b80983805f0f886b068af800ef2b507e7dc0/ExpertsSegmentations/Contours/RET165OD_disc_exp2.txt,data/PAPILA/PapilaDB-PAPILA-9c67b80983805f0f886b068af800ef2b507e7dc0/ExpertsSegmentations/Contours/RET165OD_cup_exp2.txt,2692b659066737bb39730da72c6467af1a9f5f8a9e5e2307458c3a1f0a0aa9d4
RET165OS,RET165,data/PAPILA/PapilaDB-PAPILA-9c67b80983805f0f886b068af800ef2b507e7dc0/FundusImages/RET165OS.jpg,0,test,OS,PAPILA/PapilaDB-PAPILA-9c67b80983805f0f886b068af800ef2b507e7dc0/FundusImages/RET165OS.jpg,data/PAPILA/PapilaDB-PAPILA-9c67b80983805f0f886b068af800ef2b507e7dc0/ExpertsSegmentations/Contours/RET165OS_disc_exp1.txt,data/PAPILA/PapilaDB-PAPILA-9c67b80983805f0f886b068af800ef2b507e7dc0/ExpertsSegmentations/Contours/RET165OS_cup_exp1.txt,data/PAPILA/PapilaDB-PAPILA-9c67b80983805f0f886b068af800ef2b507e7dc0/ExpertsSegmentations/Contours/RET165OS_disc_exp2.txt,data/PAPILA/PapilaDB-PAPILA-9c67b80983805f0f886b068af800ef2b507e7dc0/ExpertsSegmentations/Contours/RET165OS_cup_exp2.txt,674529bb625aa8f93893b1263208930b57e9e51626409c2ce14b2ece595419e2
RET166OD,RET166,data/PAPILA/PapilaDB-PAPILA-9c67b80983805f0f886b068af800ef2b507e7dc0/FundusImages/RET166OD.jpg,0,train,OD,PAPILA/PapilaDB-PAPILA-9c67b80983805f0f886b068af800ef2b507e7dc0/FundusImages/RET166OD.jpg,data/PAPILA/PapilaDB-PAPILA-9c67b80983805f0f886b068af800ef2b507e7dc0/ExpertsSegmentations/Contours/RET166OD_disc_exp1.txt,data/PAPILA/PapilaDB-PAPILA-9c67b80983805f0f886b068af800ef2b507e7dc0/ExpertsSegmentations/Contours/RET166OD_cup_exp1.txt,data/PAPILA/PapilaDB-PAPILA-9c67b80983805f0f886b068af800ef2b507e7dc0/ExpertsSegmentations/Contours/RET166OD_disc_exp2.txt,data/PAPILA/PapilaDB-PAPILA-9c67b80983805f0f886b068af800ef2b507e7dc0/ExpertsSegmentations/Contours/RET166OD_cup_exp2.txt,7328e1363dde7aeb13e46c387ccd6c94ecaa82396d4d49df3fcc1e70d15973d1
RET166OS,RET166,data/PAPILA/PapilaDB-PAPILA-9c67b80983805f0f886b068af800ef2b507e7dc0/FundusImages/RET166OS.jpg,0,train,OS,PAPILA/PapilaDB-PAPILA-9c67b80983805f0f886b068af800ef2b507e7dc0/FundusImages/RET166OS.jpg,data/PAPILA/PapilaDB-PAPILA-9c67b80983805f0f886b068af800ef2b507e7dc0/ExpertsSegmentations/Contours/RET166OS_disc_exp1.txt,data/PAPILA/PapilaDB-PAPILA-9c67b80983805f0f886b068af800ef2b507e7dc0/ExpertsSegmentations/Contours/RET166OS_cup_exp1.txt,data/PAPILA/PapilaDB-PAPILA-9c67b80983805f0f886b068af800ef2b507e7dc0/ExpertsSegmentations/Contours/RET166OS_disc_exp2.txt,data/PAPILA/PapilaDB-PAPILA-9c67b80983805f0f886b068af800ef2b507e7dc0/ExpertsSegmentations/Contours/RET166OS_cup_exp2.txt,e813f3174cae2c34393dd08d775a9112d6bcff9b74aa82dd628484e47eb9cfdf
RET168OD,RET168,data/PAPILA/PapilaDB-PAPILA-9c67b80983805f0f886b068af800ef2b507e7dc0/FundusImages/RET168OD.jpg,0,train,OD,PAPILA/PapilaDB-PAPILA-9c67b80983805f0f886b068af800ef2b507e7dc0/FundusImages/RET168OD.jpg,data/PAPILA/PapilaDB-PAPILA-9c67b80983805f0f886b068af800ef2b507e7dc0/ExpertsSegmentations/Contours/RET168OD_disc_exp1.txt,data/PAPILA/PapilaDB-PAPILA-9c67b80983805f0f886b068af800ef2b507e7dc0/ExpertsSegmentations/Contours/RET168OD_cup_exp1.txt,data/PAPILA/PapilaDB-PAPILA-9c67b80983805f0f886b068af800ef2b507e7dc0/ExpertsSegmentations/Contours/RET168OD_disc_exp2.txt,data/PAPILA/PapilaDB-PAPILA-9c67b80983805f0f886b068af800ef2b507e7dc0/ExpertsSegmentations/Contours/RET168OD_cup_exp2.txt,006ce87453eb2dfa2c3398cd98b79700d3a1591c77c974112ed5396b73a2f33b
RET168OS,RET168,data/PAPILA/PapilaDB-PAPILA-9c67b80983805f0f886b068af800ef2b507e7dc0/FundusImages/RET168OS.jpg,0,train,OS,PAPILA/PapilaDB-PAPILA-9c67b80983805f0f886b068af800ef2b507e7dc0/FundusImages/RET168OS.jpg,data/PAPILA/PapilaDB-PAPILA-9c67b80983805f0f886b068af800ef2b507e7dc0/ExpertsSegmentations/Contours/RET168OS_disc_exp1.txt,data/PAPILA/PapilaDB-PAPILA-9c67b80983805f0f886b068af800ef2b507e7dc0/ExpertsSegmentations/Contours/RET168OS_cup_exp1.txt,data/PAPILA/PapilaDB-PAPILA-9c67b80983805f0f886b068af800ef2b507e7dc0/ExpertsSegmentations/Contours/RET168OS_disc_exp2.txt,data/PAPILA/PapilaDB-PAPILA-9c67b80983805f0f886b068af800ef2b507e7dc0/ExpertsSegmentations/Contours/RET168OS_cup_exp2.txt,00bef60da518c9a106c2deb52d80c75b1052581145105b49ad21755fae132d8f
RET169OD,RET169,data/PAPILA/PapilaDB-PAPILA-9c67b80983805f0f886b068af800ef2b507e7dc0/FundusImages/RET169OD.jpg,0,train,OD,PAPILA/PapilaDB-PAPILA-9c67b80983805f0f886b068af800ef2b507e7dc0/FundusImages/RET169OD.jpg,data/PAPILA/PapilaDB-PAPILA-9c67b80983805f0f886b068af800ef2b507e7dc0/ExpertsSegmentations/Contours/RET169OD_disc_exp1.txt,data/PAPILA/PapilaDB-PAPILA-9c67b80983805f0f886b068af800ef2b507e7dc0/ExpertsSegmentations/Contours/RET169OD_cup_exp1.txt,data/PAPILA/PapilaDB-PAPILA-9c67b80983805f0f886b068af800ef2b507e7dc0/ExpertsSegmentations/Contours/RET169OD_disc_exp2.txt,data/PAPILA/PapilaDB-PAPILA-9c67b80983805f0f886b068af800ef2b507e7dc0/ExpertsSegmentations/Contours/RET169OD_cup_exp2.txt,8b7a4a11249cebc1a47175be018a4e0bc64bef59b703c56933547bb0bb84e0a8
RET169OS,RET169,data/PAPILA/PapilaDB-PAPILA-9c67b80983805f0f886b068af800ef2b507e7dc0/FundusImages/RET169OS.jpg,0,train,OS,PAPILA/PapilaDB-PAPILA-9c67b80983805f0f886b068af800ef2b507e7dc0/FundusImages/RET169OS.jpg,data/PAPILA/PapilaDB-PAPILA-9c67b80983805f0f886b068af800ef2b507e7dc0/ExpertsSegmentations/Contours/RET169OS_disc_exp1.txt,data/PAPILA/PapilaDB-PAPILA-9c67b80983805f0f886b068af800ef2b507e7dc0/ExpertsSegmentations/Contours/RET169OS_cup_exp1.txt,data/PAPILA/PapilaDB-PAPILA-9c67b80983805f0f886b068af800ef2b507e7dc0/ExpertsSegmentations/Contours/RET169OS_disc_exp2.txt,data/PAPILA/PapilaDB-PAPILA-9c67b80983805f0f886b068af800ef2b507e7dc0/ExpertsSegmentations/Contours/RET169OS_cup_exp2.txt,34b997438531eb013bc3babdaf880ea57a9f81990b9ba47ce1647028cf4f53a2
RET170OD,RET170,data/PAPILA/PapilaDB-PAPILA-9c67b80983805f0f886b068af800ef2b507e7dc0/FundusImages/RET170OD.jpg,0,train,OD,PAPILA/PapilaDB-PAPILA-9c67b80983805f0f886b068af800ef2b507e7dc0/FundusImages/RET170OD.jpg,data/PAPILA/PapilaDB-PAPILA-9c67b80983805f0f886b068af800ef2b507e7dc0/ExpertsSegmentations/Contours/RET170OD_disc_exp1.txt,data/PAPILA/PapilaDB-PAPILA-9c67b80983805f0f886b068af800ef2b507e7dc0/ExpertsSegmentations/Contours/RET170OD_cup_exp1.txt,data/PAPILA/PapilaDB-PAPILA-9c67b80983805f0f886b068af800ef2b507e7dc0/ExpertsSegmentations/Contours/RET170OD_disc_exp2.txt,data/PAPILA/PapilaDB-PAPILA-9c67b80983805f0f886b068af800ef2b507e7dc0/ExpertsSegmentations/Contours/RET170OD_cup_exp2.txt,9444534f11ffa0e070f8406e2186878446e43f9cddcdb35afff82004d5058d6f
RET170OS,RET170,data/PAPILA/PapilaDB-PAPILA-9c67b80983805f0f886b068af800ef2b507e7dc0/FundusImages/RET170OS.jpg,0,train,OS,PAPILA/PapilaDB-PAPILA-9c67b80983805f0f886b068af800ef2b507e7dc0/FundusImages/RET170OS.jpg,data/PAPILA/PapilaDB-PAPILA-9c67b80983805f0f886b068af800ef2b507e7dc0/ExpertsSegmentations/Contours/RET170OS_disc_exp1.txt,data/PAPILA/PapilaDB-PAPILA-9c67b80983805f0f886b068af800ef2b507e7dc0/ExpertsSegmentations/Contours/RET170OS_cup_exp1.txt,data/PAPILA/PapilaDB-PAPILA-9c67b80983805f0f886b068af800ef2b507e7dc0/ExpertsSegmentations/Contours/RET170OS_disc_exp2.txt,data/PAPILA/PapilaDB-PAPILA-9c67b80983805f0f886b068af800ef2b507e7dc0/ExpertsSegmentations/Contours/RET170OS_cup_exp2.txt,d6ecd7b83719282b5aadf70a70048819e7cd9ac64dfa9f56f4b80ce515c372e6
RET171OD,RET171,data/PAPILA/PapilaDB-PAPILA-9c67b80983805f0f886b068af800ef2b507e7dc0/FundusImages/RET171OD.jpg,0,test,OD,PAPILA/PapilaDB-PAPILA-9c67b80983805f0f886b068af800ef2b507e7dc0/FundusImages/RET171OD.jpg,data/PAPILA/PapilaDB-PAPILA-9c67b80983805f0f886b068af800ef2b507e7dc0/ExpertsSegmentations/Contours/RET171OD_disc_exp1.txt,data/PAPILA/PapilaDB-PAPILA-9c67b80983805f0f886b068af800ef2b507e7dc0/ExpertsSegmentations/Contours/RET171OD_cup_exp1.txt,data/PAPILA/PapilaDB-PAPILA-9c67b80983805f0f886b068af800ef2b507e7dc0/ExpertsSegmentations/Contours/RET171OD_disc_exp2.txt,data/PAPILA/PapilaDB-PAPILA-9c67b80983805f0f886b068af800ef2b507e7dc0/ExpertsSegmentations/Contours/RET171OD_cup_exp2.txt,8710234f45efd7f815e386bbecc21ca24141d687226d5465c4cfaaeed3638717
RET171OS,RET171,data/PAPILA/PapilaDB-PAPILA-9c67b80983805f0f886b068af800ef2b507e7dc0/FundusImages/RET171OS.jpg,0,test,OS,PAPILA/PapilaDB-PAPILA-9c67b80983805f0f886b068af800ef2b507e7dc0/FundusImages/RET171OS.jpg,data/PAPILA/PapilaDB-PAPILA-9c67b80983805f0f886b068af800ef2b507e7dc0/ExpertsSegmentations/Contours/RET171OS_disc_exp1.txt,data/PAPILA/PapilaDB-PAPILA-9c67b80983805f0f886b068af800ef2b507e7dc0/ExpertsSegmentations/Contours/RET171OS_cup_exp1.txt,data/PAPILA/PapilaDB-PAPILA-9c67b80983805f0f886b068af800ef2b507e7dc0/ExpertsSegmentations/Contours/RET171OS_disc_exp2.txt,data/PAPILA/PapilaDB-PAPILA-9c67b80983805f0f886b068af800ef2b507e7dc0/ExpertsSegmentations/Contours/RET171OS_cup_exp2.txt,14ff3c4fa32e5f45a0ca60b1af92b1428d1424ba4a0044e17083cb43b0385308
RET172OD,RET172,data/PAPILA/PapilaDB-PAPILA-9c67b80983805f0f886b068af800ef2b507e7dc0/FundusImages/RET172OD.jpg,0,test,OD,PAPILA/PapilaDB-PAPILA-9c67b80983805f0f886b068af800ef2b507e7dc0/FundusImages/RET172OD.jpg,data/PAPILA/PapilaDB-PAPILA-9c67b80983805f0f886b068af800ef2b507e7dc0/ExpertsSegmentations/Contours/RET172OD_disc_exp1.txt,data/PAPILA/PapilaDB-PAPILA-9c67b80983805f0f886b068af800ef2b507e7dc0/ExpertsSegmentations/Contours/RET172OD_cup_exp1.txt,data/PAPILA/PapilaDB-PAPILA-9c67b80983805f0f886b068af800ef2b507e7dc0/ExpertsSegmentations/Contours/RET172OD_disc_exp2.txt,data/PAPILA/PapilaDB-PAPILA-9c67b80983805f0f886b068af800ef2b507e7dc0/ExpertsSegmentations/Contours/RET172OD_cup_exp2.txt,7c10a8805fe5e8ca209c24e0f8c269d3c4186aefd28ff888628fec5a3cd003b8
RET172OS,RET172,data/PAPILA/PapilaDB-PAPILA-9c67b80983805f0f886b068af800ef2b507e7dc0/FundusImages/RET172OS.jpg,0,test,OS,PAPILA/PapilaDB-PAPILA-9c67b80983805f0f886b068af800ef2b507e7dc0/FundusImages/RET172OS.jpg,data/PAPILA/PapilaDB-PAPILA-9c67b80983805f0f886b068af800ef2b507e7dc0/ExpertsSegmentations/Contours/RET172OS_disc_exp1.txt,data/PAPILA/PapilaDB-PAPILA-9c67b80983805f0f886b068af800ef2b507e7dc0/ExpertsSegmentations/Contours/RET172OS_cup_exp1.txt,data/PAPILA/PapilaDB-PAPILA-9c67b80983805f0f886b068af800ef2b507e7dc0/ExpertsSegmentations/Contours/RET172OS_disc_exp2.txt,data/PAPILA/PapilaDB-PAPILA-9c67b80983805f0f886b068af800ef2b507e7dc0/ExpertsSegmentations/Contours/RET172OS_cup_exp2.txt,ee1636ea919f1a245cba8f40303dc8354d46f9229093a6829402d9b47b1d7b96
RET174OD,RET174,data/PAPILA/PapilaDB-PAPILA-9c67b80983805f0f886b068af800ef2b507e7dc0/FundusImages/RET174OD.jpg,0,test,OD,PAPILA/PapilaDB-PAPILA-9c67b80983805f0f886b068af800ef2b507e7dc0/FundusImages/RET174OD.jpg,data/PAPILA/PapilaDB-PAPILA-9c67b80983805f0f886b068af800ef2b507e7dc0/ExpertsSegmentations/Contours/RET174OD_disc_exp1.txt,data/PAPILA/PapilaDB-PAPILA-9c67b80983805f0f886b068af800ef2b507e7dc0/ExpertsSegmentations/Contours/RET174OD_cup_exp1.txt,data/PAPILA/PapilaDB-PAPILA-9c67b80983805f0f886b068af800ef2b507e7dc0/ExpertsSegmentations/Contours/RET174OD_disc_exp2.txt,data/PAPILA/PapilaDB-PAPILA-9c67b80983805f0f886b068af800ef2b507e7dc0/ExpertsSegmentations/Contours/RET174OD_cup_exp2.txt,fe23617a172a5113d90e9a72b7b3032603e7e405e6e9709fb46aba1d573b338a
RET174OS,RET174,data/PAPILA/PapilaDB-PAPILA-9c67b80983805f0f886b068af800ef2b507e7dc0/FundusImages/RET174OS.jpg,0,test,OS,PAPILA/PapilaDB-PAPILA-9c67b80983805f0f886b068af800ef2b507e7dc0/FundusImages/RET174OS.jpg,data/PAPILA/PapilaDB-PAPILA-9c67b80983805f0f886b068af800ef2b507e7dc0/ExpertsSegmentations/Contours/RET174OS_disc_exp1.txt,data/PAPILA/PapilaDB-PAPILA-9c67b80983805f0f886b068af800ef2b507e7dc0/ExpertsSegmentations/Contours/RET174OS_cup_exp1.txt,data/PAPILA/PapilaDB-PAPILA-9c67b80983805f0f886b068af800ef2b507e7dc0/ExpertsSegmentations/Contours/RET174OS_disc_exp2.txt,data/PAPILA/PapilaDB-PAPILA-9c67b80983805f0f886b068af800ef2b507e7dc0/ExpertsSegmentations/Contours/RET174OS_cup_exp2.txt,a35441a7fda1e1b40a83a7b4ee19fd0814377d13e0b3f3ef666cc5eefec9cd6e
RET175OD,RET175,data/PAPILA/PapilaDB-PAPILA-9c67b80983805f0f886b068af800ef2b507e7dc0/FundusImages/RET175OD.jpg,0,val,OD,PAPILA/PapilaDB-PAPILA-9c67b80983805f0f886b068af800ef2b507e7dc0/FundusImages/RET175OD.jpg,data/PAPILA/PapilaDB-PAPILA-9c67b80983805f0f886b068af800ef2b507e7dc0/ExpertsSegmentations/Contours/RET175OD_disc_exp1.txt,data/PAPILA/PapilaDB-PAPILA-9c67b80983805f0f886b068af800ef2b507e7dc0/ExpertsSegmentations/Contours/RET175OD_cup_exp1.txt,data/PAPILA/PapilaDB-PAPILA-9c67b80983805f0f886b068af800ef2b507e7dc0/ExpertsSegmentations/Contours/RET175OD_disc_exp2.txt,data/PAPILA/PapilaDB-PAPILA-9c67b80983805f0f886b068af800ef2b507e7dc0/ExpertsSegmentations/Contours/RET175OD_cup_exp2.txt,c86cef60996dd84998789ad8c29807254d67441eebba2c63762f6117d35edd05
RET175OS,RET175,data/PAPILA/PapilaDB-PAPILA-9c67b80983805f0f886b068af800ef2b507e7dc0/FundusImages/RET175OS.jpg,0,val,OS,PAPILA/PapilaDB-PAPILA-9c67b80983805f0f886b068af800ef2b507e7dc0/FundusImages/RET175OS.jpg,data/PAPILA/PapilaDB-PAPILA-9c67b80983805f0f886b068af800ef2b507e7dc0/ExpertsSegmentations/Contours/RET175OS_disc_exp1.txt,data/PAPILA/PapilaDB-PAPILA-9c67b80983805f0f886b068af800ef2b507e7dc0/ExpertsSegmentations/Contours/RET175OS_cup_exp1.txt,data/PAPILA/PapilaDB-PAPILA-9c67b80983805f0f886b068af800ef2b507e7dc0/ExpertsSegmentations/Contours/RET175OS_disc_exp2.txt,data/PAPILA/PapilaDB-PAPILA-9c67b80983805f0f886b068af800ef2b507e7dc0/ExpertsSegmentations/Contours/RET175OS_cup_exp2.txt,6ef182edee203803b9e20260cc0e15b381740177cc6f69e17323f6ce3373130a
RET176OD,RET176,data/PAPILA/PapilaDB-PAPILA-9c67b80983805f0f886b068af800ef2b507e7dc0/FundusImages/RET176OD.jpg,0,test,OD,PAPILA/PapilaDB-PAPILA-9c67b80983805f0f886b068af800ef2b507e7dc0/FundusImages/RET176OD.jpg,data/PAPILA/PapilaDB-PAPILA-9c67b80983805f0f886b068af800ef2b507e7dc0/ExpertsSegmentations/Contours/RET176OD_disc_exp1.txt,data/PAPILA/PapilaDB-PAPILA-9c67b80983805f0f886b068af800ef2b507e7dc0/ExpertsSegmentations/Contours/RET176OD_cup_exp1.txt,data/PAPILA/PapilaDB-PAPILA-9c67b80983805f0f886b068af800ef2b507e7dc0/ExpertsSegmentations/Contours/RET176OD_disc_exp2.txt,data/PAPILA/PapilaDB-PAPILA-9c67b80983805f0f886b068af800ef2b507e7dc0/ExpertsSegmentations/Contours/RET176OD_cup_exp2.txt,1ce7cc2938d9d0a030db123ffb1199e873f95169c86dc8f9f0a82c4f671559d4
RET176OS,RET176,data/PAPILA/PapilaDB-PAPILA-9c67b80983805f0f886b068af800ef2b507e7dc0/FundusImages/RET176OS.jpg,0,test,OS,PAPILA/PapilaDB-PAPILA-9c67b80983805f0f886b068af800ef2b507e7dc0/FundusImages/RET176OS.jpg,data/PAPILA/PapilaDB-PAPILA-9c67b80983805f0f886b068af800ef2b507e7dc0/ExpertsSegmentations/Contours/RET176OS_disc_exp1.txt,data/PAPILA/PapilaDB-PAPILA-9c67b80983805f0f886b068af800ef2b507e7dc0/ExpertsSegmentations/Contours/RET176OS_cup_exp1.txt,data/PAPILA/PapilaDB-PAPILA-9c67b80983805f0f886b068af800ef2b507e7dc0/ExpertsSegmentations/Contours/RET176OS_disc_exp2.txt,data/PAPILA/PapilaDB-PAPILA-9c67b80983805f0f886b068af800ef2b507e7dc0/ExpertsSegmentations/Contours/RET176OS_cup_exp2.txt,29d02e1e7d2b0650e85355cdfbf0dfe8915cac41eb5d9888cde9ef1b54d03e3a
RET177OD,RET177,data/PAPILA/PapilaDB-PAPILA-9c67b80983805f0f886b068af800ef2b507e7dc0/FundusImages/RET177OD.jpg,0,train,OD,PAPILA/PapilaDB-PAPILA-9c67b80983805f0f886b068af800ef2b507e7dc0/FundusImages/RET177OD.jpg,data/PAPILA/PapilaDB-PAPILA-9c67b80983805f0f886b068af800ef2b507e7dc0/ExpertsSegmentations/Contours/RET177OD_disc_exp1.txt,data/PAPILA/PapilaDB-PAPILA-9c67b80983805f0f886b068af800ef2b507e7dc0/ExpertsSegmentations/Contours/RET177OD_cup_exp1.txt,data/PAPILA/PapilaDB-PAPILA-9c67b80983805f0f886b068af800ef2b507e7dc0/ExpertsSegmentations/Contours/RET177OD_disc_exp2.txt,data/PAPILA/PapilaDB-PAPILA-9c67b80983805f0f886b068af800ef2b507e7dc0/ExpertsSegmentations/Contours/RET177OD_cup_exp2.txt,1e53d8da5bc37f5f51021a8a96a1a761140792522569ef2140a70b04974d6803
RET177OS,RET177,data/PAPILA/PapilaDB-PAPILA-9c67b80983805f0f886b068af800ef2b507e7dc0/FundusImages/RET177OS.jpg,0,train,OS,PAPILA/PapilaDB-PAPILA-9c67b80983805f0f886b068af800ef2b507e7dc0/FundusImages/RET177OS.jpg,data/PAPILA/PapilaDB-PAPILA-9c67b80983805f0f886b068af800ef2b507e7dc0/ExpertsSegmentations/Contours/RET177OS_disc_exp1.txt,data/PAPILA/PapilaDB-PAPILA-9c67b80983805f0f886b068af800ef2b507e7dc0/ExpertsSegmentations/Contours/RET177OS_cup_exp1.txt,data/PAPILA/PapilaDB-PAPILA-9c67b80983805f0f886b068af800ef2b507e7dc0/ExpertsSegmentations/Contours/RET177OS_disc_exp2.txt,data/PAPILA/PapilaDB-PAPILA-9c67b80983805f0f886b068af800ef2b507e7dc0/ExpertsSegmentations/Contours/RET177OS_cup_exp2.txt,ffca592994207c6eceeb5366897aaad89abe2626dc4125e741143f8cd3b7922d
RET178OD,RET178,data/PAPILA/PapilaDB-PAPILA-9c67b80983805f0f886b068af800ef2b507e7dc0/FundusImages/RET178OD.jpg,0,train,OD,PAPILA/PapilaDB-PAPILA-9c67b80983805f0f886b068af800ef2b507e7dc0/FundusImages/RET178OD.jpg,data/PAPILA/PapilaDB-PAPILA-9c67b80983805f0f886b068af800ef2b507e7dc0/ExpertsSegmentations/Contours/RET178OD_disc_exp1.txt,data/PAPILA/PapilaDB-PAPILA-9c67b80983805f0f886b068af800ef2b507e7dc0/ExpertsSegmentations/Contours/RET178OD_cup_exp1.txt,data/PAPILA/PapilaDB-PAPILA-9c67b80983805f0f886b068af800ef2b507e7dc0/ExpertsSegmentations/Contours/RET178OD_disc_exp2.txt,data/PAPILA/PapilaDB-PAPILA-9c67b80983805f0f886b068af800ef2b507e7dc0/ExpertsSegmentations/Contours/RET178OD_cup_exp2.txt,1a48c2eb18aff31dbd7cfcbe6c8032235b77a2fe99f315baf7a1a38fcc0e75ed
RET178OS,RET178,data/PAPILA/PapilaDB-PAPILA-9c67b80983805f0f886b068af800ef2b507e7dc0/FundusImages/RET178OS.jpg,0,train,OS,PAPILA/PapilaDB-PAPILA-9c67b80983805f0f886b068af800ef2b507e7dc0/FundusImages/RET178OS.jpg,data/PAPILA/PapilaDB-PAPILA-9c67b80983805f0f886b068af800ef2b507e7dc0/ExpertsSegmentations/Contours/RET178OS_disc_exp1.txt,data/PAPILA/PapilaDB-PAPILA-9c67b80983805f0f886b068af800ef2b507e7dc0/ExpertsSegmentations/Contours/RET178OS_cup_exp1.txt,data/PAPILA/PapilaDB-PAPILA-9c67b80983805f0f886b068af800ef2b507e7dc0/ExpertsSegmentations/Contours/RET178OS_disc_exp2.txt,data/PAPILA/PapilaDB-PAPILA-9c67b80983805f0f886b068af800ef2b507e7dc0/ExpertsSegmentations/Contours/RET178OS_cup_exp2.txt,cdb0ce010bd74a74f1d5e143e23b938bd67434d157e52aff08f50945fe005c5c
RET179OD,RET179,data/PAPILA/PapilaDB-PAPILA-9c67b80983805f0f886b068af800ef2b507e7dc0/FundusImages/RET179OD.jpg,0,test,OD,PAPILA/PapilaDB-PAPILA-9c67b80983805f0f886b068af800ef2b507e7dc0/FundusImages/RET179OD.jpg,data/PAPILA/PapilaDB-PAPILA-9c67b80983805f0f886b068af800ef2b507e7dc0/ExpertsSegmentations/Contours/RET179OD_disc_exp1.txt,data/PAPILA/PapilaDB-PAPILA-9c67b80983805f0f886b068af800ef2b507e7dc0/ExpertsSegmentations/Contours/RET179OD_cup_exp1.txt,data/PAPILA/PapilaDB-PAPILA-9c67b80983805f0f886b068af800ef2b507e7dc0/ExpertsSegmentations/Contours/RET179OD_disc_exp2.txt,data/PAPILA/PapilaDB-PAPILA-9c67b80983805f0f886b068af800ef2b507e7dc0/ExpertsSegmentations/Contours/RET179OD_cup_exp2.txt,210e5d26dc0e9c0300f21e53e8090a7bc2bc98163adbfb0f4e7273e764faa7f5
RET179OS,RET179,data/PAPILA/PapilaDB-PAPILA-9c67b80983805f0f886b068af800ef2b507e7dc0/FundusImages/RET179OS.jpg,0,test,OS,PAPILA/PapilaDB-PAPILA-9c67b80983805f0f886b068af800ef2b507e7dc0/FundusImages/RET179OS.jpg,data/PAPILA/PapilaDB-PAPILA-9c67b80983805f0f886b068af800ef2b507e7dc0/ExpertsSegmentations/Contours/RET179OS_disc_exp1.txt,data/PAPILA/PapilaDB-PAPILA-9c67b80983805f0f886b068af800ef2b507e7dc0/ExpertsSegmentations/Contours/RET179OS_cup_exp1.txt,data/PAPILA/PapilaDB-PAPILA-9c67b80983805f0f886b068af800ef2b507e7dc0/ExpertsSegmentations/Contours/RET179OS_disc_exp2.txt,data/PAPILA/PapilaDB-PAPILA-9c67b80983805f0f886b068af800ef2b507e7dc0/ExpertsSegmentations/Contours/RET179OS_cup_exp2.txt,99ba3b91fe84da4b100e5e9a7414d7ec1b3cbab15f3f2fbb65af2f67b8e3d529
RET181OD,RET181,data/PAPILA/PapilaDB-PAPILA-9c67b80983805f0f886b068af800ef2b507e7dc0/FundusImages/RET181OD.jpg,0,train,OD,PAPILA/PapilaDB-PAPILA-9c67b80983805f0f886b068af800ef2b507e7dc0/FundusImages/RET181OD.jpg,data/PAPILA/PapilaDB-PAPILA-9c67b80983805f0f886b068af800ef2b507e7dc0/ExpertsSegmentations/Contours/RET181OD_disc_exp1.txt,data/PAPILA/PapilaDB-PAPILA-9c67b80983805f0f886b068af800ef2b507e7dc0/ExpertsSegmentations/Contours/RET181OD_cup_exp1.txt,data/PAPILA/PapilaDB-PAPILA-9c67b80983805f0f886b068af800ef2b507e7dc0/ExpertsSegmentations/Contours/RET181OD_disc_exp2.txt,data/PAPILA/PapilaDB-PAPILA-9c67b80983805f0f886b068af800ef2b507e7dc0/ExpertsSegmentations/Contours/RET181OD_cup_exp2.txt,4e763ac7b0771349486af64f0982f78512f82edace191abe11143fa9329aa52d
RET181OS,RET181,data/PAPILA/PapilaDB-PAPILA-9c67b80983805f0f886b068af800ef2b507e7dc0/FundusImages/RET181OS.jpg,0,train,OS,PAPILA/PapilaDB-PAPILA-9c67b80983805f0f886b068af800ef2b507e7dc0/FundusImages/RET181OS.jpg,data/PAPILA/PapilaDB-PAPILA-9c67b80983805f0f886b068af800ef2b507e7dc0/ExpertsSegmentations/Contours/RET181OS_disc_exp1.txt,data/PAPILA/PapilaDB-PAPILA-9c67b80983805f0f886b068af800ef2b507e7dc0/ExpertsSegmentations/Contours/RET181OS_cup_exp1.txt,data/PAPILA/PapilaDB-PAPILA-9c67b80983805f0f886b068af800ef2b507e7dc0/ExpertsSegmentations/Contours/RET181OS_disc_exp2.txt,data/PAPILA/PapilaDB-PAPILA-9c67b80983805f0f886b068af800ef2b507e7dc0/ExpertsSegmentations/Contours/RET181OS_cup_exp2.txt,11a8deeb036ec2d7ace67390f7af420949bb976ca9119a49bdfbf686bad3cfb3
RET182OD,RET182,data/PAPILA/PapilaDB-PAPILA-9c67b80983805f0f886b068af800ef2b507e7dc0/FundusImages/RET182OD.jpg,0,train,OD,PAPILA/PapilaDB-PAPILA-9c67b80983805f0f886b068af800ef2b507e7dc0/FundusImages/RET182OD.jpg,data/PAPILA/PapilaDB-PAPILA-9c67b80983805f0f886b068af800ef2b507e7dc0/ExpertsSegmentations/Contours/RET182OD_disc_exp1.txt,data/PAPILA/PapilaDB-PAPILA-9c67b80983805f0f886b068af800ef2b507e7dc0/ExpertsSegmentations/Contours/RET182OD_cup_exp1.txt,data/PAPILA/PapilaDB-PAPILA-9c67b80983805f0f886b068af800ef2b507e7dc0/ExpertsSegmentations/Contours/RET182OD_disc_exp2.txt,data/PAPILA/PapilaDB-PAPILA-9c67b80983805f0f886b068af800ef2b507e7dc0/ExpertsSegmentations/Contours/RET182OD_cup_exp2.txt,7e6d9887e3e5a0bd115832a038666342e9b7c63c5c9eea31d056348a3964d79d
RET182OS,RET182,data/PAPILA/PapilaDB-PAPILA-9c67b80983805f0f886b068af800ef2b507e7dc0/FundusImages/RET182OS.jpg,0,train,OS,PAPILA/PapilaDB-PAPILA-9c67b80983805f0f886b068af800ef2b507e7dc0/FundusImages/RET182OS.jpg,data/PAPILA/PapilaDB-PAPILA-9c67b80983805f0f886b068af800ef2b507e7dc0/ExpertsSegmentations/Contours/RET182OS_disc_exp1.txt,data/PAPILA/PapilaDB-PAPILA-9c67b80983805f0f886b068af800ef2b507e7dc0/ExpertsSegmentations/Contours/RET182OS_cup_exp1.txt,data/PAPILA/PapilaDB-PAPILA-9c67b80983805f0f886b068af800ef2b507e7dc0/ExpertsSegmentations/Contours/RET182OS_disc_exp2.txt,data/PAPILA/PapilaDB-PAPILA-9c67b80983805f0f886b068af800ef2b507e7dc0/ExpertsSegmentations/Contours/RET182OS_cup_exp2.txt,f0f7fc1649a5037c863298e5b8af5a8b982652cfc3c213f3cce3a93cec84d776
RET183OD,RET183,data/PAPILA/PapilaDB-PAPILA-9c67b80983805f0f886b068af800ef2b507e7dc0/FundusImages/RET183OD.jpg,0,train,OD,PAPILA/PapilaDB-PAPILA-9c67b80983805f0f886b068af800ef2b507e7dc0/FundusImages/RET183OD.jpg,data/PAPILA/PapilaDB-PAPILA-9c67b80983805f0f886b068af800ef2b507e7dc0/ExpertsSegmentations/Contours/RET183OD_disc_exp1.txt,data/PAPILA/PapilaDB-PAPILA-9c67b80983805f0f886b068af800ef2b507e7dc0/ExpertsSegmentations/Contours/RET183OD_cup_exp1.txt,data/PAPILA/PapilaDB-PAPILA-9c67b80983805f0f886b068af800ef2b507e7dc0/ExpertsSegmentations/Contours/RET183OD_disc_exp2.txt,data/PAPILA/PapilaDB-PAPILA-9c67b80983805f0f886b068af800ef2b507e7dc0/ExpertsSegmentations/Contours/RET183OD_cup_exp2.txt,6139d3879a9d46f996d392be821a7487f1f1d617d4353f3a9aaef88a7784c0e1
RET183OS,RET183,data/PAPILA/PapilaDB-PAPILA-9c67b80983805f0f886b068af800ef2b507e7dc0/FundusImages/RET183OS.jpg,0,train,OS,PAPILA/PapilaDB-PAPILA-9c67b80983805f0f886b068af800ef2b507e7dc0/FundusImages/RET183OS.jpg,data/PAPILA/PapilaDB-PAPILA-9c67b80983805f0f886b068af800ef2b507e7dc0/ExpertsSegmentations/Contours/RET183OS_disc_exp1.txt,data/PAPILA/PapilaDB-PAPILA-9c67b80983805f0f886b068af800ef2b507e7dc0/ExpertsSegmentations/Contours/RET183OS_cup_exp1.txt,data/PAPILA/PapilaDB-PAPILA-9c67b80983805f0f886b068af800ef2b507e7dc0/ExpertsSegmentations/Contours/RET183OS_disc_exp2.txt,data/PAPILA/PapilaDB-PAPILA-9c67b80983805f0f886b068af800ef2b507e7dc0/ExpertsSegmentations/Contours/RET183OS_cup_exp2.txt,4a32e6ed30984fea45d69bb7de355403b9d705342489943c104979aabec03ee7
RET184OD,RET184,data/PAPILA/PapilaDB-PAPILA-9c67b80983805f0f886b068af800ef2b507e7dc0/FundusImages/RET184OD.jpg,0,train,OD,PAPILA/PapilaDB-PAPILA-9c67b80983805f0f886b068af800ef2b507e7dc0/FundusImages/RET184OD.jpg,data/PAPILA/PapilaDB-PAPILA-9c67b80983805f0f886b068af800ef2b507e7dc0/ExpertsSegmentations/Contours/RET184OD_disc_exp1.txt,data/PAPILA/PapilaDB-PAPILA-9c67b80983805f0f886b068af800ef2b507e7dc0/ExpertsSegmentations/Contours/RET184OD_cup_exp1.txt,data/PAPILA/PapilaDB-PAPILA-9c67b80983805f0f886b068af800ef2b507e7dc0/ExpertsSegmentations/Contours/RET184OD_disc_exp2.txt,data/PAPILA/PapilaDB-PAPILA-9c67b80983805f0f886b068af800ef2b507e7dc0/ExpertsSegmentations/Contours/RET184OD_cup_exp2.txt,89fab904dd79156770cfddd7c5723d1de88a02a709315532bf4cb5adbaccc1ec
RET184OS,RET184,data/PAPILA/PapilaDB-PAPILA-9c67b80983805f0f886b068af800ef2b507e7dc0/FundusImages/RET184OS.jpg,0,train,OS,PAPILA/PapilaDB-PAPILA-9c67b80983805f0f886b068af800ef2b507e7dc0/FundusImages/RET184OS.jpg,data/PAPILA/PapilaDB-PAPILA-9c67b80983805f0f886b068af800ef2b507e7dc0/ExpertsSegmentations/Contours/RET184OS_disc_exp1.txt,data/PAPILA/PapilaDB-PAPILA-9c67b80983805f0f886b068af800ef2b507e7dc0/ExpertsSegmentations/Contours/RET184OS_cup_exp1.txt,data/PAPILA/PapilaDB-PAPILA-9c67b80983805f0f886b068af800ef2b507e7dc0/ExpertsSegmentations/Contours/RET184OS_disc_exp2.txt,data/PAPILA/PapilaDB-PAPILA-9c67b80983805f0f886b068af800ef2b507e7dc0/ExpertsSegmentations/Contours/RET184OS_cup_exp2.txt,41de932e5f2047584895a26a953e28d78240f009b2cce30049755ec559056a40
RET186OD,RET186,data/PAPILA/PapilaDB-PAPILA-9c67b80983805f0f886b068af800ef2b507e7dc0/FundusImages/RET186OD.jpg,0,train,OD,PAPILA/PapilaDB-PAPILA-9c67b80983805f0f886b068af800ef2b507e7dc0/FundusImages/RET186OD.jpg,data/PAPILA/PapilaDB-PAPILA-9c67b80983805f0f886b068af800ef2b507e7dc0/ExpertsSegmentations/Contours/RET186OD_disc_exp1.txt,data/PAPILA/PapilaDB-PAPILA-9c67b80983805f0f886b068af800ef2b507e7dc0/ExpertsSegmentations/Contours/RET186OD_cup_exp1.txt,data/PAPILA/PapilaDB-PAPILA-9c67b80983805f0f886b068af800ef2b507e7dc0/ExpertsSegmentations/Contours/RET186OD_disc_exp2.txt,data/PAPILA/PapilaDB-PAPILA-9c67b80983805f0f886b068af800ef2b507e7dc0/ExpertsSegmentations/Contours/RET186OD_cup_exp2.txt,c6763ef45918dc9f7082db7b765b815f4aca0c200d9e302327b1f4ce73c52c99
RET186OS,RET186,data/PAPILA/PapilaDB-PAPILA-9c67b80983805f0f886b068af800ef2b507e7dc0/FundusImages/RET186OS.jpg,0,train,OS,PAPILA/PapilaDB-PAPILA-9c67b80983805f0f886b068af800ef2b507e7dc0/FundusImages/RET186OS.jpg,data/PAPILA/PapilaDB-PAPILA-9c67b80983805f0f886b068af800ef2b507e7dc0/ExpertsSegmentations/Contours/RET186OS_disc_exp1.txt,data/PAPILA/PapilaDB-PAPILA-9c67b80983805f0f886b068af800ef2b507e7dc0/ExpertsSegmentations/Contours/RET186OS_cup_exp1.txt,data/PAPILA/PapilaDB-PAPILA-9c67b80983805f0f886b068af800ef2b507e7dc0/ExpertsSegmentations/Contours/RET186OS_disc_exp2.txt,data/PAPILA/PapilaDB-PAPILA-9c67b80983805f0f886b068af800ef2b507e7dc0/ExpertsSegmentations/Contours/RET186OS_cup_exp2.txt,bf03aed7a38602303a00625ad8118b1bcc4bf5e03ce93fa66c1e0d6809c299d8
RET187OD,RET187,data/PAPILA/PapilaDB-PAPILA-9c67b80983805f0f886b068af800ef2b507e7dc0/FundusImages/RET187OD.jpg,0,val,OD,PAPILA/PapilaDB-PAPILA-9c67b80983805f0f886b068af800ef2b507e7dc0/FundusImages/RET187OD.jpg,data/PAPILA/PapilaDB-PAPILA-9c67b80983805f0f886b068af800ef2b507e7dc0/ExpertsSegmentations/Contours/RET187OD_disc_exp1.txt,data/PAPILA/PapilaDB-PAPILA-9c67b80983805f0f886b068af800ef2b507e7dc0/ExpertsSegmentations/Contours/RET187OD_cup_exp1.txt,data/PAPILA/PapilaDB-PAPILA-9c67b80983805f0f886b068af800ef2b507e7dc0/ExpertsSegmentations/Contours/RET187OD_disc_exp2.txt,data/PAPILA/PapilaDB-PAPILA-9c67b80983805f0f886b068af800ef2b507e7dc0/ExpertsSegmentations/Contours/RET187OD_cup_exp2.txt,6064edcfcac8e901a55c46ea59c884226a2ce9a07978d4f76863b6c5aa5edab8
RET187OS,RET187,data/PAPILA/PapilaDB-PAPILA-9c67b80983805f0f886b068af800ef2b507e7dc0/FundusImages/RET187OS.jpg,0,val,OS,PAPILA/PapilaDB-PAPILA-9c67b80983805f0f886b068af800ef2b507e7dc0/FundusImages/RET187OS.jpg,data/PAPILA/PapilaDB-PAPILA-9c67b80983805f0f886b068af800ef2b507e7dc0/ExpertsSegmentations/Contours/RET187OS_disc_exp1.txt,data/PAPILA/PapilaDB-PAPILA-9c67b80983805f0f886b068af800ef2b507e7dc0/ExpertsSegmentations/Contours/RET187OS_cup_exp1.txt,data/PAPILA/PapilaDB-PAPILA-9c67b80983805f0f886b068af800ef2b507e7dc0/ExpertsSegmentations/Contours/RET187OS_disc_exp2.txt,data/PAPILA/PapilaDB-PAPILA-9c67b80983805f0f886b068af800ef2b507e7dc0/ExpertsSegmentations/Contours/RET187OS_cup_exp2.txt,9a577831c61e26ef09a0e4b0176f633be504bf15143d700d663a8050de4988ff
RET188OD,RET188,data/PAPILA/PapilaDB-PAPILA-9c67b80983805f0f886b068af800ef2b507e7dc0/FundusImages/RET188OD.jpg,0,train,OD,PAPILA/PapilaDB-PAPILA-9c67b80983805f0f886b068af800ef2b507e7dc0/FundusImages/RET188OD.jpg,data/PAPILA/PapilaDB-PAPILA-9c67b80983805f0f886b068af800ef2b507e7dc0/ExpertsSegmentations/Contours/RET188OD_disc_exp1.txt,data/PAPILA/PapilaDB-PAPILA-9c67b80983805f0f886b068af800ef2b507e7dc0/ExpertsSegmentations/Contours/RET188OD_cup_exp1.txt,data/PAPILA/PapilaDB-PAPILA-9c67b80983805f0f886b068af800ef2b507e7dc0/ExpertsSegmentations/Contours/RET188OD_disc_exp2.txt,data/PAPILA/PapilaDB-PAPILA-9c67b80983805f0f886b068af800ef2b507e7dc0/ExpertsSegmentations/Contours/RET188OD_cup_exp2.txt,23a23252a187bc8a6356043036767b743f707eed9b38d97e5e1502d6e224cf11
RET188OS,RET188,data/PAPILA/PapilaDB-PAPILA-9c67b80983805f0f886b068af800ef2b507e7dc0/FundusImages/RET188OS.jpg,0,train,OS,PAPILA/PapilaDB-PAPILA-9c67b80983805f0f886b068af800ef2b507e7dc0/FundusImages/RET188OS.jpg,data/PAPILA/PapilaDB-PAPILA-9c67b80983805f0f886b068af800ef2b507e7dc0/ExpertsSegmentations/Contours/RET188OS_disc_exp1.txt,data/PAPILA/PapilaDB-PAPILA-9c67b80983805f0f886b068af800ef2b507e7dc0/ExpertsSegmentations/Contours/RET188OS_cup_exp1.txt,data/PAPILA/PapilaDB-PAPILA-9c67b80983805f0f886b068af800ef2b507e7dc0/ExpertsSegmentations/Contours/RET188OS_disc_exp2.txt,data/PAPILA/PapilaDB-PAPILA-9c67b80983805f0f886b068af800ef2b507e7dc0/ExpertsSegmentations/Contours/RET188OS_cup_exp2.txt,9ed9d4342a8e1a96693b73ec7547acf9cf1a1b43840bc17c861d667363d97ce4
RET189OD,RET189,data/PAPILA/PapilaDB-PAPILA-9c67b80983805f0f886b068af800ef2b507e7dc0/FundusImages/RET189OD.jpg,0,test,OD,PAPILA/PapilaDB-PAPILA-9c67b80983805f0f886b068af800ef2b507e7dc0/FundusImages/RET189OD.jpg,data/PAPILA/PapilaDB-PAPILA-9c67b80983805f0f886b068af800ef2b507e7dc0/ExpertsSegmentations/Contours/RET189OD_disc_exp1.txt,data/PAPILA/PapilaDB-PAPILA-9c67b80983805f0f886b068af800ef2b507e7dc0/ExpertsSegmentations/Contours/RET189OD_cup_exp1.txt,data/PAPILA/PapilaDB-PAPILA-9c67b80983805f0f886b068af800ef2b507e7dc0/ExpertsSegmentations/Contours/RET189OD_disc_exp2.txt,data/PAPILA/PapilaDB-PAPILA-9c67b80983805f0f886b068af800ef2b507e7dc0/ExpertsSegmentations/Contours/RET189OD_cup_exp2.txt,31b4ef3f843c7a3727d1490fcef91e3eb8d2d1a895d23f9efd4203f64452bd02
RET189OS,RET189,data/PAPILA/PapilaDB-PAPILA-9c67b80983805f0f886b068af800ef2b507e7dc0/FundusImages/RET189OS.jpg,0,test,OS,PAPILA/PapilaDB-PAPILA-9c67b80983805f0f886b068af800ef2b507e7dc0/FundusImages/RET189OS.jpg,data/PAPILA/PapilaDB-PAPILA-9c67b80983805f0f886b068af800ef2b507e7dc0/ExpertsSegmentations/Contours/RET189OS_disc_exp1.txt,data/PAPILA/PapilaDB-PAPILA-9c67b80983805f0f886b068af800ef2b507e7dc0/ExpertsSegmentations/Contours/RET189OS_cup_exp1.txt,data/PAPILA/PapilaDB-PAPILA-9c67b80983805f0f886b068af800ef2b507e7dc0/ExpertsSegmentations/Contours/RET189OS_disc_exp2.txt,data/PAPILA/PapilaDB-PAPILA-9c67b80983805f0f886b068af800ef2b507e7dc0/ExpertsSegmentations/Contours/RET189OS_cup_exp2.txt,4fcdb7e382a1cf8a5bf21e8153eb89df06c3a8bc09cf30a976d78b911d309f5e
RET190OD,RET190,data/PAPILA/PapilaDB-PAPILA-9c67b80983805f0f886b068af800ef2b507e7dc0/FundusImages/RET190OD.jpg,0,test,OD,PAPILA/PapilaDB-PAPILA-9c67b80983805f0f886b068af800ef2b507e7dc0/FundusImages/RET190OD.jpg,data/PAPILA/PapilaDB-PAPILA-9c67b80983805f0f886b068af800ef2b507e7dc0/ExpertsSegmentations/Contours/RET190OD_disc_exp1.txt,data/PAPILA/PapilaDB-PAPILA-9c67b80983805f0f886b068af800ef2b507e7dc0/ExpertsSegmentations/Contours/RET190OD_cup_exp1.txt,data/PAPILA/PapilaDB-PAPILA-9c67b80983805f0f886b068af800ef2b507e7dc0/ExpertsSegmentations/Contours/RET190OD_disc_exp2.txt,data/PAPILA/PapilaDB-PAPILA-9c67b80983805f0f886b068af800ef2b507e7dc0/ExpertsSegmentations/Contours/RET190OD_cup_exp2.txt,33d8a1b2932bc5b673074a29afffc97cad4e040ac22e6d993ae19436c577e9da
RET190OS,RET190,data/PAPILA/PapilaDB-PAPILA-9c67b80983805f0f886b068af800ef2b507e7dc0/FundusImages/RET190OS.jpg,0,test,OS,PAPILA/PapilaDB-PAPILA-9c67b80983805f0f886b068af800ef2b507e7dc0/FundusImages/RET190OS.jpg,data/PAPILA/PapilaDB-PAPILA-9c67b80983805f0f886b068af800ef2b507e7dc0/ExpertsSegmentations/Contours/RET190OS_disc_exp1.txt,data/PAPILA/PapilaDB-PAPILA-9c67b80983805f0f886b068af800ef2b507e7dc0/ExpertsSegmentations/Contours/RET190OS_cup_exp1.txt,data/PAPILA/PapilaDB-PAPILA-9c67b80983805f0f886b068af800ef2b507e7dc0/ExpertsSegmentations/Contours/RET190OS_disc_exp2.txt,data/PAPILA/PapilaDB-PAPILA-9c67b80983805f0f886b068af800ef2b507e7dc0/ExpertsSegmentations/Contours/RET190OS_cup_exp2.txt,25fc99a3897bcd1f4a42ebeed96815f3c3cc36ae61b3177e4cb8162019a4fb90
RET191OD,RET191,data/PAPILA/PapilaDB-PAPILA-9c67b80983805f0f886b068af800ef2b507e7dc0/FundusImages/RET191OD.jpg,0,train,OD,PAPILA/PapilaDB-PAPILA-9c67b80983805f0f886b068af800ef2b507e7dc0/FundusImages/RET191OD.jpg,data/PAPILA/PapilaDB-PAPILA-9c67b80983805f0f886b068af800ef2b507e7dc0/ExpertsSegmentations/Contours/RET191OD_disc_exp1.txt,data/PAPILA/PapilaDB-PAPILA-9c67b80983805f0f886b068af800ef2b507e7dc0/ExpertsSegmentations/Contours/RET191OD_cup_exp1.txt,data/PAPILA/PapilaDB-PAPILA-9c67b80983805f0f886b068af800ef2b507e7dc0/ExpertsSegmentations/Contours/RET191OD_disc_exp2.txt,data/PAPILA/PapilaDB-PAPILA-9c67b80983805f0f886b068af800ef2b507e7dc0/ExpertsSegmentations/Contours/RET191OD_cup_exp2.txt,240af8a92c1fc0ce6d9377e066790b500a1bebbb778eb8f1bb3e4799cf224034
RET191OS,RET191,data/PAPILA/PapilaDB-PAPILA-9c67b80983805f0f886b068af800ef2b507e7dc0/FundusImages/RET191OS.jpg,0,train,OS,PAPILA/PapilaDB-PAPILA-9c67b80983805f0f886b068af800ef2b507e7dc0/FundusImages/RET191OS.jpg,data/PAPILA/PapilaDB-PAPILA-9c67b80983805f0f886b068af800ef2b507e7dc0/ExpertsSegmentations/Contours/RET191OS_disc_exp1.txt,data/PAPILA/PapilaDB-PAPILA-9c67b80983805f0f886b068af800ef2b507e7dc0/ExpertsSegmentations/Contours/RET191OS_cup_exp1.txt,data/PAPILA/PapilaDB-PAPILA-9c67b80983805f0f886b068af800ef2b507e7dc0/ExpertsSegmentations/Contours/RET191OS_disc_exp2.txt,data/PAPILA/PapilaDB-PAPILA-9c67b80983805f0f886b068af800ef2b507e7dc0/ExpertsSegmentations/Contours/RET191OS_cup_exp2.txt,0d52ae300d40b7c7cbb2ea9d75235c3c52618afad59175a0bcfaa1039a907152
RET192OD,RET192,data/PAPILA/PapilaDB-PAPILA-9c67b80983805f0f886b068af800ef2b507e7dc0/FundusImages/RET192OD.jpg,0,train,OD,PAPILA/PapilaDB-PAPILA-9c67b80983805f0f886b068af800ef2b507e7dc0/FundusImages/RET192OD.jpg,data/PAPILA/PapilaDB-PAPILA-9c67b80983805f0f886b068af800ef2b507e7dc0/ExpertsSegmentations/Contours/RET192OD_disc_exp1.txt,data/PAPILA/PapilaDB-PAPILA-9c67b80983805f0f886b068af800ef2b507e7dc0/ExpertsSegmentations/Contours/RET192OD_cup_exp1.txt,data/PAPILA/PapilaDB-PAPILA-9c67b80983805f0f886b068af800ef2b507e7dc0/ExpertsSegmentations/Contours/RET192OD_disc_exp2.txt,data/PAPILA/PapilaDB-PAPILA-9c67b80983805f0f886b068af800ef2b507e7dc0/ExpertsSegmentations/Contours/RET192OD_cup_exp2.txt,aaacce8e42e9efb85bb4c1cb942dd4f1305e77ca3fb687b5ed4ffc660121673d
RET192OS,RET192,data/PAPILA/PapilaDB-PAPILA-9c67b80983805f0f886b068af800ef2b507e7dc0/FundusImages/RET192OS.jpg,0,train,OS,PAPILA/PapilaDB-PAPILA-9c67b80983805f0f886b068af800ef2b507e7dc0/FundusImages/RET192OS.jpg,data/PAPILA/PapilaDB-PAPILA-9c67b80983805f0f886b068af800ef2b507e7dc0/ExpertsSegmentations/Contours/RET192OS_disc_exp1.txt,data/PAPILA/PapilaDB-PAPILA-9c67b80983805f0f886b068af800ef2b507e7dc0/ExpertsSegmentations/Contours/RET192OS_cup_exp1.txt,data/PAPILA/PapilaDB-PAPILA-9c67b80983805f0f886b068af800ef2b507e7dc0/ExpertsSegmentations/Contours/RET192OS_disc_exp2.txt,data/PAPILA/PapilaDB-PAPILA-9c67b80983805f0f886b068af800ef2b507e7dc0/ExpertsSegmentations/Contours/RET192OS_cup_exp2.txt,34a4a6bea3063a3101d15775dd3f7c5ee081ea5e82e77020774a9be55c33a0ad
RET194OD,RET194,data/PAPILA/PapilaDB-PAPILA-9c67b80983805f0f886b068af800ef2b507e7dc0/FundusImages/RET194OD.jpg,0,train,OD,PAPILA/PapilaDB-PAPILA-9c67b80983805f0f886b068af800ef2b507e7dc0/FundusImages/RET194OD.jpg,data/PAPILA/PapilaDB-PAPILA-9c67b80983805f0f886b068af800ef2b507e7dc0/ExpertsSegmentations/Contours/RET194OD_disc_exp1.txt,data/PAPILA/PapilaDB-PAPILA-9c67b80983805f0f886b068af800ef2b507e7dc0/ExpertsSegmentations/Contours/RET194OD_cup_exp1.txt,data/PAPILA/PapilaDB-PAPILA-9c67b80983805f0f886b068af800ef2b507e7dc0/ExpertsSegmentations/Contours/RET194OD_disc_exp2.txt,data/PAPILA/PapilaDB-PAPILA-9c67b80983805f0f886b068af800ef2b507e7dc0/ExpertsSegmentations/Contours/RET194OD_cup_exp2.txt,3e7817b7b539fadcd08db9250c6e68c27bcc71cafdb4568534e24194ca35e8db
RET194OS,RET194,data/PAPILA/PapilaDB-PAPILA-9c67b80983805f0f886b068af800ef2b507e7dc0/FundusImages/RET194OS.jpg,0,train,OS,PAPILA/PapilaDB-PAPILA-9c67b80983805f0f886b068af800ef2b507e7dc0/FundusImages/RET194OS.jpg,data/PAPILA/PapilaDB-PAPILA-9c67b80983805f0f886b068af800ef2b507e7dc0/ExpertsSegmentations/Contours/RET194OS_disc_exp1.txt,data/PAPILA/PapilaDB-PAPILA-9c67b80983805f0f886b068af800ef2b507e7dc0/ExpertsSegmentations/Contours/RET194OS_cup_exp1.txt,data/PAPILA/PapilaDB-PAPILA-9c67b80983805f0f886b068af800ef2b507e7dc0/ExpertsSegmentations/Contours/RET194OS_disc_exp2.txt,data/PAPILA/PapilaDB-PAPILA-9c67b80983805f0f886b068af800ef2b507e7dc0/ExpertsSegmentations/Contours/RET194OS_cup_exp2.txt,7b05b7a7c9839d9e7f29f1bc511f30e9bf1efd0981305100ecb5051ef0cc7bda
RET196OD,RET196,data/PAPILA/PapilaDB-PAPILA-9c67b80983805f0f886b068af800ef2b507e7dc0/FundusImages/RET196OD.jpg,0,train,OD,PAPILA/PapilaDB-PAPILA-9c67b80983805f0f886b068af800ef2b507e7dc0/FundusImages/RET196OD.jpg,data/PAPILA/PapilaDB-PAPILA-9c67b80983805f0f886b068af800ef2b507e7dc0/ExpertsSegmentations/Contours/RET196OD_disc_exp1.txt,data/PAPILA/PapilaDB-PAPILA-9c67b80983805f0f886b068af800ef2b507e7dc0/ExpertsSegmentations/Contours/RET196OD_cup_exp1.txt,data/PAPILA/PapilaDB-PAPILA-9c67b80983805f0f886b068af800ef2b507e7dc0/ExpertsSegmentations/Contours/RET196OD_disc_exp2.txt,data/PAPILA/PapilaDB-PAPILA-9c67b80983805f0f886b068af800ef2b507e7dc0/ExpertsSegmentations/Contours/RET196OD_cup_exp2.txt,cfaf3c9cdafd49069ef7a879543bc9d8339f01023f66116d289ca374114fa5d4
RET196OS,RET196,data/PAPILA/PapilaDB-PAPILA-9c67b80983805f0f886b068af800ef2b507e7dc0/FundusImages/RET196OS.jpg,0,train,OS,PAPILA/PapilaDB-PAPILA-9c67b80983805f0f886b068af800ef2b507e7dc0/FundusImages/RET196OS.jpg,data/PAPILA/PapilaDB-PAPILA-9c67b80983805f0f886b068af800ef2b507e7dc0/ExpertsSegmentations/Contours/RET196OS_disc_exp1.txt,data/PAPILA/PapilaDB-PAPILA-9c67b80983805f0f886b068af800ef2b507e7dc0/ExpertsSegmentations/Contours/RET196OS_cup_exp1.txt,data/PAPILA/PapilaDB-PAPILA-9c67b80983805f0f886b068af800ef2b507e7dc0/ExpertsSegmentations/Contours/RET196OS_disc_exp2.txt,data/PAPILA/PapilaDB-PAPILA-9c67b80983805f0f886b068af800ef2b507e7dc0/ExpertsSegmentations/Contours/RET196OS_cup_exp2.txt,343657ad00cee292c529564f0672c4c14445cc6e2399dc9d91ca9276fba0d1dc
RET197OD,RET197,data/PAPILA/PapilaDB-PAPILA-9c67b80983805f0f886b068af800ef2b507e7dc0/FundusImages/RET197OD.jpg,0,train,OD,PAPILA/PapilaDB-PAPILA-9c67b80983805f0f886b068af800ef2b507e7dc0/FundusImages/RET197OD.jpg,data/PAPILA/PapilaDB-PAPILA-9c67b80983805f0f886b068af800ef2b507e7dc0/ExpertsSegmentations/Contours/RET197OD_disc_exp1.txt,data/PAPILA/PapilaDB-PAPILA-9c67b80983805f0f886b068af800ef2b507e7dc0/ExpertsSegmentations/Contours/RET197OD_cup_exp1.txt,data/PAPILA/PapilaDB-PAPILA-9c67b80983805f0f886b068af800ef2b507e7dc0/ExpertsSegmentations/Contours/RET197OD_disc_exp2.txt,data/PAPILA/PapilaDB-PAPILA-9c67b80983805f0f886b068af800ef2b507e7dc0/ExpertsSegmentations/Contours/RET197OD_cup_exp2.txt,18668e9cc92856da59111dc56ac9ba2c7425045febab01e4ecbf1cc10a311fba
RET197OS,RET197,data/PAPILA/PapilaDB-PAPILA-9c67b80983805f0f886b068af800ef2b507e7dc0/FundusImages/RET197OS.jpg,0,train,OS,PAPILA/PapilaDB-PAPILA-9c67b80983805f0f886b068af800ef2b507e7dc0/FundusImages/RET197OS.jpg,data/PAPILA/PapilaDB-PAPILA-9c67b80983805f0f886b068af800ef2b507e7dc0/ExpertsSegmentations/Contours/RET197OS_disc_exp1.txt,data/PAPILA/PapilaDB-PAPILA-9c67b80983805f0f886b068af800ef2b507e7dc0/ExpertsSegmentations/Contours/RET197OS_cup_exp1.txt,data/PAPILA/PapilaDB-PAPILA-9c67b80983805f0f886b068af800ef2b507e7dc0/ExpertsSegmentations/Contours/RET197OS_disc_exp2.txt,data/PAPILA/PapilaDB-PAPILA-9c67b80983805f0f886b068af800ef2b507e7dc0/ExpertsSegmentations/Contours/RET197OS_cup_exp2.txt,32c6f18ce42c37f7df7d244699593a5bd438f1bddafa9a38735f503115475a0d
RET198OD,RET198,data/PAPILA/PapilaDB-PAPILA-9c67b80983805f0f886b068af800ef2b507e7dc0/FundusImages/RET198OD.jpg,0,val,OD,PAPILA/PapilaDB-PAPILA-9c67b80983805f0f886b068af800ef2b507e7dc0/FundusImages/RET198OD.jpg,data/PAPILA/PapilaDB-PAPILA-9c67b80983805f0f886b068af800ef2b507e7dc0/ExpertsSegmentations/Contours/RET198OD_disc_exp1.txt,data/PAPILA/PapilaDB-PAPILA-9c67b80983805f0f886b068af800ef2b507e7dc0/ExpertsSegmentations/Contours/RET198OD_cup_exp1.txt,data/PAPILA/PapilaDB-PAPILA-9c67b80983805f0f886b068af800ef2b507e7dc0/ExpertsSegmentations/Contours/RET198OD_disc_exp2.txt,data/PAPILA/PapilaDB-PAPILA-9c67b80983805f0f886b068af800ef2b507e7dc0/ExpertsSegmentations/Contours/RET198OD_cup_exp2.txt,9e169c5a12c2bcacfd0455c59370e12a48bf40ea280c9a02c4e82f7fea95d778
RET198OS,RET198,data/PAPILA/PapilaDB-PAPILA-9c67b80983805f0f886b068af800ef2b507e7dc0/FundusImages/RET198OS.jpg,0,val,OS,PAPILA/PapilaDB-PAPILA-9c67b80983805f0f886b068af800ef2b507e7dc0/FundusImages/RET198OS.jpg,data/PAPILA/PapilaDB-PAPILA-9c67b80983805f0f886b068af800ef2b507e7dc0/ExpertsSegmentations/Contours/RET198OS_disc_exp1.txt,data/PAPILA/PapilaDB-PAPILA-9c67b80983805f0f886b068af800ef2b507e7dc0/ExpertsSegmentations/Contours/RET198OS_cup_exp1.txt,data/PAPILA/PapilaDB-PAPILA-9c67b80983805f0f886b068af800ef2b507e7dc0/ExpertsSegmentations/Contours/RET198OS_disc_exp2.txt,data/PAPILA/PapilaDB-PAPILA-9c67b80983805f0f886b068af800ef2b507e7dc0/ExpertsSegmentations/Contours/RET198OS_cup_exp2.txt,788279960a7eae47a5436ce395a5f0fddcffdc2167e90e98bcebea0c3a1fd8ad
RET199OD,RET199,data/PAPILA/PapilaDB-PAPILA-9c67b80983805f0f886b068af800ef2b507e7dc0/FundusImages/RET199OD.jpg,0,train,OD,PAPILA/PapilaDB-PAPILA-9c67b80983805f0f886b068af800ef2b507e7dc0/FundusImages/RET199OD.jpg,data/PAPILA/PapilaDB-PAPILA-9c67b80983805f0f886b068af800ef2b507e7dc0/ExpertsSegmentations/Contours/RET199OD_disc_exp1.txt,data/PAPILA/PapilaDB-PAPILA-9c67b80983805f0f886b068af800ef2b507e7dc0/ExpertsSegmentations/Contours/RET199OD_cup_exp1.txt,data/PAPILA/PapilaDB-PAPILA-9c67b80983805f0f886b068af800ef2b507e7dc0/ExpertsSegmentations/Contours/RET199OD_disc_exp2.txt,data/PAPILA/PapilaDB-PAPILA-9c67b80983805f0f886b068af800ef2b507e7dc0/ExpertsSegmentations/Contours/RET199OD_cup_exp2.txt,47b76539ee49aa1ea4d79ccdd438de70badef69c5ca146046e60e319ec1d51a3
RET199OS,RET199,data/PAPILA/PapilaDB-PAPILA-9c67b80983805f0f886b068af800ef2b507e7dc0/FundusImages/RET199OS.jpg,0,train,OS,PAPILA/PapilaDB-PAPILA-9c67b80983805f0f886b068af800ef2b507e7dc0/FundusImages/RET199OS.jpg,data/PAPILA/PapilaDB-PAPILA-9c67b80983805f0f886b068af800ef2b507e7dc0/ExpertsSegmentations/Contours/RET199OS_disc_exp1.txt,data/PAPILA/PapilaDB-PAPILA-9c67b80983805f0f886b068af800ef2b507e7dc0/ExpertsSegmentations/Contours/RET199OS_cup_exp1.txt,data/PAPILA/PapilaDB-PAPILA-9c67b80983805f0f886b068af800ef2b507e7dc0/ExpertsSegmentations/Contours/RET199OS_disc_exp2.txt,data/PAPILA/PapilaDB-PAPILA-9c67b80983805f0f886b068af800ef2b507e7dc0/ExpertsSegmentations/Contours/RET199OS_cup_exp2.txt,9731819e29781e47a09047718fdc298776e953ddb450b6beb5d6d208bb8ab0d6
RET200OD,RET200,data/PAPILA/PapilaDB-PAPILA-9c67b80983805f0f886b068af800ef2b507e7dc0/FundusImages/RET200OD.jpg,0,train,OD,PAPILA/PapilaDB-PAPILA-9c67b80983805f0f886b068af800ef2b507e7dc0/FundusImages/RET200OD.jpg,data/PAPILA/PapilaDB-PAPILA-9c67b80983805f0f886b068af800ef2b507e7dc0/ExpertsSegmentations/Contours/RET200OD_disc_exp1.txt,data/PAPILA/PapilaDB-PAPILA-9c67b80983805f0f886b068af800ef2b507e7dc0/ExpertsSegmentations/Contours/RET200OD_cup_exp1.txt,data/PAPILA/PapilaDB-PAPILA-9c67b80983805f0f886b068af800ef2b507e7dc0/ExpertsSegmentations/Contours/RET200OD_disc_exp2.txt,data/PAPILA/PapilaDB-PAPILA-9c67b80983805f0f886b068af800ef2b507e7dc0/ExpertsSegmentations/Contours/RET200OD_cup_exp2.txt,9aba2855ceea0223acabc605821852e1bea1d763e1fab4445adb4cb1c055c7e3
RET200OS,RET200,data/PAPILA/PapilaDB-PAPILA-9c67b80983805f0f886b068af800ef2b507e7dc0/FundusImages/RET200OS.jpg,0,train,OS,PAPILA/PapilaDB-PAPILA-9c67b80983805f0f886b068af800ef2b507e7dc0/FundusImages/RET200OS.jpg,data/PAPILA/PapilaDB-PAPILA-9c67b80983805f0f886b068af800ef2b507e7dc0/ExpertsSegmentations/Contours/RET200OS_disc_exp1.txt,data/PAPILA/PapilaDB-PAPILA-9c67b80983805f0f886b068af800ef2b507e7dc0/ExpertsSegmentations/Contours/RET200OS_cup_exp1.txt,data/PAPILA/PapilaDB-PAPILA-9c67b80983805f0f886b068af800ef2b507e7dc0/ExpertsSegmentations/Contours/RET200OS_disc_exp2.txt,data/PAPILA/PapilaDB-PAPILA-9c67b80983805f0f886b068af800ef2b507e7dc0/ExpertsSegmentations/Contours/RET200OS_cup_exp2.txt,2bf41bc135970a9b60ee3dbdbb75820f6c0a67366c0a6100b62910088bf7e9c6
RET201OD,RET201,data/PAPILA/PapilaDB-PAPILA-9c67b80983805f0f886b068af800ef2b507e7dc0/FundusImages/RET201OD.jpg,0,train,OD,PAPILA/PapilaDB-PAPILA-9c67b80983805f0f886b068af800ef2b507e7dc0/FundusImages/RET201OD.jpg,data/PAPILA/PapilaDB-PAPILA-9c67b80983805f0f886b068af800ef2b507e7dc0/ExpertsSegmentations/Contours/RET201OD_disc_exp1.txt,data/PAPILA/PapilaDB-PAPILA-9c67b80983805f0f886b068af800ef2b507e7dc0/ExpertsSegmentations/Contours/RET201OD_cup_exp1.txt,data/PAPILA/PapilaDB-PAPILA-9c67b80983805f0f886b068af800ef2b507e7dc0/ExpertsSegmentations/Contours/RET201OD_disc_exp2.txt,data/PAPILA/PapilaDB-PAPILA-9c67b80983805f0f886b068af800ef2b507e7dc0/ExpertsSegmentations/Contours/RET201OD_cup_exp2.txt,078c249e8a0094a24b3b6a7f0caa919eb56e889f0155be27ef41a17cacf3162e
RET201OS,RET201,data/PAPILA/PapilaDB-PAPILA-9c67b80983805f0f886b068af800ef2b507e7dc0/FundusImages/RET201OS.jpg,0,train,OS,PAPILA/PapilaDB-PAPILA-9c67b80983805f0f886b068af800ef2b507e7dc0/FundusImages/RET201OS.jpg,data/PAPILA/PapilaDB-PAPILA-9c67b80983805f0f886b068af800ef2b507e7dc0/ExpertsSegmentations/Contours/RET201OS_disc_exp1.txt,data/PAPILA/PapilaDB-PAPILA-9c67b80983805f0f886b068af800ef2b507e7dc0/ExpertsSegmentations/Contours/RET201OS_cup_exp1.txt,data/PAPILA/PapilaDB-PAPILA-9c67b80983805f0f886b068af800ef2b507e7dc0/ExpertsSegmentations/Contours/RET201OS_disc_exp2.txt,data/PAPILA/PapilaDB-PAPILA-9c67b80983805f0f886b068af800ef2b507e7dc0/ExpertsSegmentations/Contours/RET201OS_cup_exp2.txt,3d95355aca19de0b8252d92693efa0104984c50f94cf329e56c697473c576eee
RET202OD,RET202,data/PAPILA/PapilaDB-PAPILA-9c67b80983805f0f886b068af800ef2b507e7dc0/FundusImages/RET202OD.jpg,0,train,OD,PAPILA/PapilaDB-PAPILA-9c67b80983805f0f886b068af800ef2b507e7dc0/FundusImages/RET202OD.jpg,data/PAPILA/PapilaDB-PAPILA-9c67b80983805f0f886b068af800ef2b507e7dc0/ExpertsSegmentations/Contours/RET202OD_disc_exp1.txt,data/PAPILA/PapilaDB-PAPILA-9c67b80983805f0f886b068af800ef2b507e7dc0/ExpertsSegmentations/Contours/RET202OD_cup_exp1.txt,data/PAPILA/PapilaDB-PAPILA-9c67b80983805f0f886b068af800ef2b507e7dc0/ExpertsSegmentations/Contours/RET202OD_disc_exp2.txt,data/PAPILA/PapilaDB-PAPILA-9c67b80983805f0f886b068af800ef2b507e7dc0/ExpertsSegmentations/Contours/RET202OD_cup_exp2.txt,b13b142c4e3e480f5a5b018d71f8fcea7c004501dec2db0ce40546df838a9155
RET202OS,RET202,data/PAPILA/PapilaDB-PAPILA-9c67b80983805f0f886b068af800ef2b507e7dc0/FundusImages/RET202OS.jpg,0,train,OS,PAPILA/PapilaDB-PAPILA-9c67b80983805f0f886b068af800ef2b507e7dc0/FundusImages/RET202OS.jpg,data/PAPILA/PapilaDB-PAPILA-9c67b80983805f0f886b068af800ef2b507e7dc0/ExpertsSegmentations/Contours/RET202OS_disc_exp1.txt,data/PAPILA/PapilaDB-PAPILA-9c67b80983805f0f886b068af800ef2b507e7dc0/ExpertsSegmentations/Contours/RET202OS_cup_exp1.txt,data/PAPILA/PapilaDB-PAPILA-9c67b80983805f0f886b068af800ef2b507e7dc0/ExpertsSegmentations/Contours/RET202OS_disc_exp2.txt,data/PAPILA/PapilaDB-PAPILA-9c67b80983805f0f886b068af800ef2b507e7dc0/ExpertsSegmentations/Contours/RET202OS_cup_exp2.txt,13b460bae465ee72b96e5591361bbe3477e3835e6ae14363f246f6f9ce5d9981
RET203OD,RET203,data/PAPILA/PapilaDB-PAPILA-9c67b80983805f0f886b068af800ef2b507e7dc0/FundusImages/RET203OD.jpg,0,train,OD,PAPILA/PapilaDB-PAPILA-9c67b80983805f0f886b068af800ef2b507e7dc0/FundusImages/RET203OD.jpg,data/PAPILA/PapilaDB-PAPILA-9c67b80983805f0f886b068af800ef2b507e7dc0/ExpertsSegmentations/Contours/RET203OD_disc_exp1.txt,data/PAPILA/PapilaDB-PAPILA-9c67b80983805f0f886b068af800ef2b507e7dc0/ExpertsSegmentations/Contours/RET203OD_cup_exp1.txt,data/PAPILA/PapilaDB-PAPILA-9c67b80983805f0f886b068af800ef2b507e7dc0/ExpertsSegmentations/Contours/RET203OD_disc_exp2.txt,data/PAPILA/PapilaDB-PAPILA-9c67b80983805f0f886b068af800ef2b507e7dc0/ExpertsSegmentations/Contours/RET203OD_cup_exp2.txt,734ad4c27cc636af0694261483c048b0cf79b0838532f79fc1201602ab38bf2a
RET203OS,RET203,data/PAPILA/PapilaDB-PAPILA-9c67b80983805f0f886b068af800ef2b507e7dc0/FundusImages/RET203OS.jpg,0,train,OS,PAPILA/PapilaDB-PAPILA-9c67b80983805f0f886b068af800ef2b507e7dc0/FundusImages/RET203OS.jpg,data/PAPILA/PapilaDB-PAPILA-9c67b80983805f0f886b068af800ef2b507e7dc0/ExpertsSegmentations/Contours/RET203OS_disc_exp1.txt,data/PAPILA/PapilaDB-PAPILA-9c67b80983805f0f886b068af800ef2b507e7dc0/ExpertsSegmentations/Contours/RET203OS_cup_exp1.txt,data/PAPILA/PapilaDB-PAPILA-9c67b80983805f0f886b068af800ef2b507e7dc0/ExpertsSegmentations/Contours/RET203OS_disc_exp2.txt,data/PAPILA/PapilaDB-PAPILA-9c67b80983805f0f886b068af800ef2b507e7dc0/ExpertsSegmentations/Contours/RET203OS_cup_exp2.txt,7722e6748b923f40edd779258ab33c4ccd7bd81adb995d7f3155d6a46e5260b2
RET204OD,RET204,data/PAPILA/PapilaDB-PAPILA-9c67b80983805f0f886b068af800ef2b507e7dc0/FundusImages/RET204OD.jpg,0,train,OD,PAPILA/PapilaDB-PAPILA-9c67b80983805f0f886b068af800ef2b507e7dc0/FundusImages/RET204OD.jpg,data/PAPILA/PapilaDB-PAPILA-9c67b80983805f0f886b068af800ef2b507e7dc0/ExpertsSegmentations/Contours/RET204OD_disc_exp1.txt,data/PAPILA/PapilaDB-PAPILA-9c67b80983805f0f886b068af800ef2b507e7dc0/ExpertsSegmentations/Contours/RET204OD_cup_exp1.txt,data/PAPILA/PapilaDB-PAPILA-9c67b80983805f0f886b068af800ef2b507e7dc0/ExpertsSegmentations/Contours/RET204OD_disc_exp2.txt,data/PAPILA/PapilaDB-PAPILA-9c67b80983805f0f886b068af800ef2b507e7dc0/ExpertsSegmentations/Contours/RET204OD_cup_exp2.txt,1b25c3813979b7e81af3d0b614bdd27848a0120aba419fa66ff1e3c0bdcb3f00
RET204OS,RET204,data/PAPILA/PapilaDB-PAPILA-9c67b80983805f0f886b068af800ef2b507e7dc0/FundusImages/RET204OS.jpg,0,train,OS,PAPILA/PapilaDB-PAPILA-9c67b80983805f0f886b068af800ef2b507e7dc0/FundusImages/RET204OS.jpg,data/PAPILA/PapilaDB-PAPILA-9c67b80983805f0f886b068af800ef2b507e7dc0/ExpertsSegmentations/Contours/RET204OS_disc_exp1.txt,data/PAPILA/PapilaDB-PAPILA-9c67b80983805f0f886b068af800ef2b507e7dc0/ExpertsSegmentations/Contours/RET204OS_cup_exp1.txt,data/PAPILA/PapilaDB-PAPILA-9c67b80983805f0f886b068af800ef2b507e7dc0/ExpertsSegmentations/Contours/RET204OS_disc_exp2.txt,data/PAPILA/PapilaDB-PAPILA-9c67b80983805f0f886b068af800ef2b507e7dc0/ExpertsSegmentations/Contours/RET204OS_cup_exp2.txt,b5047d1cbbc91e35e1e71c6dec831496e73dd8ae4b8f4620511bc067887e5b3c
RET205OD,RET205,data/PAPILA/PapilaDB-PAPILA-9c67b80983805f0f886b068af800ef2b507e7dc0/FundusImages/RET205OD.jpg,0,train,OD,PAPILA/PapilaDB-PAPILA-9c67b80983805f0f886b068af800ef2b507e7dc0/FundusImages/RET205OD.jpg,data/PAPILA/PapilaDB-PAPILA-9c67b80983805f0f886b068af800ef2b507e7dc0/ExpertsSegmentations/Contours/RET205OD_disc_exp1.txt,data/PAPILA/PapilaDB-PAPILA-9c67b80983805f0f886b068af800ef2b507e7dc0/ExpertsSegmentations/Contours/RET205OD_cup_exp1.txt,data/PAPILA/PapilaDB-PAPILA-9c67b80983805f0f886b068af800ef2b507e7dc0/ExpertsSegmentations/Contours/RET205OD_disc_exp2.txt,data/PAPILA/PapilaDB-PAPILA-9c67b80983805f0f886b068af800ef2b507e7dc0/ExpertsSegmentations/Contours/RET205OD_cup_exp2.txt,e5c1d82222eeea79b4dc68e8f32448fcb8449fdc592f67c31e365507b549ea45
RET205OS,RET205,data/PAPILA/PapilaDB-PAPILA-9c67b80983805f0f886b068af800ef2b507e7dc0/FundusImages/RET205OS.jpg,0,train,OS,PAPILA/PapilaDB-PAPILA-9c67b80983805f0f886b068af800ef2b507e7dc0/FundusImages/RET205OS.jpg,data/PAPILA/PapilaDB-PAPILA-9c67b80983805f0f886b068af800ef2b507e7dc0/ExpertsSegmentations/Contours/RET205OS_disc_exp1.txt,data/PAPILA/PapilaDB-PAPILA-9c67b80983805f0f886b068af800ef2b507e7dc0/ExpertsSegmentations/Contours/RET205OS_cup_exp1.txt,data/PAPILA/PapilaDB-PAPILA-9c67b80983805f0f886b068af800ef2b507e7dc0/ExpertsSegmentations/Contours/RET205OS_disc_exp2.txt,data/PAPILA/PapilaDB-PAPILA-9c67b80983805f0f886b068af800ef2b507e7dc0/ExpertsSegmentations/Contours/RET205OS_cup_exp2.txt,6ab3e40d51b4ec22b52863aa5e22786685cae4fbc4880048ceb15ef0f252a9d1
RET206OD,RET206,data/PAPILA/PapilaDB-PAPILA-9c67b80983805f0f886b068af800ef2b507e7dc0/FundusImages/RET206OD.jpg,0,train,OD,PAPILA/PapilaDB-PAPILA-9c67b80983805f0f886b068af800ef2b507e7dc0/FundusImages/RET206OD.jpg,data/PAPILA/PapilaDB-PAPILA-9c67b80983805f0f886b068af800ef2b507e7dc0/ExpertsSegmentations/Contours/RET206OD_disc_exp1.txt,data/PAPILA/PapilaDB-PAPILA-9c67b80983805f0f886b068af800ef2b507e7dc0/ExpertsSegmentations/Contours/RET206OD_cup_exp1.txt,data/PAPILA/PapilaDB-PAPILA-9c67b80983805f0f886b068af800ef2b507e7dc0/ExpertsSegmentations/Contours/RET206OD_disc_exp2.txt,data/PAPILA/PapilaDB-PAPILA-9c67b80983805f0f886b068af800ef2b507e7dc0/ExpertsSegmentations/Contours/RET206OD_cup_exp2.txt,6b43a79f886995490c6042b226801b252be98768c926cbb8ae8a9e6e9e747196
RET206OS,RET206,data/PAPILA/PapilaDB-PAPILA-9c67b80983805f0f886b068af800ef2b507e7dc0/FundusImages/RET206OS.jpg,0,train,OS,PAPILA/PapilaDB-PAPILA-9c67b80983805f0f886b068af800ef2b507e7dc0/FundusImages/RET206OS.jpg,data/PAPILA/PapilaDB-PAPILA-9c67b80983805f0f886b068af800ef2b507e7dc0/ExpertsSegmentations/Contours/RET206OS_disc_exp1.txt,data/PAPILA/PapilaDB-PAPILA-9c67b80983805f0f886b068af800ef2b507e7dc0/ExpertsSegmentations/Contours/RET206OS_cup_exp1.txt,data/PAPILA/PapilaDB-PAPILA-9c67b80983805f0f886b068af800ef2b507e7dc0/ExpertsSegmentations/Contours/RET206OS_disc_exp2.txt,data/PAPILA/PapilaDB-PAPILA-9c67b80983805f0f886b068af800ef2b507e7dc0/ExpertsSegmentations/Contours/RET206OS_cup_exp2.txt,b42069e6935bd39771e8345f715e5278ec0107a6b5df4a0d95fb57178e3bce16
RET207OD,RET207,data/PAPILA/PapilaDB-PAPILA-9c67b80983805f0f886b068af800ef2b507e7dc0/FundusImages/RET207OD.jpg,0,val,OD,PAPILA/PapilaDB-PAPILA-9c67b80983805f0f886b068af800ef2b507e7dc0/FundusImages/RET207OD.jpg,data/PAPILA/PapilaDB-PAPILA-9c67b80983805f0f886b068af800ef2b507e7dc0/ExpertsSegmentations/Contours/RET207OD_disc_exp1.txt,data/PAPILA/PapilaDB-PAPILA-9c67b80983805f0f886b068af800ef2b507e7dc0/ExpertsSegmentations/Contours/RET207OD_cup_exp1.txt,data/PAPILA/PapilaDB-PAPILA-9c67b80983805f0f886b068af800ef2b507e7dc0/ExpertsSegmentations/Contours/RET207OD_disc_exp2.txt,data/PAPILA/PapilaDB-PAPILA-9c67b80983805f0f886b068af800ef2b507e7dc0/ExpertsSegmentations/Contours/RET207OD_cup_exp2.txt,3339d46a91a56bb37e0cb09e12e448aa0d43ddf2be5f30ab77243e516edb2f7b
RET207OS,RET207,data/PAPILA/PapilaDB-PAPILA-9c67b80983805f0f886b068af800ef2b507e7dc0/FundusImages/RET207OS.jpg,0,val,OS,PAPILA/PapilaDB-PAPILA-9c67b80983805f0f886b068af800ef2b507e7dc0/FundusImages/RET207OS.jpg,data/PAPILA/PapilaDB-PAPILA-9c67b80983805f0f886b068af800ef2b507e7dc0/ExpertsSegmentations/Contours/RET207OS_disc_exp1.txt,data/PAPILA/PapilaDB-PAPILA-9c67b80983805f0f886b068af800ef2b507e7dc0/ExpertsSegmentations/Contours/RET207OS_cup_exp1.txt,data/PAPILA/PapilaDB-PAPILA-9c67b80983805f0f886b068af800ef2b507e7dc0/ExpertsSegmentations/Contours/RET207OS_disc_exp2.txt,data/PAPILA/PapilaDB-PAPILA-9c67b80983805f0f886b068af800ef2b507e7dc0/ExpertsSegmentations/Contours/RET207OS_cup_exp2.txt,7781cdc5acc35ce6826c867d0a6d84d0d2b3d5ea746d3d242a4b4b3ee3906fcb
RET208OD,RET208,data/PAPILA/PapilaDB-PAPILA-9c67b80983805f0f886b068af800ef2b507e7dc0/FundusImages/RET208OD.jpg,0,val,OD,PAPILA/PapilaDB-PAPILA-9c67b80983805f0f886b068af800ef2b507e7dc0/FundusImages/RET208OD.jpg,data/PAPILA/PapilaDB-PAPILA-9c67b80983805f0f886b068af800ef2b507e7dc0/ExpertsSegmentations/Contours/RET208OD_disc_exp1.txt,data/PAPILA/PapilaDB-PAPILA-9c67b80983805f0f886b068af800ef2b507e7dc0/ExpertsSegmentations/Contours/RET208OD_cup_exp1.txt,data/PAPILA/PapilaDB-PAPILA-9c67b80983805f0f886b068af800ef2b507e7dc0/ExpertsSegmentations/Contours/RET208OD_disc_exp2.txt,data/PAPILA/PapilaDB-PAPILA-9c67b80983805f0f886b068af800ef2b507e7dc0/ExpertsSegmentations/Contours/RET208OD_cup_exp2.txt,69d547a9a746da756ca2626256cb831ac9856cdc7529d8757e0fb8704c0da127
RET208OS,RET208,data/PAPILA/PapilaDB-PAPILA-9c67b80983805f0f886b068af800ef2b507e7dc0/FundusImages/RET208OS.jpg,0,val,OS,PAPILA/PapilaDB-PAPILA-9c67b80983805f0f886b068af800ef2b507e7dc0/FundusImages/RET208OS.jpg,data/PAPILA/PapilaDB-PAPILA-9c67b80983805f0f886b068af800ef2b507e7dc0/ExpertsSegmentations/Contours/RET208OS_disc_exp1.txt,data/PAPILA/PapilaDB-PAPILA-9c67b80983805f0f886b068af800ef2b507e7dc0/ExpertsSegmentations/Contours/RET208OS_cup_exp1.txt,data/PAPILA/PapilaDB-PAPILA-9c67b80983805f0f886b068af800ef2b507e7dc0/ExpertsSegmentations/Contours/RET208OS_disc_exp2.txt,data/PAPILA/PapilaDB-PAPILA-9c67b80983805f0f886b068af800ef2b507e7dc0/ExpertsSegmentations/Contours/RET208OS_cup_exp2.txt,d15348bc0364ed3d8a1fb072047b5740e3922fa2fbb4f094a5d29c2cb40460f4
RET209OD,RET209,data/PAPILA/PapilaDB-PAPILA-9c67b80983805f0f886b068af800ef2b507e7dc0/FundusImages/RET209OD.jpg,0,train,OD,PAPILA/PapilaDB-PAPILA-9c67b80983805f0f886b068af800ef2b507e7dc0/FundusImages/RET209OD.jpg,data/PAPILA/PapilaDB-PAPILA-9c67b80983805f0f886b068af800ef2b507e7dc0/ExpertsSegmentations/Contours/RET209OD_disc_exp1.txt,data/PAPILA/PapilaDB-PAPILA-9c67b80983805f0f886b068af800ef2b507e7dc0/ExpertsSegmentations/Contours/RET209OD_cup_exp1.txt,data/PAPILA/PapilaDB-PAPILA-9c67b80983805f0f886b068af800ef2b507e7dc0/ExpertsSegmentations/Contours/RET209OD_disc_exp2.txt,data/PAPILA/PapilaDB-PAPILA-9c67b80983805f0f886b068af800ef2b507e7dc0/ExpertsSegmentations/Contours/RET209OD_cup_exp2.txt,c400746d41a93295c2334615aa0bf2f97c9657ff1a2e6d5841a1e5e37d292bc2
RET209OS,RET209,data/PAPILA/PapilaDB-PAPILA-9c67b80983805f0f886b068af800ef2b507e7dc0/FundusImages/RET209OS.jpg,0,train,OS,PAPILA/PapilaDB-PAPILA-9c67b80983805f0f886b068af800ef2b507e7dc0/FundusImages/RET209OS.jpg,data/PAPILA/PapilaDB-PAPILA-9c67b80983805f0f886b068af800ef2b507e7dc0/ExpertsSegmentations/Contours/RET209OS_disc_exp1.txt,data/PAPILA/PapilaDB-PAPILA-9c67b80983805f0f886b068af800ef2b507e7dc0/ExpertsSegmentations/Contours/RET209OS_cup_exp1.txt,data/PAPILA/PapilaDB-PAPILA-9c67b80983805f0f886b068af800ef2b507e7dc0/ExpertsSegmentations/Contours/RET209OS_disc_exp2.txt,data/PAPILA/PapilaDB-PAPILA-9c67b80983805f0f886b068af800ef2b507e7dc0/ExpertsSegmentations/Contours/RET209OS_cup_exp2.txt,2ff01372d39c49447112c2d3d9deab876734ff8d89d60b16a60fce0d5e5c2fc1
RET210OD,RET210,data/PAPILA/PapilaDB-PAPILA-9c67b80983805f0f886b068af800ef2b507e7dc0/FundusImages/RET210OD.jpg,0,train,OD,PAPILA/PapilaDB-PAPILA-9c67b80983805f0f886b068af800ef2b507e7dc0/FundusImages/RET210OD.jpg,data/PAPILA/PapilaDB-PAPILA-9c67b80983805f0f886b068af800ef2b507e7dc0/ExpertsSegmentations/Contours/RET210OD_disc_exp1.txt,data/PAPILA/PapilaDB-PAPILA-9c67b80983805f0f886b068af800ef2b507e7dc0/ExpertsSegmentations/Contours/RET210OD_cup_exp1.txt,data/PAPILA/PapilaDB-PAPILA-9c67b80983805f0f886b068af800ef2b507e7dc0/ExpertsSegmentations/Contours/RET210OD_disc_exp2.txt,data/PAPILA/PapilaDB-PAPILA-9c67b80983805f0f886b068af800ef2b507e7dc0/ExpertsSegmentations/Contours/RET210OD_cup_exp2.txt,8de3487aaf78227e69dfa45104daa4d9bee181d7c27d18580949633b97d7cf7f
RET210OS,RET210,data/PAPILA/PapilaDB-PAPILA-9c67b80983805f0f886b068af800ef2b507e7dc0/FundusImages/RET210OS.jpg,0,train,OS,PAPILA/PapilaDB-PAPILA-9c67b80983805f0f886b068af800ef2b507e7dc0/FundusImages/RET210OS.jpg,data/PAPILA/PapilaDB-PAPILA-9c67b80983805f0f886b068af800ef2b507e7dc0/ExpertsSegmentations/Contours/RET210OS_disc_exp1.txt,data/PAPILA/PapilaDB-PAPILA-9c67b80983805f0f886b068af800ef2b507e7dc0/ExpertsSegmentations/Contours/RET210OS_cup_exp1.txt,data/PAPILA/PapilaDB-PAPILA-9c67b80983805f0f886b068af800ef2b507e7dc0/ExpertsSegmentations/Contours/RET210OS_disc_exp2.txt,data/PAPILA/PapilaDB-PAPILA-9c67b80983805f0f886b068af800ef2b507e7dc0/ExpertsSegmentations/Contours/RET210OS_cup_exp2.txt,e72ab1147ae6c4107f2f42591f3add4c8f215430cc4dd3b0c38bebee78e85c75
RET211OD,RET211,data/PAPILA/PapilaDB-PAPILA-9c67b80983805f0f886b068af800ef2b507e7dc0/FundusImages/RET211OD.jpg,0,train,OD,PAPILA/PapilaDB-PAPILA-9c67b80983805f0f886b068af800ef2b507e7dc0/FundusImages/RET211OD.jpg,data/PAPILA/PapilaDB-PAPILA-9c67b80983805f0f886b068af800ef2b507e7dc0/ExpertsSegmentations/Contours/RET211OD_disc_exp1.txt,data/PAPILA/PapilaDB-PAPILA-9c67b80983805f0f886b068af800ef2b507e7dc0/ExpertsSegmentations/Contours/RET211OD_cup_exp1.txt,data/PAPILA/PapilaDB-PAPILA-9c67b80983805f0f886b068af800ef2b507e7dc0/ExpertsSegmentations/Contours/RET211OD_disc_exp2.txt,data/PAPILA/PapilaDB-PAPILA-9c67b80983805f0f886b068af800ef2b507e7dc0/ExpertsSegmentations/Contours/RET211OD_cup_exp2.txt,00159a0f2c60e8f235a546c543bbdbc54ff5762dc0d6b49226a6c43dd50f9a46
RET211OS,RET211,data/PAPILA/PapilaDB-PAPILA-9c67b80983805f0f886b068af800ef2b507e7dc0/FundusImages/RET211OS.jpg,0,train,OS,PAPILA/PapilaDB-PAPILA-9c67b80983805f0f886b068af800ef2b507e7dc0/FundusImages/RET211OS.jpg,data/PAPILA/PapilaDB-PAPILA-9c67b80983805f0f886b068af800ef2b507e7dc0/ExpertsSegmentations/Contours/RET211OS_disc_exp1.txt,data/PAPILA/PapilaDB-PAPILA-9c67b80983805f0f886b068af800ef2b507e7dc0/ExpertsSegmentations/Contours/RET211OS_cup_exp1.txt,data/PAPILA/PapilaDB-PAPILA-9c67b80983805f0f886b068af800ef2b507e7dc0/ExpertsSegmentations/Contours/RET211OS_disc_exp2.txt,data/PAPILA/PapilaDB-PAPILA-9c67b80983805f0f886b068af800ef2b507e7dc0/ExpertsSegmentations/Contours/RET211OS_cup_exp2.txt,8ac074a65bee44d64217bd676ef5f3b82e25ceaa8f5b32e6b71d0b91b215d58b
RET212OD,RET212,data/PAPILA/PapilaDB-PAPILA-9c67b80983805f0f886b068af800ef2b507e7dc0/FundusImages/RET212OD.jpg,0,train,OD,PAPILA/PapilaDB-PAPILA-9c67b80983805f0f886b068af800ef2b507e7dc0/FundusImages/RET212OD.jpg,data/PAPILA/PapilaDB-PAPILA-9c67b80983805f0f886b068af800ef2b507e7dc0/ExpertsSegmentations/Contours/RET212OD_disc_exp1.txt,data/PAPILA/PapilaDB-PAPILA-9c67b80983805f0f886b068af800ef2b507e7dc0/ExpertsSegmentations/Contours/RET212OD_cup_exp1.txt,data/PAPILA/PapilaDB-PAPILA-9c67b80983805f0f886b068af800ef2b507e7dc0/ExpertsSegmentations/Contours/RET212OD_disc_exp2.txt,data/PAPILA/PapilaDB-PAPILA-9c67b80983805f0f886b068af800ef2b507e7dc0/ExpertsSegmentations/Contours/RET212OD_cup_exp2.txt,3ae465528361f969a3f352ef7c167dd8392805574bc35bd50374417630d69761
RET212OS,RET212,data/PAPILA/PapilaDB-PAPILA-9c67b80983805f0f886b068af800ef2b507e7dc0/FundusImages/RET212OS.jpg,0,train,OS,PAPILA/PapilaDB-PAPILA-9c67b80983805f0f886b068af800ef2b507e7dc0/FundusImages/RET212OS.jpg,data/PAPILA/PapilaDB-PAPILA-9c67b80983805f0f886b068af800ef2b507e7dc0/ExpertsSegmentations/Contours/RET212OS_disc_exp1.txt,data/PAPILA/PapilaDB-PAPILA-9c67b80983805f0f886b068af800ef2b507e7dc0/ExpertsSegmentations/Contours/RET212OS_cup_exp1.txt,data/PAPILA/PapilaDB-PAPILA-9c67b80983805f0f886b068af800ef2b507e7dc0/ExpertsSegmentations/Contours/RET212OS_disc_exp2.txt,data/PAPILA/PapilaDB-PAPILA-9c67b80983805f0f886b068af800ef2b507e7dc0/ExpertsSegmentations/Contours/RET212OS_cup_exp2.txt,e9be06d1e36d1689f409c835ae420af8982877704dcc64ed1ee7ac506450c4a0
RET213OD,RET213,data/PAPILA/PapilaDB-PAPILA-9c67b80983805f0f886b068af800ef2b507e7dc0/FundusImages/RET213OD.jpg,0,train,OD,PAPILA/PapilaDB-PAPILA-9c67b80983805f0f886b068af800ef2b507e7dc0/FundusImages/RET213OD.jpg,data/PAPILA/PapilaDB-PAPILA-9c67b80983805f0f886b068af800ef2b507e7dc0/ExpertsSegmentations/Contours/RET213OD_disc_exp1.txt,data/PAPILA/PapilaDB-PAPILA-9c67b80983805f0f886b068af800ef2b507e7dc0/ExpertsSegmentations/Contours/RET213OD_cup_exp1.txt,data/PAPILA/PapilaDB-PAPILA-9c67b80983805f0f886b068af800ef2b507e7dc0/ExpertsSegmentations/Contours/RET213OD_disc_exp2.txt,data/PAPILA/PapilaDB-PAPILA-9c67b80983805f0f886b068af800ef2b507e7dc0/ExpertsSegmentations/Contours/RET213OD_cup_exp2.txt,d184ef786db130115ca65d29341fdf539e1d290f9990042cfb4afa2a2c11fcde
RET213OS,RET213,data/PAPILA/PapilaDB-PAPILA-9c67b80983805f0f886b068af800ef2b507e7dc0/FundusImages/RET213OS.jpg,0,train,OS,PAPILA/PapilaDB-PAPILA-9c67b80983805f0f886b068af800ef2b507e7dc0/FundusImages/RET213OS.jpg,data/PAPILA/PapilaDB-PAPILA-9c67b80983805f0f886b068af800ef2b507e7dc0/ExpertsSegmentations/Contours/RET213OS_disc_exp1.txt,data/PAPILA/PapilaDB-PAPILA-9c67b80983805f0f886b068af800ef2b507e7dc0/ExpertsSegmentations/Contours/RET213OS_cup_exp1.txt,data/PAPILA/PapilaDB-PAPILA-9c67b80983805f0f886b068af800ef2b507e7dc0/ExpertsSegmentations/Contours/RET213OS_disc_exp2.txt,data/PAPILA/PapilaDB-PAPILA-9c67b80983805f0f886b068af800ef2b507e7dc0/ExpertsSegmentations/Contours/RET213OS_cup_exp2.txt,4aa4eb2634d07fd00a6d0c92e14ff75ca093c234d8257fb0cbb4ea0807bf9f9b
RET214OD,RET214,data/PAPILA/PapilaDB-PAPILA-9c67b80983805f0f886b068af800ef2b507e7dc0/FundusImages/RET214OD.jpg,0,val,OD,PAPILA/PapilaDB-PAPILA-9c67b80983805f0f886b068af800ef2b507e7dc0/FundusImages/RET214OD.jpg,data/PAPILA/PapilaDB-PAPILA-9c67b80983805f0f886b068af800ef2b507e7dc0/ExpertsSegmentations/Contours/RET214OD_disc_exp1.txt,data/PAPILA/PapilaDB-PAPILA-9c67b80983805f0f886b068af800ef2b507e7dc0/ExpertsSegmentations/Contours/RET214OD_cup_exp1.txt,data/PAPILA/PapilaDB-PAPILA-9c67b80983805f0f886b068af800ef2b507e7dc0/ExpertsSegmentations/Contours/RET214OD_disc_exp2.txt,data/PAPILA/PapilaDB-PAPILA-9c67b80983805f0f886b068af800ef2b507e7dc0/ExpertsSegmentations/Contours/RET214OD_cup_exp2.txt,4cd97de071c5e33b9afb2ace6d6f6a4213f7d443047766af019419d943162e0f
RET214OS,RET214,data/PAPILA/PapilaDB-PAPILA-9c67b80983805f0f886b068af800ef2b507e7dc0/FundusImages/RET214OS.jpg,0,val,OS,PAPILA/PapilaDB-PAPILA-9c67b80983805f0f886b068af800ef2b507e7dc0/FundusImages/RET214OS.jpg,data/PAPILA/PapilaDB-PAPILA-9c67b80983805f0f886b068af800ef2b507e7dc0/ExpertsSegmentations/Contours/RET214OS_disc_exp1.txt,data/PAPILA/PapilaDB-PAPILA-9c67b80983805f0f886b068af800ef2b507e7dc0/ExpertsSegmentations/Contours/RET214OS_cup_exp1.txt,data/PAPILA/PapilaDB-PAPILA-9c67b80983805f0f886b068af800ef2b507e7dc0/ExpertsSegmentations/Contours/RET214OS_disc_exp2.txt,data/PAPILA/PapilaDB-PAPILA-9c67b80983805f0f886b068af800ef2b507e7dc0/ExpertsSegmentations/Contours/RET214OS_cup_exp2.txt,6c21d90fb30c74877bd773558fcde5e53eabbf8ba7e4c070d7dcc8695a2ec671
RET215OD,RET215,data/PAPILA/PapilaDB-PAPILA-9c67b80983805f0f886b068af800ef2b507e7dc0/FundusImages/RET215OD.jpg,0,train,OD,PAPILA/PapilaDB-PAPILA-9c67b80983805f0f886b068af800ef2b507e7dc0/FundusImages/RET215OD.jpg,data/PAPILA/PapilaDB-PAPILA-9c67b80983805f0f886b068af800ef2b507e7dc0/ExpertsSegmentations/Contours/RET215OD_disc_exp1.txt,data/PAPILA/PapilaDB-PAPILA-9c67b80983805f0f886b068af800ef2b507e7dc0/ExpertsSegmentations/Contours/RET215OD_cup_exp1.txt,data/PAPILA/PapilaDB-PAPILA-9c67b80983805f0f886b068af800ef2b507e7dc0/ExpertsSegmentations/Contours/RET215OD_disc_exp2.txt,data/PAPILA/PapilaDB-PAPILA-9c67b80983805f0f886b068af800ef2b507e7dc0/ExpertsSegmentations/Contours/RET215OD_cup_exp2.txt,1c3f705d725ebfddb5d682c42578b59900e8c240f12d58874fb67eef9a86397d
RET215OS,RET215,data/PAPILA/PapilaDB-PAPILA-9c67b80983805f0f886b068af800ef2b507e7dc0/FundusImages/RET215OS.jpg,0,train,OS,PAPILA/PapilaDB-PAPILA-9c67b80983805f0f886b068af800ef2b507e7dc0/FundusImages/RET215OS.jpg,data/PAPILA/PapilaDB-PAPILA-9c67b80983805f0f886b068af800ef2b507e7dc0/ExpertsSegmentations/Contours/RET215OS_disc_exp1.txt,data/PAPILA/PapilaDB-PAPILA-9c67b80983805f0f886b068af800ef2b507e7dc0/ExpertsSegmentations/Contours/RET215OS_cup_exp1.txt,data/PAPILA/PapilaDB-PAPILA-9c67b80983805f0f886b068af800ef2b507e7dc0/ExpertsSegmentations/Contours/RET215OS_disc_exp2.txt,data/PAPILA/PapilaDB-PAPILA-9c67b80983805f0f886b068af800ef2b507e7dc0/ExpertsSegmentations/Contours/RET215OS_cup_exp2.txt,9df1c86037510db5d925fcb39afa4fe82db4a51655d6701a63ee7e51d2a65dd1
RET216OD,RET216,data/PAPILA/PapilaDB-PAPILA-9c67b80983805f0f886b068af800ef2b507e7dc0/FundusImages/RET216OD.jpg,0,train,OD,PAPILA/PapilaDB-PAPILA-9c67b80983805f0f886b068af800ef2b507e7dc0/FundusImages/RET216OD.jpg,data/PAPILA/PapilaDB-PAPILA-9c67b80983805f0f886b068af800ef2b507e7dc0/ExpertsSegmentations/Contours/RET216OD_disc_exp1.txt,data/PAPILA/PapilaDB-PAPILA-9c67b80983805f0f886b068af800ef2b507e7dc0/ExpertsSegmentations/Contours/RET216OD_cup_exp1.txt,data/PAPILA/PapilaDB-PAPILA-9c67b80983805f0f886b068af800ef2b507e7dc0/ExpertsSegmentations/Contours/RET216OD_disc_exp2.txt,data/PAPILA/PapilaDB-PAPILA-9c67b80983805f0f886b068af800ef2b507e7dc0/ExpertsSegmentations/Contours/RET216OD_cup_exp2.txt,b34534da29bb043d0a9b1ce0c85bd5479be2cf3b6e5b0e3a45abd9a16a2257f1
RET216OS,RET216,data/PAPILA/PapilaDB-PAPILA-9c67b80983805f0f886b068af800ef2b507e7dc0/FundusImages/RET216OS.jpg,0,train,OS,PAPILA/PapilaDB-PAPILA-9c67b80983805f0f886b068af800ef2b507e7dc0/FundusImages/RET216OS.jpg,data/PAPILA/PapilaDB-PAPILA-9c67b80983805f0f886b068af800ef2b507e7dc0/ExpertsSegmentations/Contours/RET216OS_disc_exp1.txt,data/PAPILA/PapilaDB-PAPILA-9c67b80983805f0f886b068af800ef2b507e7dc0/ExpertsSegmentations/Contours/RET216OS_cup_exp1.txt,data/PAPILA/PapilaDB-PAPILA-9c67b80983805f0f886b068af800ef2b507e7dc0/ExpertsSegmentations/Contours/RET216OS_disc_exp2.txt,data/PAPILA/PapilaDB-PAPILA-9c67b80983805f0f886b068af800ef2b507e7dc0/ExpertsSegmentations/Contours/RET216OS_cup_exp2.txt,333048a934e626a4d8a8aa81c8bff22256535940b93b77957b078db53e68f3fc
RET217OD,RET217,data/PAPILA/PapilaDB-PAPILA-9c67b80983805f0f886b068af800ef2b507e7dc0/FundusImages/RET217OD.jpg,0,train,OD,PAPILA/PapilaDB-PAPILA-9c67b80983805f0f886b068af800ef2b507e7dc0/FundusImages/RET217OD.jpg,data/PAPILA/PapilaDB-PAPILA-9c67b80983805f0f886b068af800ef2b507e7dc0/ExpertsSegmentations/Contours/RET217OD_disc_exp1.txt,data/PAPILA/PapilaDB-PAPILA-9c67b80983805f0f886b068af800ef2b507e7dc0/ExpertsSegmentations/Contours/RET217OD_cup_exp1.txt,data/PAPILA/PapilaDB-PAPILA-9c67b80983805f0f886b068af800ef2b507e7dc0/ExpertsSegmentations/Contours/RET217OD_disc_exp2.txt,data/PAPILA/PapilaDB-PAPILA-9c67b80983805f0f886b068af800ef2b507e7dc0/ExpertsSegmentations/Contours/RET217OD_cup_exp2.txt,cdad44ea217e6f6c3804d0520cd511e3282bccab1bd4ff31cd4a57f6e0bd2615
RET217OS,RET217,data/PAPILA/PapilaDB-PAPILA-9c67b80983805f0f886b068af800ef2b507e7dc0/FundusImages/RET217OS.jpg,0,train,OS,PAPILA/PapilaDB-PAPILA-9c67b80983805f0f886b068af800ef2b507e7dc0/FundusImages/RET217OS.jpg,data/PAPILA/PapilaDB-PAPILA-9c67b80983805f0f886b068af800ef2b507e7dc0/ExpertsSegmentations/Contours/RET217OS_disc_exp1.txt,data/PAPILA/PapilaDB-PAPILA-9c67b80983805f0f886b068af800ef2b507e7dc0/ExpertsSegmentations/Contours/RET217OS_cup_exp1.txt,data/PAPILA/PapilaDB-PAPILA-9c67b80983805f0f886b068af800ef2b507e7dc0/ExpertsSegmentations/Contours/RET217OS_disc_exp2.txt,data/PAPILA/PapilaDB-PAPILA-9c67b80983805f0f886b068af800ef2b507e7dc0/ExpertsSegmentations/Contours/RET217OS_cup_exp2.txt,3b6b3ddf834e24be3dadeb68b6197f760594cc95640b4319bc65ce730f5b271b
RET218OD,RET218,data/PAPILA/PapilaDB-PAPILA-9c67b80983805f0f886b068af800ef2b507e7dc0/FundusImages/RET218OD.jpg,0,val,OD,PAPILA/PapilaDB-PAPILA-9c67b80983805f0f886b068af800ef2b507e7dc0/FundusImages/RET218OD.jpg,data/PAPILA/PapilaDB-PAPILA-9c67b80983805f0f886b068af800ef2b507e7dc0/ExpertsSegmentations/Contours/RET218OD_disc_exp1.txt,data/PAPILA/PapilaDB-PAPILA-9c67b80983805f0f886b068af800ef2b507e7dc0/ExpertsSegmentations/Contours/RET218OD_cup_exp1.txt,data/PAPILA/PapilaDB-PAPILA-9c67b80983805f0f886b068af800ef2b507e7dc0/ExpertsSegmentations/Contours/RET218OD_disc_exp2.txt,data/PAPILA/PapilaDB-PAPILA-9c67b80983805f0f886b068af800ef2b507e7dc0/ExpertsSegmentations/Contours/RET218OD_cup_exp2.txt,a18a146bf8794b64bf520176cc69fc2df2a50471dfa6c17e72165b9daef4d75e
RET218OS,RET218,data/PAPILA/PapilaDB-PAPILA-9c67b80983805f0f886b068af800ef2b507e7dc0/FundusImages/RET218OS.jpg,0,val,OS,PAPILA/PapilaDB-PAPILA-9c67b80983805f0f886b068af800ef2b507e7dc0/FundusImages/RET218OS.jpg,data/PAPILA/PapilaDB-PAPILA-9c67b80983805f0f886b068af800ef2b507e7dc0/ExpertsSegmentations/Contours/RET218OS_disc_exp1.txt,data/PAPILA/PapilaDB-PAPILA-9c67b80983805f0f886b068af800ef2b507e7dc0/ExpertsSegmentations/Contours/RET218OS_cup_exp1.txt,data/PAPILA/PapilaDB-PAPILA-9c67b80983805f0f886b068af800ef2b507e7dc0/ExpertsSegmentations/Contours/RET218OS_disc_exp2.txt,data/PAPILA/PapilaDB-PAPILA-9c67b80983805f0f886b068af800ef2b507e7dc0/ExpertsSegmentations/Contours/RET218OS_cup_exp2.txt,aeee7ec7fe6d09c5b02fc1bb5587542ba104967331e455fbe38c070a477a2fc3
RET219OD,RET219,data/PAPILA/PapilaDB-PAPILA-9c67b80983805f0f886b068af800ef2b507e7dc0/FundusImages/RET219OD.jpg,0,train,OD,PAPILA/PapilaDB-PAPILA-9c67b80983805f0f886b068af800ef2b507e7dc0/FundusImages/RET219OD.jpg,data/PAPILA/PapilaDB-PAPILA-9c67b80983805f0f886b068af800ef2b507e7dc0/ExpertsSegmentations/Contours/RET219OD_disc_exp1.txt,data/PAPILA/PapilaDB-PAPILA-9c67b80983805f0f886b068af800ef2b507e7dc0/ExpertsSegmentations/Contours/RET219OD_cup_exp1.txt,data/PAPILA/PapilaDB-PAPILA-9c67b80983805f0f886b068af800ef2b507e7dc0/ExpertsSegmentations/Contours/RET219OD_disc_exp2.txt,data/PAPILA/PapilaDB-PAPILA-9c67b80983805f0f886b068af800ef2b507e7dc0/ExpertsSegmentations/Contours/RET219OD_cup_exp2.txt,d1075994d8aaf8645c8e17e1e2faf0969cd8edb0c774c4d806818a986c87820d
RET219OS,RET219,data/PAPILA/PapilaDB-PAPILA-9c67b80983805f0f886b068af800ef2b507e7dc0/FundusImages/RET219OS.jpg,0,train,OS,PAPILA/PapilaDB-PAPILA-9c67b80983805f0f886b068af800ef2b507e7dc0/FundusImages/RET219OS.jpg,data/PAPILA/PapilaDB-PAPILA-9c67b80983805f0f886b068af800ef2b507e7dc0/ExpertsSegmentations/Contours/RET219OS_disc_exp1.txt,data/PAPILA/PapilaDB-PAPILA-9c67b80983805f0f886b068af800ef2b507e7dc0/ExpertsSegmentations/Contours/RET219OS_cup_exp1.txt,data/PAPILA/PapilaDB-PAPILA-9c67b80983805f0f886b068af800ef2b507e7dc0/ExpertsSegmentations/Contours/RET219OS_disc_exp2.txt,data/PAPILA/PapilaDB-PAPILA-9c67b80983805f0f886b068af800ef2b507e7dc0/ExpertsSegmentations/Contours/RET219OS_cup_exp2.txt,5d2c7f72de33b6af9c99bdee59ecff7303eeea3664501959129f5385cd93ad8e
RET220OD,RET220,data/PAPILA/PapilaDB-PAPILA-9c67b80983805f0f886b068af800ef2b507e7dc0/FundusImages/RET220OD.jpg,0,train,OD,PAPILA/PapilaDB-PAPILA-9c67b80983805f0f886b068af800ef2b507e7dc0/FundusImages/RET220OD.jpg,data/PAPILA/PapilaDB-PAPILA-9c67b80983805f0f886b068af800ef2b507e7dc0/ExpertsSegmentations/Contours/RET220OD_disc_exp1.txt,data/PAPILA/PapilaDB-PAPILA-9c67b80983805f0f886b068af800ef2b507e7dc0/ExpertsSegmentations/Contours/RET220OD_cup_exp1.txt,data/PAPILA/PapilaDB-PAPILA-9c67b80983805f0f886b068af800ef2b507e7dc0/ExpertsSegmentations/Contours/RET220OD_disc_exp2.txt,data/PAPILA/PapilaDB-PAPILA-9c67b80983805f0f886b068af800ef2b507e7dc0/ExpertsSegmentations/Contours/RET220OD_cup_exp2.txt,439ee173a20f5ba08e00dd27b87a8483d77e8a5267262801ba79f093af51a73e
RET220OS,RET220,data/PAPILA/PapilaDB-PAPILA-9c67b80983805f0f886b068af800ef2b507e7dc0/FundusImages/RET220OS.jpg,0,train,OS,PAPILA/PapilaDB-PAPILA-9c67b80983805f0f886b068af800ef2b507e7dc0/FundusImages/RET220OS.jpg,data/PAPILA/PapilaDB-PAPILA-9c67b80983805f0f886b068af800ef2b507e7dc0/ExpertsSegmentations/Contours/RET220OS_disc_exp1.txt,data/PAPILA/PapilaDB-PAPILA-9c67b80983805f0f886b068af800ef2b507e7dc0/ExpertsSegmentations/Contours/RET220OS_cup_exp1.txt,data/PAPILA/PapilaDB-PAPILA-9c67b80983805f0f886b068af800ef2b507e7dc0/ExpertsSegmentations/Contours/RET220OS_disc_exp2.txt,data/PAPILA/PapilaDB-PAPILA-9c67b80983805f0f886b068af800ef2b507e7dc0/ExpertsSegmentations/Contours/RET220OS_cup_exp2.txt,2a139b5002fd3367c8e6d1dad9cd30d6cf5981566edce5690d2f645bd1dda167
RET221OD,RET221,data/PAPILA/PapilaDB-PAPILA-9c67b80983805f0f886b068af800ef2b507e7dc0/FundusImages/RET221OD.jpg,0,train,OD,PAPILA/PapilaDB-PAPILA-9c67b80983805f0f886b068af800ef2b507e7dc0/FundusImages/RET221OD.jpg,data/PAPILA/PapilaDB-PAPILA-9c67b80983805f0f886b068af800ef2b507e7dc0/ExpertsSegmentations/Contours/RET221OD_disc_exp1.txt,data/PAPILA/PapilaDB-PAPILA-9c67b80983805f0f886b068af800ef2b507e7dc0/ExpertsSegmentations/Contours/RET221OD_cup_exp1.txt,data/PAPILA/PapilaDB-PAPILA-9c67b80983805f0f886b068af800ef2b507e7dc0/ExpertsSegmentations/Contours/RET221OD_disc_exp2.txt,data/PAPILA/PapilaDB-PAPILA-9c67b80983805f0f886b068af800ef2b507e7dc0/ExpertsSegmentations/Contours/RET221OD_cup_exp2.txt,0f99979b19a616d32b71d0d3efe35792da70faeb1fda5125f4477384632ffa1a
RET221OS,RET221,data/PAPILA/PapilaDB-PAPILA-9c67b80983805f0f886b068af800ef2b507e7dc0/FundusImages/RET221OS.jpg,0,train,OS,PAPILA/PapilaDB-PAPILA-9c67b80983805f0f886b068af800ef2b507e7dc0/FundusImages/RET221OS.jpg,data/PAPILA/PapilaDB-PAPILA-9c67b80983805f0f886b068af800ef2b507e7dc0/ExpertsSegmentations/Contours/RET221OS_disc_exp1.txt,data/PAPILA/PapilaDB-PAPILA-9c67b80983805f0f886b068af800ef2b507e7dc0/ExpertsSegmentations/Contours/RET221OS_cup_exp1.txt,data/PAPILA/PapilaDB-PAPILA-9c67b80983805f0f886b068af800ef2b507e7dc0/ExpertsSegmentations/Contours/RET221OS_disc_exp2.txt,data/PAPILA/PapilaDB-PAPILA-9c67b80983805f0f886b068af800ef2b507e7dc0/ExpertsSegmentations/Contours/RET221OS_cup_exp2.txt,c07f7abca320fa5b802bd97eae929efbb067e03530511830642c09c1731b1c30
RET222OD,RET222,data/PAPILA/PapilaDB-PAPILA-9c67b80983805f0f886b068af800ef2b507e7dc0/FundusImages/RET222OD.jpg,0,train,OD,PAPILA/PapilaDB-PAPILA-9c67b80983805f0f886b068af800ef2b507e7dc0/FundusImages/RET222OD.jpg,data/PAPILA/PapilaDB-PAPILA-9c67b80983805f0f886b068af800ef2b507e7dc0/ExpertsSegmentations/Contours/RET222OD_disc_exp1.txt,data/PAPILA/PapilaDB-PAPILA-9c67b80983805f0f886b068af800ef2b507e7dc0/ExpertsSegmentations/Contours/RET222OD_cup_exp1.txt,data/PAPILA/PapilaDB-PAPILA-9c67b80983805f0f886b068af800ef2b507e7dc0/ExpertsSegmentations/Contours/RET222OD_disc_exp2.txt,data/PAPILA/PapilaDB-PAPILA-9c67b80983805f0f886b068af800ef2b507e7dc0/ExpertsSegmentations/Contours/RET222OD_cup_exp2.txt,1c1a9288d246042b24e2a410f52d25c558ee7df6b78f71c4cffc882284987cec
RET222OS,RET222,data/PAPILA/PapilaDB-PAPILA-9c67b80983805f0f886b068af800ef2b507e7dc0/FundusImages/RET222OS.jpg,0,train,OS,PAPILA/PapilaDB-PAPILA-9c67b80983805f0f886b068af800ef2b507e7dc0/FundusImages/RET222OS.jpg,data/PAPILA/PapilaDB-PAPILA-9c67b80983805f0f886b068af800ef2b507e7dc0/ExpertsSegmentations/Contours/RET222OS_disc_exp1.txt,data/PAPILA/PapilaDB-PAPILA-9c67b80983805f0f886b068af800ef2b507e7dc0/ExpertsSegmentations/Contours/RET222OS_cup_exp1.txt,data/PAPILA/PapilaDB-PAPILA-9c67b80983805f0f886b068af800ef2b507e7dc0/ExpertsSegmentations/Contours/RET222OS_disc_exp2.txt,data/PAPILA/PapilaDB-PAPILA-9c67b80983805f0f886b068af800ef2b507e7dc0/ExpertsSegmentations/Contours/RET222OS_cup_exp2.txt,4cdb4c8604401002db8a740f08ae1d8e6cebed9218e678e54512785e473b388e
RET223OD,RET223,data/PAPILA/PapilaDB-PAPILA-9c67b80983805f0f886b068af800ef2b507e7dc0/FundusImages/RET223OD.jpg,0,train,OD,PAPILA/PapilaDB-PAPILA-9c67b80983805f0f886b068af800ef2b507e7dc0/FundusImages/RET223OD.jpg,data/PAPILA/PapilaDB-PAPILA-9c67b80983805f0f886b068af800ef2b507e7dc0/ExpertsSegmentations/Contours/RET223OD_disc_exp1.txt,data/PAPILA/PapilaDB-PAPILA-9c67b80983805f0f886b068af800ef2b507e7dc0/ExpertsSegmentations/Contours/RET223OD_cup_exp1.txt,data/PAPILA/PapilaDB-PAPILA-9c67b80983805f0f886b068af800ef2b507e7dc0/ExpertsSegmentations/Contours/RET223OD_disc_exp2.txt,data/PAPILA/PapilaDB-PAPILA-9c67b80983805f0f886b068af800ef2b507e7dc0/ExpertsSegmentations/Contours/RET223OD_cup_exp2.txt,d65e82dedd5a238b4058ae72c0857249d4065f79396bff62fa40dd73b5255595
RET223OS,RET223,data/PAPILA/PapilaDB-PAPILA-9c67b80983805f0f886b068af800ef2b507e7dc0/FundusImages/RET223OS.jpg,0,train,OS,PAPILA/PapilaDB-PAPILA-9c67b80983805f0f886b068af800ef2b507e7dc0/FundusImages/RET223OS.jpg,data/PAPILA/PapilaDB-PAPILA-9c67b80983805f0f886b068af800ef2b507e7dc0/ExpertsSegmentations/Contours/RET223OS_disc_exp1.txt,data/PAPILA/PapilaDB-PAPILA-9c67b80983805f0f886b068af800ef2b507e7dc0/ExpertsSegmentations/Contours/RET223OS_cup_exp1.txt,data/PAPILA/PapilaDB-PAPILA-9c67b80983805f0f886b068af800ef2b507e7dc0/ExpertsSegmentations/Contours/RET223OS_disc_exp2.txt,data/PAPILA/PapilaDB-PAPILA-9c67b80983805f0f886b068af800ef2b507e7dc0/ExpertsSegmentations/Contours/RET223OS_cup_exp2.txt,d1c4efe530e295c0a0c9f005dba6bf0b3b8f6c49b04da551e73110c2426b68dd
RET224OD,RET224,data/PAPILA/PapilaDB-PAPILA-9c67b80983805f0f886b068af800ef2b507e7dc0/FundusImages/RET224OD.jpg,0,val,OD,PAPILA/PapilaDB-PAPILA-9c67b80983805f0f886b068af800ef2b507e7dc0/FundusImages/RET224OD.jpg,data/PAPILA/PapilaDB-PAPILA-9c67b80983805f0f886b068af800ef2b507e7dc0/ExpertsSegmentations/Contours/RET224OD_disc_exp1.txt,data/PAPILA/PapilaDB-PAPILA-9c67b80983805f0f886b068af800ef2b507e7dc0/ExpertsSegmentations/Contours/RET224OD_cup_exp1.txt,data/PAPILA/PapilaDB-PAPILA-9c67b80983805f0f886b068af800ef2b507e7dc0/ExpertsSegmentations/Contours/RET224OD_disc_exp2.txt,data/PAPILA/PapilaDB-PAPILA-9c67b80983805f0f886b068af800ef2b507e7dc0/ExpertsSegmentations/Contours/RET224OD_cup_exp2.txt,463e66157421f455ba21f2cac337acc861ed76d49ffd38b1b22fe26eacc0eb6c
RET224OS,RET224,data/PAPILA/PapilaDB-PAPILA-9c67b80983805f0f886b068af800ef2b507e7dc0/FundusImages/RET224OS.jpg,0,val,OS,PAPILA/PapilaDB-PAPILA-9c67b80983805f0f886b068af800ef2b507e7dc0/FundusImages/RET224OS.jpg,data/PAPILA/PapilaDB-PAPILA-9c67b80983805f0f886b068af800ef2b507e7dc0/ExpertsSegmentations/Contours/RET224OS_disc_exp1.txt,data/PAPILA/PapilaDB-PAPILA-9c67b80983805f0f886b068af800ef2b507e7dc0/ExpertsSegmentations/Contours/RET224OS_cup_exp1.txt,data/PAPILA/PapilaDB-PAPILA-9c67b80983805f0f886b068af800ef2b507e7dc0/ExpertsSegmentations/Contours/RET224OS_disc_exp2.txt,data/PAPILA/PapilaDB-PAPILA-9c67b80983805f0f886b068af800ef2b507e7dc0/ExpertsSegmentations/Contours/RET224OS_cup_exp2.txt,3f1a9fb1df118e9eb1ef0e75a673f80a9dbbf659e8183c23664e01a0177a45b0
RET225OD,RET225,data/PAPILA/PapilaDB-PAPILA-9c67b80983805f0f886b068af800ef2b507e7dc0/FundusImages/RET225OD.jpg,0,train,OD,PAPILA/PapilaDB-PAPILA-9c67b80983805f0f886b068af800ef2b507e7dc0/FundusImages/RET225OD.jpg,data/PAPILA/PapilaDB-PAPILA-9c67b80983805f0f886b068af800ef2b507e7dc0/ExpertsSegmentations/Contours/RET225OD_disc_exp1.txt,data/PAPILA/PapilaDB-PAPILA-9c67b80983805f0f886b068af800ef2b507e7dc0/ExpertsSegmentations/Contours/RET225OD_cup_exp1.txt,data/PAPILA/PapilaDB-PAPILA-9c67b80983805f0f886b068af800ef2b507e7dc0/ExpertsSegmentations/Contours/RET225OD_disc_exp2.txt,data/PAPILA/PapilaDB-PAPILA-9c67b80983805f0f886b068af800ef2b507e7dc0/ExpertsSegmentations/Contours/RET225OD_cup_exp2.txt,c455454c8af8d6d1a3a8e962d7be8c06e41bc3f9971fda29c1ad80ce3219763d
RET225OS,RET225,data/PAPILA/PapilaDB-PAPILA-9c67b80983805f0f886b068af800ef2b507e7dc0/FundusImages/RET225OS.jpg,0,train,OS,PAPILA/PapilaDB-PAPILA-9c67b80983805f0f886b068af800ef2b507e7dc0/FundusImages/RET225OS.jpg,data/PAPILA/PapilaDB-PAPILA-9c67b80983805f0f886b068af800ef2b507e7dc0/ExpertsSegmentations/Contours/RET225OS_disc_exp1.txt,data/PAPILA/PapilaDB-PAPILA-9c67b80983805f0f886b068af800ef2b507e7dc0/ExpertsSegmentations/Contours/RET225OS_cup_exp1.txt,data/PAPILA/PapilaDB-PAPILA-9c67b80983805f0f886b068af800ef2b507e7dc0/ExpertsSegmentations/Contours/RET225OS_disc_exp2.txt,data/PAPILA/PapilaDB-PAPILA-9c67b80983805f0f886b068af800ef2b507e7dc0/ExpertsSegmentations/Contours/RET225OS_cup_exp2.txt,78c49f4d450561ca927aa8baf4e9fbba864730bebf8a303ba452f44d7711da4b
RET227OD,RET227,data/PAPILA/PapilaDB-PAPILA-9c67b80983805f0f886b068af800ef2b507e7dc0/FundusImages/RET227OD.jpg,0,train,OD,PAPILA/PapilaDB-PAPILA-9c67b80983805f0f886b068af800ef2b507e7dc0/FundusImages/RET227OD.jpg,data/PAPILA/PapilaDB-PAPILA-9c67b80983805f0f886b068af800ef2b507e7dc0/ExpertsSegmentations/Contours/RET227OD_disc_exp1.txt,data/PAPILA/PapilaDB-PAPILA-9c67b80983805f0f886b068af800ef2b507e7dc0/ExpertsSegmentations/Contours/RET227OD_cup_exp1.txt,data/PAPILA/PapilaDB-PAPILA-9c67b80983805f0f886b068af800ef2b507e7dc0/ExpertsSegmentations/Contours/RET227OD_disc_exp2.txt,data/PAPILA/PapilaDB-PAPILA-9c67b80983805f0f886b068af800ef2b507e7dc0/ExpertsSegmentations/Contours/RET227OD_cup_exp2.txt,62972f696cc9b8bfbb44edb7bef9a5c399837af510a2b678b257744affcb0909
RET227OS,RET227,data/PAPILA/PapilaDB-PAPILA-9c67b80983805f0f886b068af800ef2b507e7dc0/FundusImages/RET227OS.jpg,0,train,OS,PAPILA/PapilaDB-PAPILA-9c67b80983805f0f886b068af800ef2b507e7dc0/FundusImages/RET227OS.jpg,data/PAPILA/PapilaDB-PAPILA-9c67b80983805f0f886b068af800ef2b507e7dc0/ExpertsSegmentations/Contours/RET227OS_disc_exp1.txt,data/PAPILA/PapilaDB-PAPILA-9c67b80983805f0f886b068af800ef2b507e7dc0/ExpertsSegmentations/Contours/RET227OS_cup_exp1.txt,data/PAPILA/PapilaDB-PAPILA-9c67b80983805f0f886b068af800ef2b507e7dc0/ExpertsSegmentations/Contours/RET227OS_disc_exp2.txt,data/PAPILA/PapilaDB-PAPILA-9c67b80983805f0f886b068af800ef2b507e7dc0/ExpertsSegmentations/Contours/RET227OS_cup_exp2.txt,25630b88883570be17aa796be43eabd002cf1c37e3ebc7a34c7e9e23e60c50eb
RET228OD,RET228,data/PAPILA/PapilaDB-PAPILA-9c67b80983805f0f886b068af800ef2b507e7dc0/FundusImages/RET228OD.jpg,0,train,OD,PAPILA/PapilaDB-PAPILA-9c67b80983805f0f886b068af800ef2b507e7dc0/FundusImages/RET228OD.jpg,data/PAPILA/PapilaDB-PAPILA-9c67b80983805f0f886b068af800ef2b507e7dc0/ExpertsSegmentations/Contours/RET228OD_disc_exp1.txt,data/PAPILA/PapilaDB-PAPILA-9c67b80983805f0f886b068af800ef2b507e7dc0/ExpertsSegmentations/Contours/RET228OD_cup_exp1.txt,data/PAPILA/PapilaDB-PAPILA-9c67b80983805f0f886b068af800ef2b507e7dc0/ExpertsSegmentations/Contours/RET228OD_disc_exp2.txt,data/PAPILA/PapilaDB-PAPILA-9c67b80983805f0f886b068af800ef2b507e7dc0/ExpertsSegmentations/Contours/RET228OD_cup_exp2.txt,079ad6a4bb93c06224b976d4eb20da61e86416fe34d57d1a43835f5389dfd9c0
RET228OS,RET228,data/PAPILA/PapilaDB-PAPILA-9c67b80983805f0f886b068af800ef2b507e7dc0/FundusImages/RET228OS.jpg,0,train,OS,PAPILA/PapilaDB-PAPILA-9c67b80983805f0f886b068af800ef2b507e7dc0/FundusImages/RET228OS.jpg,data/PAPILA/PapilaDB-PAPILA-9c67b80983805f0f886b068af800ef2b507e7dc0/ExpertsSegmentations/Contours/RET228OS_disc_exp1.txt,data/PAPILA/PapilaDB-PAPILA-9c67b80983805f0f886b068af800ef2b507e7dc0/ExpertsSegmentations/Contours/RET228OS_cup_exp1.txt,data/PAPILA/PapilaDB-PAPILA-9c67b80983805f0f886b068af800ef2b507e7dc0/ExpertsSegmentations/Contours/RET228OS_disc_exp2.txt,data/PAPILA/PapilaDB-PAPILA-9c67b80983805f0f886b068af800ef2b507e7dc0/ExpertsSegmentations/Contours/RET228OS_cup_exp2.txt,3c0b33f0d8166ae70a8a4dd8ba2e3c2d5b841cfc31b6c4a5f155ddb05f3f2b92
RET229OD,RET229,data/PAPILA/PapilaDB-PAPILA-9c67b80983805f0f886b068af800ef2b507e7dc0/FundusImages/RET229OD.jpg,0,test,OD,PAPILA/PapilaDB-PAPILA-9c67b80983805f0f886b068af800ef2b507e7dc0/FundusImages/RET229OD.jpg,data/PAPILA/PapilaDB-PAPILA-9c67b80983805f0f886b068af800ef2b507e7dc0/ExpertsSegmentations/Contours/RET229OD_disc_exp1.txt,data/PAPILA/PapilaDB-PAPILA-9c67b80983805f0f886b068af800ef2b507e7dc0/ExpertsSegmentations/Contours/RET229OD_cup_exp1.txt,data/PAPILA/PapilaDB-PAPILA-9c67b80983805f0f886b068af800ef2b507e7dc0/ExpertsSegmentations/Contours/RET229OD_disc_exp2.txt,data/PAPILA/PapilaDB-PAPILA-9c67b80983805f0f886b068af800ef2b507e7dc0/ExpertsSegmentations/Contours/RET229OD_cup_exp2.txt,85091f355adafa1bdc27e9728370bc6dd48d38c8ded74f3d4b814308a8232701
RET229OS,RET229,data/PAPILA/PapilaDB-PAPILA-9c67b80983805f0f886b068af800ef2b507e7dc0/FundusImages/RET229OS.jpg,0,test,OS,PAPILA/PapilaDB-PAPILA-9c67b80983805f0f886b068af800ef2b507e7dc0/FundusImages/RET229OS.jpg,data/PAPILA/PapilaDB-PAPILA-9c67b80983805f0f886b068af800ef2b507e7dc0/ExpertsSegmentations/Contours/RET229OS_disc_exp1.txt,data/PAPILA/PapilaDB-PAPILA-9c67b80983805f0f886b068af800ef2b507e7dc0/ExpertsSegmentations/Contours/RET229OS_cup_exp1.txt,data/PAPILA/PapilaDB-PAPILA-9c67b80983805f0f886b068af800ef2b507e7dc0/ExpertsSegmentations/Contours/RET229OS_disc_exp2.txt,data/PAPILA/PapilaDB-PAPILA-9c67b80983805f0f886b068af800ef2b507e7dc0/ExpertsSegmentations/Contours/RET229OS_cup_exp2.txt,2f22162095afa43d8d3a6beeb07a4eb92d87fbeb00f082857533a68d74ac2690
RET230OD,RET230,data/PAPILA/PapilaDB-PAPILA-9c67b80983805f0f886b068af800ef2b507e7dc0/FundusImages/RET230OD.jpg,0,test,OD,PAPILA/PapilaDB-PAPILA-9c67b80983805f0f886b068af800ef2b507e7dc0/FundusImages/RET230OD.jpg,data/PAPILA/PapilaDB-PAPILA-9c67b80983805f0f886b068af800ef2b507e7dc0/ExpertsSegmentations/Contours/RET230OD_disc_exp1.txt,data/PAPILA/PapilaDB-PAPILA-9c67b80983805f0f886b068af800ef2b507e7dc0/ExpertsSegmentations/Contours/RET230OD_cup_exp1.txt,data/PAPILA/PapilaDB-PAPILA-9c67b80983805f0f886b068af800ef2b507e7dc0/ExpertsSegmentations/Contours/RET230OD_disc_exp2.txt,data/PAPILA/PapilaDB-PAPILA-9c67b80983805f0f886b068af800ef2b507e7dc0/ExpertsSegmentations/Contours/RET230OD_cup_exp2.txt,5ac06af2ac82ca2d5b22d83eb9895f8c853e2d103c384e120d80d4558deaaf25
RET230OS,RET230,data/PAPILA/PapilaDB-PAPILA-9c67b80983805f0f886b068af800ef2b507e7dc0/FundusImages/RET230OS.jpg,0,test,OS,PAPILA/PapilaDB-PAPILA-9c67b80983805f0f886b068af800ef2b507e7dc0/FundusImages/RET230OS.jpg,data/PAPILA/PapilaDB-PAPILA-9c67b80983805f0f886b068af800ef2b507e7dc0/ExpertsSegmentations/Contours/RET230OS_disc_exp1.txt,data/PAPILA/PapilaDB-PAPILA-9c67b80983805f0f886b068af800ef2b507e7dc0/ExpertsSegmentations/Contours/RET230OS_cup_exp1.txt,data/PAPILA/PapilaDB-PAPILA-9c67b80983805f0f886b068af800ef2b507e7dc0/ExpertsSegmentations/Contours/RET230OS_disc_exp2.txt,data/PAPILA/PapilaDB-PAPILA-9c67b80983805f0f886b068af800ef2b507e7dc0/ExpertsSegmentations/Contours/RET230OS_cup_exp2.txt,acdebdb0391535e276087aaa73c91bea63d9fcb3ad2ac00cbbf7ab179fb67ef0
RET231OD,RET231,data/PAPILA/PapilaDB-PAPILA-9c67b80983805f0f886b068af800ef2b507e7dc0/FundusImages/RET231OD.jpg,0,train,OD,PAPILA/PapilaDB-PAPILA-9c67b80983805f0f886b068af800ef2b507e7dc0/FundusImages/RET231OD.jpg,data/PAPILA/PapilaDB-PAPILA-9c67b80983805f0f886b068af800ef2b507e7dc0/ExpertsSegmentations/Contours/RET231OD_disc_exp1.txt,data/PAPILA/PapilaDB-PAPILA-9c67b80983805f0f886b068af800ef2b507e7dc0/ExpertsSegmentations/Contours/RET231OD_cup_exp1.txt,data/PAPILA/PapilaDB-PAPILA-9c67b80983805f0f886b068af800ef2b507e7dc0/ExpertsSegmentations/Contours/RET231OD_disc_exp2.txt,data/PAPILA/PapilaDB-PAPILA-9c67b80983805f0f886b068af800ef2b507e7dc0/ExpertsSegmentations/Contours/RET231OD_cup_exp2.txt,0f57c23dcb30c6f1032b686fd68d71dccd0686d868234d87a326a840a452b5ce
RET231OS,RET231,data/PAPILA/PapilaDB-PAPILA-9c67b80983805f0f886b068af800ef2b507e7dc0/FundusImages/RET231OS.jpg,0,train,OS,PAPILA/PapilaDB-PAPILA-9c67b80983805f0f886b068af800ef2b507e7dc0/FundusImages/RET231OS.jpg,data/PAPILA/PapilaDB-PAPILA-9c67b80983805f0f886b068af800ef2b507e7dc0/ExpertsSegmentations/Contours/RET231OS_disc_exp1.txt,data/PAPILA/PapilaDB-PAPILA-9c67b80983805f0f886b068af800ef2b507e7dc0/ExpertsSegmentations/Contours/RET231OS_cup_exp1.txt,data/PAPILA/PapilaDB-PAPILA-9c67b80983805f0f886b068af800ef2b507e7dc0/ExpertsSegmentations/Contours/RET231OS_disc_exp2.txt,data/PAPILA/PapilaDB-PAPILA-9c67b80983805f0f886b068af800ef2b507e7dc0/ExpertsSegmentations/Contours/RET231OS_cup_exp2.txt,90d487e750acb0c92d14f4d416f175ca44e56e9cf23b9aef7f8d14839ed93984
RET232OD,RET232,data/PAPILA/PapilaDB-PAPILA-9c67b80983805f0f886b068af800ef2b507e7dc0/FundusImages/RET232OD.jpg,0,train,OD,PAPILA/PapilaDB-PAPILA-9c67b80983805f0f886b068af800ef2b507e7dc0/FundusImages/RET232OD.jpg,data/PAPILA/PapilaDB-PAPILA-9c67b80983805f0f886b068af800ef2b507e7dc0/ExpertsSegmentations/Contours/RET232OD_disc_exp1.txt,data/PAPILA/PapilaDB-PAPILA-9c67b80983805f0f886b068af800ef2b507e7dc0/ExpertsSegmentations/Contours/RET232OD_cup_exp1.txt,data/PAPILA/PapilaDB-PAPILA-9c67b80983805f0f886b068af800ef2b507e7dc0/ExpertsSegmentations/Contours/RET232OD_disc_exp2.txt,data/PAPILA/PapilaDB-PAPILA-9c67b80983805f0f886b068af800ef2b507e7dc0/ExpertsSegmentations/Contours/RET232OD_cup_exp2.txt,6d70ebd6f5856dd07e32d0a4d153ba4310d8ea37f8e289762bf1067261d4d764
RET232OS,RET232,data/PAPILA/PapilaDB-PAPILA-9c67b80983805f0f886b068af800ef2b507e7dc0/FundusImages/RET232OS.jpg,0,train,OS,PAPILA/PapilaDB-PAPILA-9c67b80983805f0f886b068af800ef2b507e7dc0/FundusImages/RET232OS.jpg,data/PAPILA/PapilaDB-PAPILA-9c67b80983805f0f886b068af800ef2b507e7dc0/ExpertsSegmentations/Contours/RET232OS_disc_exp1.txt,data/PAPILA/PapilaDB-PAPILA-9c67b80983805f0f886b068af800ef2b507e7dc0/ExpertsSegmentations/Contours/RET232OS_cup_exp1.txt,data/PAPILA/PapilaDB-PAPILA-9c67b80983805f0f886b068af800ef2b507e7dc0/ExpertsSegmentations/Contours/RET232OS_disc_exp2.txt,data/PAPILA/PapilaDB-PAPILA-9c67b80983805f0f886b068af800ef2b507e7dc0/ExpertsSegmentations/Contours/RET232OS_cup_exp2.txt,fa198b505aa2b9677f685cdf0b974808964b56c1b5f3e6026c863217d0f06010
RET233OD,RET233,data/PAPILA/PapilaDB-PAPILA-9c67b80983805f0f886b068af800ef2b507e7dc0/FundusImages/RET233OD.jpg,1,test,OD,PAPILA/PapilaDB-PAPILA-9c67b80983805f0f886b068af800ef2b507e7dc0/FundusImages/RET233OD.jpg,data/PAPILA/PapilaDB-PAPILA-9c67b80983805f0f886b068af800ef2b507e7dc0/ExpertsSegmentations/Contours/RET233OD_disc_exp1.txt,data/PAPILA/PapilaDB-PAPILA-9c67b80983805f0f886b068af800ef2b507e7dc0/ExpertsSegmentations/Contours/RET233OD_cup_exp1.txt,data/PAPILA/PapilaDB-PAPILA-9c67b80983805f0f886b068af800ef2b507e7dc0/ExpertsSegmentations/Contours/RET233OD_disc_exp2.txt,data/PAPILA/PapilaDB-PAPILA-9c67b80983805f0f886b068af800ef2b507e7dc0/ExpertsSegmentations/Contours/RET233OD_cup_exp2.txt,e95faf9449be3cd448c9f0d8f2e4f75a3fc01caef1cb87075c9758b3cb88cf1c
RET233OS,RET233,data/PAPILA/PapilaDB-PAPILA-9c67b80983805f0f886b068af800ef2b507e7dc0/FundusImages/RET233OS.jpg,1,test,OS,PAPILA/PapilaDB-PAPILA-9c67b80983805f0f886b068af800ef2b507e7dc0/FundusImages/RET233OS.jpg,data/PAPILA/PapilaDB-PAPILA-9c67b80983805f0f886b068af800ef2b507e7dc0/ExpertsSegmentations/Contours/RET233OS_disc_exp1.txt,data/PAPILA/PapilaDB-PAPILA-9c67b80983805f0f886b068af800ef2b507e7dc0/ExpertsSegmentations/Contours/RET233OS_cup_exp1.txt,data/PAPILA/PapilaDB-PAPILA-9c67b80983805f0f886b068af800ef2b507e7dc0/ExpertsSegmentations/Contours/RET233OS_disc_exp2.txt,data/PAPILA/PapilaDB-PAPILA-9c67b80983805f0f886b068af800ef2b507e7dc0/ExpertsSegmentations/Contours/RET233OS_cup_exp2.txt,7b859238484c833a1677898b3eba79074d7bf4bf3d2cc700015987cbd7586820
RET234OD,RET234,data/PAPILA/PapilaDB-PAPILA-9c67b80983805f0f886b068af800ef2b507e7dc0/FundusImages/RET234OD.jpg,0,train,OD,PAPILA/PapilaDB-PAPILA-9c67b80983805f0f886b068af800ef2b507e7dc0/FundusImages/RET234OD.jpg,data/PAPILA/PapilaDB-PAPILA-9c67b80983805f0f886b068af800ef2b507e7dc0/ExpertsSegmentations/Contours/RET234OD_disc_exp1.txt,data/PAPILA/PapilaDB-PAPILA-9c67b80983805f0f886b068af800ef2b507e7dc0/ExpertsSegmentations/Contours/RET234OD_cup_exp1.txt,data/PAPILA/PapilaDB-PAPILA-9c67b80983805f0f886b068af800ef2b507e7dc0/ExpertsSegmentations/Contours/RET234OD_disc_exp2.txt,data/PAPILA/PapilaDB-PAPILA-9c67b80983805f0f886b068af800ef2b507e7dc0/ExpertsSegmentations/Contours/RET234OD_cup_exp2.txt,5a6e6671989a293a09962c83458c7ce3f33084d3292a5ac2b0fe710773a5be0e
RET234OS,RET234,data/PAPILA/PapilaDB-PAPILA-9c67b80983805f0f886b068af800ef2b507e7dc0/FundusImages/RET234OS.jpg,0,train,OS,PAPILA/PapilaDB-PAPILA-9c67b80983805f0f886b068af800ef2b507e7dc0/FundusImages/RET234OS.jpg,data/PAPILA/PapilaDB-PAPILA-9c67b80983805f0f886b068af800ef2b507e7dc0/ExpertsSegmentations/Contours/RET234OS_disc_exp1.txt,data/PAPILA/PapilaDB-PAPILA-9c67b80983805f0f886b068af800ef2b507e7dc0/ExpertsSegmentations/Contours/RET234OS_cup_exp1.txt,data/PAPILA/PapilaDB-PAPILA-9c67b80983805f0f886b068af800ef2b507e7dc0/ExpertsSegmentations/Contours/RET234OS_disc_exp2.txt,data/PAPILA/PapilaDB-PAPILA-9c67b80983805f0f886b068af800ef2b507e7dc0/ExpertsSegmentations/Contours/RET234OS_cup_exp2.txt,3167d48f6f9766c32c357bc20b5b887ad7e6d62f2636f276a36836f6950db631
RET235OD,RET235,data/PAPILA/PapilaDB-PAPILA-9c67b80983805f0f886b068af800ef2b507e7dc0/FundusImages/RET235OD.jpg,0,train,OD,PAPILA/PapilaDB-PAPILA-9c67b80983805f0f886b068af800ef2b507e7dc0/FundusImages/RET235OD.jpg,data/PAPILA/PapilaDB-PAPILA-9c67b80983805f0f886b068af800ef2b507e7dc0/ExpertsSegmentations/Contours/RET235OD_disc_exp1.txt,data/PAPILA/PapilaDB-PAPILA-9c67b80983805f0f886b068af800ef2b507e7dc0/ExpertsSegmentations/Contours/RET235OD_cup_exp1.txt,data/PAPILA/PapilaDB-PAPILA-9c67b80983805f0f886b068af800ef2b507e7dc0/ExpertsSegmentations/Contours/RET235OD_disc_exp2.txt,data/PAPILA/PapilaDB-PAPILA-9c67b80983805f0f886b068af800ef2b507e7dc0/ExpertsSegmentations/Contours/RET235OD_cup_exp2.txt,28042dc40e937a8076622f00d1bc4e65594736c81522c800b893c9ded749413a
RET235OS,RET235,data/PAPILA/PapilaDB-PAPILA-9c67b80983805f0f886b068af800ef2b507e7dc0/FundusImages/RET235OS.jpg,0,train,OS,PAPILA/PapilaDB-PAPILA-9c67b80983805f0f886b068af800ef2b507e7dc0/FundusImages/RET235OS.jpg,data/PAPILA/PapilaDB-PAPILA-9c67b80983805f0f886b068af800ef2b507e7dc0/ExpertsSegmentations/Contours/RET235OS_disc_exp1.txt,data/PAPILA/PapilaDB-PAPILA-9c67b80983805f0f886b068af800ef2b507e7dc0/ExpertsSegmentations/Contours/RET235OS_cup_exp1.txt,data/PAPILA/PapilaDB-PAPILA-9c67b80983805f0f886b068af800ef2b507e7dc0/ExpertsSegmentations/Contours/RET235OS_disc_exp2.txt,data/PAPILA/PapilaDB-PAPILA-9c67b80983805f0f886b068af800ef2b507e7dc0/ExpertsSegmentations/Contours/RET235OS_cup_exp2.txt,3216f95801cb010891c9d58288d25805849bcebfe9ca5f4ea4027584aa06a093
RET236OD,RET236,data/PAPILA/PapilaDB-PAPILA-9c67b80983805f0f886b068af800ef2b507e7dc0/FundusImages/RET236OD.jpg,0,train,OD,PAPILA/PapilaDB-PAPILA-9c67b80983805f0f886b068af800ef2b507e7dc0/FundusImages/RET236OD.jpg,data/PAPILA/PapilaDB-PAPILA-9c67b80983805f0f886b068af800ef2b507e7dc0/ExpertsSegmentations/Contours/RET236OD_disc_exp1.txt,data/PAPILA/PapilaDB-PAPILA-9c67b80983805f0f886b068af800ef2b507e7dc0/ExpertsSegmentations/Contours/RET236OD_cup_exp1.txt,data/PAPILA/PapilaDB-PAPILA-9c67b80983805f0f886b068af800ef2b507e7dc0/ExpertsSegmentations/Contours/RET236OD_disc_exp2.txt,data/PAPILA/PapilaDB-PAPILA-9c67b80983805f0f886b068af800ef2b507e7dc0/ExpertsSegmentations/Contours/RET236OD_cup_exp2.txt,84ccae0fe9789d691d5f60e2052d44f465da2c131f5fcb40397ce33d7958a95f
RET236OS,RET236,data/PAPILA/PapilaDB-PAPILA-9c67b80983805f0f886b068af800ef2b507e7dc0/FundusImages/RET236OS.jpg,0,train,OS,PAPILA/PapilaDB-PAPILA-9c67b80983805f0f886b068af800ef2b507e7dc0/FundusImages/RET236OS.jpg,data/PAPILA/PapilaDB-PAPILA-9c67b80983805f0f886b068af800ef2b507e7dc0/ExpertsSegmentations/Contours/RET236OS_disc_exp1.txt,data/PAPILA/PapilaDB-PAPILA-9c67b80983805f0f886b068af800ef2b507e7dc0/ExpertsSegmentations/Contours/RET236OS_cup_exp1.txt,data/PAPILA/PapilaDB-PAPILA-9c67b80983805f0f886b068af800ef2b507e7dc0/ExpertsSegmentations/Contours/RET236OS_disc_exp2.txt,data/PAPILA/PapilaDB-PAPILA-9c67b80983805f0f886b068af800ef2b507e7dc0/ExpertsSegmentations/Contours/RET236OS_cup_exp2.txt,1c9bbc12a17baf5f48dca5b8bcef4f5f312f71897b45c404140a05c72d0b4855
RET237OD,RET237,data/PAPILA/PapilaDB-PAPILA-9c67b80983805f0f886b068af800ef2b507e7dc0/FundusImages/RET237OD.jpg,0,test,OD,PAPILA/PapilaDB-PAPILA-9c67b80983805f0f886b068af800ef2b507e7dc0/FundusImages/RET237OD.jpg,data/PAPILA/PapilaDB-PAPILA-9c67b80983805f0f886b068af800ef2b507e7dc0/ExpertsSegmentations/Contours/RET237OD_disc_exp1.txt,data/PAPILA/PapilaDB-PAPILA-9c67b80983805f0f886b068af800ef2b507e7dc0/ExpertsSegmentations/Contours/RET237OD_cup_exp1.txt,data/PAPILA/PapilaDB-PAPILA-9c67b80983805f0f886b068af800ef2b507e7dc0/ExpertsSegmentations/Contours/RET237OD_disc_exp2.txt,data/PAPILA/PapilaDB-PAPILA-9c67b80983805f0f886b068af800ef2b507e7dc0/ExpertsSegmentations/Contours/RET237OD_cup_exp2.txt,e072891b488dc1069c8963466041bbe82b3c5ac56404bf4598f185ecd2c965e5
RET237OS,RET237,data/PAPILA/PapilaDB-PAPILA-9c67b80983805f0f886b068af800ef2b507e7dc0/FundusImages/RET237OS.jpg,0,test,OS,PAPILA/PapilaDB-PAPILA-9c67b80983805f0f886b068af800ef2b507e7dc0/FundusImages/RET237OS.jpg,data/PAPILA/PapilaDB-PAPILA-9c67b80983805f0f886b068af800ef2b507e7dc0/ExpertsSegmentations/Contours/RET237OS_disc_exp1.txt,data/PAPILA/PapilaDB-PAPILA-9c67b80983805f0f886b068af800ef2b507e7dc0/ExpertsSegmentations/Contours/RET237OS_cup_exp1.txt,data/PAPILA/PapilaDB-PAPILA-9c67b80983805f0f886b068af800ef2b507e7dc0/ExpertsSegmentations/Contours/RET237OS_disc_exp2.txt,data/PAPILA/PapilaDB-PAPILA-9c67b80983805f0f886b068af800ef2b507e7dc0/ExpertsSegmentations/Contours/RET237OS_cup_exp2.txt,13ab736693a354ae1213a79b51ae5898dca79fb5c00737a21276972baa6ec253
RET238OD,RET238,data/PAPILA/PapilaDB-PAPILA-9c67b80983805f0f886b068af800ef2b507e7dc0/FundusImages/RET238OD.jpg,0,train,OD,PAPILA/PapilaDB-PAPILA-9c67b80983805f0f886b068af800ef2b507e7dc0/FundusImages/RET238OD.jpg,data/PAPILA/PapilaDB-PAPILA-9c67b80983805f0f886b068af800ef2b507e7dc0/ExpertsSegmentations/Contours/RET238OD_disc_exp1.txt,data/PAPILA/PapilaDB-PAPILA-9c67b80983805f0f886b068af800ef2b507e7dc0/ExpertsSegmentations/Contours/RET238OD_cup_exp1.txt,data/PAPILA/PapilaDB-PAPILA-9c67b80983805f0f886b068af800ef2b507e7dc0/ExpertsSegmentations/Contours/RET238OD_disc_exp2.txt,data/PAPILA/PapilaDB-PAPILA-9c67b80983805f0f886b068af800ef2b507e7dc0/ExpertsSegmentations/Contours/RET238OD_cup_exp2.txt,0341a4d564a0f8ae6901ecf2481c11d17d7f09892b2235b9260291247b1a0aec
RET238OS,RET238,data/PAPILA/PapilaDB-PAPILA-9c67b80983805f0f886b068af800ef2b507e7dc0/FundusImages/RET238OS.jpg,0,train,OS,PAPILA/PapilaDB-PAPILA-9c67b80983805f0f886b068af800ef2b507e7dc0/FundusImages/RET238OS.jpg,data/PAPILA/PapilaDB-PAPILA-9c67b80983805f0f886b068af800ef2b507e7dc0/ExpertsSegmentations/Contours/RET238OS_disc_exp1.txt,data/PAPILA/PapilaDB-PAPILA-9c67b80983805f0f886b068af800ef2b507e7dc0/ExpertsSegmentations/Contours/RET238OS_cup_exp1.txt,data/PAPILA/PapilaDB-PAPILA-9c67b80983805f0f886b068af800ef2b507e7dc0/ExpertsSegmentations/Contours/RET238OS_disc_exp2.txt,data/PAPILA/PapilaDB-PAPILA-9c67b80983805f0f886b068af800ef2b507e7dc0/ExpertsSegmentations/Contours/RET238OS_cup_exp2.txt,b5368a4ef8c6381d4d52cedcaeb28c6f2ba4caf694ada31b0db0753bcf9c005c
RET239OD,RET239,data/PAPILA/PapilaDB-PAPILA-9c67b80983805f0f886b068af800ef2b507e7dc0/FundusImages/RET239OD.jpg,0,train,OD,PAPILA/PapilaDB-PAPILA-9c67b80983805f0f886b068af800ef2b507e7dc0/FundusImages/RET239OD.jpg,data/PAPILA/PapilaDB-PAPILA-9c67b80983805f0f886b068af800ef2b507e7dc0/ExpertsSegmentations/Contours/RET239OD_disc_exp1.txt,data/PAPILA/PapilaDB-PAPILA-9c67b80983805f0f886b068af800ef2b507e7dc0/ExpertsSegmentations/Contours/RET239OD_cup_exp1.txt,data/PAPILA/PapilaDB-PAPILA-9c67b80983805f0f886b068af800ef2b507e7dc0/ExpertsSegmentations/Contours/RET239OD_disc_exp2.txt,data/PAPILA/PapilaDB-PAPILA-9c67b80983805f0f886b068af800ef2b507e7dc0/ExpertsSegmentations/Contours/RET239OD_cup_exp2.txt,4c322fb82e377c9dc14716705ef519774942edf90a9371cf2e966e574bb037d1
RET239OS,RET239,data/PAPILA/PapilaDB-PAPILA-9c67b80983805f0f886b068af800ef2b507e7dc0/FundusImages/RET239OS.jpg,0,train,OS,PAPILA/PapilaDB-PAPILA-9c67b80983805f0f886b068af800ef2b507e7dc0/FundusImages/RET239OS.jpg,data/PAPILA/PapilaDB-PAPILA-9c67b80983805f0f886b068af800ef2b507e7dc0/ExpertsSegmentations/Contours/RET239OS_disc_exp1.txt,data/PAPILA/PapilaDB-PAPILA-9c67b80983805f0f886b068af800ef2b507e7dc0/ExpertsSegmentations/Contours/RET239OS_cup_exp1.txt,data/PAPILA/PapilaDB-PAPILA-9c67b80983805f0f886b068af800ef2b507e7dc0/ExpertsSegmentations/Contours/RET239OS_disc_exp2.txt,data/PAPILA/PapilaDB-PAPILA-9c67b80983805f0f886b068af800ef2b507e7dc0/ExpertsSegmentations/Contours/RET239OS_cup_exp2.txt,c82c4b3798fb7d8cb89715567cd338959fe4267766abb05fe52f53a3bbf67830
RET240OD,RET240,data/PAPILA/PapilaDB-PAPILA-9c67b80983805f0f886b068af800ef2b507e7dc0/FundusImages/RET240OD.jpg,0,train,OD,PAPILA/PapilaDB-PAPILA-9c67b80983805f0f886b068af800ef2b507e7dc0/FundusImages/RET240OD.jpg,data/PAPILA/PapilaDB-PAPILA-9c67b80983805f0f886b068af800ef2b507e7dc0/ExpertsSegmentations/Contours/RET240OD_disc_exp1.txt,data/PAPILA/PapilaDB-PAPILA-9c67b80983805f0f886b068af800ef2b507e7dc0/ExpertsSegmentations/Contours/RET240OD_cup_exp1.txt,data/PAPILA/PapilaDB-PAPILA-9c67b80983805f0f886b068af800ef2b507e7dc0/ExpertsSegmentations/Contours/RET240OD_disc_exp2.txt,data/PAPILA/PapilaDB-PAPILA-9c67b80983805f0f886b068af800ef2b507e7dc0/ExpertsSegmentations/Contours/RET240OD_cup_exp2.txt,6bad908f3af3e3ef56b44b18ff04e49d10502173d664ad804fbc8012e3042591
RET240OS,RET240,data/PAPILA/PapilaDB-PAPILA-9c67b80983805f0f886b068af800ef2b507e7dc0/FundusImages/RET240OS.jpg,0,train,OS,PAPILA/PapilaDB-PAPILA-9c67b80983805f0f886b068af800ef2b507e7dc0/FundusImages/RET240OS.jpg,data/PAPILA/PapilaDB-PAPILA-9c67b80983805f0f886b068af800ef2b507e7dc0/ExpertsSegmentations/Contours/RET240OS_disc_exp1.txt,data/PAPILA/PapilaDB-PAPILA-9c67b80983805f0f886b068af800ef2b507e7dc0/ExpertsSegmentations/Contours/RET240OS_cup_exp1.txt,data/PAPILA/PapilaDB-PAPILA-9c67b80983805f0f886b068af800ef2b507e7dc0/ExpertsSegmentations/Contours/RET240OS_disc_exp2.txt,data/PAPILA/PapilaDB-PAPILA-9c67b80983805f0f886b068af800ef2b507e7dc0/ExpertsSegmentations/Contours/RET240OS_cup_exp2.txt,79af8987878cfa3f58f07d98dd6c97a85df8600a2cf52dd438d033b31c3acc7a
RET241OD,RET241,data/PAPILA/PapilaDB-PAPILA-9c67b80983805f0f886b068af800ef2b507e7dc0/FundusImages/RET241OD.jpg,0,train,OD,PAPILA/PapilaDB-PAPILA-9c67b80983805f0f886b068af800ef2b507e7dc0/FundusImages/RET241OD.jpg,data/PAPILA/PapilaDB-PAPILA-9c67b80983805f0f886b068af800ef2b507e7dc0/ExpertsSegmentations/Contours/RET241OD_disc_exp1.txt,data/PAPILA/PapilaDB-PAPILA-9c67b80983805f0f886b068af800ef2b507e7dc0/ExpertsSegmentations/Contours/RET241OD_cup_exp1.txt,data/PAPILA/PapilaDB-PAPILA-9c67b80983805f0f886b068af800ef2b507e7dc0/ExpertsSegmentations/Contours/RET241OD_disc_exp2.txt,data/PAPILA/PapilaDB-PAPILA-9c67b80983805f0f886b068af800ef2b507e7dc0/ExpertsSegmentations/Contours/RET241OD_cup_exp2.txt,1837efbccdc7f1e0af65e57f2173130dac5dc24b214ebbfaf7297ca2000741d0
RET241OS,RET241,data/PAPILA/PapilaDB-PAPILA-9c67b80983805f0f886b068af800ef2b507e7dc0/FundusImages/RET241OS.jpg,0,train,OS,PAPILA/PapilaDB-PAPILA-9c67b80983805f0f886b068af800ef2b507e7dc0/FundusImages/RET241OS.jpg,data/PAPILA/PapilaDB-PAPILA-9c67b80983805f0f886b068af800ef2b507e7dc0/ExpertsSegmentations/Contours/RET241OS_disc_exp1.txt,data/PAPILA/PapilaDB-PAPILA-9c67b80983805f0f886b068af800ef2b507e7dc0/ExpertsSegmentations/Contours/RET241OS_cup_exp1.txt,data/PAPILA/PapilaDB-PAPILA-9c67b80983805f0f886b068af800ef2b507e7dc0/ExpertsSegmentations/Contours/RET241OS_disc_exp2.txt,data/PAPILA/PapilaDB-PAPILA-9c67b80983805f0f886b068af800ef2b507e7dc0/ExpertsSegmentations/Contours/RET241OS_cup_exp2.txt,f6c9e49a12a24dc43ec82831504e6b13183c2dc402f00c0094af354f4f6b8c89
RET242OD,RET242,data/PAPILA/PapilaDB-PAPILA-9c67b80983805f0f886b068af800ef2b507e7dc0/FundusImages/RET242OD.jpg,0,train,OD,PAPILA/PapilaDB-PAPILA-9c67b80983805f0f886b068af800ef2b507e7dc0/FundusImages/RET242OD.jpg,data/PAPILA/PapilaDB-PAPILA-9c67b80983805f0f886b068af800ef2b507e7dc0/ExpertsSegmentations/Contours/RET242OD_disc_exp1.txt,data/PAPILA/PapilaDB-PAPILA-9c67b80983805f0f886b068af800ef2b507e7dc0/ExpertsSegmentations/Contours/RET242OD_cup_exp1.txt,data/PAPILA/PapilaDB-PAPILA-9c67b80983805f0f886b068af800ef2b507e7dc0/ExpertsSegmentations/Contours/RET242OD_disc_exp2.txt,data/PAPILA/PapilaDB-PAPILA-9c67b80983805f0f886b068af800ef2b507e7dc0/ExpertsSegmentations/Contours/RET242OD_cup_exp2.txt,27e0527eec727ad3223732e793dacc816266a3e0383de99c0377ef8208f24ff1
RET242OS,RET242,data/PAPILA/PapilaDB-PAPILA-9c67b80983805f0f886b068af800ef2b507e7dc0/FundusImages/RET242OS.jpg,0,train,OS,PAPILA/PapilaDB-PAPILA-9c67b80983805f0f886b068af800ef2b507e7dc0/FundusImages/RET242OS.jpg,data/PAPILA/PapilaDB-PAPILA-9c67b80983805f0f886b068af800ef2b507e7dc0/ExpertsSegmentations/Contours/RET242OS_disc_exp1.txt,data/PAPILA/PapilaDB-PAPILA-9c67b80983805f0f886b068af800ef2b507e7dc0/ExpertsSegmentations/Contours/RET242OS_cup_exp1.txt,data/PAPILA/PapilaDB-PAPILA-9c67b80983805f0f886b068af800ef2b507e7dc0/ExpertsSegmentations/Contours/RET242OS_disc_exp2.txt,data/PAPILA/PapilaDB-PAPILA-9c67b80983805f0f886b068af800ef2b507e7dc0/ExpertsSegmentations/Contours/RET242OS_cup_exp2.txt,5761fead237012660f9cd8952b2d2bb15cf79278a561165a87515cb796f5d036
RET243OD,RET243,data/PAPILA/PapilaDB-PAPILA-9c67b80983805f0f886b068af800ef2b507e7dc0/FundusImages/RET243OD.jpg,0,train,OD,PAPILA/PapilaDB-PAPILA-9c67b80983805f0f886b068af800ef2b507e7dc0/FundusImages/RET243OD.jpg,data/PAPILA/PapilaDB-PAPILA-9c67b80983805f0f886b068af800ef2b507e7dc0/ExpertsSegmentations/Contours/RET243OD_disc_exp1.txt,data/PAPILA/PapilaDB-PAPILA-9c67b80983805f0f886b068af800ef2b507e7dc0/ExpertsSegmentations/Contours/RET243OD_cup_exp1.txt,data/PAPILA/PapilaDB-PAPILA-9c67b80983805f0f886b068af800ef2b507e7dc0/ExpertsSegmentations/Contours/RET243OD_disc_exp2.txt,data/PAPILA/PapilaDB-PAPILA-9c67b80983805f0f886b068af800ef2b507e7dc0/ExpertsSegmentations/Contours/RET243OD_cup_exp2.txt,cc82d599f4135aa7d1e6911385cb86b82d6d14e2991fbe1acfb6cdec1e9296e1
RET243OS,RET243,data/PAPILA/PapilaDB-PAPILA-9c67b80983805f0f886b068af800ef2b507e7dc0/FundusImages/RET243OS.jpg,0,train,OS,PAPILA/PapilaDB-PAPILA-9c67b80983805f0f886b068af800ef2b507e7dc0/FundusImages/RET243OS.jpg,data/PAPILA/PapilaDB-PAPILA-9c67b80983805f0f886b068af800ef2b507e7dc0/ExpertsSegmentations/Contours/RET243OS_disc_exp1.txt,data/PAPILA/PapilaDB-PAPILA-9c67b80983805f0f886b068af800ef2b507e7dc0/ExpertsSegmentations/Contours/RET243OS_cup_exp1.txt,data/PAPILA/PapilaDB-PAPILA-9c67b80983805f0f886b068af800ef2b507e7dc0/ExpertsSegmentations/Contours/RET243OS_disc_exp2.txt,data/PAPILA/PapilaDB-PAPILA-9c67b80983805f0f886b068af800ef2b507e7dc0/ExpertsSegmentations/Contours/RET243OS_cup_exp2.txt,fe4d5988a50d9d110452700177f230f710ed623c0833b7f1e2346994c5a39d84
RET244OD,RET244,data/PAPILA/PapilaDB-PAPILA-9c67b80983805f0f886b068af800ef2b507e7dc0/FundusImages/RET244OD.jpg,0,train,OD,PAPILA/PapilaDB-PAPILA-9c67b80983805f0f886b068af800ef2b507e7dc0/FundusImages/RET244OD.jpg,data/PAPILA/PapilaDB-PAPILA-9c67b80983805f0f886b068af800ef2b507e7dc0/ExpertsSegmentations/Contours/RET244OD_disc_exp1.txt,data/PAPILA/PapilaDB-PAPILA-9c67b80983805f0f886b068af800ef2b507e7dc0/ExpertsSegmentations/Contours/RET244OD_cup_exp1.txt,data/PAPILA/PapilaDB-PAPILA-9c67b80983805f0f886b068af800ef2b507e7dc0/ExpertsSegmentations/Contours/RET244OD_disc_exp2.txt,data/PAPILA/PapilaDB-PAPILA-9c67b80983805f0f886b068af800ef2b507e7dc0/ExpertsSegmentations/Contours/RET244OD_cup_exp2.txt,c1f0b9365382257b5fd539f92b7fb92c6fc00e6c0929a1d19a67344641496484
RET244OS,RET244,data/PAPILA/PapilaDB-PAPILA-9c67b80983805f0f886b068af800ef2b507e7dc0/FundusImages/RET244OS.jpg,0,train,OS,PAPILA/PapilaDB-PAPILA-9c67b80983805f0f886b068af800ef2b507e7dc0/FundusImages/RET244OS.jpg,data/PAPILA/PapilaDB-PAPILA-9c67b80983805f0f886b068af800ef2b507e7dc0/ExpertsSegmentations/Contours/RET244OS_disc_exp1.txt,data/PAPILA/PapilaDB-PAPILA-9c67b80983805f0f886b068af800ef2b507e7dc0/ExpertsSegmentations/Contours/RET244OS_cup_exp1.txt,data/PAPILA/PapilaDB-PAPILA-9c67b80983805f0f886b068af800ef2b507e7dc0/ExpertsSegmentations/Contours/RET244OS_disc_exp2.txt,data/PAPILA/PapilaDB-PAPILA-9c67b80983805f0f886b068af800ef2b507e7dc0/ExpertsSegmentations/Contours/RET244OS_cup_exp2.txt,6121f0f261e024dc04539cf0634b904251e367405ceee83e2b9a7b7aa17db42e
RET245OD,RET245,data/PAPILA/PapilaDB-PAPILA-9c67b80983805f0f886b068af800ef2b507e7dc0/FundusImages/RET245OD.jpg,0,train,OD,PAPILA/PapilaDB-PAPILA-9c67b80983805f0f886b068af800ef2b507e7dc0/FundusImages/RET245OD.jpg,data/PAPILA/PapilaDB-PAPILA-9c67b80983805f0f886b068af800ef2b507e7dc0/ExpertsSegmentations/Contours/RET245OD_disc_exp1.txt,data/PAPILA/PapilaDB-PAPILA-9c67b80983805f0f886b068af800ef2b507e7dc0/ExpertsSegmentations/Contours/RET245OD_cup_exp1.txt,data/PAPILA/PapilaDB-PAPILA-9c67b80983805f0f886b068af800ef2b507e7dc0/ExpertsSegmentations/Contours/RET245OD_disc_exp2.txt,data/PAPILA/PapilaDB-PAPILA-9c67b80983805f0f886b068af800ef2b507e7dc0/ExpertsSegmentations/Contours/RET245OD_cup_exp2.txt,6b60bdd07bfa56d6ae4a36094b1fef00ed4368d4d3a2189d550e8f3e33c68a0c
RET245OS,RET245,data/PAPILA/PapilaDB-PAPILA-9c67b80983805f0f886b068af800ef2b507e7dc0/FundusImages/RET245OS.jpg,0,train,OS,PAPILA/PapilaDB-PAPILA-9c67b80983805f0f886b068af800ef2b507e7dc0/FundusImages/RET245OS.jpg,data/PAPILA/PapilaDB-PAPILA-9c67b80983805f0f886b068af800ef2b507e7dc0/ExpertsSegmentations/Contours/RET245OS_disc_exp1.txt,data/PAPILA/PapilaDB-PAPILA-9c67b80983805f0f886b068af800ef2b507e7dc0/ExpertsSegmentations/Contours/RET245OS_cup_exp1.txt,data/PAPILA/PapilaDB-PAPILA-9c67b80983805f0f886b068af800ef2b507e7dc0/ExpertsSegmentations/Contours/RET245OS_disc_exp2.txt,data/PAPILA/PapilaDB-PAPILA-9c67b80983805f0f886b068af800ef2b507e7dc0/ExpertsSegmentations/Contours/RET245OS_cup_exp2.txt,f7b99cb76182a6d382ee524d4d6f4c30cee94e2d198814b3f0eb6393444b8af7
RET246OD,RET246,data/PAPILA/PapilaDB-PAPILA-9c67b80983805f0f886b068af800ef2b507e7dc0/FundusImages/RET246OD.jpg,0,train,OD,PAPILA/PapilaDB-PAPILA-9c67b80983805f0f886b068af800ef2b507e7dc0/FundusImages/RET246OD.jpg,data/PAPILA/PapilaDB-PAPILA-9c67b80983805f0f886b068af800ef2b507e7dc0/ExpertsSegmentations/Contours/RET246OD_disc_exp1.txt,data/PAPILA/PapilaDB-PAPILA-9c67b80983805f0f886b068af800ef2b507e7dc0/ExpertsSegmentations/Contours/RET246OD_cup_exp1.txt,data/PAPILA/PapilaDB-PAPILA-9c67b80983805f0f886b068af800ef2b507e7dc0/ExpertsSegmentations/Contours/RET246OD_disc_exp2.txt,data/PAPILA/PapilaDB-PAPILA-9c67b80983805f0f886b068af800ef2b507e7dc0/ExpertsSegmentations/Contours/RET246OD_cup_exp2.txt,3670d48b52084d4c59407673c37ad3e08115816a7e8b266040ef48ba9f931baf
RET246OS,RET246,data/PAPILA/PapilaDB-PAPILA-9c67b80983805f0f886b068af800ef2b507e7dc0/FundusImages/RET246OS.jpg,0,train,OS,PAPILA/PapilaDB-PAPILA-9c67b80983805f0f886b068af800ef2b507e7dc0/FundusImages/RET246OS.jpg,data/PAPILA/PapilaDB-PAPILA-9c67b80983805f0f886b068af800ef2b507e7dc0/ExpertsSegmentations/Contours/RET246OS_disc_exp1.txt,data/PAPILA/PapilaDB-PAPILA-9c67b80983805f0f886b068af800ef2b507e7dc0/ExpertsSegmentations/Contours/RET246OS_cup_exp1.txt,data/PAPILA/PapilaDB-PAPILA-9c67b80983805f0f886b068af800ef2b507e7dc0/ExpertsSegmentations/Contours/RET246OS_disc_exp2.txt,data/PAPILA/PapilaDB-PAPILA-9c67b80983805f0f886b068af800ef2b507e7dc0/ExpertsSegmentations/Contours/RET246OS_cup_exp2.txt,b91886fd11327f8e32f393d9de7527569f3c8a77d9b7d07bd6e289d59d98eee0
RET248OD,RET248,data/PAPILA/PapilaDB-PAPILA-9c67b80983805f0f886b068af800ef2b507e7dc0/FundusImages/RET248OD.jpg,1,train,OD,PAPILA/PapilaDB-PAPILA-9c67b80983805f0f886b068af800ef2b507e7dc0/FundusImages/RET248OD.jpg,data/PAPILA/PapilaDB-PAPILA-9c67b80983805f0f886b068af800ef2b507e7dc0/ExpertsSegmentations/Contours/RET248OD_disc_exp1.txt,data/PAPILA/PapilaDB-PAPILA-9c67b80983805f0f886b068af800ef2b507e7dc0/ExpertsSegmentations/Contours/RET248OD_cup_exp1.txt,data/PAPILA/PapilaDB-PAPILA-9c67b80983805f0f886b068af800ef2b507e7dc0/ExpertsSegmentations/Contours/RET248OD_disc_exp2.txt,data/PAPILA/PapilaDB-PAPILA-9c67b80983805f0f886b068af800ef2b507e7dc0/ExpertsSegmentations/Contours/RET248OD_cup_exp2.txt,cebbfa5135ddab9eb2701ebe978a10b0a9ac08f5ae66be1ef573ccd9dc524ac5
RET248OS,RET248,data/PAPILA/PapilaDB-PAPILA-9c67b80983805f0f886b068af800ef2b507e7dc0/FundusImages/RET248OS.jpg,1,train,OS,PAPILA/PapilaDB-PAPILA-9c67b80983805f0f886b068af800ef2b507e7dc0/FundusImages/RET248OS.jpg,data/PAPILA/PapilaDB-PAPILA-9c67b80983805f0f886b068af800ef2b507e7dc0/ExpertsSegmentations/Contours/RET248OS_disc_exp1.txt,data/PAPILA/PapilaDB-PAPILA-9c67b80983805f0f886b068af800ef2b507e7dc0/ExpertsSegmentations/Contours/RET248OS_cup_exp1.txt,data/PAPILA/PapilaDB-PAPILA-9c67b80983805f0f886b068af800ef2b507e7dc0/ExpertsSegmentations/Contours/RET248OS_disc_exp2.txt,data/PAPILA/PapilaDB-PAPILA-9c67b80983805f0f886b068af800ef2b507e7dc0/ExpertsSegmentations/Contours/RET248OS_cup_exp2.txt,df119a0f80ad796bcb209fbb6103d47e1bee6caf20fea3bc4c4215ce9b2d14b8
RET249OD,RET249,data/PAPILA/PapilaDB-PAPILA-9c67b80983805f0f886b068af800ef2b507e7dc0/FundusImages/RET249OD.jpg,0,train,OD,PAPILA/PapilaDB-PAPILA-9c67b80983805f0f886b068af800ef2b507e7dc0/FundusImages/RET249OD.jpg,data/PAPILA/PapilaDB-PAPILA-9c67b80983805f0f886b068af800ef2b507e7dc0/ExpertsSegmentations/Contours/RET249OD_disc_exp1.txt,data/PAPILA/PapilaDB-PAPILA-9c67b80983805f0f886b068af800ef2b507e7dc0/ExpertsSegmentations/Contours/RET249OD_cup_exp1.txt,data/PAPILA/PapilaDB-PAPILA-9c67b80983805f0f886b068af800ef2b507e7dc0/ExpertsSegmentations/Contours/RET249OD_disc_exp2.txt,data/PAPILA/PapilaDB-PAPILA-9c67b80983805f0f886b068af800ef2b507e7dc0/ExpertsSegmentations/Contours/RET249OD_cup_exp2.txt,3b439a9e3b8e3e6d2ad2a4bbf3d31d75f8c03b0633a71955051d0dde0fcb8260
RET249OS,RET249,data/PAPILA/PapilaDB-PAPILA-9c67b80983805f0f886b068af800ef2b507e7dc0/FundusImages/RET249OS.jpg,0,train,OS,PAPILA/PapilaDB-PAPILA-9c67b80983805f0f886b068af800ef2b507e7dc0/FundusImages/RET249OS.jpg,data/PAPILA/PapilaDB-PAPILA-9c67b80983805f0f886b068af800ef2b507e7dc0/ExpertsSegmentations/Contours/RET249OS_disc_exp1.txt,data/PAPILA/PapilaDB-PAPILA-9c67b80983805f0f886b068af800ef2b507e7dc0/ExpertsSegmentations/Contours/RET249OS_cup_exp1.txt,data/PAPILA/PapilaDB-PAPILA-9c67b80983805f0f886b068af800ef2b507e7dc0/ExpertsSegmentations/Contours/RET249OS_disc_exp2.txt,data/PAPILA/PapilaDB-PAPILA-9c67b80983805f0f886b068af800ef2b507e7dc0/ExpertsSegmentations/Contours/RET249OS_cup_exp2.txt,5860d145352a4b4cb0b720f45878a7110b79cff50a420681f4261e64ee5ee929
RET250OD,RET250,data/PAPILA/PapilaDB-PAPILA-9c67b80983805f0f886b068af800ef2b507e7dc0/FundusImages/RET250OD.jpg,0,train,OD,PAPILA/PapilaDB-PAPILA-9c67b80983805f0f886b068af800ef2b507e7dc0/FundusImages/RET250OD.jpg,data/PAPILA/PapilaDB-PAPILA-9c67b80983805f0f886b068af800ef2b507e7dc0/ExpertsSegmentations/Contours/RET250OD_disc_exp1.txt,data/PAPILA/PapilaDB-PAPILA-9c67b80983805f0f886b068af800ef2b507e7dc0/ExpertsSegmentations/Contours/RET250OD_cup_exp1.txt,data/PAPILA/PapilaDB-PAPILA-9c67b80983805f0f886b068af800ef2b507e7dc0/ExpertsSegmentations/Contours/RET250OD_disc_exp2.txt,data/PAPILA/PapilaDB-PAPILA-9c67b80983805f0f886b068af800ef2b507e7dc0/ExpertsSegmentations/Contours/RET250OD_cup_exp2.txt,1b75ecad025715017629585531d7d17588db64d5de0bb8acb1555f6bd115581f
RET250OS,RET250,data/PAPILA/PapilaDB-PAPILA-9c67b80983805f0f886b068af800ef2b507e7dc0/FundusImages/RET250OS.jpg,0,train,OS,PAPILA/PapilaDB-PAPILA-9c67b80983805f0f886b068af800ef2b507e7dc0/FundusImages/RET250OS.jpg,data/PAPILA/PapilaDB-PAPILA-9c67b80983805f0f886b068af800ef2b507e7dc0/ExpertsSegmentations/Contours/RET250OS_disc_exp1.txt,data/PAPILA/PapilaDB-PAPILA-9c67b80983805f0f886b068af800ef2b507e7dc0/ExpertsSegmentations/Contours/RET250OS_cup_exp1.txt,data/PAPILA/PapilaDB-PAPILA-9c67b80983805f0f886b068af800ef2b507e7dc0/ExpertsSegmentations/Contours/RET250OS_disc_exp2.txt,data/PAPILA/PapilaDB-PAPILA-9c67b80983805f0f886b068af800ef2b507e7dc0/ExpertsSegmentations/Contours/RET250OS_cup_exp2.txt,f04cd70a599283fea9ddafc55c505ce2761dc747b8f95fc06b8fe5400cbaafe5
RET251OD,RET251,data/PAPILA/PapilaDB-PAPILA-9c67b80983805f0f886b068af800ef2b507e7dc0/FundusImages/RET251OD.jpg,0,train,OD,PAPILA/PapilaDB-PAPILA-9c67b80983805f0f886b068af800ef2b507e7dc0/FundusImages/RET251OD.jpg,data/PAPILA/PapilaDB-PAPILA-9c67b80983805f0f886b068af800ef2b507e7dc0/ExpertsSegmentations/Contours/RET251OD_disc_exp1.txt,data/PAPILA/PapilaDB-PAPILA-9c67b80983805f0f886b068af800ef2b507e7dc0/ExpertsSegmentations/Contours/RET251OD_cup_exp1.txt,data/PAPILA/PapilaDB-PAPILA-9c67b80983805f0f886b068af800ef2b507e7dc0/ExpertsSegmentations/Contours/RET251OD_disc_exp2.txt,data/PAPILA/PapilaDB-PAPILA-9c67b80983805f0f886b068af800ef2b507e7dc0/ExpertsSegmentations/Contours/RET251OD_cup_exp2.txt,998a41b2af6f394c9ad014aeb6ee1cd78153f210a1141f5cf1f922d5a32d3488
RET251OS,RET251,data/PAPILA/PapilaDB-PAPILA-9c67b80983805f0f886b068af800ef2b507e7dc0/FundusImages/RET251OS.jpg,0,train,OS,PAPILA/PapilaDB-PAPILA-9c67b80983805f0f886b068af800ef2b507e7dc0/FundusImages/RET251OS.jpg,data/PAPILA/PapilaDB-PAPILA-9c67b80983805f0f886b068af800ef2b507e7dc0/ExpertsSegmentations/Contours/RET251OS_disc_exp1.txt,data/PAPILA/PapilaDB-PAPILA-9c67b80983805f0f886b068af800ef2b507e7dc0/ExpertsSegmentations/Contours/RET251OS_cup_exp1.txt,data/PAPILA/PapilaDB-PAPILA-9c67b80983805f0f886b068af800ef2b507e7dc0/ExpertsSegmentations/Contours/RET251OS_disc_exp2.txt,data/PAPILA/PapilaDB-PAPILA-9c67b80983805f0f886b068af800ef2b507e7dc0/ExpertsSegmentations/Contours/RET251OS_cup_exp2.txt,a995d77be6594f8cdcc7274af1bc9e424b0ba1ecf4743f2381ce26f446bc5646
RET252OD,RET252,data/PAPILA/PapilaDB-PAPILA-9c67b80983805f0f886b068af800ef2b507e7dc0/FundusImages/RET252OD.jpg,0,train,OD,PAPILA/PapilaDB-PAPILA-9c67b80983805f0f886b068af800ef2b507e7dc0/FundusImages/RET252OD.jpg,data/PAPILA/PapilaDB-PAPILA-9c67b80983805f0f886b068af800ef2b507e7dc0/ExpertsSegmentations/Contours/RET252OD_disc_exp1.txt,data/PAPILA/PapilaDB-PAPILA-9c67b80983805f0f886b068af800ef2b507e7dc0/ExpertsSegmentations/Contours/RET252OD_cup_exp1.txt,data/PAPILA/PapilaDB-PAPILA-9c67b80983805f0f886b068af800ef2b507e7dc0/ExpertsSegmentations/Contours/RET252OD_disc_exp2.txt,data/PAPILA/PapilaDB-PAPILA-9c67b80983805f0f886b068af800ef2b507e7dc0/ExpertsSegmentations/Contours/RET252OD_cup_exp2.txt,d1b601d8be067a7bf90a12bdd8511bc2e445b828425d882d88b9f0a8b17fd9db
RET252OS,RET252,data/PAPILA/PapilaDB-PAPILA-9c67b80983805f0f886b068af800ef2b507e7dc0/FundusImages/RET252OS.jpg,0,train,OS,PAPILA/PapilaDB-PAPILA-9c67b80983805f0f886b068af800ef2b507e7dc0/FundusImages/RET252OS.jpg,data/PAPILA/PapilaDB-PAPILA-9c67b80983805f0f886b068af800ef2b507e7dc0/ExpertsSegmentations/Contours/RET252OS_disc_exp1.txt,data/PAPILA/PapilaDB-PAPILA-9c67b80983805f0f886b068af800ef2b507e7dc0/ExpertsSegmentations/Contours/RET252OS_cup_exp1.txt,data/PAPILA/PapilaDB-PAPILA-9c67b80983805f0f886b068af800ef2b507e7dc0/ExpertsSegmentations/Contours/RET252OS_disc_exp2.txt,data/PAPILA/PapilaDB-PAPILA-9c67b80983805f0f886b068af800ef2b507e7dc0/ExpertsSegmentations/Contours/RET252OS_cup_exp2.txt,9e4b77ffbe329576a896d773e4c46e9c8a4351dba903a2f65993813926495877
RET253OD,RET253,data/PAPILA/PapilaDB-PAPILA-9c67b80983805f0f886b068af800ef2b507e7dc0/FundusImages/RET253OD.jpg,0,train,OD,PAPILA/PapilaDB-PAPILA-9c67b80983805f0f886b068af800ef2b507e7dc0/FundusImages/RET253OD.jpg,data/PAPILA/PapilaDB-PAPILA-9c67b80983805f0f886b068af800ef2b507e7dc0/ExpertsSegmentations/Contours/RET253OD_disc_exp1.txt,data/PAPILA/PapilaDB-PAPILA-9c67b80983805f0f886b068af800ef2b507e7dc0/ExpertsSegmentations/Contours/RET253OD_cup_exp1.txt,data/PAPILA/PapilaDB-PAPILA-9c67b80983805f0f886b068af800ef2b507e7dc0/ExpertsSegmentations/Contours/RET253OD_disc_exp2.txt,data/PAPILA/PapilaDB-PAPILA-9c67b80983805f0f886b068af800ef2b507e7dc0/ExpertsSegmentations/Contours/RET253OD_cup_exp2.txt,684c91addb73bdb8ac95d928a00c702851fc8a351567926cda4034210cf48942
RET253OS,RET253,data/PAPILA/PapilaDB-PAPILA-9c67b80983805f0f886b068af800ef2b507e7dc0/FundusImages/RET253OS.jpg,0,train,OS,PAPILA/PapilaDB-PAPILA-9c67b80983805f0f886b068af800ef2b507e7dc0/FundusImages/RET253OS.jpg,data/PAPILA/PapilaDB-PAPILA-9c67b80983805f0f886b068af800ef2b507e7dc0/ExpertsSegmentations/Contours/RET253OS_disc_exp1.txt,data/PAPILA/PapilaDB-PAPILA-9c67b80983805f0f886b068af800ef2b507e7dc0/ExpertsSegmentations/Contours/RET253OS_cup_exp1.txt,data/PAPILA/PapilaDB-PAPILA-9c67b80983805f0f886b068af800ef2b507e7dc0/ExpertsSegmentations/Contours/RET253OS_disc_exp2.txt,data/PAPILA/PapilaDB-PAPILA-9c67b80983805f0f886b068af800ef2b507e7dc0/ExpertsSegmentations/Contours/RET253OS_cup_exp2.txt,7614d62da8d471fa23b685785c6ed5e65bccd37646a4c2026b2bbcba844decff
RET254OD,RET254,data/PAPILA/PapilaDB-PAPILA-9c67b80983805f0f886b068af800ef2b507e7dc0/FundusImages/RET254OD.jpg,0,test,OD,PAPILA/PapilaDB-PAPILA-9c67b80983805f0f886b068af800ef2b507e7dc0/FundusImages/RET254OD.jpg,data/PAPILA/PapilaDB-PAPILA-9c67b80983805f0f886b068af800ef2b507e7dc0/ExpertsSegmentations/Contours/RET254OD_disc_exp1.txt,data/PAPILA/PapilaDB-PAPILA-9c67b80983805f0f886b068af800ef2b507e7dc0/ExpertsSegmentations/Contours/RET254OD_cup_exp1.txt,data/PAPILA/PapilaDB-PAPILA-9c67b80983805f0f886b068af800ef2b507e7dc0/ExpertsSegmentations/Contours/RET254OD_disc_exp2.txt,data/PAPILA/PapilaDB-PAPILA-9c67b80983805f0f886b068af800ef2b507e7dc0/ExpertsSegmentations/Contours/RET254OD_cup_exp2.txt,9c13299786bc3bf631e04a406075de86352bc477b7b1c1cbe99e08b1f59d9d22
RET254OS,RET254,data/PAPILA/PapilaDB-PAPILA-9c67b80983805f0f886b068af800ef2b507e7dc0/FundusImages/RET254OS.jpg,0,test,OS,PAPILA/PapilaDB-PAPILA-9c67b80983805f0f886b068af800ef2b507e7dc0/FundusImages/RET254OS.jpg,data/PAPILA/PapilaDB-PAPILA-9c67b80983805f0f886b068af800ef2b507e7dc0/ExpertsSegmentations/Contours/RET254OS_disc_exp1.txt,data/PAPILA/PapilaDB-PAPILA-9c67b80983805f0f886b068af800ef2b507e7dc0/ExpertsSegmentations/Contours/RET254OS_cup_exp1.txt,data/PAPILA/PapilaDB-PAPILA-9c67b80983805f0f886b068af800ef2b507e7dc0/ExpertsSegmentations/Contours/RET254OS_disc_exp2.txt,data/PAPILA/PapilaDB-PAPILA-9c67b80983805f0f886b068af800ef2b507e7dc0/ExpertsSegmentations/Contours/RET254OS_cup_exp2.txt,67be69b438eca38ecca3c90ae3d884a7c68263e91b2ccc21f765659b7eff6904
RET255OD,RET255,data/PAPILA/PapilaDB-PAPILA-9c67b80983805f0f886b068af800ef2b507e7dc0/FundusImages/RET255OD.jpg,0,train,OD,PAPILA/PapilaDB-PAPILA-9c67b80983805f0f886b068af800ef2b507e7dc0/FundusImages/RET255OD.jpg,data/PAPILA/PapilaDB-PAPILA-9c67b80983805f0f886b068af800ef2b507e7dc0/ExpertsSegmentations/Contours/RET255OD_disc_exp1.txt,data/PAPILA/PapilaDB-PAPILA-9c67b80983805f0f886b068af800ef2b507e7dc0/ExpertsSegmentations/Contours/RET255OD_cup_exp1.txt,data/PAPILA/PapilaDB-PAPILA-9c67b80983805f0f886b068af800ef2b507e7dc0/ExpertsSegmentations/Contours/RET255OD_disc_exp2.txt,data/PAPILA/PapilaDB-PAPILA-9c67b80983805f0f886b068af800ef2b507e7dc0/ExpertsSegmentations/Contours/RET255OD_cup_exp2.txt,4e41b577baf83cc293a4b830487c7ce1b399774ed07060095a512925e9df208a
RET255OS,RET255,data/PAPILA/PapilaDB-PAPILA-9c67b80983805f0f886b068af800ef2b507e7dc0/FundusImages/RET255OS.jpg,0,train,OS,PAPILA/PapilaDB-PAPILA-9c67b80983805f0f886b068af800ef2b507e7dc0/FundusImages/RET255OS.jpg,data/PAPILA/PapilaDB-PAPILA-9c67b80983805f0f886b068af800ef2b507e7dc0/ExpertsSegmentations/Contours/RET255OS_disc_exp1.txt,data/PAPILA/PapilaDB-PAPILA-9c67b80983805f0f886b068af800ef2b507e7dc0/ExpertsSegmentations/Contours/RET255OS_cup_exp1.txt,data/PAPILA/PapilaDB-PAPILA-9c67b80983805f0f886b068af800ef2b507e7dc0/ExpertsSegmentations/Contours/RET255OS_disc_exp2.txt,data/PAPILA/PapilaDB-PAPILA-9c67b80983805f0f886b068af800ef2b507e7dc0/ExpertsSegmentations/Contours/RET255OS_cup_exp2.txt,1734ee5434c2519318f55d50837c61213d7a64b16bb7484d65ca225692f20153
RET256OD,RET256,data/PAPILA/PapilaDB-PAPILA-9c67b80983805f0f886b068af800ef2b507e7dc0/FundusImages/RET256OD.jpg,0,train,OD,PAPILA/PapilaDB-PAPILA-9c67b80983805f0f886b068af800ef2b507e7dc0/FundusImages/RET256OD.jpg,data/PAPILA/PapilaDB-PAPILA-9c67b80983805f0f886b068af800ef2b507e7dc0/ExpertsSegmentations/Contours/RET256OD_disc_exp1.txt,data/PAPILA/PapilaDB-PAPILA-9c67b80983805f0f886b068af800ef2b507e7dc0/ExpertsSegmentations/Contours/RET256OD_cup_exp1.txt,data/PAPILA/PapilaDB-PAPILA-9c67b80983805f0f886b068af800ef2b507e7dc0/ExpertsSegmentations/Contours/RET256OD_disc_exp2.txt,data/PAPILA/PapilaDB-PAPILA-9c67b80983805f0f886b068af800ef2b507e7dc0/ExpertsSegmentations/Contours/RET256OD_cup_exp2.txt,05bc247389e114bb463306e08cb038c0702c0328d5f3ac23a6a05023fac5dab0
RET256OS,RET256,data/PAPILA/PapilaDB-PAPILA-9c67b80983805f0f886b068af800ef2b507e7dc0/FundusImages/RET256OS.jpg,0,train,OS,PAPILA/PapilaDB-PAPILA-9c67b80983805f0f886b068af800ef2b507e7dc0/FundusImages/RET256OS.jpg,data/PAPILA/PapilaDB-PAPILA-9c67b80983805f0f886b068af800ef2b507e7dc0/ExpertsSegmentations/Contours/RET256OS_disc_exp1.txt,data/PAPILA/PapilaDB-PAPILA-9c67b80983805f0f886b068af800ef2b507e7dc0/ExpertsSegmentations/Contours/RET256OS_cup_exp1.txt,data/PAPILA/PapilaDB-PAPILA-9c67b80983805f0f886b068af800ef2b507e7dc0/ExpertsSegmentations/Contours/RET256OS_disc_exp2.txt,data/PAPILA/PapilaDB-PAPILA-9c67b80983805f0f886b068af800ef2b507e7dc0/ExpertsSegmentations/Contours/RET256OS_cup_exp2.txt,fdece2afe3890dad7633eff55dcd463bbbdfafce8fadd7ad00f7928a9710f0f9
RET257OD,RET257,data/PAPILA/PapilaDB-PAPILA-9c67b80983805f0f886b068af800ef2b507e7dc0/FundusImages/RET257OD.jpg,0,train,OD,PAPILA/PapilaDB-PAPILA-9c67b80983805f0f886b068af800ef2b507e7dc0/FundusImages/RET257OD.jpg,data/PAPILA/PapilaDB-PAPILA-9c67b80983805f0f886b068af800ef2b507e7dc0/ExpertsSegmentations/Contours/RET257OD_disc_exp1.txt,data/PAPILA/PapilaDB-PAPILA-9c67b80983805f0f886b068af800ef2b507e7dc0/ExpertsSegmentations/Contours/RET257OD_cup_exp1.txt,data/PAPILA/PapilaDB-PAPILA-9c67b80983805f0f886b068af800ef2b507e7dc0/ExpertsSegmentations/Contours/RET257OD_disc_exp2.txt,data/PAPILA/PapilaDB-PAPILA-9c67b80983805f0f886b068af800ef2b507e7dc0/ExpertsSegmentations/Contours/RET257OD_cup_exp2.txt,c081ad52b41a42b1a8e3cc5c8a2ec5ddb5332c611eba0a8fbafa37d37935d5af
RET257OS,RET257,data/PAPILA/PapilaDB-PAPILA-9c67b80983805f0f886b068af800ef2b507e7dc0/FundusImages/RET257OS.jpg,0,train,OS,PAPILA/PapilaDB-PAPILA-9c67b80983805f0f886b068af800ef2b507e7dc0/FundusImages/RET257OS.jpg,data/PAPILA/PapilaDB-PAPILA-9c67b80983805f0f886b068af800ef2b507e7dc0/ExpertsSegmentations/Contours/RET257OS_disc_exp1.txt,data/PAPILA/PapilaDB-PAPILA-9c67b80983805f0f886b068af800ef2b507e7dc0/ExpertsSegmentations/Contours/RET257OS_cup_exp1.txt,data/PAPILA/PapilaDB-PAPILA-9c67b80983805f0f886b068af800ef2b507e7dc0/ExpertsSegmentations/Contours/RET257OS_disc_exp2.txt,data/PAPILA/PapilaDB-PAPILA-9c67b80983805f0f886b068af800ef2b507e7dc0/ExpertsSegmentations/Contours/RET257OS_cup_exp2.txt,4b30fbecadf0f6b12386fbc3fa1fa60d37676e5d96771dfeba3afa0e0c880cb8
RET258OD,RET258,data/PAPILA/PapilaDB-PAPILA-9c67b80983805f0f886b068af800ef2b507e7dc0/FundusImages/RET258OD.jpg,0,train,OD,PAPILA/PapilaDB-PAPILA-9c67b80983805f0f886b068af800ef2b507e7dc0/FundusImages/RET258OD.jpg,data/PAPILA/PapilaDB-PAPILA-9c67b80983805f0f886b068af800ef2b507e7dc0/ExpertsSegmentations/Contours/RET258OD_disc_exp1.txt,data/PAPILA/PapilaDB-PAPILA-9c67b80983805f0f886b068af800ef2b507e7dc0/ExpertsSegmentations/Contours/RET258OD_cup_exp1.txt,data/PAPILA/PapilaDB-PAPILA-9c67b80983805f0f886b068af800ef2b507e7dc0/ExpertsSegmentations/Contours/RET258OD_disc_exp2.txt,data/PAPILA/PapilaDB-PAPILA-9c67b80983805f0f886b068af800ef2b507e7dc0/ExpertsSegmentations/Contours/RET258OD_cup_exp2.txt,e4553bbf3f7151b07b5ec8f066e9d5bd689c6f29a4793484e93a18b965eaecae
RET258OS,RET258,data/PAPILA/PapilaDB-PAPILA-9c67b80983805f0f886b068af800ef2b507e7dc0/FundusImages/RET258OS.jpg,0,train,OS,PAPILA/PapilaDB-PAPILA-9c67b80983805f0f886b068af800ef2b507e7dc0/FundusImages/RET258OS.jpg,data/PAPILA/PapilaDB-PAPILA-9c67b80983805f0f886b068af800ef2b507e7dc0/ExpertsSegmentations/Contours/RET258OS_disc_exp1.txt,data/PAPILA/PapilaDB-PAPILA-9c67b80983805f0f886b068af800ef2b507e7dc0/ExpertsSegmentations/Contours/RET258OS_cup_exp1.txt,data/PAPILA/PapilaDB-PAPILA-9c67b80983805f0f886b068af800ef2b507e7dc0/ExpertsSegmentations/Contours/RET258OS_disc_exp2.txt,data/PAPILA/PapilaDB-PAPILA-9c67b80983805f0f886b068af800ef2b507e7dc0/ExpertsSegmentations/Contours/RET258OS_cup_exp2.txt,0779b14799e6963ef0cd9cd376463041f03dd2504e88672502dd8612a1586191
RET259OD,RET259,data/PAPILA/PapilaDB-PAPILA-9c67b80983805f0f886b068af800ef2b507e7dc0/FundusImages/RET259OD.jpg,0,train,OD,PAPILA/PapilaDB-PAPILA-9c67b80983805f0f886b068af800ef2b507e7dc0/FundusImages/RET259OD.jpg,data/PAPILA/PapilaDB-PAPILA-9c67b80983805f0f886b068af800ef2b507e7dc0/ExpertsSegmentations/Contours/RET259OD_disc_exp1.txt,data/PAPILA/PapilaDB-PAPILA-9c67b80983805f0f886b068af800ef2b507e7dc0/ExpertsSegmentations/Contours/RET259OD_cup_exp1.txt,data/PAPILA/PapilaDB-PAPILA-9c67b80983805f0f886b068af800ef2b507e7dc0/ExpertsSegmentations/Contours/RET259OD_disc_exp2.txt,data/PAPILA/PapilaDB-PAPILA-9c67b80983805f0f886b068af800ef2b507e7dc0/ExpertsSegmentations/Contours/RET259OD_cup_exp2.txt,ffcc58a7dedb9a524f104c7ac7ca02ef4fb47b5445812e92b34dcf4b921d3083
RET259OS,RET259,data/PAPILA/PapilaDB-PAPILA-9c67b80983805f0f886b068af800ef2b507e7dc0/FundusImages/RET259OS.jpg,0,train,OS,PAPILA/PapilaDB-PAPILA-9c67b80983805f0f886b068af800ef2b507e7dc0/FundusImages/RET259OS.jpg,data/PAPILA/PapilaDB-PAPILA-9c67b80983805f0f886b068af800ef2b507e7dc0/ExpertsSegmentations/Contours/RET259OS_disc_exp1.txt,data/PAPILA/PapilaDB-PAPILA-9c67b80983805f0f886b068af800ef2b507e7dc0/ExpertsSegmentations/Contours/RET259OS_cup_exp1.txt,data/PAPILA/PapilaDB-PAPILA-9c67b80983805f0f886b068af800ef2b507e7dc0/ExpertsSegmentations/Contours/RET259OS_disc_exp2.txt,data/PAPILA/PapilaDB-PAPILA-9c67b80983805f0f886b068af800ef2b507e7dc0/ExpertsSegmentations/Contours/RET259OS_cup_exp2.txt,5c41374e45b4d446f6428b4f21a0b1ecfc0c8b0356c4a7b5fcc63e530d508fa5
RET260OD,RET260,data/PAPILA/PapilaDB-PAPILA-9c67b80983805f0f886b068af800ef2b507e7dc0/FundusImages/RET260OD.jpg,0,val,OD,PAPILA/PapilaDB-PAPILA-9c67b80983805f0f886b068af800ef2b507e7dc0/FundusImages/RET260OD.jpg,data/PAPILA/PapilaDB-PAPILA-9c67b80983805f0f886b068af800ef2b507e7dc0/ExpertsSegmentations/Contours/RET260OD_disc_exp1.txt,data/PAPILA/PapilaDB-PAPILA-9c67b80983805f0f886b068af800ef2b507e7dc0/ExpertsSegmentations/Contours/RET260OD_cup_exp1.txt,data/PAPILA/PapilaDB-PAPILA-9c67b80983805f0f886b068af800ef2b507e7dc0/ExpertsSegmentations/Contours/RET260OD_disc_exp2.txt,data/PAPILA/PapilaDB-PAPILA-9c67b80983805f0f886b068af800ef2b507e7dc0/ExpertsSegmentations/Contours/RET260OD_cup_exp2.txt,29f0d4e7c851dd722a7123cba9d6cee3a80cf55c06269ea0b844450fcdbff2c2
RET260OS,RET260,data/PAPILA/PapilaDB-PAPILA-9c67b80983805f0f886b068af800ef2b507e7dc0/FundusImages/RET260OS.jpg,0,val,OS,PAPILA/PapilaDB-PAPILA-9c67b80983805f0f886b068af800ef2b507e7dc0/FundusImages/RET260OS.jpg,data/PAPILA/PapilaDB-PAPILA-9c67b80983805f0f886b068af800ef2b507e7dc0/ExpertsSegmentations/Contours/RET260OS_disc_exp1.txt,data/PAPILA/PapilaDB-PAPILA-9c67b80983805f0f886b068af800ef2b507e7dc0/ExpertsSegmentations/Contours/RET260OS_cup_exp1.txt,data/PAPILA/PapilaDB-PAPILA-9c67b80983805f0f886b068af800ef2b507e7dc0/ExpertsSegmentations/Contours/RET260OS_disc_exp2.txt,data/PAPILA/PapilaDB-PAPILA-9c67b80983805f0f886b068af800ef2b507e7dc0/ExpertsSegmentations/Contours/RET260OS_cup_exp2.txt,1994cfbd0c527f991c2eb1cde249fef9bbe4b79c66949ecd6085a7817ae87476
RET261OD,RET261,data/PAPILA/PapilaDB-PAPILA-9c67b80983805f0f886b068af800ef2b507e7dc0/FundusImages/RET261OD.jpg,0,train,OD,PAPILA/PapilaDB-PAPILA-9c67b80983805f0f886b068af800ef2b507e7dc0/FundusImages/RET261OD.jpg,data/PAPILA/PapilaDB-PAPILA-9c67b80983805f0f886b068af800ef2b507e7dc0/ExpertsSegmentations/Contours/RET261OD_disc_exp1.txt,data/PAPILA/PapilaDB-PAPILA-9c67b80983805f0f886b068af800ef2b507e7dc0/ExpertsSegmentations/Contours/RET261OD_cup_exp1.txt,data/PAPILA/PapilaDB-PAPILA-9c67b80983805f0f886b068af800ef2b507e7dc0/ExpertsSegmentations/Contours/RET261OD_disc_exp2.txt,data/PAPILA/PapilaDB-PAPILA-9c67b80983805f0f886b068af800ef2b507e7dc0/ExpertsSegmentations/Contours/RET261OD_cup_exp2.txt,7b58ae8ca9f18f453a59b90af83fd48a57600632b0e39bfd869a2fdb57876512
RET261OS,RET261,data/PAPILA/PapilaDB-PAPILA-9c67b80983805f0f886b068af800ef2b507e7dc0/FundusImages/RET261OS.jpg,0,train,OS,PAPILA/PapilaDB-PAPILA-9c67b80983805f0f886b068af800ef2b507e7dc0/FundusImages/RET261OS.jpg,data/PAPILA/PapilaDB-PAPILA-9c67b80983805f0f886b068af800ef2b507e7dc0/ExpertsSegmentations/Contours/RET261OS_disc_exp1.txt,data/PAPILA/PapilaDB-PAPILA-9c67b80983805f0f886b068af800ef2b507e7dc0/ExpertsSegmentations/Contours/RET261OS_cup_exp1.txt,data/PAPILA/PapilaDB-PAPILA-9c67b80983805f0f886b068af800ef2b507e7dc0/ExpertsSegmentations/Contours/RET261OS_disc_exp2.txt,data/PAPILA/PapilaDB-PAPILA-9c67b80983805f0f886b068af800ef2b507e7dc0/ExpertsSegmentations/Contours/RET261OS_cup_exp2.txt,59599a95427231420b24c1d8bc2f814c90560013f81c0d1ba539433ca3fa6daf
RET262OD,RET262,data/PAPILA/PapilaDB-PAPILA-9c67b80983805f0f886b068af800ef2b507e7dc0/FundusImages/RET262OD.jpg,0,train,OD,PAPILA/PapilaDB-PAPILA-9c67b80983805f0f886b068af800ef2b507e7dc0/FundusImages/RET262OD.jpg,data/PAPILA/PapilaDB-PAPILA-9c67b80983805f0f886b068af800ef2b507e7dc0/ExpertsSegmentations/Contours/RET262OD_disc_exp1.txt,data/PAPILA/PapilaDB-PAPILA-9c67b80983805f0f886b068af800ef2b507e7dc0/ExpertsSegmentations/Contours/RET262OD_cup_exp1.txt,data/PAPILA/PapilaDB-PAPILA-9c67b80983805f0f886b068af800ef2b507e7dc0/ExpertsSegmentations/Contours/RET262OD_disc_exp2.txt,data/PAPILA/PapilaDB-PAPILA-9c67b80983805f0f886b068af800ef2b507e7dc0/ExpertsSegmentations/Contours/RET262OD_cup_exp2.txt,5abb0619e467231922331c9be88ffa7c7f0ca772fab5498c3f16face46460cb2
RET262OS,RET262,data/PAPILA/PapilaDB-PAPILA-9c67b80983805f0f886b068af800ef2b507e7dc0/FundusImages/RET262OS.jpg,0,train,OS,PAPILA/PapilaDB-PAPILA-9c67b80983805f0f886b068af800ef2b507e7dc0/FundusImages/RET262OS.jpg,data/PAPILA/PapilaDB-PAPILA-9c67b80983805f0f886b068af800ef2b507e7dc0/ExpertsSegmentations/Contours/RET262OS_disc_exp1.txt,data/PAPILA/PapilaDB-PAPILA-9c67b80983805f0f886b068af800ef2b507e7dc0/ExpertsSegmentations/Contours/RET262OS_cup_exp1.txt,data/PAPILA/PapilaDB-PAPILA-9c67b80983805f0f886b068af800ef2b507e7dc0/ExpertsSegmentations/Contours/RET262OS_disc_exp2.txt,data/PAPILA/PapilaDB-PAPILA-9c67b80983805f0f886b068af800ef2b507e7dc0/ExpertsSegmentations/Contours/RET262OS_cup_exp2.txt,879a6fb1a5316d6f96b76e0cad4da85396611c10df207387017d4df6cfc2c312
RET265OD,RET265,data/PAPILA/PapilaDB-PAPILA-9c67b80983805f0f886b068af800ef2b507e7dc0/FundusImages/RET265OD.jpg,1,test,OD,PAPILA/PapilaDB-PAPILA-9c67b80983805f0f886b068af800ef2b507e7dc0/FundusImages/RET265OD.jpg,data/PAPILA/PapilaDB-PAPILA-9c67b80983805f0f886b068af800ef2b507e7dc0/ExpertsSegmentations/Contours/RET265OD_disc_exp1.txt,data/PAPILA/PapilaDB-PAPILA-9c67b80983805f0f886b068af800ef2b507e7dc0/ExpertsSegmentations/Contours/RET265OD_cup_exp1.txt,data/PAPILA/PapilaDB-PAPILA-9c67b80983805f0f886b068af800ef2b507e7dc0/ExpertsSegmentations/Contours/RET265OD_disc_exp2.txt,data/PAPILA/PapilaDB-PAPILA-9c67b80983805f0f886b068af800ef2b507e7dc0/ExpertsSegmentations/Contours/RET265OD_cup_exp2.txt,093feef09dd61d34b6e7ed07dabd0059bb975c8ad1723200a00674380884a7a5
RET265OS,RET265,data/PAPILA/PapilaDB-PAPILA-9c67b80983805f0f886b068af800ef2b507e7dc0/FundusImages/RET265OS.jpg,1,test,OS,PAPILA/PapilaDB-PAPILA-9c67b80983805f0f886b068af800ef2b507e7dc0/FundusImages/RET265OS.jpg,data/PAPILA/PapilaDB-PAPILA-9c67b80983805f0f886b068af800ef2b507e7dc0/ExpertsSegmentations/Contours/RET265OS_disc_exp1.txt,data/PAPILA/PapilaDB-PAPILA-9c67b80983805f0f886b068af800ef2b507e7dc0/ExpertsSegmentations/Contours/RET265OS_cup_exp1.txt,data/PAPILA/PapilaDB-PAPILA-9c67b80983805f0f886b068af800ef2b507e7dc0/ExpertsSegmentations/Contours/RET265OS_disc_exp2.txt,data/PAPILA/PapilaDB-PAPILA-9c67b80983805f0f886b068af800ef2b507e7dc0/ExpertsSegmentations/Contours/RET265OS_cup_exp2.txt,04b871a9fb904a1955ec64043e0c3c7dd5ad48fad14f4a6995a02c4cdda1c281
RET266OD,RET266,data/PAPILA/PapilaDB-PAPILA-9c67b80983805f0f886b068af800ef2b507e7dc0/FundusImages/RET266OD.jpg,0,val,OD,PAPILA/PapilaDB-PAPILA-9c67b80983805f0f886b068af800ef2b507e7dc0/FundusImages/RET266OD.jpg,data/PAPILA/PapilaDB-PAPILA-9c67b80983805f0f886b068af800ef2b507e7dc0/ExpertsSegmentations/Contours/RET266OD_disc_exp1.txt,data/PAPILA/PapilaDB-PAPILA-9c67b80983805f0f886b068af800ef2b507e7dc0/ExpertsSegmentations/Contours/RET266OD_cup_exp1.txt,data/PAPILA/PapilaDB-PAPILA-9c67b80983805f0f886b068af800ef2b507e7dc0/ExpertsSegmentations/Contours/RET266OD_disc_exp2.txt,data/PAPILA/PapilaDB-PAPILA-9c67b80983805f0f886b068af800ef2b507e7dc0/ExpertsSegmentations/Contours/RET266OD_cup_exp2.txt,7603888d294892ecad56c44b93a9b9aad442aa20fb587f275c4e6be50550195c
RET266OS,RET266,data/PAPILA/PapilaDB-PAPILA-9c67b80983805f0f886b068af800ef2b507e7dc0/FundusImages/RET266OS.jpg,0,val,OS,PAPILA/PapilaDB-PAPILA-9c67b80983805f0f886b068af800ef2b507e7dc0/FundusImages/RET266OS.jpg,data/PAPILA/PapilaDB-PAPILA-9c67b80983805f0f886b068af800ef2b507e7dc0/ExpertsSegmentations/Contours/RET266OS_disc_exp1.txt,data/PAPILA/PapilaDB-PAPILA-9c67b80983805f0f886b068af800ef2b507e7dc0/ExpertsSegmentations/Contours/RET266OS_cup_exp1.txt,data/PAPILA/PapilaDB-PAPILA-9c67b80983805f0f886b068af800ef2b507e7dc0/ExpertsSegmentations/Contours/RET266OS_disc_exp2.txt,data/PAPILA/PapilaDB-PAPILA-9c67b80983805f0f886b068af800ef2b507e7dc0/ExpertsSegmentations/Contours/RET266OS_cup_exp2.txt,3cf17b2b3d7720f69ce46f12b0102d01e82032ba0dc9f44357b9bf9c63a43e4f
RET267OD,RET267,data/PAPILA/PapilaDB-PAPILA-9c67b80983805f0f886b068af800ef2b507e7dc0/FundusImages/RET267OD.jpg,0,test,OD,PAPILA/PapilaDB-PAPILA-9c67b80983805f0f886b068af800ef2b507e7dc0/FundusImages/RET267OD.jpg,data/PAPILA/PapilaDB-PAPILA-9c67b80983805f0f886b068af800ef2b507e7dc0/ExpertsSegmentations/Contours/RET267OD_disc_exp1.txt,data/PAPILA/PapilaDB-PAPILA-9c67b80983805f0f886b068af800ef2b507e7dc0/ExpertsSegmentations/Contours/RET267OD_cup_exp1.txt,data/PAPILA/PapilaDB-PAPILA-9c67b80983805f0f886b068af800ef2b507e7dc0/ExpertsSegmentations/Contours/RET267OD_disc_exp2.txt,data/PAPILA/PapilaDB-PAPILA-9c67b80983805f0f886b068af800ef2b507e7dc0/ExpertsSegmentations/Contours/RET267OD_cup_exp2.txt,67b87d037573d72aa731a9461701aa7c6d7d23cfa30317b76023598c9102e01e
RET267OS,RET267,data/PAPILA/PapilaDB-PAPILA-9c67b80983805f0f886b068af800ef2b507e7dc0/FundusImages/RET267OS.jpg,0,test,OS,PAPILA/PapilaDB-PAPILA-9c67b80983805f0f886b068af800ef2b507e7dc0/FundusImages/RET267OS.jpg,data/PAPILA/PapilaDB-PAPILA-9c67b80983805f0f886b068af800ef2b507e7dc0/ExpertsSegmentations/Contours/RET267OS_disc_exp1.txt,data/PAPILA/PapilaDB-PAPILA-9c67b80983805f0f886b068af800ef2b507e7dc0/ExpertsSegmentations/Contours/RET267OS_cup_exp1.txt,data/PAPILA/PapilaDB-PAPILA-9c67b80983805f0f886b068af800ef2b507e7dc0/ExpertsSegmentations/Contours/RET267OS_disc_exp2.txt,data/PAPILA/PapilaDB-PAPILA-9c67b80983805f0f886b068af800ef2b507e7dc0/ExpertsSegmentations/Contours/RET267OS_cup_exp2.txt,a1c17c43b6074414f3f8ad7261b5e6f67d01bae04028f6e413015a504ab321e8
RET268OD,RET268,data/PAPILA/PapilaDB-PAPILA-9c67b80983805f0f886b068af800ef2b507e7dc0/FundusImages/RET268OD.jpg,0,train,OD,PAPILA/PapilaDB-PAPILA-9c67b80983805f0f886b068af800ef2b507e7dc0/FundusImages/RET268OD.jpg,data/PAPILA/PapilaDB-PAPILA-9c67b80983805f0f886b068af800ef2b507e7dc0/ExpertsSegmentations/Contours/RET268OD_disc_exp1.txt,data/PAPILA/PapilaDB-PAPILA-9c67b80983805f0f886b068af800ef2b507e7dc0/ExpertsSegmentations/Contours/RET268OD_cup_exp1.txt,data/PAPILA/PapilaDB-PAPILA-9c67b80983805f0f886b068af800ef2b507e7dc0/ExpertsSegmentations/Contours/RET268OD_disc_exp2.txt,data/PAPILA/PapilaDB-PAPILA-9c67b80983805f0f886b068af800ef2b507e7dc0/ExpertsSegmentations/Contours/RET268OD_cup_exp2.txt,0df59d98a009181a5fd5d0b001557995cdd8f853322334ffb987e2eaee16616e
RET268OS,RET268,data/PAPILA/PapilaDB-PAPILA-9c67b80983805f0f886b068af800ef2b507e7dc0/FundusImages/RET268OS.jpg,0,train,OS,PAPILA/PapilaDB-PAPILA-9c67b80983805f0f886b068af800ef2b507e7dc0/FundusImages/RET268OS.jpg,data/PAPILA/PapilaDB-PAPILA-9c67b80983805f0f886b068af800ef2b507e7dc0/ExpertsSegmentations/Contours/RET268OS_disc_exp1.txt,data/PAPILA/PapilaDB-PAPILA-9c67b80983805f0f886b068af800ef2b507e7dc0/ExpertsSegmentations/Contours/RET268OS_cup_exp1.txt,data/PAPILA/PapilaDB-PAPILA-9c67b80983805f0f886b068af800ef2b507e7dc0/ExpertsSegmentations/Contours/RET268OS_disc_exp2.txt,data/PAPILA/PapilaDB-PAPILA-9c67b80983805f0f886b068af800ef2b507e7dc0/ExpertsSegmentations/Contours/RET268OS_cup_exp2.txt,d4d2c130448b475e1e0fa4a7941464f6fcbfded6793ed9547d7268099fa20d11
RET269OD,RET269,data/PAPILA/PapilaDB-PAPILA-9c67b80983805f0f886b068af800ef2b507e7dc0/FundusImages/RET269OD.jpg,0,train,OD,PAPILA/PapilaDB-PAPILA-9c67b80983805f0f886b068af800ef2b507e7dc0/FundusImages/RET269OD.jpg,data/PAPILA/PapilaDB-PAPILA-9c67b80983805f0f886b068af800ef2b507e7dc0/ExpertsSegmentations/Contours/RET269OD_disc_exp1.txt,data/PAPILA/PapilaDB-PAPILA-9c67b80983805f0f886b068af800ef2b507e7dc0/ExpertsSegmentations/Contours/RET269OD_cup_exp1.txt,data/PAPILA/PapilaDB-PAPILA-9c67b80983805f0f886b068af800ef2b507e7dc0/ExpertsSegmentations/Contours/RET269OD_disc_exp2.txt,data/PAPILA/PapilaDB-PAPILA-9c67b80983805f0f886b068af800ef2b507e7dc0/ExpertsSegmentations/Contours/RET269OD_cup_exp2.txt,bbb616bd5a415ba187c956eda3ef0cc9b6d603e94d11bf0f4b288583b8716c3e
RET269OS,RET269,data/PAPILA/PapilaDB-PAPILA-9c67b80983805f0f886b068af800ef2b507e7dc0/FundusImages/RET269OS.jpg,0,train,OS,PAPILA/PapilaDB-PAPILA-9c67b80983805f0f886b068af800ef2b507e7dc0/FundusImages/RET269OS.jpg,data/PAPILA/PapilaDB-PAPILA-9c67b80983805f0f886b068af800ef2b507e7dc0/ExpertsSegmentations/Contours/RET269OS_disc_exp1.txt,data/PAPILA/PapilaDB-PAPILA-9c67b80983805f0f886b068af800ef2b507e7dc0/ExpertsSegmentations/Contours/RET269OS_cup_exp1.txt,data/PAPILA/PapilaDB-PAPILA-9c67b80983805f0f886b068af800ef2b507e7dc0/ExpertsSegmentations/Contours/RET269OS_disc_exp2.txt,data/PAPILA/PapilaDB-PAPILA-9c67b80983805f0f886b068af800ef2b507e7dc0/ExpertsSegmentations/Contours/RET269OS_cup_exp2.txt,3215d1e2e0b96a0c55d44c5708d100b453482659eb2e47f15fb62e213f42bfff
RET270OD,RET270,data/PAPILA/PapilaDB-PAPILA-9c67b80983805f0f886b068af800ef2b507e7dc0/FundusImages/RET270OD.jpg,0,train,OD,PAPILA/PapilaDB-PAPILA-9c67b80983805f0f886b068af800ef2b507e7dc0/FundusImages/RET270OD.jpg,data/PAPILA/PapilaDB-PAPILA-9c67b80983805f0f886b068af800ef2b507e7dc0/ExpertsSegmentations/Contours/RET270OD_disc_exp1.txt,data/PAPILA/PapilaDB-PAPILA-9c67b80983805f0f886b068af800ef2b507e7dc0/ExpertsSegmentations/Contours/RET270OD_cup_exp1.txt,data/PAPILA/PapilaDB-PAPILA-9c67b80983805f0f886b068af800ef2b507e7dc0/ExpertsSegmentations/Contours/RET270OD_disc_exp2.txt,data/PAPILA/PapilaDB-PAPILA-9c67b80983805f0f886b068af800ef2b507e7dc0/ExpertsSegmentations/Contours/RET270OD_cup_exp2.txt,6e282f1d30b2154b631058758e72edfa40c0c21b9982cf145677a7e266654414
RET270OS,RET270,data/PAPILA/PapilaDB-PAPILA-9c67b80983805f0f886b068af800ef2b507e7dc0/FundusImages/RET270OS.jpg,0,train,OS,PAPILA/PapilaDB-PAPILA-9c67b80983805f0f886b068af800ef2b507e7dc0/FundusImages/RET270OS.jpg,data/PAPILA/PapilaDB-PAPILA-9c67b80983805f0f886b068af800ef2b507e7dc0/ExpertsSegmentations/Contours/RET270OS_disc_exp1.txt,data/PAPILA/PapilaDB-PAPILA-9c67b80983805f0f886b068af800ef2b507e7dc0/ExpertsSegmentations/Contours/RET270OS_cup_exp1.txt,data/PAPILA/PapilaDB-PAPILA-9c67b80983805f0f886b068af800ef2b507e7dc0/ExpertsSegmentations/Contours/RET270OS_disc_exp2.txt,data/PAPILA/PapilaDB-PAPILA-9c67b80983805f0f886b068af800ef2b507e7dc0/ExpertsSegmentations/Contours/RET270OS_cup_exp2.txt,6fa071f2d03140f8336b2fc4a95949add9724c3af14db5dff9f4bb119a922d82
RET271OD,RET271,data/PAPILA/PapilaDB-PAPILA-9c67b80983805f0f886b068af800ef2b507e7dc0/FundusImages/RET271OD.jpg,0,test,OD,PAPILA/PapilaDB-PAPILA-9c67b80983805f0f886b068af800ef2b507e7dc0/FundusImages/RET271OD.jpg,data/PAPILA/PapilaDB-PAPILA-9c67b80983805f0f886b068af800ef2b507e7dc0/ExpertsSegmentations/Contours/RET271OD_disc_exp1.txt,data/PAPILA/PapilaDB-PAPILA-9c67b80983805f0f886b068af800ef2b507e7dc0/ExpertsSegmentations/Contours/RET271OD_cup_exp1.txt,data/PAPILA/PapilaDB-PAPILA-9c67b80983805f0f886b068af800ef2b507e7dc0/ExpertsSegmentations/Contours/RET271OD_disc_exp2.txt,data/PAPILA/PapilaDB-PAPILA-9c67b80983805f0f886b068af800ef2b507e7dc0/ExpertsSegmentations/Contours/RET271OD_cup_exp2.txt,3f6b5f5ebfd9af131dec89cf8744eb4c60da2373b72a49815d3a82adab9c90f2
RET271OS,RET271,data/PAPILA/PapilaDB-PAPILA-9c67b80983805f0f886b068af800ef2b507e7dc0/FundusImages/RET271OS.jpg,0,test,OS,PAPILA/PapilaDB-PAPILA-9c67b80983805f0f886b068af800ef2b507e7dc0/FundusImages/RET271OS.jpg,data/PAPILA/PapilaDB-PAPILA-9c67b80983805f0f886b068af800ef2b507e7dc0/ExpertsSegmentations/Contours/RET271OS_disc_exp1.txt,data/PAPILA/PapilaDB-PAPILA-9c67b80983805f0f886b068af800ef2b507e7dc0/ExpertsSegmentations/Contours/RET271OS_cup_exp1.txt,data/PAPILA/PapilaDB-PAPILA-9c67b80983805f0f886b068af800ef2b507e7dc0/ExpertsSegmentations/Contours/RET271OS_disc_exp2.txt,data/PAPILA/PapilaDB-PAPILA-9c67b80983805f0f886b068af800ef2b507e7dc0/ExpertsSegmentations/Contours/RET271OS_cup_exp2.txt,92622a6aff9c79d12723905173998ec0d469d7d2178a414fb78deb0b94fb9979
RET272OD,RET272,data/PAPILA/PapilaDB-PAPILA-9c67b80983805f0f886b068af800ef2b507e7dc0/FundusImages/RET272OD.jpg,0,train,OD,PAPILA/PapilaDB-PAPILA-9c67b80983805f0f886b068af800ef2b507e7dc0/FundusImages/RET272OD.jpg,data/PAPILA/PapilaDB-PAPILA-9c67b80983805f0f886b068af800ef2b507e7dc0/ExpertsSegmentations/Contours/RET272OD_disc_exp1.txt,data/PAPILA/PapilaDB-PAPILA-9c67b80983805f0f886b068af800ef2b507e7dc0/ExpertsSegmentations/Contours/RET272OD_cup_exp1.txt,data/PAPILA/PapilaDB-PAPILA-9c67b80983805f0f886b068af800ef2b507e7dc0/ExpertsSegmentations/Contours/RET272OD_disc_exp2.txt,data/PAPILA/PapilaDB-PAPILA-9c67b80983805f0f886b068af800ef2b507e7dc0/ExpertsSegmentations/Contours/RET272OD_cup_exp2.txt,6b25257856fc6acab93a7078763c48b85f8e8b6a24743d41cc5c360dc561611c
RET272OS,RET272,data/PAPILA/PapilaDB-PAPILA-9c67b80983805f0f886b068af800ef2b507e7dc0/FundusImages/RET272OS.jpg,0,train,OS,PAPILA/PapilaDB-PAPILA-9c67b80983805f0f886b068af800ef2b507e7dc0/FundusImages/RET272OS.jpg,data/PAPILA/PapilaDB-PAPILA-9c67b80983805f0f886b068af800ef2b507e7dc0/ExpertsSegmentations/Contours/RET272OS_disc_exp1.txt,data/PAPILA/PapilaDB-PAPILA-9c67b80983805f0f886b068af800ef2b507e7dc0/ExpertsSegmentations/Contours/RET272OS_cup_exp1.txt,data/PAPILA/PapilaDB-PAPILA-9c67b80983805f0f886b068af800ef2b507e7dc0/ExpertsSegmentations/Contours/RET272OS_disc_exp2.txt,data/PAPILA/PapilaDB-PAPILA-9c67b80983805f0f886b068af800ef2b507e7dc0/ExpertsSegmentations/Contours/RET272OS_cup_exp2.txt,601614378b88684ef84e8ee5df08df27a7895cd0f9841806d42a4ba165de1133
RET273OD,RET273,data/PAPILA/PapilaDB-PAPILA-9c67b80983805f0f886b068af800ef2b507e7dc0/FundusImages/RET273OD.jpg,0,train,OD,PAPILA/PapilaDB-PAPILA-9c67b80983805f0f886b068af800ef2b507e7dc0/FundusImages/RET273OD.jpg,data/PAPILA/PapilaDB-PAPILA-9c67b80983805f0f886b068af800ef2b507e7dc0/ExpertsSegmentations/Contours/RET273OD_disc_exp1.txt,data/PAPILA/PapilaDB-PAPILA-9c67b80983805f0f886b068af800ef2b507e7dc0/ExpertsSegmentations/Contours/RET273OD_cup_exp1.txt,data/PAPILA/PapilaDB-PAPILA-9c67b80983805f0f886b068af800ef2b507e7dc0/ExpertsSegmentations/Contours/RET273OD_disc_exp2.txt,data/PAPILA/PapilaDB-PAPILA-9c67b80983805f0f886b068af800ef2b507e7dc0/ExpertsSegmentations/Contours/RET273OD_cup_exp2.txt,e3feed9b8eafba9c5c5eea0fc908fd04c2bcf50310a6ae841e0b193a30d1bfef
RET273OS,RET273,data/PAPILA/PapilaDB-PAPILA-9c67b80983805f0f886b068af800ef2b507e7dc0/FundusImages/RET273OS.jpg,0,train,OS,PAPILA/PapilaDB-PAPILA-9c67b80983805f0f886b068af800ef2b507e7dc0/FundusImages/RET273OS.jpg,data/PAPILA/PapilaDB-PAPILA-9c67b80983805f0f886b068af800ef2b507e7dc0/ExpertsSegmentations/Contours/RET273OS_disc_exp1.txt,data/PAPILA/PapilaDB-PAPILA-9c67b80983805f0f886b068af800ef2b507e7dc0/ExpertsSegmentations/Contours/RET273OS_cup_exp1.txt,data/PAPILA/PapilaDB-PAPILA-9c67b80983805f0f886b068af800ef2b507e7dc0/ExpertsSegmentations/Contours/RET273OS_disc_exp2.txt,data/PAPILA/PapilaDB-PAPILA-9c67b80983805f0f886b068af800ef2b507e7dc0/ExpertsSegmentations/Contours/RET273OS_cup_exp2.txt,1300ace8bdde9fb11c539e182578ce0e13380d6fa81accea3c4c899591e5695b
RET274OD,RET274,data/PAPILA/PapilaDB-PAPILA-9c67b80983805f0f886b068af800ef2b507e7dc0/FundusImages/RET274OD.jpg,0,train,OD,PAPILA/PapilaDB-PAPILA-9c67b80983805f0f886b068af800ef2b507e7dc0/FundusImages/RET274OD.jpg,data/PAPILA/PapilaDB-PAPILA-9c67b80983805f0f886b068af800ef2b507e7dc0/ExpertsSegmentations/Contours/RET274OD_disc_exp1.txt,data/PAPILA/PapilaDB-PAPILA-9c67b80983805f0f886b068af800ef2b507e7dc0/ExpertsSegmentations/Contours/RET274OD_cup_exp1.txt,data/PAPILA/PapilaDB-PAPILA-9c67b80983805f0f886b068af800ef2b507e7dc0/ExpertsSegmentations/Contours/RET274OD_disc_exp2.txt,data/PAPILA/PapilaDB-PAPILA-9c67b80983805f0f886b068af800ef2b507e7dc0/ExpertsSegmentations/Contours/RET274OD_cup_exp2.txt,b56c38fce2f69b4cd3fdbb1a34d43299f8300a19a89fcb91317b6e65af6016c8
RET274OS,RET274,data/PAPILA/PapilaDB-PAPILA-9c67b80983805f0f886b068af800ef2b507e7dc0/FundusImages/RET274OS.jpg,0,train,OS,PAPILA/PapilaDB-PAPILA-9c67b80983805f0f886b068af800ef2b507e7dc0/FundusImages/RET274OS.jpg,data/PAPILA/PapilaDB-PAPILA-9c67b80983805f0f886b068af800ef2b507e7dc0/ExpertsSegmentations/Contours/RET274OS_disc_exp1.txt,data/PAPILA/PapilaDB-PAPILA-9c67b80983805f0f886b068af800ef2b507e7dc0/ExpertsSegmentations/Contours/RET274OS_cup_exp1.txt,data/PAPILA/PapilaDB-PAPILA-9c67b80983805f0f886b068af800ef2b507e7dc0/ExpertsSegmentations/Contours/RET274OS_disc_exp2.txt,data/PAPILA/PapilaDB-PAPILA-9c67b80983805f0f886b068af800ef2b507e7dc0/ExpertsSegmentations/Contours/RET274OS_cup_exp2.txt,3dd65034afe5987eeadbc5bc259c144d8788014398621c1e6ca93f17fe3fe1dc
RET275OD,RET275,data/PAPILA/PapilaDB-PAPILA-9c67b80983805f0f886b068af800ef2b507e7dc0/FundusImages/RET275OD.jpg,0,train,OD,PAPILA/PapilaDB-PAPILA-9c67b80983805f0f886b068af800ef2b507e7dc0/FundusImages/RET275OD.jpg,data/PAPILA/PapilaDB-PAPILA-9c67b80983805f0f886b068af800ef2b507e7dc0/ExpertsSegmentations/Contours/RET275OD_disc_exp1.txt,data/PAPILA/PapilaDB-PAPILA-9c67b80983805f0f886b068af800ef2b507e7dc0/ExpertsSegmentations/Contours/RET275OD_cup_exp1.txt,data/PAPILA/PapilaDB-PAPILA-9c67b80983805f0f886b068af800ef2b507e7dc0/ExpertsSegmentations/Contours/RET275OD_disc_exp2.txt,data/PAPILA/PapilaDB-PAPILA-9c67b80983805f0f886b068af800ef2b507e7dc0/ExpertsSegmentations/Contours/RET275OD_cup_exp2.txt,e82a00e530d5e8c0a679e60a7fc5bb08616b1df6f665d7f24ddcd68d07a3bde8
RET275OS,RET275,data/PAPILA/PapilaDB-PAPILA-9c67b80983805f0f886b068af800ef2b507e7dc0/FundusImages/RET275OS.jpg,0,train,OS,PAPILA/PapilaDB-PAPILA-9c67b80983805f0f886b068af800ef2b507e7dc0/FundusImages/RET275OS.jpg,data/PAPILA/PapilaDB-PAPILA-9c67b80983805f0f886b068af800ef2b507e7dc0/ExpertsSegmentations/Contours/RET275OS_disc_exp1.txt,data/PAPILA/PapilaDB-PAPILA-9c67b80983805f0f886b068af800ef2b507e7dc0/ExpertsSegmentations/Contours/RET275OS_cup_exp1.txt,data/PAPILA/PapilaDB-PAPILA-9c67b80983805f0f886b068af800ef2b507e7dc0/ExpertsSegmentations/Contours/RET275OS_disc_exp2.txt,data/PAPILA/PapilaDB-PAPILA-9c67b80983805f0f886b068af800ef2b507e7dc0/ExpertsSegmentations/Contours/RET275OS_cup_exp2.txt,b6c04166a3875f0abd3efc5c8ea56bfd7fc118a58ecf55754498533d52e3bc8e
RET277OD,RET277,data/PAPILA/PapilaDB-PAPILA-9c67b80983805f0f886b068af800ef2b507e7dc0/FundusImages/RET277OD.jpg,0,val,OD,PAPILA/PapilaDB-PAPILA-9c67b80983805f0f886b068af800ef2b507e7dc0/FundusImages/RET277OD.jpg,data/PAPILA/PapilaDB-PAPILA-9c67b80983805f0f886b068af800ef2b507e7dc0/ExpertsSegmentations/Contours/RET277OD_disc_exp1.txt,data/PAPILA/PapilaDB-PAPILA-9c67b80983805f0f886b068af800ef2b507e7dc0/ExpertsSegmentations/Contours/RET277OD_cup_exp1.txt,data/PAPILA/PapilaDB-PAPILA-9c67b80983805f0f886b068af800ef2b507e7dc0/ExpertsSegmentations/Contours/RET277OD_disc_exp2.txt,data/PAPILA/PapilaDB-PAPILA-9c67b80983805f0f886b068af800ef2b507e7dc0/ExpertsSegmentations/Contours/RET277OD_cup_exp2.txt,ca26c498713e856039b6ff888001a63c53269565c5d96f2d82f5b3cc838b6458
RET277OS,RET277,data/PAPILA/PapilaDB-PAPILA-9c67b80983805f0f886b068af800ef2b507e7dc0/FundusImages/RET277OS.jpg,0,val,OS,PAPILA/PapilaDB-PAPILA-9c67b80983805f0f886b068af800ef2b507e7dc0/FundusImages/RET277OS.jpg,data/PAPILA/PapilaDB-PAPILA-9c67b80983805f0f886b068af800ef2b507e7dc0/ExpertsSegmentations/Contours/RET277OS_disc_exp1.txt,data/PAPILA/PapilaDB-PAPILA-9c67b80983805f0f886b068af800ef2b507e7dc0/ExpertsSegmentations/Contours/RET277OS_cup_exp1.txt,data/PAPILA/PapilaDB-PAPILA-9c67b80983805f0f886b068af800ef2b507e7dc0/ExpertsSegmentations/Contours/RET277OS_disc_exp2.txt,data/PAPILA/PapilaDB-PAPILA-9c67b80983805f0f886b068af800ef2b507e7dc0/ExpertsSegmentations/Contours/RET277OS_cup_exp2.txt,d14868a41ad14bf9b2688cb598c5dddfb2668131b1506a7f6b82fa04aaf0ae30
RET280OD,RET280,data/PAPILA/PapilaDB-PAPILA-9c67b80983805f0f886b068af800ef2b507e7dc0/FundusImages/RET280OD.jpg,0,val,OD,PAPILA/PapilaDB-PAPILA-9c67b80983805f0f886b068af800ef2b507e7dc0/FundusImages/RET280OD.jpg,data/PAPILA/PapilaDB-PAPILA-9c67b80983805f0f886b068af800ef2b507e7dc0/ExpertsSegmentations/Contours/RET280OD_disc_exp1.txt,data/PAPILA/PapilaDB-PAPILA-9c67b80983805f0f886b068af800ef2b507e7dc0/ExpertsSegmentations/Contours/RET280OD_cup_exp1.txt,data/PAPILA/PapilaDB-PAPILA-9c67b80983805f0f886b068af800ef2b507e7dc0/ExpertsSegmentations/Contours/RET280OD_disc_exp2.txt,data/PAPILA/PapilaDB-PAPILA-9c67b80983805f0f886b068af800ef2b507e7dc0/ExpertsSegmentations/Contours/RET280OD_cup_exp2.txt,f878db08e2d35283b1e8984b4f62575f2eb63babb95dcf798d6557b7acea4a86
RET280OS,RET280,data/PAPILA/PapilaDB-PAPILA-9c67b80983805f0f886b068af800ef2b507e7dc0/FundusImages/RET280OS.jpg,0,val,OS,PAPILA/PapilaDB-PAPILA-9c67b80983805f0f886b068af800ef2b507e7dc0/FundusImages/RET280OS.jpg,data/PAPILA/PapilaDB-PAPILA-9c67b80983805f0f886b068af800ef2b507e7dc0/ExpertsSegmentations/Contours/RET280OS_disc_exp1.txt,data/PAPILA/PapilaDB-PAPILA-9c67b80983805f0f886b068af800ef2b507e7dc0/ExpertsSegmentations/Contours/RET280OS_cup_exp1.txt,data/PAPILA/PapilaDB-PAPILA-9c67b80983805f0f886b068af800ef2b507e7dc0/ExpertsSegmentations/Contours/RET280OS_disc_exp2.txt,data/PAPILA/PapilaDB-PAPILA-9c67b80983805f0f886b068af800ef2b507e7dc0/ExpertsSegmentations/Contours/RET280OS_cup_exp2.txt,cbe949c295fe49a256a6bc910e3f9a3afd2efbfd830823301da62532aa36e677
RET281OD,RET281,data/PAPILA/PapilaDB-PAPILA-9c67b80983805f0f886b068af800ef2b507e7dc0/FundusImages/RET281OD.jpg,0,train,OD,PAPILA/PapilaDB-PAPILA-9c67b80983805f0f886b068af800ef2b507e7dc0/FundusImages/RET281OD.jpg,data/PAPILA/PapilaDB-PAPILA-9c67b80983805f0f886b068af800ef2b507e7dc0/ExpertsSegmentations/Contours/RET281OD_disc_exp1.txt,data/PAPILA/PapilaDB-PAPILA-9c67b80983805f0f886b068af800ef2b507e7dc0/ExpertsSegmentations/Contours/RET281OD_cup_exp1.txt,data/PAPILA/PapilaDB-PAPILA-9c67b80983805f0f886b068af800ef2b507e7dc0/ExpertsSegmentations/Contours/RET281OD_disc_exp2.txt,data/PAPILA/PapilaDB-PAPILA-9c67b80983805f0f886b068af800ef2b507e7dc0/ExpertsSegmentations/Contours/RET281OD_cup_exp2.txt,abddaa665e81dbe904ebd3c3d3973176fec1c70cb12eb930a1a5213fc0491474
RET281OS,RET281,data/PAPILA/PapilaDB-PAPILA-9c67b80983805f0f886b068af800ef2b507e7dc0/FundusImages/RET281OS.jpg,0,train,OS,PAPILA/PapilaDB-PAPILA-9c67b80983805f0f886b068af800ef2b507e7dc0/FundusImages/RET281OS.jpg,data/PAPILA/PapilaDB-PAPILA-9c67b80983805f0f886b068af800ef2b507e7dc0/ExpertsSegmentations/Contours/RET281OS_disc_exp1.txt,data/PAPILA/PapilaDB-PAPILA-9c67b80983805f0f886b068af800ef2b507e7dc0/ExpertsSegmentations/Contours/RET281OS_cup_exp1.txt,data/PAPILA/PapilaDB-PAPILA-9c67b80983805f0f886b068af800ef2b507e7dc0/ExpertsSegmentations/Contours/RET281OS_disc_exp2.txt,data/PAPILA/PapilaDB-PAPILA-9c67b80983805f0f886b068af800ef2b507e7dc0/ExpertsSegmentations/Contours/RET281OS_cup_exp2.txt,602f2c53b276c3983d16ed21c8470850b7826bc2259dc1d2defb78e507e01ed5
RET282OD,RET282,data/PAPILA/PapilaDB-PAPILA-9c67b80983805f0f886b068af800ef2b507e7dc0/FundusImages/RET282OD.jpg,0,test,OD,PAPILA/PapilaDB-PAPILA-9c67b80983805f0f886b068af800ef2b507e7dc0/FundusImages/RET282OD.jpg,data/PAPILA/PapilaDB-PAPILA-9c67b80983805f0f886b068af800ef2b507e7dc0/ExpertsSegmentations/Contours/RET282OD_disc_exp1.txt,data/PAPILA/PapilaDB-PAPILA-9c67b80983805f0f886b068af800ef2b507e7dc0/ExpertsSegmentations/Contours/RET282OD_cup_exp1.txt,data/PAPILA/PapilaDB-PAPILA-9c67b80983805f0f886b068af800ef2b507e7dc0/ExpertsSegmentations/Contours/RET282OD_disc_exp2.txt,data/PAPILA/PapilaDB-PAPILA-9c67b80983805f0f886b068af800ef2b507e7dc0/ExpertsSegmentations/Contours/RET282OD_cup_exp2.txt,b9e59b1e6ee8c061b0a7179ed7972c911497862ed88e4fb840eb7312aa778a60
RET282OS,RET282,data/PAPILA/PapilaDB-PAPILA-9c67b80983805f0f886b068af800ef2b507e7dc0/FundusImages/RET282OS.jpg,0,test,OS,PAPILA/PapilaDB-PAPILA-9c67b80983805f0f886b068af800ef2b507e7dc0/FundusImages/RET282OS.jpg,data/PAPILA/PapilaDB-PAPILA-9c67b80983805f0f886b068af800ef2b507e7dc0/ExpertsSegmentations/Contours/RET282OS_disc_exp1.txt,data/PAPILA/PapilaDB-PAPILA-9c67b80983805f0f886b068af800ef2b507e7dc0/ExpertsSegmentations/Contours/RET282OS_cup_exp1.txt,data/PAPILA/PapilaDB-PAPILA-9c67b80983805f0f886b068af800ef2b507e7dc0/ExpertsSegmentations/Contours/RET282OS_disc_exp2.txt,data/PAPILA/PapilaDB-PAPILA-9c67b80983805f0f886b068af800ef2b507e7dc0/ExpertsSegmentations/Contours/RET282OS_cup_exp2.txt,5e76a2cd00ea915172e3bf7996e592e0c1d0ab947d797d1eeecc483d41ee4097
RET283OD,RET283,data/PAPILA/PapilaDB-PAPILA-9c67b80983805f0f886b068af800ef2b507e7dc0/FundusImages/RET283OD.jpg,0,val,OD,PAPILA/PapilaDB-PAPILA-9c67b80983805f0f886b068af800ef2b507e7dc0/FundusImages/RET283OD.jpg,data/PAPILA/PapilaDB-PAPILA-9c67b80983805f0f886b068af800ef2b507e7dc0/ExpertsSegmentations/Contours/RET283OD_disc_exp1.txt,data/PAPILA/PapilaDB-PAPILA-9c67b80983805f0f886b068af800ef2b507e7dc0/ExpertsSegmentations/Contours/RET283OD_cup_exp1.txt,data/PAPILA/PapilaDB-PAPILA-9c67b80983805f0f886b068af800ef2b507e7dc0/ExpertsSegmentations/Contours/RET283OD_disc_exp2.txt,data/PAPILA/PapilaDB-PAPILA-9c67b80983805f0f886b068af800ef2b507e7dc0/ExpertsSegmentations/Contours/RET283OD_cup_exp2.txt,cb32fee0419e88189008bd0723464906245a3d56239ea5b60a86233a021c1b9e
RET283OS,RET283,data/PAPILA/PapilaDB-PAPILA-9c67b80983805f0f886b068af800ef2b507e7dc0/FundusImages/RET283OS.jpg,0,val,OS,PAPILA/PapilaDB-PAPILA-9c67b80983805f0f886b068af800ef2b507e7dc0/FundusImages/RET283OS.jpg,data/PAPILA/PapilaDB-PAPILA-9c67b80983805f0f886b068af800ef2b507e7dc0/ExpertsSegmentations/Contours/RET283OS_disc_exp1.txt,data/PAPILA/PapilaDB-PAPILA-9c67b80983805f0f886b068af800ef2b507e7dc0/ExpertsSegmentations/Contours/RET283OS_cup_exp1.txt,data/PAPILA/PapilaDB-PAPILA-9c67b80983805f0f886b068af800ef2b507e7dc0/ExpertsSegmentations/Contours/RET283OS_disc_exp2.txt,data/PAPILA/PapilaDB-PAPILA-9c67b80983805f0f886b068af800ef2b507e7dc0/ExpertsSegmentations/Contours/RET283OS_cup_exp2.txt,11ccd04334c8b25f27e8e5a30c4aa8833d79830cf3120508f689c3715ef364dc
RET284OD,RET284,data/PAPILA/PapilaDB-PAPILA-9c67b80983805f0f886b068af800ef2b507e7dc0/FundusImages/RET284OD.jpg,0,train,OD,PAPILA/PapilaDB-PAPILA-9c67b80983805f0f886b068af800ef2b507e7dc0/FundusImages/RET284OD.jpg,data/PAPILA/PapilaDB-PAPILA-9c67b80983805f0f886b068af800ef2b507e7dc0/ExpertsSegmentations/Contours/RET284OD_disc_exp1.txt,data/PAPILA/PapilaDB-PAPILA-9c67b80983805f0f886b068af800ef2b507e7dc0/ExpertsSegmentations/Contours/RET284OD_cup_exp1.txt,data/PAPILA/PapilaDB-PAPILA-9c67b80983805f0f886b068af800ef2b507e7dc0/ExpertsSegmentations/Contours/RET284OD_disc_exp2.txt,data/PAPILA/PapilaDB-PAPILA-9c67b80983805f0f886b068af800ef2b507e7dc0/ExpertsSegmentations/Contours/RET284OD_cup_exp2.txt,4c382590e3a105484d6563fd172df46cc7bacc0464e5f31b910601de03da6fe8
RET284OS,RET284,data/PAPILA/PapilaDB-PAPILA-9c67b80983805f0f886b068af800ef2b507e7dc0/FundusImages/RET284OS.jpg,0,train,OS,PAPILA/PapilaDB-PAPILA-9c67b80983805f0f886b068af800ef2b507e7dc0/FundusImages/RET284OS.jpg,data/PAPILA/PapilaDB-PAPILA-9c67b80983805f0f886b068af800ef2b507e7dc0/ExpertsSegmentations/Contours/RET284OS_disc_exp1.txt,data/PAPILA/PapilaDB-PAPILA-9c67b80983805f0f886b068af800ef2b507e7dc0/ExpertsSegmentations/Contours/RET284OS_cup_exp1.txt,data/PAPILA/PapilaDB-PAPILA-9c67b80983805f0f886b068af800ef2b507e7dc0/ExpertsSegmentations/Contours/RET284OS_disc_exp2.txt,data/PAPILA/PapilaDB-PAPILA-9c67b80983805f0f886b068af800ef2b507e7dc0/ExpertsSegmentations/Contours/RET284OS_cup_exp2.txt,ce12bc4cbd5275e52e5dab4d5df41aeca03d6ffd0f3ff132f4df06c6b8cd8f9b
RET285OD,RET285,data/PAPILA/PapilaDB-PAPILA-9c67b80983805f0f886b068af800ef2b507e7dc0/FundusImages/RET285OD.jpg,0,train,OD,PAPILA/PapilaDB-PAPILA-9c67b80983805f0f886b068af800ef2b507e7dc0/FundusImages/RET285OD.jpg,data/PAPILA/PapilaDB-PAPILA-9c67b80983805f0f886b068af800ef2b507e7dc0/ExpertsSegmentations/Contours/RET285OD_disc_exp1.txt,data/PAPILA/PapilaDB-PAPILA-9c67b80983805f0f886b068af800ef2b507e7dc0/ExpertsSegmentations/Contours/RET285OD_cup_exp1.txt,data/PAPILA/PapilaDB-PAPILA-9c67b80983805f0f886b068af800ef2b507e7dc0/ExpertsSegmentations/Contours/RET285OD_disc_exp2.txt,data/PAPILA/PapilaDB-PAPILA-9c67b80983805f0f886b068af800ef2b507e7dc0/ExpertsSegmentations/Contours/RET285OD_cup_exp2.txt,7a372dca551482d0f6655db492e00e4b92170a7bd958b07ac2fa95363cfc05e0
RET285OS,RET285,data/PAPILA/PapilaDB-PAPILA-9c67b80983805f0f886b068af800ef2b507e7dc0/FundusImages/RET285OS.jpg,0,train,OS,PAPILA/PapilaDB-PAPILA-9c67b80983805f0f886b068af800ef2b507e7dc0/FundusImages/RET285OS.jpg,data/PAPILA/PapilaDB-PAPILA-9c67b80983805f0f886b068af800ef2b507e7dc0/ExpertsSegmentations/Contours/RET285OS_disc_exp1.txt,data/PAPILA/PapilaDB-PAPILA-9c67b80983805f0f886b068af800ef2b507e7dc0/ExpertsSegmentations/Contours/RET285OS_cup_exp1.txt,data/PAPILA/PapilaDB-PAPILA-9c67b80983805f0f886b068af800ef2b507e7dc0/ExpertsSegmentations/Contours/RET285OS_disc_exp2.txt,data/PAPILA/PapilaDB-PAPILA-9c67b80983805f0f886b068af800ef2b507e7dc0/ExpertsSegmentations/Contours/RET285OS_cup_exp2.txt,7a119deb8b14bdea5da9e683cf68c8beaddb5e55e3925f4e64d80bf06e92599d
RET286OD,RET286,data/PAPILA/PapilaDB-PAPILA-9c67b80983805f0f886b068af800ef2b507e7dc0/FundusImages/RET286OD.jpg,0,test,OD,PAPILA/PapilaDB-PAPILA-9c67b80983805f0f886b068af800ef2b507e7dc0/FundusImages/RET286OD.jpg,data/PAPILA/PapilaDB-PAPILA-9c67b80983805f0f886b068af800ef2b507e7dc0/ExpertsSegmentations/Contours/RET286OD_disc_exp1.txt,data/PAPILA/PapilaDB-PAPILA-9c67b80983805f0f886b068af800ef2b507e7dc0/ExpertsSegmentations/Contours/RET286OD_cup_exp1.txt,data/PAPILA/PapilaDB-PAPILA-9c67b80983805f0f886b068af800ef2b507e7dc0/ExpertsSegmentations/Contours/RET286OD_disc_exp2.txt,data/PAPILA/PapilaDB-PAPILA-9c67b80983805f0f886b068af800ef2b507e7dc0/ExpertsSegmentations/Contours/RET286OD_cup_exp2.txt,cd9e7dc123e085d52a5179e19eb2b1746f9e91266a47b7da6665ddd2f56de745
RET286OS,RET286,data/PAPILA/PapilaDB-PAPILA-9c67b80983805f0f886b068af800ef2b507e7dc0/FundusImages/RET286OS.jpg,0,test,OS,PAPILA/PapilaDB-PAPILA-9c67b80983805f0f886b068af800ef2b507e7dc0/FundusImages/RET286OS.jpg,data/PAPILA/PapilaDB-PAPILA-9c67b80983805f0f886b068af800ef2b507e7dc0/ExpertsSegmentations/Contours/RET286OS_disc_exp1.txt,data/PAPILA/PapilaDB-PAPILA-9c67b80983805f0f886b068af800ef2b507e7dc0/ExpertsSegmentations/Contours/RET286OS_cup_exp1.txt,data/PAPILA/PapilaDB-PAPILA-9c67b80983805f0f886b068af800ef2b507e7dc0/ExpertsSegmentations/Contours/RET286OS_disc_exp2.txt,data/PAPILA/PapilaDB-PAPILA-9c67b80983805f0f886b068af800ef2b507e7dc0/ExpertsSegmentations/Contours/RET286OS_cup_exp2.txt,fdbc2ee0aef21e52d939a418c867941222f7f5cfb69c2fc4e5c42a7d916e9721
RET287OD,RET287,data/PAPILA/PapilaDB-PAPILA-9c67b80983805f0f886b068af800ef2b507e7dc0/FundusImages/RET287OD.jpg,0,val,OD,PAPILA/PapilaDB-PAPILA-9c67b80983805f0f886b068af800ef2b507e7dc0/FundusImages/RET287OD.jpg,data/PAPILA/PapilaDB-PAPILA-9c67b80983805f0f886b068af800ef2b507e7dc0/ExpertsSegmentations/Contours/RET287OD_disc_exp1.txt,data/PAPILA/PapilaDB-PAPILA-9c67b80983805f0f886b068af800ef2b507e7dc0/ExpertsSegmentations/Contours/RET287OD_cup_exp1.txt,data/PAPILA/PapilaDB-PAPILA-9c67b80983805f0f886b068af800ef2b507e7dc0/ExpertsSegmentations/Contours/RET287OD_disc_exp2.txt,data/PAPILA/PapilaDB-PAPILA-9c67b80983805f0f886b068af800ef2b507e7dc0/ExpertsSegmentations/Contours/RET287OD_cup_exp2.txt,4c9530c75784cbc29ee7cd9bcefbba43e6bf1d5877ab356b689a9749a77fd526
RET287OS,RET287,data/PAPILA/PapilaDB-PAPILA-9c67b80983805f0f886b068af800ef2b507e7dc0/FundusImages/RET287OS.jpg,0,val,OS,PAPILA/PapilaDB-PAPILA-9c67b80983805f0f886b068af800ef2b507e7dc0/FundusImages/RET287OS.jpg,data/PAPILA/PapilaDB-PAPILA-9c67b80983805f0f886b068af800ef2b507e7dc0/ExpertsSegmentations/Contours/RET287OS_disc_exp1.txt,data/PAPILA/PapilaDB-PAPILA-9c67b80983805f0f886b068af800ef2b507e7dc0/ExpertsSegmentations/Contours/RET287OS_cup_exp1.txt,data/PAPILA/PapilaDB-PAPILA-9c67b80983805f0f886b068af800ef2b507e7dc0/ExpertsSegmentations/Contours/RET287OS_disc_exp2.txt,data/PAPILA/PapilaDB-PAPILA-9c67b80983805f0f886b068af800ef2b507e7dc0/ExpertsSegmentations/Contours/RET287OS_cup_exp2.txt,ca60453f5233ab0dc3debdd37d5c9efa4cbeb08453ccf9d3d7b295db870f41e7
RET288OD,RET288,data/PAPILA/PapilaDB-PAPILA-9c67b80983805f0f886b068af800ef2b507e7dc0/FundusImages/RET288OD.jpg,0,train,OD,PAPILA/PapilaDB-PAPILA-9c67b80983805f0f886b068af800ef2b507e7dc0/FundusImages/RET288OD.jpg,data/PAPILA/PapilaDB-PAPILA-9c67b80983805f0f886b068af800ef2b507e7dc0/ExpertsSegmentations/Contours/RET288OD_disc_exp1.txt,data/PAPILA/PapilaDB-PAPILA-9c67b80983805f0f886b068af800ef2b507e7dc0/ExpertsSegmentations/Contours/RET288OD_cup_exp1.txt,data/PAPILA/PapilaDB-PAPILA-9c67b80983805f0f886b068af800ef2b507e7dc0/ExpertsSegmentations/Contours/RET288OD_disc_exp2.txt,data/PAPILA/PapilaDB-PAPILA-9c67b80983805f0f886b068af800ef2b507e7dc0/ExpertsSegmentations/Contours/RET288OD_cup_exp2.txt,485bbc2faf194ab4200b9c9ee72e5696d97c3655cd06ba685450692e1935612a
RET288OS,RET288,data/PAPILA/PapilaDB-PAPILA-9c67b80983805f0f886b068af800ef2b507e7dc0/FundusImages/RET288OS.jpg,0,train,OS,PAPILA/PapilaDB-PAPILA-9c67b80983805f0f886b068af800ef2b507e7dc0/FundusImages/RET288OS.jpg,data/PAPILA/PapilaDB-PAPILA-9c67b80983805f0f886b068af800ef2b507e7dc0/ExpertsSegmentations/Contours/RET288OS_disc_exp1.txt,data/PAPILA/PapilaDB-PAPILA-9c67b80983805f0f886b068af800ef2b507e7dc0/ExpertsSegmentations/Contours/RET288OS_cup_exp1.txt,data/PAPILA/PapilaDB-PAPILA-9c67b80983805f0f886b068af800ef2b507e7dc0/ExpertsSegmentations/Contours/RET288OS_disc_exp2.txt,data/PAPILA/PapilaDB-PAPILA-9c67b80983805f0f886b068af800ef2b507e7dc0/ExpertsSegmentations/Contours/RET288OS_cup_exp2.txt,d77266bc490952c6a96ace0f4f657c5db8c6eceeee868b8820f4de02e5d4ce80
RET289OD,RET289,data/PAPILA/PapilaDB-PAPILA-9c67b80983805f0f886b068af800ef2b507e7dc0/FundusImages/RET289OD.jpg,0,train,OD,PAPILA/PapilaDB-PAPILA-9c67b80983805f0f886b068af800ef2b507e7dc0/FundusImages/RET289OD.jpg,data/PAPILA/PapilaDB-PAPILA-9c67b80983805f0f886b068af800ef2b507e7dc0/ExpertsSegmentations/Contours/RET289OD_disc_exp1.txt,data/PAPILA/PapilaDB-PAPILA-9c67b80983805f0f886b068af800ef2b507e7dc0/ExpertsSegmentations/Contours/RET289OD_cup_exp1.txt,data/PAPILA/PapilaDB-PAPILA-9c67b80983805f0f886b068af800ef2b507e7dc0/ExpertsSegmentations/Contours/RET289OD_disc_exp2.txt,data/PAPILA/PapilaDB-PAPILA-9c67b80983805f0f886b068af800ef2b507e7dc0/ExpertsSegmentations/Contours/RET289OD_cup_exp2.txt,ca7d71a94ec3e96b3a76d304a2947cdcf032237309d7410a937d36de343682f1
RET289OS,RET289,data/PAPILA/PapilaDB-PAPILA-9c67b80983805f0f886b068af800ef2b507e7dc0/FundusImages/RET289OS.jpg,0,train,OS,PAPILA/PapilaDB-PAPILA-9c67b80983805f0f886b068af800ef2b507e7dc0/FundusImages/RET289OS.jpg,data/PAPILA/PapilaDB-PAPILA-9c67b80983805f0f886b068af800ef2b507e7dc0/ExpertsSegmentations/Contours/RET289OS_disc_exp1.txt,data/PAPILA/PapilaDB-PAPILA-9c67b80983805f0f886b068af800ef2b507e7dc0/ExpertsSegmentations/Contours/RET289OS_cup_exp1.txt,data/PAPILA/PapilaDB-PAPILA-9c67b80983805f0f886b068af800ef2b507e7dc0/ExpertsSegmentations/Contours/RET289OS_disc_exp2.txt,data/PAPILA/PapilaDB-PAPILA-9c67b80983805f0f886b068af800ef2b507e7dc0/ExpertsSegmentations/Contours/RET289OS_cup_exp2.txt,3fa98b957160b46e43896d98d108868eb2be09984f46a5017d298587d1c84969
RET290OD,RET290,data/PAPILA/PapilaDB-PAPILA-9c67b80983805f0f886b068af800ef2b507e7dc0/FundusImages/RET290OD.jpg,0,train,OD,PAPILA/PapilaDB-PAPILA-9c67b80983805f0f886b068af800ef2b507e7dc0/FundusImages/RET290OD.jpg,data/PAPILA/PapilaDB-PAPILA-9c67b80983805f0f886b068af800ef2b507e7dc0/ExpertsSegmentations/Contours/RET290OD_disc_exp1.txt,data/PAPILA/PapilaDB-PAPILA-9c67b80983805f0f886b068af800ef2b507e7dc0/ExpertsSegmentations/Contours/RET290OD_cup_exp1.txt,data/PAPILA/PapilaDB-PAPILA-9c67b80983805f0f886b068af800ef2b507e7dc0/ExpertsSegmentations/Contours/RET290OD_disc_exp2.txt,data/PAPILA/PapilaDB-PAPILA-9c67b80983805f0f886b068af800ef2b507e7dc0/ExpertsSegmentations/Contours/RET290OD_cup_exp2.txt,f81f5b8078cb5c311751a0f38d57759dcb5ba3f3938aa819eab906d754b00a8d
RET290OS,RET290,data/PAPILA/PapilaDB-PAPILA-9c67b80983805f0f886b068af800ef2b507e7dc0/FundusImages/RET290OS.jpg,0,train,OS,PAPILA/PapilaDB-PAPILA-9c67b80983805f0f886b068af800ef2b507e7dc0/FundusImages/RET290OS.jpg,data/PAPILA/PapilaDB-PAPILA-9c67b80983805f0f886b068af800ef2b507e7dc0/ExpertsSegmentations/Contours/RET290OS_disc_exp1.txt,data/PAPILA/PapilaDB-PAPILA-9c67b80983805f0f886b068af800ef2b507e7dc0/ExpertsSegmentations/Contours/RET290OS_cup_exp1.txt,data/PAPILA/PapilaDB-PAPILA-9c67b80983805f0f886b068af800ef2b507e7dc0/ExpertsSegmentations/Contours/RET290OS_disc_exp2.txt,data/PAPILA/PapilaDB-PAPILA-9c67b80983805f0f886b068af800ef2b507e7dc0/ExpertsSegmentations/Contours/RET290OS_cup_exp2.txt,f816883d3b0c88ae3a1f9fd986d3820314f238c5825f4374646d28d77ad21078
RET291OD,RET291,data/PAPILA/PapilaDB-PAPILA-9c67b80983805f0f886b068af800ef2b507e7dc0/FundusImages/RET291OD.jpg,0,train,OD,PAPILA/PapilaDB-PAPILA-9c67b80983805f0f886b068af800ef2b507e7dc0/FundusImages/RET291OD.jpg,data/PAPILA/PapilaDB-PAPILA-9c67b80983805f0f886b068af800ef2b507e7dc0/ExpertsSegmentations/Contours/RET291OD_disc_exp1.txt,data/PAPILA/PapilaDB-PAPILA-9c67b80983805f0f886b068af800ef2b507e7dc0/ExpertsSegmentations/Contours/RET291OD_cup_exp1.txt,data/PAPILA/PapilaDB-PAPILA-9c67b80983805f0f886b068af800ef2b507e7dc0/ExpertsSegmentations/Contours/RET291OD_disc_exp2.txt,data/PAPILA/PapilaDB-PAPILA-9c67b80983805f0f886b068af800ef2b507e7dc0/ExpertsSegmentations/Contours/RET291OD_cup_exp2.txt,e8e08460fe1823d907b2f2a3e4c7d80a725b66550938220858a7484b7330e84d
RET291OS,RET291,data/PAPILA/PapilaDB-PAPILA-9c67b80983805f0f886b068af800ef2b507e7dc0/FundusImages/RET291OS.jpg,0,train,OS,PAPILA/PapilaDB-PAPILA-9c67b80983805f0f886b068af800ef2b507e7dc0/FundusImages/RET291OS.jpg,data/PAPILA/PapilaDB-PAPILA-9c67b80983805f0f886b068af800ef2b507e7dc0/ExpertsSegmentations/Contours/RET291OS_disc_exp1.txt,data/PAPILA/PapilaDB-PAPILA-9c67b80983805f0f886b068af800ef2b507e7dc0/ExpertsSegmentations/Contours/RET291OS_cup_exp1.txt,data/PAPILA/PapilaDB-PAPILA-9c67b80983805f0f886b068af800ef2b507e7dc0/ExpertsSegmentations/Contours/RET291OS_disc_exp2.txt,data/PAPILA/PapilaDB-PAPILA-9c67b80983805f0f886b068af800ef2b507e7dc0/ExpertsSegmentations/Contours/RET291OS_cup_exp2.txt,9535dad340a893416f2db3199f930afc47aeafa46820aa143d9fa5f100184de3
RET292OD,RET292,data/PAPILA/PapilaDB-PAPILA-9c67b80983805f0f886b068af800ef2b507e7dc0/FundusImages/RET292OD.jpg,0,test,OD,PAPILA/PapilaDB-PAPILA-9c67b80983805f0f886b068af800ef2b507e7dc0/FundusImages/RET292OD.jpg,data/PAPILA/PapilaDB-PAPILA-9c67b80983805f0f886b068af800ef2b507e7dc0/ExpertsSegmentations/Contours/RET292OD_disc_exp1.txt,data/PAPILA/PapilaDB-PAPILA-9c67b80983805f0f886b068af800ef2b507e7dc0/ExpertsSegmentations/Contours/RET292OD_cup_exp1.txt,data/PAPILA/PapilaDB-PAPILA-9c67b80983805f0f886b068af800ef2b507e7dc0/ExpertsSegmentations/Contours/RET292OD_disc_exp2.txt,data/PAPILA/PapilaDB-PAPILA-9c67b80983805f0f886b068af800ef2b507e7dc0/ExpertsSegmentations/Contours/RET292OD_cup_exp2.txt,74525c9b11eab16759efc2648814d8fef1f490b7ac0db0450a77b1d194b973e7
RET292OS,RET292,data/PAPILA/PapilaDB-PAPILA-9c67b80983805f0f886b068af800ef2b507e7dc0/FundusImages/RET292OS.jpg,0,test,OS,PAPILA/PapilaDB-PAPILA-9c67b80983805f0f886b068af800ef2b507e7dc0/FundusImages/RET292OS.jpg,data/PAPILA/PapilaDB-PAPILA-9c67b80983805f0f886b068af800ef2b507e7dc0/ExpertsSegmentations/Contours/RET292OS_disc_exp1.txt,data/PAPILA/PapilaDB-PAPILA-9c67b80983805f0f886b068af800ef2b507e7dc0/ExpertsSegmentations/Contours/RET292OS_cup_exp1.txt,data/PAPILA/PapilaDB-PAPILA-9c67b80983805f0f886b068af800ef2b507e7dc0/ExpertsSegmentations/Contours/RET292OS_disc_exp2.txt,data/PAPILA/PapilaDB-PAPILA-9c67b80983805f0f886b068af800ef2b507e7dc0/ExpertsSegmentations/Contours/RET292OS_cup_exp2.txt,4e026fc4e2a840562008fbcbce6a7e2e4099a735e9f61696d213b84c231d6d7f
RET293OD,RET293,data/PAPILA/PapilaDB-PAPILA-9c67b80983805f0f886b068af800ef2b507e7dc0/FundusImages/RET293OD.jpg,0,train,OD,PAPILA/PapilaDB-PAPILA-9c67b80983805f0f886b068af800ef2b507e7dc0/FundusImages/RET293OD.jpg,data/PAPILA/PapilaDB-PAPILA-9c67b80983805f0f886b068af800ef2b507e7dc0/ExpertsSegmentations/Contours/RET293OD_disc_exp1.txt,data/PAPILA/PapilaDB-PAPILA-9c67b80983805f0f886b068af800ef2b507e7dc0/ExpertsSegmentations/Contours/RET293OD_cup_exp1.txt,data/PAPILA/PapilaDB-PAPILA-9c67b80983805f0f886b068af800ef2b507e7dc0/ExpertsSegmentations/Contours/RET293OD_disc_exp2.txt,data/PAPILA/PapilaDB-PAPILA-9c67b80983805f0f886b068af800ef2b507e7dc0/ExpertsSegmentations/Contours/RET293OD_cup_exp2.txt,816d94b94b7bf01c3eedaf1f24f419ca961779a1c498fd4e4f906ab8ba136358
RET293OS,RET293,data/PAPILA/PapilaDB-PAPILA-9c67b80983805f0f886b068af800ef2b507e7dc0/FundusImages/RET293OS.jpg,0,train,OS,PAPILA/PapilaDB-PAPILA-9c67b80983805f0f886b068af800ef2b507e7dc0/FundusImages/RET293OS.jpg,data/PAPILA/PapilaDB-PAPILA-9c67b80983805f0f886b068af800ef2b507e7dc0/ExpertsSegmentations/Contours/RET293OS_disc_exp1.txt,data/PAPILA/PapilaDB-PAPILA-9c67b80983805f0f886b068af800ef2b507e7dc0/ExpertsSegmentations/Contours/RET293OS_cup_exp1.txt,data/PAPILA/PapilaDB-PAPILA-9c67b80983805f0f886b068af800ef2b507e7dc0/ExpertsSegmentations/Contours/RET293OS_disc_exp2.txt,data/PAPILA/PapilaDB-PAPILA-9c67b80983805f0f886b068af800ef2b507e7dc0/ExpertsSegmentations/Contours/RET293OS_cup_exp2.txt,5413877d5fe12d12d50d811c3743968b606b48a7604eabe230119d21847f5d5a
