image_id,patient_id,split,label,eye,path,crop_path,cdr_exp1,cdr_exp2,cdr_mean,cdr_expert_diff,od_bbox_x1,od_bbox_y1,od_bbox_x2,od_bbox_y2,crop_x1,crop_y1,crop_x2,crop_y2,disc_mask_exp1,cup_mask_exp1,disc_mask_exp2,cup_mask_exp2
RET004OD,RET004,train,1,OD,data/PAPILA/PapilaDB-PAPILA-9c67b80983805f0f886b068af800ef2b507e7dc0/FundusImages/RET004OD.jpg,data/crops/papila/RET004OD.jpg,0.5996,0.6477,0.6236,0.0481,1061,812,1495,1286,922,693,1634,1405,data/masks/papila/exp1/RET004OD_disc.png,data/masks/papila/exp1/RET004OD_cup.png,data/masks/papila/exp2/RET004OD_disc.png,data/masks/papila/exp2/RET004OD_cup.png
RET004OS,RET004,train,1,OS,data/PAPILA/PapilaDB-PAPILA-9c67b80983805f0f886b068af800ef2b507e7dc0/FundusImages/RET004OS.jpg,data/crops/papila/RET004OS.jpg,0.7444,0.7506,0.7475,0.0062,1065,751,1486,1206,933,636,1617,1320,data/masks/papila/exp1/RET004OS_disc.png,data/masks/papila/exp1/RET004OS_cup.png,data/masks/papila/exp2/RET004OS_disc.png,data/masks/papila/exp2/RET004OS_cup.png
RET005OD,RET005,train,1,OD,data/PAPILA/PapilaDB-PAPILA-9c67b80983805f0f886b068af800ef2b507e7dc0/FundusImages/RET005OD.jpg,data/crops/papila/RET005OD.jpg,0.693,0.811,0.752,0.1181,988,714,1484,1184,863,576,1609,1322,data/masks/papila/exp1/RET005OD_disc.png,data/masks/papila/exp1/RET005OD_cup.png,data/masks/papila/exp2/RET005OD_disc.png,data/masks/papila/exp2/RET005OD_cup.png
RET005OS,RET005,train,1,OS,data/PAPILA/PapilaDB-PAPILA-9c67b80983805f0f886b068af800ef2b507e7dc0/FundusImages/RET005OS.jpg,data/crops/papila/RET005OS.jpg,0.7139,0.6382,0.676,0.0758,997,751,1538,1210,861,574,1674,1387,data/masks/papila/exp1/RET005OS_disc.png,data/masks/papila/exp1/RET005OS_cup.png,data/masks/papila/exp2/RET005OS_disc.png,data/masks/papila/exp2/RET005OS_cup.png
RET010OD,RET010,train,1,OD,data/PAPILA/PapilaDB-PAPILA-9c67b80983805f0f886b068af800ef2b507e7dc0/FundusImages/RET010OD.jpg,data/crops/papila/RET010OD.jpg,0.7405,0.7747,0.7576,0.0342,1259,684,1745,1207,1109,552,1895,1338,data/masks/papila/exp1/RET010OD_disc.png,data/masks/papila/exp1/RET010OD_cup.png,data/masks/papila/exp2/RET010OD_disc.png,data/masks/papila/exp2/RET010OD_cup.png
RET010OS,RET010,train,1,OS,data/PAPILA/PapilaDB-PAPILA-9c67b80983805f0f886b068af800ef2b507e7dc0/FundusImages/RET010OS.jpg,data/crops/papila/RET010OS.jpg,0.8056,0.7726,0.7891,0.033,960,766,1486,1342,790,621,1656,1487,data/masks/papila/exp1/RET010OS_disc.png,data/masks/papila/exp1/RET010OS_cup.png,data/masks/papila/exp2/RET010OS_disc.png,data/masks/papila/exp2/RET010OS_cup.png
RET013OD,RET013,train,1,OD,data/PAPILA/PapilaDB-PAPILA-9c67b80983805f0f886b068af800ef2b507e7dc0/FundusImages/RET013OD.jpg,data/crops/papila/RET013OD.jpg,0.5471,0.7114,0.6293,0.1643,1556,741,2030,1244,1415,614,2171,1370,data/masks/papila/exp1/RET013OD_disc.png,data/masks/papila/exp1/RET013OD_cup.png,data/masks/papila/exp2/RET013OD_disc.png,data/masks/papila/exp2/RET013OD_cup.png
RET013OS,RET013,train,1,OS,data/PAPILA/PapilaDB-PAPILA-9c67b80983805f0f886b068af800ef2b507e7dc0/FundusImages/RET013OS.jpg,data/crops/papila/RET013OS.jpg,0.4583,0.5311,0.4947,0.0728,1215,986,1696,1500,1069,857,1841,1629,data/masks/papila/exp1/RET013OS_disc.png,data/masks/papila/exp1/RET013OS_cup.png,data/masks/papila/exp2/RET013OS_disc.png,data/masks/papila/exp2/RET013OS_cup.png
RET014OD,RET014,train,1,OD,data/PAPILA/PapilaDB-PAPILA-9c67b80983805f0f886b068af800ef2b507e7dc0/FundusImages/RET014OD.jpg,data/crops/papila/RET014OD.jpg,0.8493,0.8674,0.8584,0.018,1195,946,1646,1407,1074,830,1767,1523,data/masks/papila/exp1/RET014OD_disc.png,data/masks/papila/exp1/RET014OD_cup.png,data/masks/papila/exp2/RET014OD_disc.png,data/masks/papila/exp2/RET014OD_cup.png
RET014OS,RET014,train,1,OS,data/PAPILA/PapilaDB-PAPILA-9c67b80983805f0f886b068af800ef2b507e7dc0/FundusImages/RET014OS.jpg,data/crops/papila/RET014OS.jpg,0.7,0.7081,0.7041,0.0081,1114,729,1556,1170,1003,617,1667,1281,data/masks/papila/exp1/RET014OS_disc.png,data/masks/papila/exp1/RET014OS_cup.png,data/masks/papila/exp2/RET014OS_disc.png,data/masks/papila/exp2/RET014OS_cup.png
RET015OD,RET015,val,1,OD,data/PAPILA/PapilaDB-PAPILA-9c67b80983805f0f886b068af800ef2b507e7dc0/FundusImages/RET015OD.jpg,data/crops/papila/RET015OD.jpg,0.5029,0.6749,0.5889,0.172,1063,702,1514,1229,892,569,1684,1361,data/masks/papila/exp1/RET015OD_disc.png,data/masks/papila/exp1/RET015OD_cup.png,data/masks/papila/exp2/RET015OD_disc.png,data/masks/papila/exp2/RET015OD_cup.png
RET015OS,RET015,val,1,OS,data/PAPILA/PapilaDB-PAPILA-9c67b80983805f0f886b068af800ef2b507e7dc0/FundusImages/RET015OS.jpg,data/crops/papila/RET015OS.jpg,0.7306,0.772,0.7513,0.0414,962,717,1435,1273,780,577,1616,1413,data/masks/papila/exp1/RET015OS_disc.png,data/masks/papila/exp1/RET015OS_cup.png,data/masks/papila/exp2/RET015OS_disc.png,data/masks/papila/exp2/RET015OS_cup.png
RET016OD,RET016,test,1,OD,data/PAPILA/PapilaDB-PAPILA-9c67b80983805f0f886b068af800ef2b507e7dc0/FundusImages/RET016OD.jpg,data/crops/papila/RET016OD.jpg,0.6545,0.6012,0.6279,0.0534,993,919,1557,1432,851,751,1699,1599,data/masks/papila/exp1/RET016OD_disc.png,data/masks/papila/exp1/RET016OD_cup.png,data/masks/papila/exp2/RET016OD_disc.png,data/masks/papila/exp2/RET016OD_cup.png
RET016OS,RET016,test,1,OS,data/PAPILA/PapilaDB-PAPILA-9c67b80983805f0f886b068af800ef2b507e7dc0/FundusImages/RET016OS.jpg,data/crops/papila/RET016OS.jpg,0.5651,0.5841,0.5746,0.0191,1151,974,1700,1516,1013,833,1838,1658,data/masks/papila/exp1/RET016OS_disc.png,data/masks/papila/exp1/RET016OS_cup.png,data/masks/papila/exp2/RET016OS_disc.png,data/masks/papila/exp2/RET016OS_cup.png
RET019OD,RET019,train,1,OD,data/PAPILA/PapilaDB-PAPILA-9c67b80983805f0f886b068af800ef2b507e7dc0/FundusImages/RET019OD.jpg,data/crops/papila/RET019OD.jpg,0.3018,0.2749,0.2884,0.0269,897,647,1417,1198,743,508,1571,1336,data/masks/papila/exp1/RET019OD_disc.png,data/masks/papila/exp1/RET019OD_cup.png,data/masks/papila/exp2/RET019OD_disc.png,data/masks/papila/exp2/RET019OD_cup.png
RET019OS,RET019,train,1,OS,data/PAPILA/PapilaDB-PAPILA-9c67b80983805f0f886b068af800ef2b507e7dc0/FundusImages/RET019OS.jpg,data/crops/papila/RET019OS.jpg,0.3953,0.4557,0.4255,0.0604,1239,653,1676,1160,1076,525,1838,1287,data/masks/papila/exp1/RET019OS_disc.png,data/masks/papila/exp1/RET019OS_cup.png,data/masks/papila/exp2/RET019OS_disc.png,data/masks/papila/exp2/RET019OS_cup.png
RET020OD,RET020,train,1,OD,data/PAPILA/PapilaDB-PAPILA-9c67b80983805f0f886b068af800ef2b507e7dc0/FundusImages/RET020OD.jpg,data/crops/papila/RET020OD.jpg,0.5462,0.5455,0.5458,0.0007,1088,626,1532,1131,931,499,1690,1258,data/masks/papila/exp1/RET020OD_disc.png,data/masks/papila/exp1/RET020OD_cup.png,data/masks/papila/exp2/RET020OD_disc.png,data/masks/papila/exp2/RET020OD_cup.png
RET020OS,RET020,train,1,OS,data/PAPILA/PapilaDB-PAPILA-9c67b80983805f0f886b068af800ef2b507e7dc0/FundusImages/RET020OS.jpg,data/crops/papila/RET020OS.jpg,0.6028,0.5294,0.5661,0.0734,997,744,1468,1270,837,612,1627,1402,data/masks/papila/exp1/RET020OS_disc.png,data/masks/papila/exp1/RET020OS_cup.png,data/masks/papila/exp2/RET020OS_disc.png,data/masks/papila/exp2/RET020OS_cup.png
RET021OD,RET021,val,1,OD,data/PAPILA/PapilaDB-PAPILA-9c67b80983805f0f886b068af800ef2b507e7dc0/FundusImages/RET021OD.jpg,data/crops/papila/RET021OD.jpg,0.663,0.6105,0.6367,0.0525,953,782,1415,1239,837,663,1531,1357,data/masks/papila/exp1/RET021OD_disc.png,data/masks/papila/exp1/RET021OD_cup.png,data/masks/papila/exp2/RET021OD_disc.png,data/masks/papila/exp2/RET021OD_cup.png
RET021OS,RET021,val,1,OS,data/PAPILA/PapilaDB-PAPILA-9c67b80983805f0f886b068af800ef2b507e7dc0/FundusImages/RET021OS.jpg,data/crops/papila/RET021OS.jpg,0.4978,0.5096,0.5037,0.0118,1085,747,1547,1218,962,628,1670,1336,data/masks/papila/exp1/RET021OS_disc.png,data/masks/papila/exp1/RET021OS_cup.png,data/masks/papila/exp2/RET021OS_disc.png,data/masks/papila/exp2/RET021OS_cup.png
RET023OD,RET023,train,1,OD,data/PAPILA/PapilaDB-PAPILA-9c67b80983805f0f886b068af800ef2b507e7dc0/FundusImages/RET023OD.jpg,data/crops/papila/RET023OD.jpg,0.7431,0.858,0.8006,0.1148,1162,610,1645,1123,1018,481,1789,1252,data/masks/papila/exp1/RET023OD_disc.png,data/masks/papila/exp1/RET023OD_cup.png,data/masks/papila/exp2/RET023OD_disc.png,data/masks/papila/exp2/RET023OD_cup.png
RET023OS,RET023,train,1,OS,data/PAPILA/PapilaDB-PAPILA-9c67b80983805f0f886b068af800ef2b507e7dc0/FundusImages/RET023OS.jpg,data/crops/papila/RET023OS.jpg,0.7833,0.7689,0.7761,0.0144,966,723,1427,1228,817,596,1576,1355,data/masks/papila/exp1/RET023OS_disc.png,data/masks/papila/exp1/RET023OS_cup.png,data/masks/papila/exp2/RET023OS_disc.png,data/masks/papila/exp2/RET023OS_cup.png
RET025OD,RET025,test,1,OD,data/PAPILA/PapilaDB-PAPILA-9c67b80983805f0f886b068af800ef2b507e7dc0/FundusImages/RET025OD.jpg,data/crops/papila/RET025OD.jpg,0.3769,0.3724,0.3746,0.0045,1137,836,1631,1313,1013,703,1755,1445,data/masks/papila/exp1/RET025OD_disc.png,data/masks/papila/exp1/RET025OD_cup.png,data/masks/papila/exp2/RET025OD_disc.png,data/masks/papila/exp2/RET025OD_cup.png
RET025OS,RET025,test,1,OS,data/PAPILA/PapilaDB-PAPILA-9c67b80983805f0f886b068af800ef2b507e7dc0/FundusImages/RET025OS.jpg,data/crops/papila/RET025OS.jpg,0.7805,0.7684,0.7745,0.0121,382,494,917,968,247,329,1051,1133,data/masks/papila/exp1/RET025OS_disc.png,data/masks/papila/exp1/RET025OS_cup.png,data/masks/papila/exp2/RET025OS_disc.png,data/masks/papila/exp2/RET025OS_cup.png
RET026OD,RET026,val,1,OD,data/PAPILA/PapilaDB-PAPILA-9c67b80983805f0f886b068af800ef2b507e7dc0/FundusImages/RET026OD.jpg,data/crops/papila/RET026OD.jpg,0.5178,0.5247,0.5213,0.0069,1046,650,1547,1189,891,514,1701,1324,data/masks/papila/exp1/RET026OD_disc.png,data/masks/papila/exp1/RET026OD_cup.png,data/masks/papila/exp2/RET026OD_disc.png,data/masks/papila/exp2/RET026OD_cup.png
RET026OS,RET026,val,1,OS,data/PAPILA/PapilaDB-PAPILA-9c67b80983805f0f886b068af800ef2b507e7dc0/FundusImages/RET026OS.jpg,data/crops/papila/RET026OS.jpg,0.4817,0.4823,0.482,0.0006,1098,699,1547,1206,941,571,1703,1333,data/masks/papila/exp1/RET026OS_disc.png,data/masks/papila/exp1/RET026OS_cup.png,data/masks/papila/exp2/RET026OS_disc.png,data/masks/papila/exp2/RET026OS_cup.png
RET027OD,RET027,train,0,OD,data/PAPILA/PapilaDB-PAPILA-9c67b80983805f0f886b068af800ef2b507e7dc0/FundusImages/RET027OD.jpg,data/crops/papila/RET027OD.jpg,0.4065,0.3463,0.3764,0.0602,1099,668,1584,1135,977,537,1706,1266,data/masks/papila/exp1/RET027OD_disc.png,data/masks/papila/exp1/RET027OD_cup.png,data/masks/papila/exp2/RET027OD_disc.png,data/masks/papila/exp2/RET027OD_cup.png
RET027OS,RET027,train,1,OS,data/PAPILA/PapilaDB-PAPILA-9c67b80983805f0f886b068af800ef2b507e7dc0/FundusImages/RET027OS.jpg,data/crops/papila/RET027OS.jpg,0.3854,0.3597,0.3725,0.0257,994,726,1452,1206,862,605,1584,1327,data/masks/papila/exp1/RET027OS_disc.png,data/masks/papila/exp1/RET027OS_cup.png,data/masks/papila/exp2/RET027OS_disc.png,data/masks/papila/exp2/RET027OS_cup.png
RET028OD,RET028,train,0,OD,data/PAPILA/PapilaDB-PAPILA-9c67b80983805f0f886b068af800ef2b507e7dc0/FundusImages/RET028OD.jpg,data/crops/papila/RET028OD.jpg,0.3814,0.3402,0.3608,0.0412,1082,715,1629,1248,944,570,1766,1392,data/masks/papila/exp1/RET028OD_disc.png,data/masks/papila/exp1/RET028OD_cup.png,data/masks/papila/exp2/RET028OD_disc.png,data/masks/papila/exp2/RET028OD_cup.png
RET028OS,RET028,train,0,OS,data/PAPILA/PapilaDB-PAPILA-9c67b80983805f0f886b068af800ef2b507e7dc0/FundusImages/RET028OS.jpg,data/crops/papila/RET028OS.jpg,0.4379,0.3906,0.4143,0.0473,1110,558,1642,1133,944,413,1808,1277,data/masks/papila/exp1/RET028OS_disc.png,data/masks/papila/exp1/RET028OS_cup.png,data/masks/papila/exp2/RET028OS_disc.png,data/masks/papila/exp2/RET028OS_cup.png
RET029OD,RET029,val,0,OD,data/PAPILA/PapilaDB-PAPILA-9c67b80983805f0f886b068af800ef2b507e7dc0/FundusImages/RET029OD.jpg,data/crops/papila/RET029OD.jpg,0.2292,0.2005,0.2148,0.0287,1198,729,1602,1172,1067,617,1733,1283,data/masks/papila/exp1/RET029OD_disc.png,data/masks/papila/exp1/RET029OD_cup.png,data/masks/papila/exp2/RET029OD_disc.png,data/masks/papila/exp2/RET029OD_cup.png
RET029OS,RET029,val,0,OS,data/PAPILA/PapilaDB-PAPILA-9c67b80983805f0f886b068af800ef2b507e7dc0/FundusImages/RET029OS.jpg,data/crops/papila/RET029OS.jpg,0.237,0.2318,0.2344,0.0052,1052,708,1428,1170,893,592,1587,1286,data/masks/papila/exp1/RET029OS_disc.png,data/masks/papila/exp1/RET029OS_cup.png,data/masks/papila/exp2/RET029OS_disc.png,data/masks/papila/exp2/RET029OS_cup.png
RET030OD,RET030,train,0,OD,data/PAPILA/PapilaDB-PAPILA-9c67b80983805f0f886b068af800ef2b507e7dc0/FundusImages/RET030OD.jpg,data/crops/papila/RET030OD.jpg,0.3149,0.2908,0.3028,0.0241,1015,665,1479,1087,898,527,1596,1225,data/masks/papila/exp1/RET030OD_disc.png,data/masks/papila/exp1/RET030OD_cup.png,data/masks/papila/exp2/RET030OD_disc.png,data/masks/papila/exp2/RET030OD_cup.png
RET030OS,RET030,train,0,OS,data/PAPILA/PapilaDB-PAPILA-9c67b80983805f0f886b068af800ef2b507e7dc0/FundusImages/RET030OS.jpg,data/crops/papila/RET030OS.jpg,0.3811,0.3492,0.3651,0.0319,1094,669,1556,1114,978,544,1672,1238,data/masks/papila/exp1/RET030OS_disc.png,data/masks/papila/exp1/RET030OS_cup.png,data/masks/papila/exp2/RET030OS_disc.png,data/masks/papila/exp2/RET030OS_cup.png
RET031OD,RET031,train,0,OD,data/PAPILA/PapilaDB-PAPILA-9c67b80983805f0f886b068af800ef2b507e7dc0/FundusImages/RET031OD.jpg,data/crops/papila/RET031OD.jpg,0.1773,0.1429,0.1601,0.0345,1043,625,1388,1036,906,521,1524,1139,data/masks/papila/exp1/RET031OD_disc.png,data/masks/papila/exp1/RET031OD_cup.png,data/masks/papila/exp2/RET031OD_disc.png,data/masks/papila/exp2/RET031OD_cup.png
RET031OS,RET031,train,0,OS,data/PAPILA/PapilaDB-PAPILA-9c67b80983805f0f886b068af800ef2b507e7dc0/FundusImages/RET031OS.jpg,data/crops/papila/RET031OS.jpg,0.185,0.1804,0.1827,0.0046,1131,595,1483,984,1015,497,1600,1082,data/masks/papila/exp1/RET031OS_disc.png,data/masks/papila/exp1/RET031OS_cup.png,data/masks/papila/exp2/RET031OS_disc.png,data/masks/papila/exp2/RET031OS_cup.png
RET032OD,RET032,train,0,OD,data/PAPILA/PapilaDB-PAPILA-9c67b80983805f0f886b068af800ef2b507e7dc0/FundusImages/RET032OD.jpg,data/crops/papila/RET032OD.jpg,0.2541,0.3043,0.2792,0.0502,1039,809,1478,1306,885,684,1632,1431,data/masks/papila/exp1/RET032OD_disc.png,data/masks/papila/exp1/RET032OD_cup.png,data/masks/papila/exp2/RET032OD_disc.png,data/masks/papila/exp2/RET032OD_cup.png
RET032OS,RET032,train,0,OS,data/PAPILA/PapilaDB-PAPILA-9c67b80983805f0f886b068af800ef2b507e7dc0/FundusImages/RET032OS.jpg,data/crops/papila/RET032OS.jpg,0.2293,0.2495,0.2394,0.0202,1066,741,1525,1221,934,620,1656,1342,data/masks/papila/exp1/RET032OS_disc.png,data/masks/papila/exp1/RET032OS_cup.png,data/masks/papila/exp2/RET032OS_disc.png,data/masks/papila/exp2/RET032OS_cup.png
RET033OD,RET033,val,0,OD,data/PAPILA/PapilaDB-PAPILA-9c67b80983805f0f886b068af800ef2b507e7dc0/FundusImages/RET033OD.jpg,data/crops/papila/RET033OD.jpg,0.4188,0.327,0.3729,0.0918,1181,656,1607,1134,1035,536,1753,1254,data/masks/papila/exp1/RET033OD_disc.png,data/masks/papila/exp1/RET033OD_cup.png,data/masks/papila/exp2/RET033OD_disc.png,data/masks/papila/exp2/RET033OD_cup.png
RET033OS,RET033,val,0,OS,data/PAPILA/PapilaDB-PAPILA-9c67b80983805f0f886b068af800ef2b507e7dc0/FundusImages/RET033OS.jpg,data/crops/papila/RET033OS.jpg,0.4124,0.3933,0.4028,0.0191,929,494,1363,971,788,374,1505,1091,data/masks/papila/exp1/RET033OS_disc.png,data/masks/papila/exp1/RET033OS_cup.png,data/masks/papila/exp2/RET033OS_disc.png,data/masks/papila/exp2/RET033OS_cup.png
RET034OD,RET034,test,0,OD,data/PAPILA/PapilaDB-PAPILA-9c67b80983805f0f886b068af800ef2b507e7dc0/FundusImages/RET034OD.jpg,data/crops/papila/RET034OD.jpg,0.3276,0.3009,0.3142,0.0267,1067,661,1516,1126,942,544,1641,1243,data/masks/papila/exp1/RET034OD_disc.png,data/masks/papila/exp1/RET034OD_cup.png,data/masks/papila/exp2/RET034OD_disc.png,data/masks/papila/exp2/RET034OD_cup.png
RET034OS,RET034,test,0,OS,data/PAPILA/PapilaDB-PAPILA-9c67b80983805f0f886b068af800ef2b507e7dc0/FundusImages/RET034OS.jpg,data/crops/papila/RET034OS.jpg,0.286,0.2111,0.2486,0.0749,960,622,1431,1096,839,503,1551,1215,data/masks/papila/exp1/RET034OS_disc.png,data/masks/papila/exp1/RET034OS_cup.png,data/masks/papila/exp2/RET034OS_disc.png,data/masks/papila/exp2/RET034OS_cup.png
RET035OD,RET035,test,0,OD,data/PAPILA/PapilaDB-PAPILA-9c67b80983805f0f886b068af800ef2b507e7dc0/FundusImages/RET035OD.jpg,data/crops/papila/RET035OD.jpg,0.2245,0.1605,0.1925,0.064,1116,457,1538,998,921,321,1734,1134,data/masks/papila/exp1/RET035OD_disc.png,data/masks/papila/exp1/RET035OD_cup.png,data/masks/papila/exp2/RET035OD_disc.png,data/masks/papila/exp2/RET035OD_cup.png
RET035OS,RET035,test,0,OS,data/PAPILA/PapilaDB-PAPILA-9c67b80983805f0f886b068af800ef2b507e7dc0/FundusImages/RET035OS.jpg,data/crops/papila/RET035OS.jpg,0.2588,0.2214,0.2401,0.0374,1107,509,1551,1056,918,371,1740,1193,data/masks/papila/exp1/RET035OS_disc.png,data/masks/papila/exp1/RET035OS_cup.png,data/masks/papila/exp2/RET035OS_disc.png,data/masks/papila/exp2/RET035OS_cup.png
RET036OD,RET036,test,0,OD,data/PAPILA/PapilaDB-PAPILA-9c67b80983805f0f886b068af800ef2b507e7dc0/FundusImages/RET036OD.jpg,data/crops/papila/RET036OD.jpg,0.2646,0.2327,0.2486,0.0319,1155,787,1583,1276,1002,664,1737,1399,data/masks/papila/exp1/RET036OD_disc.png,data/masks/papila/exp1/RET036OD_cup.png,data/masks/papila/exp2/RET036OD_disc.png,data/masks/papila/exp2/RET036OD_cup.png
RET036OS,RET036,test,0,OS,data/PAPILA/PapilaDB-PAPILA-9c67b80983805f0f886b068af800ef2b507e7dc0/FundusImages/RET036OS.jpg,data/crops/papila/RET036OS.jpg,0.4082,0.4055,0.4068,0.0027,1080,641,1550,1148,934,513,1696,1275,data/masks/papila/exp1/RET036OS_disc.png,data/masks/papila/exp1/RET036OS_cup.png,data/masks/papila/exp2/RET036OS_disc.png,data/masks/papila/exp2/RET036OS_cup.png
RET037OD,RET037,train,0,OD,data/PAPILA/PapilaDB-PAPILA-9c67b80983805f0f886b068af800ef2b507e7dc0/FundusImages/RET037OD.jpg,data/crops/papila/RET037OD.jpg,0.2111,0.2274,0.2192,0.0163,1079,723,1544,1197,955,604,1667,1316,data/masks/papila/exp1/RET037OD_disc.png,data/masks/papila/exp1/RET037OD_cup.png,data/masks/papila/exp2/RET037OD_disc.png,data/masks/papila/exp2/RET037OD_cup.png
RET037OS,RET037,train,0,OS,data/PAPILA/PapilaDB-PAPILA-9c67b80983805f0f886b068af800ef2b507e7dc0/FundusImages/RET037OS.jpg,data/crops/papila/RET037OS.jpg,0.1609,0.1751,0.168,0.0142,1174,689,1620,1150,1051,573,1744,1266,data/masks/papila/exp1/RET037OS_disc.png,data/masks/papila/exp1/RET037OS_cup.png,data/masks/papila/exp2/RET037OS_disc.png,data/masks/papila/exp2/RET037OS_cup.png
RET038OD,RET038,train,0,OD,data/PAPILA/PapilaDB-PAPILA-9c67b80983805f0f886b068af800ef2b507e7dc0/FundusImages/RET038OD.jpg,data/crops/papila/RET038OD.jpg,0.4442,0.3731,0.4087,0.0711,1087,653,1577,1188,930,518,1734,1322,data/masks/papila/exp1/RET038OD_disc.png,data/masks/papila/exp1/RET038OD_cup.png,data/masks/papila/exp2/RET038OD_disc.png,data/masks/papila/exp2/RET038OD_cup.png
RET038OS,RET038,train,0,OS,data/PAPILA/PapilaDB-PAPILA-9c67b80983805f0f886b068af800ef2b507e7dc0/FundusImages/RET038OS.jpg,data/crops/papila/RET038OS.jpg,0.2718,0.2661,0.269,0.0057,1039,674,1476,1194,866,543,1648,1325,data/masks/papila/exp1/RET038OS_disc.png,data/masks/papila/exp1/RET038OS_cup.png,data/masks/papila/exp2/RET038OS_disc.png,data/masks/papila/exp2/RET038OS_cup.png
RET039OD,RET039,train,0,OD,data/PAPILA/PapilaDB-PAPILA-9c67b80983805f0f886b068af800ef2b507e7dc0/FundusImages/RET039OD.jpg,data/crops/papila/RET039OD.jpg,0.2155,0.2361,0.2258,0.0207,1183,610,1604,1041,1069,501,1717,1149,data/masks/papila/exp1/RET039OD_disc.png,data/masks/papila/exp1/RET039OD_cup.png,data/masks/papila/exp2/RET039OD_disc.png,data/masks/papila/exp2/RET039OD_cup.png
RET039OS,RET039,train,0,OS,data/PAPILA/PapilaDB-PAPILA-9c67b80983805f0f886b068af800ef2b507e7dc0/FundusImages/RET039OS.jpg,data/crops/papila/RET039OS.jpg,0.2313,0.2086,0.22,0.0227,1070,631,1483,1047,963,526,1589,1152,data/masks/papila/exp1/RET039OS_disc.png,data/masks/papila/exp1/RET039OS_cup.png,data/masks/papila/exp2/RET039OS_disc.png,data/masks/papila/exp2/RET039OS_cup.png
RET042OD,RET042,train,1,OD,data/PAPILA/PapilaDB-PAPILA-9c67b80983805f0f886b068af800ef2b507e7dc0/FundusImages/RET042OD.jpg,data/crops/papila/RET042OD.jpg,0.5403,0.4698,0.5051,0.0705,1014,591,1430,1054,874,474,1570,1170,data/masks/papila/exp1/RET042OD_disc.png,data/masks/papila/exp1/RET042OD_cup.png,data/masks/papila/exp2/RET042OD_disc.png,data/masks/papila/exp2/RET042OD_cup.png
RET042OS,RET042,train,1,OS,data/PAPILA/PapilaDB-PAPILA-9c67b80983805f0f886b068af800ef2b507e7dc0/FundusImages/RET042OS.jpg,data/crops/papila/RET042OS.jpg,0.3723,0.3311,0.3517,0.0412,1061,691,1470,1154,917,574,1613,1270,data/masks/papila/exp1/RET042OS_disc.png,data/masks/papila/exp1/RET042OS_cup.png,data/masks/papila/exp2/RET042OS_disc.png,data/masks/papila/exp2/RET042OS_cup.png
RET044OD,RET044,train,1,OD,data/PAPILA/PapilaDB-PAPILA-9c67b80983805f0f886b068af800ef2b507e7dc0/FundusImages/RET044OD.jpg,data/crops/papila/RET044OD.jpg,0.874,0.7173,0.7957,0.1567,963,719,1466,1243,820,587,1608,1375,data/masks/papila/exp1/RET044OD_disc.png,data/masks/papila/exp1/RET044OD_cup.png,data/masks/papila/exp2/RET044OD_disc.png,data/masks/papila/exp2/RET044OD_cup.png
RET044OS,RET044,train,1,OS,data/PAPILA/PapilaDB-PAPILA-9c67b80983805f0f886b068af800ef2b507e7dc0/FundusImages/RET044OS.jpg,data/crops/papila/RET044OS.jpg,0.3934,0.4955,0.4444,0.1022,1127,601,1677,1172,973,457,1831,1315,data/masks/papila/exp1/RET044OS_disc.png,data/masks/papila/exp1/RET044OS_cup.png,data/masks/papila/exp2/RET044OS_disc.png,data/masks/papila/exp2/RET044OS_cup.png
RET045OD,RET045,test,0,OD,data/PAPILA/PapilaDB-PAPILA-9c67b80983805f0f886b068af800ef2b507e7dc0/FundusImages/RET045OD.jpg,data/crops/papila/RET045OD.jpg,0.3333,0.2455,0.2894,0.0878,1344,693,1752,1140,1212,580,1884,1252,data/masks/papila/exp1/RET045OD_disc.png,data/masks/papila/exp1/RET045OD_cup.png,data/masks/papila/exp2/RET045OD_disc.png,data/masks/papila/exp2/RET045OD_cup.png
RET045OS,RET045,test,1,OS,data/PAPILA/PapilaDB-PAPILA-9c67b80983805f0f886b068af800ef2b507e7dc0/FundusImages/RET045OS.jpg,data/crops/papila/RET045OS.jpg,0.4819,0.5,0.491,0.0181,861,705,1294,1150,743,593,1412,1262,data/masks/papila/exp1/RET045OS_disc.png,data/masks/papila/exp1/RET045OS_cup.png,data/masks/papila/exp2/RET045OS_disc.png,data/masks/papila/exp2/RET045OS_cup.png
RET047OD,RET047,train,1,OD,data/PAPILA/PapilaDB-PAPILA-9c67b80983805f0f886b068af800ef2b507e7dc0/FundusImages/RET047OD.jpg,data/crops/papila/RET047OD.jpg,0.5055,0.5623,0.5339,0.0567,1558,665,2063,1210,1401,528,2220,1347,data/masks/papila/exp1/RET047OD_disc.png,data/masks/papila/exp1/RET047OD_cup.png,data/masks/papila/exp2/RET047OD_disc.png,data/masks/papila/exp2/RET047OD_cup.png
RET047OS,RET047,train,1,OS,data/PAPILA/PapilaDB-PAPILA-9c67b80983805f0f886b068af800ef2b507e7dc0/FundusImages/RET047OS.jpg,data/crops/papila/RET047OS.jpg,0.4873,0.5106,0.499,0.0234,601,827,1094,1343,459,697,1235,1473,data/masks/papila/exp1/RET047OS_disc.png,data/masks/papila/exp1/RET047OS_cup.png,data/masks/papila/exp2/RET047OS_disc.png,data/masks/papila/exp2/RET047OS_cup.png
RET048OD,RET048,train,1,OD,data/PAPILA/PapilaDB-PAPILA-9c67b80983805f0f886b068af800ef2b507e7dc0/FundusImages/RET048OD.jpg,data/crops/papila/RET048OD.jpg,0.7343,0.5153,0.6248,0.2191,1672,510,2120,1036,1501,378,2291,1168,data/masks/papila/exp1/RET048OD_disc.png,data/masks/papila/exp1/RET048OD_cup.png,data/masks/papila/exp2/RET048OD_disc.png,data/masks/papila/exp2/RET048OD_cup.png
RET048OS,RET048,train,1,OS,data/PAPILA/PapilaDB-PAPILA-9c67b80983805f0f886b068af800ef2b507e7dc0/FundusImages/RET048OS.jpg,data/crops/papila/RET048OS.jpg,0.5882,0.5542,0.5712,0.0341,713,683,1168,1236,525,544,1356,1375,data/masks/papila/exp1/RET048OS_disc.png,data/masks/papila/exp1/RET048OS_cup.png,data/masks/papila/exp2/RET048OS_disc.png,data/masks/papila/exp2/RET048OS_cup.png
RET050OD,RET050,val,1,OD,data/PAPILA/PapilaDB-PAPILA-9c67b80983805f0f886b068af800ef2b507e7dc0/FundusImages/RET050OD.jpg,data/crops/papila/RET050OD.jpg,0.7425,0.6889,0.7157,0.0535,1509,662,2030,1236,1338,518,2200,1380,data/masks/papila/exp1/RET050OD_disc.png,data/masks/papila/exp1/RET050OD_cup.png,data/masks/papila/exp2/RET050OD_disc.png,data/masks/papila/exp2/RET050OD_cup.png
RET050OS,RET050,val,1,OS,data/PAPILA/PapilaDB-PAPILA-9c67b80983805f0f886b068af800ef2b507e7dc0/FundusImages/RET050OS.jpg,data/crops/papila/RET050OS.jpg,0.4232,0.3903,0.4068,0.0329,556,647,1006,1128,420,526,1143,1249,data/masks/papila/exp1/RET050OS_disc.png,data/masks/papila/exp1/RET050OS_cup.png,data/masks/papila/exp2/RET050OS_disc.png,data/masks/papila/exp2/RET050OS_cup.png
RET051OD,RET051,train,1,OD,data/PAPILA/PapilaDB-PAPILA-9c67b80983805f0f886b068af800ef2b507e7dc0/FundusImages/RET051OD.jpg,data/crops/papila/RET051OD.jpg,0.8294,0.8887,0.859,0.0593,1562,685,2043,1194,1420,557,2185,1322,data/masks/papila/exp1/RET051OD_disc.png,data/masks/papila/exp1/RET051OD_cup.png,data/masks/papila/exp2/RET051OD_disc.png,data/masks/papila/exp2/RET051OD_cup.png
RET051OS,RET051,train,1,OS,data/PAPILA/PapilaDB-PAPILA-9c67b80983805f0f886b068af800ef2b507e7dc0/FundusImages/RET051OS.jpg,data/crops/papila/RET051OS.jpg,0.5786,0.5,0.5393,0.0786,666,711,1129,1194,534,589,1260,1315,data/masks/papila/exp1/RET051OS_disc.png,data/masks/papila/exp1/RET051OS_cup.png,data/masks/papila/exp2/RET051OS_disc.png,data/masks/papila/exp2/RET051OS_cup.png
RET055OD,RET055,test,1,OD,data/PAPILA/PapilaDB-PAPILA-9c67b80983805f0f886b068af800ef2b507e7dc0/FundusImages/RET055OD.jpg,data/crops/papila/RET055OD.jpg,0.6054,0.5709,0.5882,0.0345,1063,555,1685,1167,907,394,1841,1328,data/masks/papila/exp1/RET055OD_disc.png,data/masks/papila/exp1/RET055OD_cup.png,data/masks/papila/exp2/RET055OD_disc.png,data/masks/papila/exp2/RET055OD_cup.png
RET055OS,RET055,test,1,OS,data/PAPILA/PapilaDB-PAPILA-9c67b80983805f0f886b068af800ef2b507e7dc0/FundusImages/RET055OS.jpg,data/crops/papila/RET055OS.jpg,0.7033,0.5915,0.6474,0.1118,966,650,1547,1301,767,486,1745,1464,data/masks/papila/exp1/RET055OS_disc.png,data/masks/papila/exp1/RET055OS_cup.png,data/masks/papila/exp2/RET055OS_disc.png,data/masks/papila/exp2/RET055OS_cup.png
RET056OD,RET056,train,1,OD,data/PAPILA/PapilaDB-PAPILA-9c67b80983805f0f886b068af800ef2b507e7dc0/FundusImages/RET056OD.jpg,data/crops/papila/RET056OD.jpg,0.4732,0.3957,0.4344,0.0775,933,637,1397,1096,816,517,1514,1215,data/masks/papila/exp1/RET056OD_disc.png,data/masks/papila/exp1/RET056OD_cup.png,data/masks/papila/exp2/RET056OD_disc.png,data/masks/papila/exp2/RET056OD_cup.png
RET056OS,RET056,train,1,OS,data/PAPILA/PapilaDB-PAPILA-9c67b80983805f0f886b068af800ef2b507e7dc0/FundusImages/RET056OS.jpg,data/crops/papila/RET056OS.jpg,0.2925,0.2691,0.2808,0.0233,1475,622,2026,1087,1336,440,2164,1268,data/masks/papila/exp1/RET056OS_disc.png,data/masks/papila/exp1/RET056OS_cup.png,data/masks/papila/exp2/RET056OS_disc.png,data/masks/papila/exp2/RET056OS_cup.png
RET057OD,RET057,train,1,OD,data/PAPILA/PapilaDB-PAPILA-9c67b80983805f0f886b068af800ef2b507e7dc0/FundusImages/RET057OD.jpg,data/crops/papila/RET057OD.jpg,0.5039,0.5259,0.5149,0.022,969,673,1447,1186,823,544,1594,1315,data/masks/papila/exp1/RET057OD_disc.png,data/masks/papila/exp1/RET057OD_cup.png,data/masks/papila/exp2/RET057OD_disc.png,data/masks/papila/exp2/RET057OD_cup.png
RET057OS,RET057,train,1,OS,data/PAPILA/PapilaDB-PAPILA-9c67b80983805f0f886b068af800ef2b507e7dc0/FundusImages/RET057OS.jpg,data/crops/papila/RET057OS.jpg,0.3288,0.2913,0.3101,0.0375,1183,822,1657,1338,1032,692,1808,1468,data/masks/papila/exp1/RET057OS_disc.png,data/masks/papila/exp1/RET057OS_cup.png,data/masks/papila/exp2/RET057OS_disc.png,data/masks/papila/exp2/RET057OS_cup.png
RET062OD,RET062,train,1,OD,data/PAPILA/PapilaDB-PAPILA-9c67b80983805f0f886b068af800ef2b507e7dc0/FundusImages/RET062OD.jpg,data/crops/papila/RET062OD.jpg,0.3304,0.2744,0.3024,0.056,1183,632,1667,1079,1061,491,1789,1219,data/masks/papila/exp1/RET062OD_disc.png,data/masks/papila/exp1/RET062OD_cup.png,data/masks/papila/exp2/RET062OD_disc.png,data/masks/papila/exp2/RET062OD_cup.png
RET062OS,RET062,train,1,OS,data/PAPILA/PapilaDB-PAPILA-9c67b80983805f0f886b068af800ef2b507e7dc0/FundusImages/RET062OS.jpg,data/crops/papila/RET062OS.jpg,0.2516,0.1862,0.2189,0.0654,1269,396,1740,873,1146,276,1863,993,data/masks/papila/exp1/RET062OS_disc.png,data/masks/papila/exp1/RET062OS_cup.png,data/masks/papila/exp2/RET062OS_disc.png,data/masks/papila/exp2/RET062OS_cup.png
RET064OD,RET064,val,1,OD,data/PAPILA/PapilaDB-PAPILA-9c67b80983805f0f886b068af800ef2b507e7dc0/FundusImages/RET064OD.jpg,data/crops/papila/RET064OD.jpg,0.7277,0.6752,0.7014,0.0525,1104,696,1553,1182,963,574,1693,1304,data/masks/papila/exp1/RET064OD_disc.png,data/masks/papila/exp1/RET064OD_cup.png,data/masks/papila/exp2/RET064OD_disc.png,data/masks/papila/exp2/RET064OD_cup.png
RET064OS,RET064,val,1,OS,data/PAPILA/PapilaDB-PAPILA-9c67b80983805f0f886b068af800ef2b507e7dc0/FundusImages/RET064OS.jpg,data/crops/papila/RET064OS.jpg,0.2515,0.3089,0.2802,0.0574,1022,550,1503,1042,892,426,1632,1166,data/masks/papila/exp1/RET064OS_disc.png,data/masks/papila/exp1/RET064OS_cup.png,data/masks/papila/exp2/RET064OS_disc.png,data/masks/papila/exp2/RET064OS_cup.png
RET065OD,RET065,val,1,OD,data/PAPILA/PapilaDB-PAPILA-9c67b80983805f0f886b068af800ef2b507e7dc0/FundusImages/RET065OD.jpg,data/crops/papila/RET065OD.jpg,0.7134,0.6934,0.7034,0.0201,910,656,1463,1161,771,493,1602,1324,data/masks/papila/exp1/RET065OD_disc.png,data/masks/papila/exp1/RET065OD_cup.png,data/masks/papila/exp2/RET065OD_disc.png,data/masks/papila/exp2/RET065OD_cup.png
RET065OS,RET065,val,1,OS,data/PAPILA/PapilaDB-PAPILA-9c67b80983805f0f886b068af800ef2b507e7dc0/FundusImages/RET065OS.jpg,data/crops/papila/RET065OS.jpg,0.6026,0.5702,0.5864,0.0324,1192,631,1669,1093,1072,504,1789,1221,data/masks/papila/exp1/RET065OS_disc.png,data/masks/papila/exp1/RET065OS_cup.png,data/masks/papila/exp2/RET065OS_disc.png,data/masks/papila/exp2/RET065OS_cup.png
RET068OD,RET068,train,1,OD,data/PAPILA/PapilaDB-PAPILA-9c67b80983805f0f886b068af800ef2b507e7dc0/FundusImages/RET068OD.jpg,data/crops/papila/RET068OD.jpg,0.476,0.5866,0.5313,0.1106,1006,671,1579,1303,817,512,1767,1462,data/masks/papila/exp1/RET068OD_disc.png,data/masks/papila/exp1/RET068OD_cup.png,data/masks/papila/exp2/RET068OD_disc.png,data/masks/papila/exp2/RET068OD_cup.png
RET068OS,RET068,train,1,OS,data/PAPILA/PapilaDB-PAPILA-9c67b80983805f0f886b068af800ef2b507e7dc0/FundusImages/RET068OS.jpg,data/crops/papila/RET068OS.jpg,0.4245,0.3902,0.4074,0.0343,1138,676,1602,1238,948,535,1792,1379,data/masks/papila/exp1/RET068OS_disc.png,data/masks/papila/exp1/RET068OS_cup.png,data/masks/papila/exp2/RET068OS_disc.png,data/masks/papila/exp2/RET068OS_cup.png
RET069OD,RET069,train,1,OD,data/PAPILA/PapilaDB-PAPILA-9c67b80983805f0f886b068af800ef2b507e7dc0/FundusImages/RET069OD.jpg,data/crops/papila/RET069OD.jpg,0.2155,0.2098,0.2126,0.0058,1021,796,1456,1259,890,679,1586,1375,data/masks/papila/exp1/RET069OD_disc.png,data/masks/papila/exp1/RET069OD_cup.png,data/masks/papila/exp2/RET069OD_disc.png,data/masks/papila/exp2/RET069OD_cup.png
RET069OS,RET069,train,1,OS,data/PAPILA/PapilaDB-PAPILA-9c67b80983805f0f886b068af800ef2b507e7dc0/FundusImages/RET069OS.jpg,data/crops/papila/RET069OS.jpg,0.1601,0.1416,0.1508,0.0185,1292,665,1727,1158,1139,541,1880,1282,data/masks/papila/exp1/RET069OS_disc.png,data/masks/papila/exp1/RET069OS_cup.png,data/masks/papila/exp2/RET069OS_disc.png,data/masks/papila/exp2/RET069OS_cup.png
RET074OD,RET074,train,1,OD,data/PAPILA/PapilaDB-PAPILA-9c67b80983805f0f886b068af800ef2b507e7dc0/FundusImages/RET074OD.jpg,data/crops/papila/RET074OD.jpg,0.8131,0.8167,0.8149,0.0036,996,733,1400,1160,877,625,1519,1267,data/masks/papila/exp1/RET074OD_disc.png,data/masks/papila/exp1/RET074OD_cup.png,data/masks/papila/exp2/RET074OD_disc.png,data/masks/papila/exp2/RET074OD_cup.png
RET074OS,RET074,train,1,OS,data/PAPILA/PapilaDB-PAPILA-9c67b80983805f0f886b068af800ef2b507e7dc0/FundusImages/RET074OS.jpg,data/crops/papila/RET074OS.jpg,0.5982,0.5624,0.5803,0.0359,1235,614,1659,1061,1111,501,1783,1173,data/masks/papila/exp1/RET074OS_disc.png,data/masks/papila/exp1/RET074OS_cup.png,data/masks/papila/exp2/RET074OS_disc.png,data/masks/papila/exp2/RET074OS_cup.png
RET077OD,RET077,train,1,OD,data/PAPILA/PapilaDB-PAPILA-9c67b80983805f0f886b068af800ef2b507e7dc0/FundusImages/RET077OD.jpg,data/crops/papila/RET077OD.jpg,0.3532,0.4662,0.4097,0.1131,946,746,1445,1236,820,616,1570,1366,data/masks/papila/exp1/RET077OD_disc.png,data/masks/papila/exp1/RET077OD_cup.png,data/masks/papila/exp2/RET077OD_disc.png,data/masks/papila/exp2/RET077OD_cup.png
RET077OS,RET077,train,1,OS,data/PAPILA/PapilaDB-PAPILA-9c67b80983805f0f886b068af800ef2b507e7dc0/FundusImages/RET077OS.jpg,data/crops/papila/RET077OS.jpg,0.1567,0.1,0.1284,0.0567,1098,729,1574,1236,955,601,1717,1363,data/masks/papila/exp1/RET077OS_disc.png,data/masks/papila/exp1/RET077OS_cup.png,data/masks/papila/exp2/RET077OS_disc.png,data/masks/papila/exp2/RET077OS_cup.png
RET081OD,RET081,train,1,OD,data/PAPILA/PapilaDB-PAPILA-9c67b80983805f0f886b068af800ef2b507e7dc0/FundusImages/RET081OD.jpg,data/crops/papila/RET081OD.jpg,0.5996,0.6279,0.6138,0.0282,1130,573,1622,1147,945,429,1807,1291,data/masks/papila/exp1/RET081OD_disc.png,data/masks/papila/exp1/RET081OD_cup.png,data/masks/papila/exp2/RET081OD_disc.png,data/masks/papila/exp2/RET081OD_cup.png
RET081OS,RET081,train,1,OS,data/PAPILA/PapilaDB-PAPILA-9c67b80983805f0f886b068af800ef2b507e7dc0/FundusImages/RET081OS.jpg,data/crops/papila/RET081OS.jpg,0.6847,0.6323,0.6585,0.0524,1015,515,1507,1050,859,380,1663,1184,data/masks/papila/exp1/RET081OS_disc.png,data/masks/papila/exp1/RET081OS_cup.png,data/masks/papila/exp2/RET081OS_disc.png,data/masks/papila/exp2/RET081OS_cup.png
RET084OD,RET084,train,1,OD,data/PAPILA/PapilaDB-PAPILA-9c67b80983805f0f886b068af800ef2b507e7dc0/FundusImages/RET084OD.jpg,data/crops/papila/RET084OD.jpg,0.4185,0.4719,0.4452,0.0535,1126,655,1623,1163,992,527,1756,1291,data/masks/papila/exp1/RET084OD_disc.png,data/masks/papila/exp1/RET084OD_cup.png,data/masks/papila/exp2/RET084OD_disc.png,data/masks/papila/exp2/RET084OD_cup.png
RET084OS,RET084,train,1,OS,data/PAPILA/PapilaDB-PAPILA-9c67b80983805f0f886b068af800ef2b507e7dc0/FundusImages/RET084OS.jpg,data/crops/papila/RET084OS.jpg,0.3992,0.4247,0.4119,0.0255,922,593,1436,1098,793,459,1565,1231,data/masks/papila/exp1/RET084OS_disc.png,data/masks/papila/exp1/RET084OS_cup.png,data/masks/papila/exp2/RET084OS_disc.png,data/masks/papila/exp2/RET084OS_cup.png
RET087OD,RET087,train,1,OD,data/PAPILA/PapilaDB-PAPILA-9c67b80983805f0f886b068af800ef2b507e7dc0/FundusImages/RET087OD.jpg,data/crops/papila/RET087OD.jpg,0.572,0.5711,0.5716,0.0008,1122,653,1531,1171,937,523,1715,1301,data/masks/papila/exp1/RET087OD_disc.png,data/masks/papila/exp1/RET087OD_cup.png,data/masks/papila/exp2/RET087OD_disc.png,data/masks/papila/exp2/RET087OD_cup.png
RET087OS,RET087,train,1,OS,data/PAPILA/PapilaDB-PAPILA-9c67b80983805f0f886b068af800ef2b507e7dc0/FundusImages/RET087OS.jpg,data/crops/papila/RET087OS.jpg,0.536,0.4587,0.4973,0.0773,1079,607,1479,1115,897,479,1661,1243,data/masks/papila/exp1/RET087OS_disc.png,data/masks/papila/exp1/RET087OS_cup.png,data/masks/papila/exp2/RET087OS_disc.png,data/masks/papila/exp2/RET087OS_cup.png
RET088OD,RET088,test,1,OD,data/PAPILA/PapilaDB-PAPILA-9c67b80983805f0f886b068af800ef2b507e7dc0/FundusImages/RET088OD.jpg,data/crops/papila/RET088OD.jpg,0.2355,0.237,0.2363,0.0015,1122,673,1512,1156,954,551,1680,1277,data/masks/papila/exp1/RET088OD_disc.png,data/masks/papila/exp1/RET088OD_cup.png,data/masks/papila/exp2/RET088OD_disc.png,data/masks/papila/exp2/RET088OD_cup.png
RET088OS,RET088,test,1,OS,data/PAPILA/PapilaDB-PAPILA-9c67b80983805f0f886b068af800ef2b507e7dc0/FundusImages/RET088OS.jpg,data/crops/papila/RET088OS.jpg,0.1953,0.1528,0.1741,0.0425,1048,692,1425,1121,914,584,1559,1229,data/masks/papila/exp1/RET088OS_disc.png,data/masks/papila/exp1/RET088OS_cup.png,data/masks/papila/exp2/RET088OS_disc.png,data/masks/papila/exp2/RET088OS_cup.png
RET090OD,RET090,train,1,OD,data/PAPILA/PapilaDB-PAPILA-9c67b80983805f0f886b068af800ef2b507e7dc0/FundusImages/RET090OD.jpg,data/crops/papila/RET090OD.jpg,0.3631,0.2329,0.298,0.1301,1109,603,1559,1095,964,479,1704,1219,data/masks/papila/exp1/RET090OD_disc.png,data/masks/papila/exp1/RET090OD_cup.png,data/masks/papila/exp2/RET090OD_disc.png,data/masks/papila/exp2/RET090OD_cup.png
RET090OS,RET090,train,1,OS,data/PAPILA/PapilaDB-PAPILA-9c67b80983805f0f886b068af800ef2b507e7dc0/FundusImages/RET090OS.jpg,data/crops/papila/RET090OS.jpg,0.1804,0.1775,0.179,0.0028,1117,736,1549,1173,1005,626,1662,1283,data/masks/papila/exp1/RET090OS_disc.png,data/masks/papila/exp1/RET090OS_cup.png,data/masks/papila/exp2/RET090OS_disc.png,data/masks/papila/exp2/RET090OS_cup.png
RET096OD,RET096,train,0,OD,data/PAPILA/PapilaDB-PAPILA-9c67b80983805f0f886b068af800ef2b507e7dc0/FundusImages/RET096OD.jpg,data/crops/papila/RET096OD.jpg,0.4438,0.46,0.4519,0.0161,998,584,1501,1117,849,450,1650,1251,data/masks/papila/exp1/RET096OD_disc.png,data/masks/papila/exp1/RET096OD_cup.png,data/masks/papila/exp2/RET096OD_disc.png,data/masks/papila/exp2/RET096OD_cup.png
RET096OS,RET096,train,1,OS,data/PAPILA/PapilaDB-PAPILA-9c67b80983805f0f886b068af800ef2b507e7dc0/FundusImages/RET096OS.jpg,data/crops/papila/RET096OS.jpg,0.6122,0.6306,0.6214,0.0184,1085,811,1583,1336,940,679,1729,1468,data/masks/papila/exp1/RET096OS_disc.png,data/masks/papila/exp1/RET096OS_cup.png,data/masks/papila/exp2/RET096OS_disc.png,data/masks/papila/exp2/RET096OS_cup.png
RET098OD,RET098,train,0,OD,data/PAPILA/PapilaDB-PAPILA-9c67b80983805f0f886b068af800ef2b507e7dc0/FundusImages/RET098OD.jpg,data/crops/papila/RET098OD.jpg,0.5158,0.4566,0.4862,0.0592,1104,549,1577,1089,934,413,1746,1225,data/masks/papila/exp1/RET098OD_disc.png,data/masks/papila/exp1/RET098OD_cup.png,data/masks/papila/exp2/RET098OD_disc.png,data/masks/papila/exp2/RET098OD_cup.png
RET098OS,RET098,train,1,OS,data/PAPILA/PapilaDB-PAPILA-9c67b80983805f0f886b068af800ef2b507e7dc0/FundusImages/RET098OS.jpg,data/crops/papila/RET098OS.jpg,0.622,0.5225,0.5723,0.0995,1080,551,1492,1095,877,414,1695,1232,data/masks/papila/exp1/RET098OS_disc.png,data/masks/papila/exp1/RET098OS_cup.png,data/masks/papila/exp2/RET098OS_disc.png,data/masks/papila/exp2/RET098OS_cup.png
RET105OD,RET105,train,1,OD,data/PAPILA/PapilaDB-PAPILA-9c67b80983805f0f886b068af800ef2b507e7dc0/FundusImages/RET105OD.jpg,data/crops/papila/RET105OD.jpg,0.3231,0.2746,0.2989,0.0485,1028,746,1497,1234,895,623,1629,1357,data/masks/papila/exp1/RET105OD_disc.png,data/masks/papila/exp1/RET105OD_cup.png,data/masks/papila/exp2/RET105OD_disc.png,data/masks/papila/exp2/RET105OD_cup.png
RET105OS,RET105,train,1,OS,data/PAPILA/PapilaDB-PAPILA-9c67b80983805f0f886b068af800ef2b507e7dc0/FundusImages/RET105OS.jpg,data/crops/papila/RET105OS.jpg,0.1379,0.1315,0.1347,0.0065,1119,766,1596,1258,987,642,1727,1382,data/masks/papila/exp1/RET105OS_disc.png,data/masks/papila/exp1/RET105OS_cup.png,data/masks/papila/exp2/RET105OS_disc.png,data/masks/papila/exp2/RET105OS_cup.png
RET107OD,RET107,val,0,OD,data/PAPILA/PapilaDB-PAPILA-9c67b80983805f0f886b068af800ef2b507e7dc0/FundusImages/RET107OD.jpg,data/crops/papila/RET107OD.jpg,0.5026,0.4441,0.4734,0.0585,1180,853,1547,1234,1077,757,1650,1330,data/masks/papila/exp1/RET107OD_disc.png,data/masks/papila/exp1/RET107OD_cup.png,data/masks/papila/exp2/RET107OD_disc.png,data/masks/papila/exp2/RET107OD_cup.png
RET107OS,RET107,val,1,OS,data/PAPILA/PapilaDB-PAPILA-9c67b80983805f0f886b068af800ef2b507e7dc0/FundusImages/RET107OS.jpg,data/crops/papila/RET107OS.jpg,0.48,0.5311,0.5055,0.0511,1037,606,1434,1030,916,499,1554,1137,data/masks/papila/exp1/RET107OS_disc.png,data/masks/papila/exp1/RET107OS_cup.png,data/masks/papila/exp2/RET107OS_disc.png,data/masks/papila/exp2/RET107OS_cup.png
RET108OD,RET108,val,0,OD,data/PAPILA/PapilaDB-PAPILA-9c67b80983805f0f886b068af800ef2b507e7dc0/FundusImages/RET108OD.jpg,data/crops/papila/RET108OD.jpg,0.4037,0.3385,0.3711,0.0652,1145,658,1668,1202,997,521,1815,1339,data/masks/papila/exp1/RET108OD_disc.png,data/masks/papila/exp1/RET108OD_cup.png,data/masks/papila/exp2/RET108OD_disc.png,data/masks/papila/exp2/RET108OD_cup.png
RET108OS,RET108,val,0,OS,data/PAPILA/PapilaDB-PAPILA-9c67b80983805f0f886b068af800ef2b507e7dc0/FundusImages/RET108OS.jpg,data/crops/papila/RET108OS.jpg,0.3474,0.3165,0.332,0.0309,927,677,1408,1206,770,544,1565,1339,data/masks/papila/exp1/RET108OS_disc.png,data/masks/papila/exp1/RET108OS_cup.png,data/masks/papila/exp2/RET108OS_disc.png,data/masks/papila/exp2/RET108OS_cup.png
RET116OD,RET116,train,0,OD,data/PAPILA/PapilaDB-PAPILA-9c67b80983805f0f886b068af800ef2b507e7dc0/FundusImages/RET116OD.jpg,data/crops/papila/RET116OD.jpg,0.4693,0.4219,0.4456,0.0474,1174,686,1598,1173,1020,563,1752,1295,data/masks/papila/exp1/RET116OD_disc.png,data/masks/papila/exp1/RET116OD_cup.png,data/masks/papila/exp2/RET116OD_disc.png,data/masks/papila/exp2/RET116OD_cup.png
RET116OS,RET116,train,1,OS,data/PAPILA/PapilaDB-PAPILA-9c67b80983805f0f886b068af800ef2b507e7dc0/FundusImages/RET116OS.jpg,data/crops/papila/RET116OS.jpg,0.4739,0.5437,0.5088,0.0698,970,614,1387,1111,805,489,1552,1236,data/masks/papila/exp1/RET116OS_disc.png,data/masks/papila/exp1/RET116OS_cup.png,data/masks/papila/exp2/RET116OS_disc.png,data/masks/papila/exp2/RET116OS_cup.png
RET119OD,RET119,train,1,OD,data/PAPILA/PapilaDB-PAPILA-9c67b80983805f0f886b068af800ef2b507e7dc0/FundusImages/RET119OD.jpg,data/crops/papila/RET119OD.jpg,0.643,0.5984,0.6207,0.0446,1039,699,1486,1206,881,571,1643,1333,data/masks/papila/exp1/RET119OD_disc.png,data/masks/papila/exp1/RET119OD_cup.png,data/masks/papila/exp2/RET119OD_disc.png,data/masks/papila/exp2/RET119OD_cup.png
RET119OS,RET119,train,1,OS,data/PAPILA/PapilaDB-PAPILA-9c67b80983805f0f886b068af800ef2b507e7dc0/FundusImages/RET119OS.jpg,data/crops/papila/RET119OS.jpg,0.5748,0.5832,0.579,0.0084,1100,612,1551,1119,944,484,1706,1246,data/masks/papila/exp1/RET119OS_disc.png,data/masks/papila/exp1/RET119OS_cup.png,data/masks/papila/exp2/RET119OS_disc.png,data/masks/papila/exp2/RET119OS_cup.png
RET123OD,RET123,train,0,OD,data/PAPILA/PapilaDB-PAPILA-9c67b80983805f0f886b068af800ef2b507e7dc0/FundusImages/RET123OD.jpg,data/crops/papila/RET123OD.jpg,0.1387,0.1413,0.14,0.0027,1161,502,1672,981,1032,357,1800,1125,data/masks/papila/exp1/RET123OD_disc.png,data/masks/papila/exp1/RET123OD_cup.png,data/masks/papila/exp2/RET123OD_disc.png,data/masks/papila/exp2/RET123OD_cup.png
RET123OS,RET123,train,1,OS,data/PAPILA/PapilaDB-PAPILA-9c67b80983805f0f886b068af800ef2b507e7dc0/FundusImages/RET123OS.jpg,data/crops/papila/RET123OS.jpg,0.1589,0.1518,0.1553,0.0071,1044,587,1538,1059,920,452,1662,1194,data/masks/papila/exp1/RET123OS_disc.png,data/masks/papila/exp1/RET123OS_cup.png,data/masks/papila/exp2/RET123OS_disc.png,data/masks/papila/exp2/RET123OS_cup.png
RET124OD,RET124,train,1,OD,data/PAPILA/PapilaDB-PAPILA-9c67b80983805f0f886b068af800ef2b507e7dc0/FundusImages/RET124OD.jpg,data/crops/papila/RET124OD.jpg,0.4603,0.3971,0.4287,0.0632,1091,677,1474,1161,918,555,1646,1283,data/masks/papila/exp1/RET124OD_disc.png,data/masks/papila/exp1/RET124OD_cup.png,data/masks/papila/exp2/RET124OD_disc.png,data/masks/papila/exp2/RET124OD_cup.png
RET124OS,RET124,train,1,OS,data/PAPILA/PapilaDB-PAPILA-9c67b80983805f0f886b068af800ef2b507e7dc0/FundusImages/RET124OS.jpg,data/crops/papila/RET124OS.jpg,0.339,0.2472,0.2931,0.0918,1031,727,1453,1195,890,609,1594,1313,data/masks/papila/exp1/RET124OS_disc.png,data/masks/papila/exp1/RET124OS_cup.png,data/masks/papila/exp2/RET124OS_disc.png,data/masks/papila/exp2/RET124OS_cup.png
RET125OD,RET125,train,0,OD,data/PAPILA/PapilaDB-PAPILA-9c67b80983805f0f886b068af800ef2b507e7dc0/FundusImages/RET125OD.jpg,data/crops/papila/RET125OD.jpg,0.4137,0.3462,0.38,0.0675,1106,502,1616,1011,978,373,1744,1139,data/masks/papila/exp1/RET125OD_disc.png,data/masks/papila/exp1/RET125OD_cup.png,data/masks/papila/exp2/RET125OD_disc.png,data/masks/papila/exp2/RET125OD_cup.png
RET125OS,RET125,train,0,OS,data/PAPILA/PapilaDB-PAPILA-9c67b80983805f0f886b068af800ef2b507e7dc0/FundusImages/RET125OS.jpg,data/crops/papila/RET125OS.jpg,0.4004,0.3149,0.3577,0.0855,1067,681,1538,1132,948,552,1656,1260,data/masks/papila/exp1/RET125OS_disc.png,data/masks/papila/exp1/RET125OS_cup.png,data/masks/papila/exp2/RET125OS_disc.png,data/masks/papila/exp2/RET125OS_cup.png
RET126OD,RET126,train,0,OD,data/PAPILA/PapilaDB-PAPILA-9c67b80983805f0f886b068af800ef2b507e7dc0/FundusImages/RET126OD.jpg,data/crops/papila/RET126OD.jpg,0.2952,0.2172,0.2562,0.078,1149,747,1503,1188,995,636,1658,1299,data/masks/papila/exp1/RET126OD_disc.png,data/masks/papila/exp1/RET126OD_cup.png,data/masks/papila/exp2/RET126OD_disc.png,data/masks/papila/exp2/RET126OD_cup.png
RET126OS,RET126,train,0,OS,data/PAPILA/PapilaDB-PAPILA-9c67b80983805f0f886b068af800ef2b507e7dc0/FundusImages/RET126OS.jpg,data/crops/papila/RET126OS.jpg,0.3452,0.2756,0.3104,0.0697,1141,807,1555,1310,970,680,1726,1436,data/masks/papila/exp1/RET126OS_disc.png,data/masks/papila/exp1/RET126OS_cup.png,data/masks/papila/exp2/RET126OS_disc.png,data/masks/papila/exp2/RET126OS_cup.png
RET127OD,RET127,val,0,OD,data/PAPILA/PapilaDB-PAPILA-9c67b80983805f0f886b068af800ef2b507e7dc0/FundusImages/RET127OD.jpg,data/crops/papila/RET127OD.jpg,0.1946,0.1853,0.1899,0.0093,1210,785,1674,1303,1053,655,1831,1433,data/masks/papila/exp1/RET127OD_disc.png,data/masks/papila/exp1/RET127OD_cup.png,data/masks/papila/exp2/RET127OD_disc.png,data/masks/papila/exp2/RET127OD_cup.png
RET127OS,RET127,val,0,OS,data/PAPILA/PapilaDB-PAPILA-9c67b80983805f0f886b068af800ef2b507e7dc0/FundusImages/RET127OS.jpg,data/crops/papila/RET127OS.jpg,0.2882,0.3502,0.3192,0.062,998,744,1464,1260,843,614,1619,1390,data/masks/papila/exp1/RET127OS_disc.png,data/masks/papila/exp1/RET127OS_cup.png,data/masks/papila/exp2/RET127OS_disc.png,data/masks/papila/exp2/RET127OS_cup.png
RET128OD,RET128,train,0,OD,data/PAPILA/PapilaDB-PAPILA-9c67b80983805f0f886b068af800ef2b507e7dc0/FundusImages/RET128OD.jpg,data/crops/papila/RET128OD.jpg,0.2071,0.1736,0.1903,0.0336,1158,787,1618,1273,1023,665,1753,1395,data/masks/papila/exp1/RET128OD_disc.png,data/masks/papila/exp1/RET128OD_cup.png,data/masks/papila/exp2/RET128OD_disc.png,data/masks/papila/exp2/RET128OD_cup.png
RET128OS,RET128,train,0,OS,data/PAPILA/PapilaDB-PAPILA-9c67b80983805f0f886b068af800ef2b507e7dc0/FundusImages/RET128OS.jpg,data/crops/papila/RET128OS.jpg,0.1414,0.1464,0.1439,0.005,1000,688,1458,1182,858,564,1600,1306,data/masks/papila/exp1/RET128OS_disc.png,data/masks/papila/exp1/RET128OS_cup.png,data/masks/papila/exp2/RET128OS_disc.png,data/masks/papila/exp2/RET128OS_cup.png
RET129OD,RET129,train,0,OD,data/PAPILA/PapilaDB-PAPILA-9c67b80983805f0f886b068af800ef2b507e7dc0/FundusImages/RET129OD.jpg,data/crops/papila/RET129OD.jpg,0.4321,0.4208,0.4265,0.0113,1063,659,1498,1100,949,548,1612,1211,data/masks/papila/exp1/RET129OD_disc.png,data/masks/papila/exp1/RET129OD_cup.png,data/masks/papila/exp2/RET129OD_disc.png,data/masks/papila/exp2/RET129OD_cup.png
RET129OS,RET129,train,0,OS,data/PAPILA/PapilaDB-PAPILA-9c67b80983805f0f886b068af800ef2b507e7dc0/FundusImages/RET129OS.jpg,data/crops/papila/RET129OS.jpg,0.4336,0.4341,0.4338,0.0005,1066,607,1443,1023,941,502,1567,1128,data/masks/papila/exp1/RET129OS_disc.png,data/masks/papila/exp1/RET129OS_cup.png,data/masks/papila/exp2/RET129OS_disc.png,data/masks/papila/exp2/RET129OS_cup.png
RET130OD,RET130,train,0,OD,data/PAPILA/PapilaDB-PAPILA-9c67b80983805f0f886b068af800ef2b507e7dc0/FundusImages/RET130OD.jpg,data/crops/papila/RET130OD.jpg,0.3785,0.35,0.3643,0.0285,1098,785,1505,1212,980,677,1622,1319,data/masks/papila/exp1/RET130OD_disc.png,data/masks/papila/exp1/RET130OD_cup.png,data/masks/papila/exp2/RET130OD_disc.png,data/masks/papila/exp2/RET130OD_cup.png
RET130OS,RET130,train,0,OS,data/PAPILA/PapilaDB-PAPILA-9c67b80983805f0f886b068af800ef2b507e7dc0/FundusImages/RET130OS.jpg,data/crops/papila/RET130OS.jpg,0.3858,0.3258,0.3558,0.06,1159,794,1522,1194,1039,693,1641,1295,data/masks/papila/exp1/RET130OS_disc.png,data/masks/papila/exp1/RET130OS_cup.png,data/masks/papila/exp2/RET130OS_disc.png,data/masks/papila/exp2/RET130OS_cup.png
RET131OD,RET131,train,0,OD,data/PAPILA/PapilaDB-PAPILA-9c67b80983805f0f886b068af800ef2b507e7dc0/FundusImages/RET131OD.jpg,data/crops/papila/RET131OD.jpg,0.3333,0.3056,0.3194,0.0278,1086,638,1546,1096,970,521,1662,1213,data/masks/papila/exp1/RET131OD_disc.png,data/masks/papila/exp1/RET131OD_cup.png,data/masks/papila/exp2/RET131OD_disc.png,data/masks/papila/exp2/RET131OD_cup.png
RET131OS,RET131,train,0,OS,data/PAPILA/PapilaDB-PAPILA-9c67b80983805f0f886b068af800ef2b507e7dc0/FundusImages/RET131OS.jpg,data/crops/papila/RET131OS.jpg,0.3202,0.3288,0.3245,0.0086,1085,675,1518,1130,959,560,1643,1244,data/masks/papila/exp1/RET131OS_disc.png,data/masks/papila/exp1/RET131OS_cup.png,data/masks/papila/exp2/RET131OS_disc.png,data/masks/papila/exp2/RET131OS_cup.png
RET132OD,RET132,train,0,OD,data/PAPILA/PapilaDB-PAPILA-9c67b80983805f0f886b068af800ef2b507e7dc0/FundusImages/RET132OD.jpg,data/crops/papila/RET132OD.jpg,0.4658,0.4731,0.4695,0.0073,1193,649,1718,1204,1038,509,1872,1343,data/masks/papila/exp1/RET132OD_disc.png,data/masks/papila/exp1/RET132OD_cup.png,data/masks/papila/exp2/RET132OD_disc.png,data/masks/papila/exp2/RET132OD_cup.png
RET132OS,RET132,train,0,OS,data/PAPILA/PapilaDB-PAPILA-9c67b80983805f0f886b068af800ef2b507e7dc0/FundusImages/RET132OS.jpg,data/crops/papila/RET132OS.jpg,0.4746,0.4871,0.4809,0.0125,991,717,1479,1238,844,586,1627,1369,data/masks/papila/exp1/RET132OS_disc.png,data/masks/papila/exp1/RET132OS_cup.png,data/masks/papila/exp2/RET132OS_disc.png,data/masks/papila/exp2/RET132OS_cup.png
RET133OD,RET133,train,0,OD,data/PAPILA/PapilaDB-PAPILA-9c67b80983805f0f886b068af800ef2b507e7dc0/FundusImages/RET133OD.jpg,data/crops/papila/RET133OD.jpg,0.2687,0.2826,0.2756,0.0139,1152,744,1562,1264,966,613,1748,1395,data/masks/papila/exp1/RET133OD_disc.png,data/masks/papila/exp1/RET133OD_cup.png,data/masks/papila/exp2/RET133OD_disc.png,data/masks/papila/exp2/RET133OD_cup.png
RET133OS,RET133,train,0,OS,data/PAPILA/PapilaDB-PAPILA-9c67b80983805f0f886b068af800ef2b507e7dc0/FundusImages/RET133OS.jpg,data/crops/papila/RET133OS.jpg,0.4172,0.3891,0.4032,0.0281,1062,689,1459,1184,888,564,1632,1308,data/masks/papila/exp1/RET133OS_disc.png,data/masks/papila/exp1/RET133OS_cup.png,data/masks/papila/exp2/RET133OS_disc.png,data/masks/papila/exp2/RET133OS_cup.png
RET134OD,RET134,test,0,OD,data/PAPILA/PapilaDB-PAPILA-9c67b80983805f0f886b068af800ef2b507e7dc0/FundusImages/RET134OD.jpg,data/crops/papila/RET134OD.jpg,0.3157,0.3282,0.322,0.0126,1169,686,1594,1100,1062,574,1701,1213,data/masks/papila/exp1/RET134OD_disc.png,data/masks/papila/exp1/RET134OD_cup.png,data/masks/papila/exp2/RET134OD_disc.png,data/masks/papila/exp2/RET134OD_cup.png
RET134OS,RET134,test,0,OS,data/PAPILA/PapilaDB-PAPILA-9c67b80983805f0f886b068af800ef2b507e7dc0/FundusImages/RET134OS.jpg,data/crops/papila/RET134OS.jpg,0.1277,0.146,0.1369,0.0183,1043,582,1434,998,925,477,1551,1103,data/masks/papila/exp1/RET134OS_disc.png,data/masks/papila/exp1/RET134OS_cup.png,data/masks/papila/exp2/RET134OS_disc.png,data/masks/papila/exp2/RET134OS_cup.png
RET135OD,RET135,test,0,OD,data/PAPILA/PapilaDB-PAPILA-9c67b80983805f0f886b068af800ef2b507e7dc0/FundusImages/RET135OD.jpg,data/crops/papila/RET135OD.jpg,0.1378,0.1749,0.1564,0.0372,1206,770,1690,1219,1084,630,1812,1358,data/masks/papila/exp1/RET135OD_disc.png,data/masks/papila/exp1/RET135OD_cup.png,data/masks/papila/exp2/RET135OD_disc.png,data/masks/papila/exp2/RET135OD_cup.png
RET135OS,RET135,test,0,OS,data/PAPILA/PapilaDB-PAPILA-9c67b80983805f0f886b068af800ef2b507e7dc0/FundusImages/RET135OS.jpg,data/crops/papila/RET135OS.jpg,0.1894,0.1731,0.1813,0.0164,1191,879,1638,1301,1078,754,1750,1426,data/masks/papila/exp1/RET135OS_disc.png,data/masks/papila/exp1/RET135OS_cup.png,data/masks/papila/exp2/RET135OS_disc.png,data/masks/papila/exp2/RET135OS_cup.png
RET136OD,RET136,train,0,OD,data/PAPILA/PapilaDB-PAPILA-9c67b80983805f0f886b068af800ef2b507e7dc0/FundusImages/RET136OD.jpg,data/crops/papila/RET136OD.jpg,0.437,0.4258,0.4314,0.0112,1215,680,1687,1206,1056,548,1846,1338,data/masks/papila/exp1/RET136OD_disc.png,data/masks/papila/exp1/RET136OD_cup.png,data/masks/papila/exp2/RET136OD_disc.png,data/masks/papila/exp2/RET136OD_cup.png
RET136OS,RET136,train,0,OS,data/PAPILA/PapilaDB-PAPILA-9c67b80983805f0f886b068af800ef2b507e7dc0/FundusImages/RET136OS.jpg,data/crops/papila/RET136OS.jpg,0.2375,0.2211,0.2293,0.0164,890,637,1358,1119,762,516,1486,1240,data/masks/papila/exp1/RET136OS_disc.png,data/masks/papila/exp1/RET136OS_cup.png,data/masks/papila/exp2/RET136OS_disc.png,data/masks/papila/exp2/RET136OS_cup.png
RET137OD,RET137,train,0,OD,data/PAPILA/PapilaDB-PAPILA-9c67b80983805f0f886b068af800ef2b507e7dc0/FundusImages/RET137OD.jpg,data/crops/papila/RET137OD.jpg,0.449,0.4125,0.4307,0.0365,1033,781,1510,1319,867,646,1675,1454,data/masks/papila/exp1/RET137OD_disc.png,data/masks/papila/exp1/RET137OD_cup.png,data/masks/papila/exp2/RET137OD_disc.png,data/masks/papila/exp2/RET137OD_cup.png
RET137OS,RET137,train,0,OS,data/PAPILA/PapilaDB-PAPILA-9c67b80983805f0f886b068af800ef2b507e7dc0/FundusImages/RET137OS.jpg,data/crops/papila/RET137OS.jpg,0.4816,0.5082,0.4949,0.0266,1117,848,1590,1340,983,724,1723,1464,data/masks/papila/exp1/RET137OS_disc.png,data/masks/papila/exp1/RET137OS_cup.png,data/masks/papila/exp2/RET137OS_disc.png,data/masks/papila/exp2/RET137OS_cup.png
RET138OD,RET138,test,0,OD,data/PAPILA/PapilaDB-PAPILA-9c67b80983805f0f886b068af800ef2b507e7dc0/FundusImages/RET138OD.jpg,data/crops/papila/RET138OD.jpg,0.3588,0.3087,0.3338,0.0501,1171,673,1670,1221,1008,535,1832,1359,data/masks/papila/exp1/RET138OD_disc.png,data/masks/papila/exp1/RET138OD_cup.png,data/masks/papila/exp2/RET138OD_disc.png,data/masks/papila/exp2/RET138OD_cup.png
RET138OS,RET138,test,0,OS,data/PAPILA/PapilaDB-PAPILA-9c67b80983805f0f886b068af800ef2b507e7dc0/FundusImages/RET138OS.jpg,data/crops/papila/RET138OS.jpg,0.1976,0.2021,0.1999,0.0045,1015,976,1484,1481,870,849,1629,1608,data/masks/papila/exp1/RET138OS_disc.png,data/masks/papila/exp1/RET138OS_cup.png,data/masks/papila/exp2/RET138OS_disc.png,data/masks/papila/exp2/RET138OS_cup.png
RET139OD,RET139,train,0,OD,data/PAPILA/PapilaDB-PAPILA-9c67b80983805f0f886b068af800ef2b507e7dc0/FundusImages/RET139OD.jpg,data/crops/papila/RET139OD.jpg,0.338,0.347,0.3425,0.009,1033,674,1529,1171,908,549,1655,1296,data/masks/papila/exp1/RET139OD_disc.png,data/masks/papila/exp1/RET139OD_cup.png,data/masks/papila/exp2/RET139OD_disc.png,data/masks/papila/exp2/RET139OD_cup.png
RET139OS,RET139,train,0,OS,data/PAPILA/PapilaDB-PAPILA-9c67b80983805f0f886b068af800ef2b507e7dc0/FundusImages/RET139OS.jpg,data/crops/papila/RET139OS.jpg,0.3771,0.3326,0.3548,0.0445,1122,731,1635,1210,993,585,1764,1356,data/masks/papila/exp1/RET139OS_disc.png,data/masks/papila/exp1/RET139OS_cup.png,data/masks/papila/exp2/RET139OS_disc.png,data/masks/papila/exp2/RET139OS_cup.png
RET140OD,RET140,test,0,OD,data/PAPILA/PapilaDB-PAPILA-9c67b80983805f0f886b068af800ef2b507e7dc0/FundusImages/RET140OD.jpg,data/crops/papila/RET140OD.jpg,0.2962,0.244,0.2701,0.0523,1072,716,1555,1245,916,583,1711,1378,data/masks/papila/exp1/RET140OD_disc.png,data/masks/papila/exp1/RET140OD_cup.png,data/masks/papila/exp2/RET140OD_disc.png,data/masks/papila/exp2/RET140OD_cup.png
RET140OS,RET140,test,0,OS,data/PAPILA/PapilaDB-PAPILA-9c67b80983805f0f886b068af800ef2b507e7dc0/FundusImages/RET140OS.jpg,data/crops/papila/RET140OS.jpg,0.3078,0.2779,0.2929,0.03,1044,647,1516,1173,885,515,1675,1305,data/masks/papila/exp1/RET140OS_disc.png,data/masks/papila/exp1/RET140OS_cup.png,data/masks/papila/exp2/RET140OS_disc.png,data/masks/papila/exp2/RET140OS_cup.png
RET141OD,RET141,train,0,OD,data/PAPILA/PapilaDB-PAPILA-9c67b80983805f0f886b068af800ef2b507e7dc0/FundusImages/RET141OD.jpg,data/crops/papila/RET141OD.jpg,0.4901,0.3984,0.4442,0.0918,981,772,1462,1277,842,645,1601,1404,data/masks/papila/exp1/RET141OD_disc.png,data/masks/papila/exp1/RET141OD_cup.png,data/masks/papila/exp2/RET141OD_disc.png,data/masks/papila/exp2/RET141OD_cup.png
RET141OS,RET141,train,0,OS,data/PAPILA/PapilaDB-PAPILA-9c67b80983805f0f886b068af800ef2b507e7dc0/FundusImages/RET141OS.jpg,data/crops/papila/RET141OS.jpg,0.4818,0.419,0.4504,0.0628,1163,741,1620,1221,1030,620,1752,1342,data/masks/papila/exp1/RET141OS_disc.png,data/masks/papila/exp1/RET141OS_cup.png,data/masks/papila/exp2/RET141OS_disc.png,data/masks/papila/exp2/RET141OS_cup.png
RET142OD,RET142,train,0,OD,data/PAPILA/PapilaDB-PAPILA-9c67b80983805f0f886b068af800ef2b507e7dc0/FundusImages/RET142OD.jpg,data/crops/papila/RET142OD.jpg,0.3121,0.2871,0.2996,0.025,1072,592,1551,1156,887,450,1735,1298,data/masks/papila/exp1/RET142OD_disc.png,data/masks/papila/exp1/RET142OD_cup.png,data/masks/papila/exp2/RET142OD_disc.png,data/masks/papila/exp2/RET142OD_cup.png
RET142OS,RET142,train,0,OS,data/PAPILA/PapilaDB-PAPILA-9c67b80983805f0f886b068af800ef2b507e7dc0/FundusImages/RET142OS.jpg,data/crops/papila/RET142OS.jpg,0.3402,0.3165,0.3284,0.0237,1113,576,1562,1115,932,440,1742,1250,data/masks/papila/exp1/RET142OS_disc.png,data/masks/papila/exp1/RET142OS_cup.png,data/masks/papila/exp2/RET142OS_disc.png,data/masks/papila/exp2/RET142OS_cup.png
RET143OD,RET143,train,0,OD,data/PAPILA/PapilaDB-PAPILA-9c67b80983805f0f886b068af800ef2b507e7dc0/FundusImages/RET143OD.jpg,data/crops/papila/RET143OD.jpg,0.1589,0.1346,0.1467,0.0243,1174,595,1624,1024,1061,471,1737,1147,data/masks/papila/exp1/RET143OD_disc.png,data/masks/papila/exp1/RET143OD_cup.png,data/masks/papila/exp2/RET143OD_disc.png,data/masks/papila/exp2/RET143OD_cup.png
RET143OS,RET143,train,0,OS,data/PAPILA/PapilaDB-PAPILA-9c67b80983805f0f886b068af800ef2b507e7dc0/FundusImages/RET143OS.jpg,data/crops/papila/RET143OS.jpg,0.1783,0.1322,0.1552,0.0462,1145,762,1622,1204,1025,625,1742,1342,data/masks/papila/exp1/RET143OS_disc.png,data/masks/papila/exp1/RET143OS_cup.png,data/masks/papila/exp2/RET143OS_disc.png,data/masks/papila/exp2/RET143OS_cup.png
RET144OD,RET144,train,0,OD,data/PAPILA/PapilaDB-PAPILA-9c67b80983805f0f886b068af800ef2b507e7dc0/FundusImages/RET144OD.jpg,data/crops/papila/RET144OD.jpg,0.4323,0.409,0.4207,0.0233,976,766,1467,1334,794,623,1648,1477,data/masks/papila/exp1/RET144OD_disc.png,data/masks/papila/exp1/RET144OD_cup.png,data/masks/papila/exp2/RET144OD_disc.png,data/masks/papila/exp2/RET144OD_cup.png
RET144OS,RET144,train,0,OS,data/PAPILA/PapilaDB-PAPILA-9c67b80983805f0f886b068af800ef2b507e7dc0/FundusImages/RET144OS.jpg,data/crops/papila/RET144OS.jpg,0.3125,0.3171,0.3148,0.0046,955,807,1434,1334,798,674,1590,1466,data/masks/papila/exp1/RET144OS_disc.png,data/masks/papila/exp1/RET144OS_cup.png,data/masks/papila/exp2/RET144OS_disc.png,data/masks/papila/exp2/RET144OS_cup.png
RET146OD,RET146,val,0,OD,data/PAPILA/PapilaDB-PAPILA-9c67b80983805f0f886b068af800ef2b507e7dc0/FundusImages/RET146OD.jpg,data/crops/papila/RET146OD.jpg,0.3058,0.3721,0.3389,0.0662,1152,430,1700,1038,969,277,1883,1191,data/masks/papila/exp1/RET146OD_disc.png,data/masks/papila/exp1/RET146OD_cup.png,data/masks/papila/exp2/RET146OD_disc.png,data/masks/papila/exp2/RET146OD_cup.png
RET146OS,RET146,val,0,OS,data/PAPILA/PapilaDB-PAPILA-9c67b80983805f0f886b068af800ef2b507e7dc0/FundusImages/RET146OS.jpg,data/crops/papila/RET146OS.jpg,0.2437,0.309,0.2764,0.0653,945,629,1451,1223,752,480,1644,1372,data/masks/papila/exp1/RET146OS_disc.png,data/masks/papila/exp1/RET146OS_cup.png,data/masks/papila/exp2/RET146OS_disc.png,data/masks/papila/exp2/RET146OS_cup.png
RET147OD,RET147,train,0,OD,data/PAPILA/PapilaDB-PAPILA-9c67b80983805f0f886b068af800ef2b507e7dc0/FundusImages/RET147OD.jpg,data/crops/papila/RET147OD.jpg,0.3314,0.2957,0.3135,0.0357,864,734,1370,1240,737,607,1497,1367,data/masks/papila/exp1/RET147OD_disc.png,data/masks/papila/exp1/RET147OD_cup.png,data/masks/papila/exp2/RET147OD_disc.png,data/masks/papila/exp2/RET147OD_cup.png
RET147OS,RET147,train,0,OS,data/PAPILA/PapilaDB-PAPILA-9c67b80983805f0f886b068af800ef2b507e7dc0/FundusImages/RET147OS.jpg,data/crops/papila/RET147OS.jpg,0.3965,0.4669,0.4317,0.0704,1126,680,1642,1197,996,550,1773,1327,data/masks/papila/exp1/RET147OS_disc.png,data/masks/papila/exp1/RET147OS_cup.png,data/masks/papila/exp2/RET147OS_disc.png,data/masks/papila/exp2/RET147OS_cup.png
RET149OD,RET149,test,0,OD,data/PAPILA/PapilaDB-PAPILA-9c67b80983805f0f886b068af800ef2b507e7dc0/FundusImages/RET149OD.jpg,data/crops/papila/RET149OD.jpg,0.3667,0.3691,0.3679,0.0024,1140,668,1620,1146,1019,546,1741,1268,data/masks/papila/exp1/RET149OD_disc.png,data/masks/papila/exp1/RET149OD_cup.png,data/masks/papila/exp2/RET149OD_disc.png,data/masks/papila/exp2/RET149OD_cup.png
RET149OS,RET149,test,0,OS,data/PAPILA/PapilaDB-PAPILA-9c67b80983805f0f886b068af800ef2b507e7dc0/FundusImages/RET149OS.jpg,data/crops/papila/RET149OS.jpg,0.3733,0.3348,0.3541,0.0385,1124,744,1594,1195,1006,616,1712,1322,data/masks/papila/exp1/RET149OS_disc.png,data/masks/papila/exp1/RET149OS_cup.png,data/masks/papila/exp2/RET149OS_disc.png,data/masks/papila/exp2/RET149OS_cup.png
RET150OD,RET150,train,0,OD,data/PAPILA/PapilaDB-PAPILA-9c67b80983805f0f886b068af800ef2b507e7dc0/FundusImages/RET150OD.jpg,data/crops/papila/RET150OD.jpg,0.1109,0.1431,0.127,0.0322,1111,469,1593,1017,940,331,1764,1155,data/masks/papila/exp1/RET150OD_disc.png,data/masks/papila/exp1/RET150OD_cup.png,data/masks/papila/exp2/RET150OD_disc.png,data/masks/papila/exp2/RET150OD_cup.png
RET150OS,RET150,train,0,OS,data/PAPILA/PapilaDB-PAPILA-9c67b80983805f0f886b068af800ef2b507e7dc0/FundusImages/RET150OS.jpg,data/crops/papila/RET150OS.jpg,0.3571,0.3266,0.3419,0.0305,953,714,1470,1260,801,577,1621,1397,data/masks/papila/exp1/RET150OS_disc.png,data/masks/papila/exp1/RET150OS_cup.png,data/masks/papila/exp2/RET150OS_disc.png,data/masks/papila/exp2/RET150OS_cup.png
RET151OD,RET151,train,0,OD,data/PAPILA/PapilaDB-PAPILA-9c67b80983805f0f886b068af800ef2b507e7dc0/FundusImages/RET151OD.jpg,data/crops/papila/RET151OD.jpg,0.4107,0.4434,0.427,0.0327,1215,579,1718,1126,1055,441,1877,1263,data/masks/papila/exp1/RET151OD_disc.png,data/masks/papila/exp1/RET151OD_cup.png,data/masks/papila/exp2/RET151OD_disc.png,data/masks/papila/exp2/RET151OD_cup.png
RET151OS,RET151,train,0,OS,data/PAPILA/PapilaDB-PAPILA-9c67b80983805f0f886b068af800ef2b507e7dc0/FundusImages/RET151OS.jpg,data/crops/papila/RET151OS.jpg,0.3725,0.4127,0.3926,0.0402,944,833,1464,1377,795,696,1613,1514,data/masks/papila/exp1/RET151OS_disc.png,data/masks/papila/exp1/RET151OS_cup.png,data/masks/papila/exp2/RET151OS_disc.png,data/masks/papila/exp2/RET151OS_cup.png
RET152OD,RET152,train,0,OD,data/PAPILA/PapilaDB-PAPILA-9c67b80983805f0f886b068af800ef2b507e7dc0/FundusImages/RET152OD.jpg,data/crops/papila/RET152OD.jpg,0.1771,0.1424,0.1597,0.0347,984,718,1504,1310,799,569,1689,1459,data/masks/papila/exp1/RET152OD_disc.png,data/masks/papila/exp1/RET152OD_cup.png,data/masks/papila/exp2/RET152OD_disc.png,data/masks/papila/exp2/RET152OD_cup.png
RET152OS,RET152,train,0,OS,data/PAPILA/PapilaDB-PAPILA-9c67b80983805f0f886b068af800ef2b507e7dc0/FundusImages/RET152OS.jpg,data/crops/papila/RET152OS.jpg,0.2928,0.4077,0.3503,0.115,1158,759,1689,1325,998,617,1848,1467,data/masks/papila/exp1/RET152OS_disc.png,data/masks/papila/exp1/RET152OS_cup.png,data/masks/papila/exp2/RET152OS_disc.png,data/masks/papila/exp2/RET152OS_cup.png
RET153OD,RET153,val,0,OD,data/PAPILA/PapilaDB-PAPILA-9c67b80983805f0f886b068af800ef2b507e7dc0/FundusImages/RET153OD.jpg,data/crops/papila/RET153OD.jpg,0.1322,0.1526,0.1424,0.0204,1260,775,1666,1243,1111,657,1815,1361,data/masks/papila/exp1/RET153OD_disc.png,data/masks/papila/exp1/RET153OD_cup.png,data/masks/papila/exp2/RET153OD_disc.png,data/masks/papila/exp2/RET153OD_cup.png
RET153OS,RET153,val,0,OS,data/PAPILA/PapilaDB-PAPILA-9c67b80983805f0f886b068af800ef2b507e7dc0/FundusImages/RET153OS.jpg,data/crops/papila/RET153OS.jpg,0.1835,0.171,0.1772,0.0125,1079,894,1437,1228,989,792,1527,1330,data/masks/papila/exp1/RET153OS_disc.png,data/masks/papila/exp1/RET153OS_cup.png,data/masks/papila/exp2/RET153OS_disc.png,data/masks/papila/exp2/RET153OS_cup.png
RET154OD,RET154,val,0,OD,data/PAPILA/PapilaDB-PAPILA-9c67b80983805f0f886b068af800ef2b507e7dc0/FundusImages/RET154OD.jpg,data/crops/papila/RET154OD.jpg,0.3744,0.4693,0.4219,0.0948,1122,649,1549,1102,995,535,1676,1216,data/masks/papila/exp1/RET154OD_disc.png,data/masks/papila/exp1/RET154OD_cup.png,data/masks/papila/exp2/RET154OD_disc.png,data/masks/papila/exp2/RET154OD_cup.png
RET154OS,RET154,val,0,OS,data/PAPILA/PapilaDB-PAPILA-9c67b80983805f0f886b068af800ef2b507e7dc0/FundusImages/RET154OS.jpg,data/crops/papila/RET154OS.jpg,0.5178,0.5399,0.5288,0.0221,1018,668,1453,1124,892,553,1578,1239,data/masks/papila/exp1/RET154OS_disc.png,data/masks/papila/exp1/RET154OS_cup.png,data/masks/papila/exp2/RET154OS_disc.png,data/masks/papila/exp2/RET154OS_cup.png
RET155OD,RET155,train,0,OD,data/PAPILA/PapilaDB-PAPILA-9c67b80983805f0f886b068af800ef2b507e7dc0/FundusImages/RET155OD.jpg,data/crops/papila/RET155OD.jpg,0.2525,0.2982,0.2753,0.0457,1052,711,1473,1225,876,582,1648,1354,data/masks/papila/exp1/RET155OD_disc.png,data/masks/papila/exp1/RET155OD_cup.png,data/masks/papila/exp2/RET155OD_disc.png,data/masks/papila/exp2/RET155OD_cup.png
RET155OS,RET155,train,0,OS,data/PAPILA/PapilaDB-PAPILA-9c67b80983805f0f886b068af800ef2b507e7dc0/FundusImages/RET155OS.jpg,data/crops/papila/RET155OS.jpg,0.2617,0.2617,0.2617,0.0001,1074,723,1510,1234,908,594,1676,1362,data/masks/papila/exp1/RET155OS_disc.png,data/masks/papila/exp1/RET155OS_cup.png,data/masks/papila/exp2/RET155OS_disc.png,data/masks/papila/exp2/RET155OS_cup.png
RET156OD,RET156,train,0,OD,data/PAPILA/PapilaDB-PAPILA-9c67b80983805f0f886b068af800ef2b507e7dc0/FundusImages/RET156OD.jpg,data/crops/papila/RET156OD.jpg,0.5612,0.5593,0.5603,0.0019,927,677,1424,1154,802,542,1549,1289,data/masks/papila/exp1/RET156OD_disc.png,data/masks/papila/exp1/RET156OD_cup.png,data/masks/papila/exp2/RET156OD_disc.png,data/masks/papila/exp2/RET156OD_cup.png
RET156OS,RET156,train,0,OS,data/PAPILA/PapilaDB-PAPILA-9c67b80983805f0f886b068af800ef2b507e7dc0/FundusImages/RET156OS.jpg,data/crops/papila/RET156OS.jpg,0.4334,0.4844,0.4589,0.051,1096,717,1577,1197,975,596,1698,1319,data/masks/papila/exp1/RET156OS_disc.png,data/masks/papila/exp1/RET156OS_cup.png,data/masks/papila/exp2/RET156OS_disc.png,data/masks/papila/exp2/RET156OS_cup.png
RET157OD,RET157,train,0,OD,data/PAPILA/PapilaDB-PAPILA-9c67b80983805f0f886b068af800ef2b507e7dc0/FundusImages/RET157OD.jpg,data/crops/papila/RET157OD.jpg,0.4326,0.4361,0.4343,0.0035,957,712,1429,1171,838,586,1548,1296,data/masks/papila/exp1/RET157OD_disc.png,data/masks/papila/exp1/RET157OD_cup.png,data/masks/papila/exp2/RET157OD_disc.png,data/masks/papila/exp2/RET157OD_cup.png
RET157OS,RET157,train,0,OS,data/PAPILA/PapilaDB-PAPILA-9c67b80983805f0f886b068af800ef2b507e7dc0/FundusImages/RET157OS.jpg,data/crops/papila/RET157OS.jpg,0.3745,0.5179,0.4462,0.1434,1109,781,1559,1284,956,654,1712,1410,data/masks/papila/exp1/RET157OS_disc.png,data/masks/papila/exp1/RET157OS_cup.png,data/masks/papila/exp2/RET157OS_disc.png,data/masks/papila/exp2/RET157OS_cup.png
RET158OD,RET158,val,0,OD,data/PAPILA/PapilaDB-PAPILA-9c67b80983805f0f886b068af800ef2b507e7dc0/FundusImages/RET158OD.jpg,data/crops/papila/RET158OD.jpg,0.212,0.1887,0.2004,0.0233,1033,790,1507,1223,914,650,1626,1362,data/masks/papila/exp1/RET158OD_disc.png,data/masks/papila/exp1/RET158OD_cup.png,data/masks/papila/exp2/RET158OD_disc.png,data/masks/papila/exp2/RET158OD_cup.png
RET158OS,RET158,val,0,OS,data/PAPILA/PapilaDB-PAPILA-9c67b80983805f0f886b068af800ef2b507e7dc0/FundusImages/RET158OS.jpg,data/crops/papila/RET158OS.jpg,0.2802,0.3176,0.2989,0.0375,1139,798,1588,1236,1026,680,1701,1355,data/masks/papila/exp1/RET158OS_disc.png,data/masks/papila/exp1/RET158OS_cup.png,data/masks/papila/exp2/RET158OS_disc.png,data/masks/papila/exp2/RET158OS_cup.png
RET159OD,RET159,val,0,OD,data/PAPILA/PapilaDB-PAPILA-9c67b80983805f0f886b068af800ef2b507e7dc0/FundusImages/RET159OD.jpg,data/crops/papila/RET159OD.jpg,0.299,0.3692,0.3341,0.0702,1022,894,1473,1401,866,766,1628,1528,data/masks/papila/exp1/RET159OD_disc.png,data/masks/papila/exp1/RET159OD_cup.png,data/masks/papila/exp2/RET159OD_disc.png,data/masks/papila/exp2/RET159OD_cup.png
RET159OS,RET159,val,0,OS,data/PAPILA/PapilaDB-PAPILA-9c67b80983805f0f886b068af800ef2b507e7dc0/FundusImages/RET159OS.jpg,data/crops/papila/RET159OS.jpg,0.1543,0.1509,0.1526,0.0034,1089,656,1589,1199,931,519,1747,1335,data/masks/papila/exp1/RET159OS_disc.png,data/masks/papila/exp1/RET159OS_cup.png,data/masks/papila/exp2/RET159OS_disc.png,data/masks/papila/exp2/RET159OS_cup.png
RET160OD,RET160,train,0,OD,data/PAPILA/PapilaDB-PAPILA-9c67b80983805f0f886b068af800ef2b507e7dc0/FundusImages/RET160OD.jpg,data/crops/papila/RET160OD.jpg,0.3935,0.4086,0.401,0.0151,1080,744,1579,1264,938,613,1720,1395,data/masks/papila/exp1/RET160OD_disc.png,data/masks/papila/exp1/RET160OD_cup.png,data/masks/papila/exp2/RET160OD_disc.png,data/masks/papila/exp2/RET160OD_cup.png
RET160OS,RET160,train,0,OS,data/PAPILA/PapilaDB-PAPILA-9c67b80983805f0f886b068af800ef2b507e7dc0/FundusImages/RET160OS.jpg,data/crops/papila/RET160OS.jpg,0.4025,0.4592,0.4309,0.0567,998,738,1473,1215,877,618,1594,1335,data/masks/papila/exp1/RET160OS_disc.png,data/masks/papila/exp1/RET160OS_cup.png,data/masks/papila/exp2/RET160OS_disc.png,data/masks/papila/exp2/RET160OS_cup.png
RET162OD,RET162,train,0,OD,data/PAPILA/PapilaDB-PAPILA-9c67b80983805f0f886b068af800ef2b507e7dc0/FundusImages/RET162OD.jpg,data/crops/papila/RET162OD.jpg,0.3466,0.3968,0.3717,0.0502,1061,723,1593,1280,909,583,1746,1420,data/masks/papila/exp1/RET162OD_disc.png,data/masks/papila/exp1/RET162OD_cup.png,data/masks/papila/exp2/RET162OD_disc.png,data/masks/papila/exp2/RET162OD_cup.png
RET162OS,RET162,train,0,OS,data/PAPILA/PapilaDB-PAPILA-9c67b80983805f0f886b068af800ef2b507e7dc0/FundusImages/RET162OS.jpg,data/crops/papila/RET162OS.jpg,0.4861,0.4871,0.4866,0.0009,992,674,1536,1221,853,536,1675,1358,data/masks/papila/exp1/RET162OS_disc.png,data/masks/papila/exp1/RET162OS_cup.png,data/masks/papila/exp2/RET162OS_disc.png,data/masks/papila/exp2/RET162OS_cup.png
RET163OD,RET163,val,0,OD,data/PAPILA/PapilaDB-PAPILA-9c67b80983805f0f886b068af800ef2b507e7dc0/FundusImages/RET163OD.jpg,data/crops/papila/RET163OD.jpg,0.5185,0.5996,0.559,0.0812,1033,567,1570,1108,895,431,1708,1244,data/masks/papila/exp1/RET163OD_disc.png,data/masks/papila/exp1/RET163OD_cup.png,data/masks/papila/exp2/RET163OD_disc.png,data/masks/papila/exp2/RET163OD_cup.png
RET163OS,RET163,val,0,OS,data/PAPILA/PapilaDB-PAPILA-9c67b80983805f0f886b068af800ef2b507e7dc0/FundusImages/RET163OS.jpg,data/crops/papila/RET163OS.jpg,0.5019,0.5797,0.5408,0.0779,974,723,1492,1260,830,588,1637,1395,data/masks/papila/exp1/RET163OS_disc.png,data/masks/papila/exp1/RET163OS_cup.png,data/masks/papila/exp2/RET163OS_disc.png,data/masks/papila/exp2/RET163OS_cup.png
RET164OD,RET164,train,0,OD,data/PAPILA/PapilaDB-PAPILA-9c67b80983805f0f886b068af800ef2b507e7dc0/FundusImages/RET164OD.jpg,data/crops/papila/RET164OD.jpg,0.3932,0.3895,0.3914,0.0037,1122,683,1611,1160,999,554,1734,1289,data/masks/papila/exp1/RET164OD_disc.png,data/masks/papila/exp1/RET164OD_cup.png,data/masks/papila/exp2/RET164OD_disc.png,data/masks/papila/exp2/RET164OD_cup.png
RET164OS,RET164,train,0,OS,data/PAPILA/PapilaDB-PAPILA-9c67b80983805f0f886b068af800ef2b507e7dc0/FundusImages/RET164OS.jpg,data/crops/papila/RET164OS.jpg,0.3244,0.3721,0.3483,0.0477,1050,741,1503,1195,935,627,1617,1309,data/masks/papila/exp1/RET164OS_disc.png,data/masks/papila/exp1/RET164OS_cup.png,data/masks/papila/exp2/RET164OS_disc.png,data/masks/papila/exp2/RET164OS_cup.png
RET165OD,RET165,test,0,OD,data/PAPILA/PapilaDB-PAPILA-9c67b80983805f0f886b068af800ef2b507e7dc0/FundusImages/RET165OD.jpg,data/crops/papila/RET165OD.jpg,0.4592,0.4276,0.4434,0.0315,1100,558,1721,1169,944,397,1877,1330,data/masks/papila/exp1/RET165OD_disc.png,data/masks/papila/exp1/RET165OD_cup.png,data/masks/papila/exp2/RET165OD_disc.png,data/masks/papila/exp2/RET165OD_cup.png
RET165OS,RET165,test,0,OS,data/PAPILA/PapilaDB-PAPILA-9c67b80983805f0f886b068af800ef2b507e7dc0/FundusImages/RET165OS.jpg,data/crops/papila/RET165OS.jpg,0.3745,0.4389,0.4067,0.0644,1028,799,1575,1349,888,661,1714,1487,data/masks/papila/exp1/RET165OS_disc.png,data/masks/papila/exp1/RET165OS_cup.png,data/masks/papila/exp2/RET165OS_disc.png,data/masks/papila/exp2/RET165OS_cup.png
RET166OD,RET166,train,0,OD,data/PAPILA/PapilaDB-PAPILA-9c67b80983805f0f886b068af800ef2b507e7dc0/FundusImages/RET166OD.jpg,data/crops/papila/RET166OD.jpg,0.4171,0.4578,0.4374,0.0406,936,680,1481,1236,790,540,1626,1376,data/masks/papila/exp1/RET166OD_disc.png,data/masks/papila/exp1/RET166OD_cup.png,data/masks/papila/exp2/RET166OD_disc.png,data/masks/papila/exp2/RET166OD_cup.png
RET166OS,RET166,train,0,OS,data/PAPILA/PapilaDB-PAPILA-9c67b80983805f0f886b068af800ef2b507e7dc0/FundusImages/RET166OS.jpg,data/crops/papila/RET166OS.jpg,0.4453,0.4673,0.4563,0.022,1249,753,1779,1282,1116,619,1912,1415,data/masks/papila/exp1/RET166OS_disc.png,data/masks/papila/exp1/RET166OS_cup.png,data/masks/papila/exp2/RET166OS_disc.png,data/masks/papila/exp2/RET166OS_cup.png
RET168OD,RET168,train,0,OD,data/PAPILA/PapilaDB-PAPILA-9c67b80983805f0f886b068af800ef2b507e7dc0/FundusImages/RET168OD.jpg,data/crops/papila/RET168OD.jpg,0.1731,0.1574,0.1653,0.0157,942,636,1425,1074,820,492,1546,1218,data/masks/papila/exp1/RET168OD_disc.png,data/masks/papila/exp1/RET168OD_cup.png,data/masks/papila/exp2/RET168OD_disc.png,data/masks/papila/exp2/RET168OD_cup.png
RET168OS,RET168,train,0,OS,data/PAPILA/PapilaDB-PAPILA-9c67b80983805f0f886b068af800ef2b507e7dc0/FundusImages/RET168OS.jpg,data/crops/papila/RET168OS.jpg,0.1388,0.1458,0.1423,0.007,1096,785,1571,1245,976,658,1690,1372,data/masks/papila/exp1/RET168OS_disc.png,data/masks/papila/exp1/RET168OS_cup.png,data/masks/papila/exp2/RET168OS_disc.png,data/masks/papila/exp2/RET168OS_cup.png
RET169OD,RET169,train,0,OD,data/PAPILA/PapilaDB-PAPILA-9c67b80983805f0f886b068af800ef2b507e7dc0/FundusImages/RET169OD.jpg,data/crops/papila/RET169OD.jpg,0.2477,0.2778,0.2627,0.0301,1067,708,1471,1147,939,597,1599,1257,data/masks/papila/exp1/RET169OD_disc.png,data/masks/papila/exp1/RET169OD_cup.png,data/masks/papila/exp2/RET169OD_disc.png,data/masks/papila/exp2/RET169OD_cup.png
RET169OS,RET169,train,0,OS,data/PAPILA/PapilaDB-PAPILA-9c67b80983805f0f886b068af800ef2b507e7dc0/FundusImages/RET169OS.jpg,data/crops/papila/RET169OS.jpg,0.3172,0.3066,0.3119,0.0107,1063,785,1451,1219,931,676,1583,1328,data/masks/papila/exp1/RET169OS_disc.png,data/masks/papila/exp1/RET169OS_cup.png,data/masks/papila/exp2/RET169OS_disc.png,data/masks/papila/exp2/RET169OS_cup.png
RET170OD,RET170,train,0,OD,data/PAPILA/PapilaDB-PAPILA-9c67b80983805f0f886b068af800ef2b507e7dc0/FundusImages/RET170OD.jpg,data/crops/papila/RET170OD.jpg,0.1921,0.1805,0.1863,0.0116,1065,647,1486,1089,943,536,1607,1200,data/masks/papila/exp1/RET170OD_disc.png,data/masks/papila/exp1/RET170OD_cup.png,data/masks/papila/exp2/RET170OD_disc.png,data/masks/papila/exp2/RET170OD_cup.png
RET170OS,RET170,train,0,OS,data/PAPILA/PapilaDB-PAPILA-9c67b80983805f0f886b068af800ef2b507e7dc0/FundusImages/RET170OS.jpg,data/crops/papila/RET170OS.jpg,0.1396,0.1362,0.1379,0.0034,1223,592,1616,994,1117,491,1721,1095,data/masks/papila/exp1/RET170OS_disc.png,data/masks/papila/exp1/RET170OS_cup.png,data/masks/papila/exp2/RET170OS_disc.png,data/masks/papila/exp2/RET170OS_cup.png
RET171OD,RET171,test,0,OD,data/PAPILA/PapilaDB-PAPILA-9c67b80983805f0f886b068af800ef2b507e7dc0/FundusImages/RET171OD.jpg,data/crops/papila/RET171OD.jpg,0.2647,0.3228,0.2937,0.0581,1110,616,1427,989,988,522,1549,1083,data/masks/papila/exp1/RET171OD_disc.png,data/masks/papila/exp1/RET171OD_cup.png,data/masks/papila/exp2/RET171OD_disc.png,data/masks/papila/exp2/RET171OD_cup.png
RET171OS,RET171,test,0,OS,data/PAPILA/PapilaDB-PAPILA-9c67b80983805f0f886b068af800ef2b507e7dc0/FundusImages/RET171OS.jpg,data/crops/papila/RET171OS.jpg,0.2894,0.2529,0.2712,0.0365,1219,837,1585,1223,1112,740,1692,1320,data/masks/papila/exp1/RET171OS_disc.png,data/masks/papila/exp1/RET171OS_cup.png,data/masks/papila/exp2/RET171OS_disc.png,data/masks/papila/exp2/RET171OS_cup.png
RET172OD,RET172,test,0,OD,data/PAPILA/PapilaDB-PAPILA-9c67b80983805f0f886b068af800ef2b507e7dc0/FundusImages/RET172OD.jpg,data/crops/papila/RET172OD.jpg,0.5125,0.5339,0.5232,0.0214,998,779,1421,1258,849,658,1569,1378,data/masks/papila/exp1/RET172OD_disc.png,data/masks/papila/exp1/RET172OD_cup.png,data/masks/papila/exp2/RET172OD_disc.png,data/masks/papila/exp2/RET172OD_cup.png
RET172OS,RET172,test,0,OS,data/PAPILA/PapilaDB-PAPILA-9c67b80983805f0f886b068af800ef2b507e7dc0/FundusImages/RET172OS.jpg,data/crops/papila/RET172OS.jpg,0.4017,0.432,0.4168,0.0303,1165,781,1592,1260,1018,660,1738,1380,data/masks/papila/exp1/RET172OS_disc.png,data/masks/papila/exp1/RET172OS_cup.png,data/masks/papila/exp2/RET172OS_disc.png,data/masks/papila/exp2/RET172OS_cup.png
RET174OD,RET174,test,0,OD,data/PAPILA/PapilaDB-PAPILA-9c67b80983805f0f886b068af800ef2b507e7dc0/FundusImages/RET174OD.jpg,data/crops/papila/RET174OD.jpg,0.2237,0.2654,0.2446,0.0416,924,749,1382,1186,809,623,1497,1311,data/masks/papila/exp1/RET174OD_disc.png,data/masks/papila/exp1/RET174OD_cup.png,data/masks/papila/exp2/RET174OD_disc.png,data/masks/papila/exp2/RET174OD_cup.png
RET174OS,RET174,test,0,OS,data/PAPILA/PapilaDB-PAPILA-9c67b80983805f0f886b068af800ef2b507e7dc0/FundusImages/RET174OS.jpg,data/crops/papila/RET174OS.jpg,0.2818,0.2714,0.2766,0.0103,1187,744,1624,1176,1077,632,1734,1289,data/masks/papila/exp1/RET174OS_disc.png,data/masks/papila/exp1/RET174OS_cup.png,data/masks/papila/exp2/RET174OS_disc.png,data/masks/papila/exp2/RET174OS_cup.png
RET175OD,RET175,val,0,OD,data/PAPILA/PapilaDB-PAPILA-9c67b80983805f0f886b068af800ef2b507e7dc0/FundusImages/RET175OD.jpg,data/crops/papila/RET175OD.jpg,0.3289,0.3268,0.3278,0.0022,1054,554,1531,1082,895,421,1689,1215,data/masks/papila/exp1/RET175OD_disc.png,data/masks/papila/exp1/RET175OD_cup.png,data/masks/papila/exp2/RET175OD_disc.png,data/masks/papila/exp2/RET175OD_cup.png
RET175OS,RET175,val,0,OS,data/PAPILA/PapilaDB-PAPILA-9c67b80983805f0f886b068af800ef2b507e7dc0/FundusImages/RET175OS.jpg,data/crops/papila/RET175OS.jpg,0.3781,0.3546,0.3663,0.0235,1191,593,1666,1121,1031,460,1825,1254,data/masks/papila/exp1/RET175OS_disc.png,data/masks/papila/exp1/RET175OS_cup.png,data/masks/papila/exp2/RET175OS_disc.png,data/masks/papila/exp2/RET175OS_cup.png
RET176OD,RET176,test,0,OD,data/PAPILA/PapilaDB-PAPILA-9c67b80983805f0f886b068af800ef2b507e7dc0/FundusImages/RET176OD.jpg,data/crops/papila/RET176OD.jpg,0.2311,0.25,0.2406,0.0189,1052,649,1468,1111,913,533,1607,1227,data/masks/papila/exp1/RET176OD_disc.png,data/masks/papila/exp1/RET176OD_cup.png,data/masks/papila/exp2/RET176OD_disc.png,data/masks/papila/exp2/RET176OD_cup.png
RET176OS,RET176,test,0,OS,data/PAPILA/PapilaDB-PAPILA-9c67b80983805f0f886b068af800ef2b507e7dc0/FundusImages/RET176OS.jpg,data/crops/papila/RET176OS.jpg,0.2594,0.3205,0.29,0.0611,1048,725,1409,1121,930,625,1526,1221,data/masks/papila/exp1/RET176OS_disc.png,data/masks/papila/exp1/RET176OS_cup.png,data/masks/papila/exp2/RET176OS_disc.png,data/masks/papila/exp2/RET176OS_cup.png
RET177OD,RET177,train,0,OD,data/PAPILA/PapilaDB-PAPILA-9c67b80983805f0f886b068af800ef2b507e7dc0/FundusImages/RET177OD.jpg,data/crops/papila/RET177OD.jpg,0.2734,0.2816,0.2775,0.0082,1241,727,1706,1260,1073,593,1874,1394,data/masks/papila/exp1/RET177OD_disc.png,data/masks/papila/exp1/RET177OD_cup.png,data/masks/papila/exp2/RET177OD_disc.png,data/masks/papila/exp2/RET177OD_cup.png
RET177OS,RET177,train,0,OS,data/PAPILA/PapilaDB-PAPILA-9c67b80983805f0f886b068af800ef2b507e7dc0/FundusImages/RET177OS.jpg,data/crops/papila/RET177OS.jpg,0.1965,0.1934,0.1949,0.0031,868,512,1336,1076,678,370,1526,1218,data/masks/papila/exp1/RET177OS_disc.png,data/masks/papila/exp1/RET177OS_cup.png,data/masks/papila/exp2/RET177OS_disc.png,data/masks/papila/exp2/RET177OS_cup.png
RET178OD,RET178,train,0,OD,data/PAPILA/PapilaDB-PAPILA-9c67b80983805f0f886b068af800ef2b507e7dc0/FundusImages/RET178OD.jpg,data/crops/papila/RET178OD.jpg,0.2057,0.2041,0.2049,0.0016,1169,897,1607,1358,1042,781,1735,1474,data/masks/papila/exp1/RET178OD_disc.png,data/masks/papila/exp1/RET178OD_cup.png,data/masks/papila/exp2/RET178OD_disc.png,data/masks/papila/exp2/RET178OD_cup.png
RET178OS,RET178,train,0,OS,data/PAPILA/PapilaDB-PAPILA-9c67b80983805f0f886b068af800ef2b507e7dc0/FundusImages/RET178OS.jpg,data/crops/papila/RET178OS.jpg,0.1245,0.132,0.1282,0.0075,1035,751,1479,1219,905,633,1609,1337,data/masks/papila/exp1/RET178OS_disc.png,data/masks/papila/exp1/RET178OS_cup.png,data/masks/papila/exp2/RET178OS_disc.png,data/masks/papila/exp2/RET178OS_cup.png
RET179OD,RET179,test,0,OD,data/PAPILA/PapilaDB-PAPILA-9c67b80983805f0f886b068af800ef2b507e7dc0/FundusImages/RET179OD.jpg,data/crops/papila/RET179OD.jpg,0.3743,0.4132,0.3937,0.039,961,763,1422,1273,808,635,1574,1401,data/masks/papila/exp1/RET179OD_disc.png,data/masks/papila/exp1/RET179OD_cup.png,data/masks/papila/exp2/RET179OD_disc.png,data/masks/papila/exp2/RET179OD_cup.png
RET179OS,RET179,test,0,OS,data/PAPILA/PapilaDB-PAPILA-9c67b80983805f0f886b068af800ef2b507e7dc0/FundusImages/RET179OS.jpg,data/crops/papila/RET179OS.jpg,0.4763,0.505,0.4906,0.0287,1161,613,1647,1139,1009,481,1799,1271,data/masks/papila/exp1/RET179OS_disc.png,data/masks/papila/exp1/RET179OS_cup.png,data/masks/papila/exp2/RET179OS_disc.png,data/masks/papila/exp2/RET179OS_cup.png
RET181OD,RET181,train,0,OD,data/PAPILA/PapilaDB-PAPILA-9c67b80983805f0f886b068af800ef2b507e7dc0/FundusImages/RET181OD.jpg,data/crops/papila/RET181OD.jpg,0.3093,0.23,0.2696,0.0792,1140,818,1547,1264,1008,706,1678,1376,data/masks/papila/exp1/RET181OD_disc.png,data/masks/papila/exp1/RET181OD_cup.png,data/masks/papila/exp2/RET181OD_disc.png,data/masks/papila/exp2/RET181OD_cup.png
RET181OS,RET181,train,0,OS,data/PAPILA/PapilaDB-PAPILA-9c67b80983805f0f886b068af800ef2b507e7dc0/FundusImages/RET181OS.jpg,data/crops/papila/RET181OS.jpg,0.3341,0.3826,0.3584,0.0485,1075,662,1490,1110,945,549,1619,1223,data/masks/papila/exp1/RET181OS_disc.png,data/masks/papila/exp1/RET181OS_cup.png,data/masks/papila/exp2/RET181OS_disc.png,data/masks/papila/exp2/RET181OS_cup.png
RET182OD,RET182,train,0,OD,data/PAPILA/PapilaDB-PAPILA-9c67b80983805f0f886b068af800ef2b507e7dc0/FundusImages/RET182OD.jpg,data/crops/papila/RET182OD.jpg,0.1762,0.1621,0.1692,0.0141,1122,656,1549,1111,993,541,1677,1225,data/masks/papila/exp1/RET182OD_disc.png,data/masks/papila/exp1/RET182OD_cup.png,data/masks/papila/exp2/RET182OD_disc.png,data/masks/papila/exp2/RET182OD_cup.png
RET182OS,RET182,train,0,OS,data/PAPILA/PapilaDB-PAPILA-9c67b80983805f0f886b068af800ef2b507e7dc0/FundusImages/RET182OS.jpg,data/crops/papila/RET182OS.jpg,0.1929,0.1786,0.1857,0.0143,1000,741,1428,1197,871,626,1557,1312,data/masks/papila/exp1/RET182OS_disc.png,data/masks/papila/exp1/RET182OS_cup.png,data/masks/papila/exp2/RET182OS_disc.png,data/masks/papila/exp2/RET182OS_cup.png
RET183OD,RET183,train,0,OD,data/PAPILA/PapilaDB-PAPILA-9c67b80983805f0f886b068af800ef2b507e7dc0/FundusImages/RET183OD.jpg,data/crops/papila/RET183OD.jpg,0.1208,0.0855,0.1031,0.0353,1217,686,1666,1191,1062,559,1821,1318,data/masks/papila/exp1/RET183OD_disc.png,data/masks/papila/exp1/RET183OD_cup.png,data/masks/papila/exp2/RET183OD_disc.png,data/masks/papila/exp2/RET183OD_cup.png
RET183OS,RET183,train,0,OS,data/PAPILA/PapilaDB-PAPILA-9c67b80983805f0f886b068af800ef2b507e7dc0/FundusImages/RET183OS.jpg,data/crops/papila/RET183OS.jpg,0.3288,0.3242,0.3265,0.0046,951,718,1463,1234,819,588,1595,1364,data/masks/papila/exp1/RET183OS_disc.png,data/masks/papila/exp1/RET183OS_cup.png,data/masks/papila/exp2/RET183OS_disc.png,data/masks/papila/exp2/RET183OS_cup.png
RET184OD,RET184,train,0,OD,data/PAPILA/PapilaDB-PAPILA-9c67b80983805f0f886b068af800ef2b507e7dc0/FundusImages/RET184OD.jpg,data/crops/papila/RET184OD.jpg,0.4109,0.4463,0.4286,0.0354,1064,726,1540,1224,928,601,1676,1349,data/masks/papila/exp1/RET184OD_disc.png,data/masks/papila/exp1/RET184OD_cup.png,data/masks/papila/exp2/RET184OD_disc.png,data/masks/papila/exp2/RET184OD_cup.png
RET184OS,RET184,train,0,OS,data/PAPILA/PapilaDB-PAPILA-9c67b80983805f0f886b068af800ef2b507e7dc0/FundusImages/RET184OS.jpg,data/crops/papila/RET184OS.jpg,0.4245,0.4532,0.4389,0.0287,1113,857,1589,1356,976,731,1726,1481,data/masks/papila/exp1/RET184OS_disc.png,data/masks/papila/exp1/RET184OS_cup.png,data/masks/papila/exp2/RET184OS_disc.png,data/masks/papila/exp2/RET184OS_cup.png
RET186OD,RET186,train,0,OD,data/PAPILA/PapilaDB-PAPILA-9c67b80983805f0f886b068af800ef2b507e7dc0/FundusImages/RET186OD.jpg,data/crops/papila/RET186OD.jpg,0.4834,0.4833,0.4834,0.0001,1078,637,1544,1091,961,514,1661,1214,data/masks/papila/exp1/RET186OD_disc.png,data/masks/papila/exp1/RET186OD_cup.png,data/masks/papila/exp2/RET186OD_disc.png,data/masks/papila/exp2/RET186OD_cup.png
RET186OS,RET186,train,0,OS,data/PAPILA/PapilaDB-PAPILA-9c67b80983805f0f886b068af800ef2b507e7dc0/FundusImages/RET186OS.jpg,data/crops/papila/RET186OS.jpg,0.3879,0.3242,0.356,0.0636,1080,720,1538,1158,965,595,1653,1283,data/masks/papila/exp1/RET186OS_disc.png,data/masks/papila/exp1/RET186OS_cup.png,data/masks/papila/exp2/RET186OS_disc.png,data/masks/papila/exp2/RET186OS_cup.png
RET187OD,RET187,val,0,OD,data/PAPILA/PapilaDB-PAPILA-9c67b80983805f0f886b068af800ef2b507e7dc0/FundusImages/RET187OD.jpg,data/crops/papila/RET187OD.jpg,0.3143,0.3647,0.3395,0.0503,1094,861,1565,1334,974,742,1685,1453,data/masks/papila/exp1/RET187OD_disc.png,data/masks/papila/exp1/RET187OD_cup.png,data/masks/papila/exp2/RET187OD_disc.png,data/masks/papila/exp2/RET187OD_cup.png
RET187OS,RET187,val,0,OS,data/PAPILA/PapilaDB-PAPILA-9c67b80983805f0f886b068af800ef2b507e7dc0/FundusImages/RET187OS.jpg,data/crops/papila/RET187OS.jpg,0.1987,0.1719,0.1853,0.0268,1222,854,1705,1321,1100,724,1826,1450,data/masks/papila/exp1/RET187OS_disc.png,data/masks/papila/exp1/RET187OS_cup.png,data/masks/papila/exp2/RET187OS_disc.png,data/masks/papila/exp2/RET187OS_cup.png
RET188OD,RET188,train,0,OD,data/PAPILA/PapilaDB-PAPILA-9c67b80983805f0f886b068af800ef2b507e7dc0/FundusImages/RET188OD.jpg,data/crops/papila/RET188OD.jpg,0.3193,0.3289,0.3241,0.0097,1073,809,1580,1357,914,671,1738,1495,data/masks/papila/exp1/RET188OD_disc.png,data/masks/papila/exp1/RET188OD_cup.png,data/masks/papila/exp2/RET188OD_disc.png,data/masks/papila/exp2/RET188OD_cup.png
RET188OS,RET188,train,0,OS,data/PAPILA/PapilaDB-PAPILA-9c67b80983805f0f886b068af800ef2b507e7dc0/FundusImages/RET188OS.jpg,data/crops/papila/RET188OS.jpg,0.4437,0.4072,0.4255,0.0365,1109,502,1568,981,978,381,1698,1101,data/masks/papila/exp1/RET188OS_disc.png,data/masks/papila/exp1/RET188OS_cup.png,data/masks/papila/exp2/RET188OS_disc.png,data/masks/papila/exp2/RET188OS_cup.png
RET189OD,RET189,test,0,OD,data/PAPILA/PapilaDB-PAPILA-9c67b80983805f0f886b068af800ef2b507e7dc0/FundusImages/RET189OD.jpg,data/crops/papila/RET189OD.jpg,0.362,0.3084,0.3352,0.0536,989,720,1575,1277,842,558,1722,1438,data/masks/papila/exp1/RET189OD_disc.png,data/masks/papila/exp1/RET189OD_cup.png,data/masks/papila/exp2/RET189OD_disc.png,data/masks/papila/exp2/RET189OD_cup.png
RET189OS,RET189,test,0,OS,data/PAPILA/PapilaDB-PAPILA-9c67b80983805f0f886b068af800ef2b507e7dc0/FundusImages/RET189OS.jpg,data/crops/papila/RET189OS.jpg,0.3002,0.3303,0.3152,0.0301,1010,656,1583,1228,866,512,1727,1373,data/masks/papila/exp1/RET189OS_disc.png,data/masks/papila/exp1/RET189OS_cup.png,data/masks/papila/exp2/RET189OS_disc.png,data/masks/papila/exp2/RET189OS_cup.png
RET190OD,RET190,test,0,OD,data/PAPILA/PapilaDB-PAPILA-9c67b80983805f0f886b068af800ef2b507e7dc0/FundusImages/RET190OD.jpg,data/crops/papila/RET190OD.jpg,0.3991,0.4025,0.4008,0.0034,918,837,1348,1277,802,726,1464,1388,data/masks/papila/exp1/RET190OD_disc.png,data/masks/papila/exp1/RET190OD_cup.png,data/masks/papila/exp2/RET190OD_disc.png,data/masks/papila/exp2/RET190OD_cup.png
RET190OS,RET190,test,0,OS,data/PAPILA/PapilaDB-PAPILA-9c67b80983805f0f886b068af800ef2b507e7dc0/FundusImages/RET190OS.jpg,data/crops/papila/RET190OS.jpg,0.3827,0.4838,0.4333,0.1011,1160,843,1592,1294,1037,729,1715,1407,data/masks/papila/exp1/RET190OS_disc.png,data/masks/papila/exp1/RET190OS_cup.png,data/masks/papila/exp2/RET190OS_disc.png,data/masks/papila/exp2/RET190OS_cup.png
RET191OD,RET191,train,0,OD,data/PAPILA/PapilaDB-PAPILA-9c67b80983805f0f886b068af800ef2b507e7dc0/FundusImages/RET191OD.jpg,data/crops/papila/RET191OD.jpg,0.2373,0.2449,0.2411,0.0076,1061,735,1517,1241,909,608,1669,1368,data/masks/papila/exp1/RET191OD_disc.png,data/masks/papila/exp1/RET191OD_cup.png,data/masks/papila/exp2/RET191OD_disc.png,data/masks/papila/exp2/RET191OD_cup.png
RET191OS,RET191,train,0,OS,data/PAPILA/PapilaDB-PAPILA-9c67b80983805f0f886b068af800ef2b507e7dc0/FundusImages/RET191OS.jpg,data/crops/papila/RET191OS.jpg,0.1869,0.2034,0.1951,0.0165,1126,708,1604,1226,976,578,1754,1356,data/masks/papila/exp1/RET191OS_disc.png,data/masks/papila/exp1/RET191OS_cup.png,data/masks/papila/exp2/RET191OS_disc.png,data/masks/papila/exp2/RET191OS_cup.png
RET192OD,RET192,train,0,OD,data/PAPILA/PapilaDB-PAPILA-9c67b80983805f0f886b068af800ef2b507e7dc0/FundusImages/RET192OD.jpg,data/crops/papila/RET192OD.jpg,0.4901,0.4723,0.4812,0.0178,1042,869,1519,1374,901,742,1660,1501,data/masks/papila/exp1/RET192OD_disc.png,data/masks/papila/exp1/RET192OD_cup.png,data/masks/papila/exp2/RET192OD_disc.png,data/masks/papila/exp2/RET192OD_cup.png
RET192OS,RET192,train,0,OS,data/PAPILA/PapilaDB-PAPILA-9c67b80983805f0f886b068af800ef2b507e7dc0/FundusImages/RET192OS.jpg,data/crops/papila/RET192OS.jpg,0.3846,0.4114,0.398,0.0268,1119,686,1546,1195,950,558,1715,1323,data/masks/papila/exp1/RET192OS_disc.png,data/masks/papila/exp1/RET192OS_cup.png,data/masks/papila/exp2/RET192OS_disc.png,data/masks/papila/exp2/RET192OS_cup.png
RET194OD,RET194,train,0,OD,data/PAPILA/PapilaDB-PAPILA-9c67b80983805f0f886b068af800ef2b507e7dc0/FundusImages/RET194OD.jpg,data/crops/papila/RET194OD.jpg,0.4768,0.4449,0.4609,0.0319,1037,702,1491,1240,860,567,1668,1375,data/masks/papila/exp1/RET194OD_disc.png,data/masks/papila/exp1/RET194OD_cup.png,data/masks/papila/exp2/RET194OD_disc.png,data/masks/papila/exp2/RET194OD_cup.png
RET194OS,RET194,train,0,OS,data/PAPILA/PapilaDB-PAPILA-9c67b80983805f0f886b068af800ef2b507e7dc0/FundusImages/RET194OS.jpg,data/crops/papila/RET194OS.jpg,0.2893,0.332,0.3106,0.0428,967,637,1441,1166,807,504,1602,1299,data/masks/papila/exp1/RET194OS_disc.png,data/masks/papila/exp1/RET194OS_cup.png,data/masks/papila/exp2/RET194OS_disc.png,data/masks/papila/exp2/RET194OS_cup.png
RET196OD,RET196,train,0,OD,data/PAPILA/PapilaDB-PAPILA-9c67b80983805f0f886b068af800ef2b507e7dc0/FundusImages/RET196OD.jpg,data/crops/papila/RET196OD.jpg,0.2818,0.3644,0.3231,0.0826,1152,646,1577,1156,981,518,1747,1284,data/masks/papila/exp1/RET196OD_disc.png,data/masks/papila/exp1/RET196OD_cup.png,data/masks/papila/exp2/RET196OD_disc.png,data/masks/papila/exp2/RET196OD_cup.png
RET196OS,RET196,train,0,OS,data/PAPILA/PapilaDB-PAPILA-9c67b80983805f0f886b068af800ef2b507e7dc0/FundusImages/RET196OS.jpg,data/crops/papila/RET196OS.jpg,0.2481,0.2685,0.2583,0.0203,940,719,1366,1254,751,584,1555,1388,data/masks/papila/exp1/RET196OS_disc.png,data/masks/papila/exp1/RET196OS_cup.png,data/masks/papila/exp2/RET196OS_disc.png,data/masks/papila/exp2/RET196OS_cup.png
RET197OD,RET197,train,0,OD,data/PAPILA/PapilaDB-PAPILA-9c67b80983805f0f886b068af800ef2b507e7dc0/FundusImages/RET197OD.jpg,data/crops/papila/RET197OD.jpg,0.3548,0.3117,0.3333,0.0432,1394,653,1870,1128,1274,532,1990,1248,data/masks/papila/exp1/RET197OD_disc.png,data/masks/papila/exp1/RET197OD_cup.png,data/masks/papila/exp2/RET197OD_disc.png,data/masks/papila/exp2/RET197OD_cup.png
RET197OS,RET197,train,0,OS,data/PAPILA/PapilaDB-PAPILA-9c67b80983805f0f886b068af800ef2b507e7dc0/FundusImages/RET197OS.jpg,data/crops/papila/RET197OS.jpg,0.1887,0.1621,0.1754,0.0266,1043,767,1500,1227,925,651,1617,1343,data/masks/papila/exp1/RET197OS_disc.png,data/masks/papila/exp1/RET197OS_cup.png,data/masks/papila/exp2/RET197OS_disc.png,data/masks/papila/exp2/RET197OS_cup.png
RET198OD,RET198,val,0,OD,data/PAPILA/PapilaDB-PAPILA-9c67b80983805f0f886b068af800ef2b507e7dc0/FundusImages/RET198OD.jpg,data/crops/papila/RET198OD.jpg,0.3633,0.3537,0.3585,0.0095,1037,647,1499,1125,909,527,1627,1245,data/masks/papila/exp1/RET198OD_disc.png,data/masks/papila/exp1/RET198OD_cup.png,data/masks/papila/exp2/RET198OD_disc.png,data/masks/papila/exp2/RET198OD_cup.png
RET198OS,RET198,val,0,OS,data/PAPILA/PapilaDB-PAPILA-9c67b80983805f0f886b068af800ef2b507e7dc0/FundusImages/RET198OS.jpg,data/crops/papila/RET198OS.jpg,0.4603,0.4167,0.4385,0.0436,1174,715,1656,1192,1053,591,1777,1315,data/masks/papila/exp1/RET198OS_disc.png,data/masks/papila/exp1/RET198OS_cup.png,data/masks/papila/exp2/RET198OS_disc.png,data/masks/papila/exp2/RET198OS_cup.png
RET199OD,RET199,train,0,OD,data/PAPILA/PapilaDB-PAPILA-9c67b80983805f0f886b068af800ef2b507e7dc0/FundusImages/RET199OD.jpg,data/crops/papila/RET199OD.jpg,0.469,0.4489,0.4589,0.0201,1022,1011,1509,1558,854,873,1676,1695,data/masks/papila/exp1/RET199OD_disc.png,data/masks/papila/exp1/RET199OD_cup.png,data/masks/papila/exp2/RET199OD_disc.png,data/masks/papila/exp2/RET199OD_cup.png
RET199OS,RET199,train,0,OS,data/PAPILA/PapilaDB-PAPILA-9c67b80983805f0f886b068af800ef2b507e7dc0/FundusImages/RET199OS.jpg,data/crops/papila/RET199OS.jpg,0.463,0.4274,0.4452,0.0356,942,715,1433,1254,782,579,1592,1389,data/masks/papila/exp1/RET199OS_disc.png,data/masks/papila/exp1/RET199OS_cup.png,data/masks/papila/exp2/RET199OS_disc.png,data/masks/papila/exp2/RET199OS_cup.png
RET200OD,RET200,train,0,OD,data/PAPILA/PapilaDB-PAPILA-9c67b80983805f0f886b068af800ef2b507e7dc0/FundusImages/RET200OD.jpg,data/crops/papila/RET200OD.jpg,0.2981,0.2688,0.2834,0.0293,1150,739,1625,1201,1030,613,1744,1327,data/masks/papila/exp1/RET200OD_disc.png,data/masks/papila/exp1/RET200OD_cup.png,data/masks/papila/exp2/RET200OD_disc.png,data/masks/papila/exp2/RET200OD_cup.png
RET200OS,RET200,train,0,OS,data/PAPILA/PapilaDB-PAPILA-9c67b80983805f0f886b068af800ef2b507e7dc0/FundusImages/RET200OS.jpg,data/crops/papila/RET200OS.jpg,0.1441,0.1701,0.1571,0.026,1156,653,1601,1124,1024,534,1732,1242,data/masks/papila/exp1/RET200OS_disc.png,data/masks/papila/exp1/RET200OS_cup.png,data/masks/papila/exp2/RET200OS_disc.png,data/masks/papila/exp2/RET200OS_cup.png
RET201OD,RET201,train,0,OD,data/PAPILA/PapilaDB-PAPILA-9c67b80983805f0f886b068af800ef2b507e7dc0/FundusImages/RET201OD.jpg,data/crops/papila/RET201OD.jpg,0.2716,0.2516,0.2616,0.0201,1107,812,1601,1308,981,687,1727,1433,data/masks/papila/exp1/RET201OD_disc.png,data/masks/papila/exp1/RET201OD_cup.png,data/masks/papila/exp2/RET201OD_disc.png,data/masks/papila/exp2/RET201OD_cup.png
RET201OS,RET201,train,0,OS,data/PAPILA/PapilaDB-PAPILA-9c67b80983805f0f886b068af800ef2b507e7dc0/FundusImages/RET201OS.jpg,data/crops/papila/RET201OS.jpg,0.4317,0.4012,0.4164,0.0305,985,627,1496,1175,828,489,1652,1313,data/masks/papila/exp1/RET201OS_disc.png,data/masks/papila/exp1/RET201OS_cup.png,data/masks/papila/exp2/RET201OS_disc.png,data/masks/papila/exp2/RET201OS_cup.png
RET202OD,RET202,train,0,OD,data/PAPILA/PapilaDB-PAPILA-9c67b80983805f0f886b068af800ef2b507e7dc0/FundusImages/RET202OD.jpg,data/crops/papila/RET202OD.jpg,0.3617,0.3106,0.3361,0.0511,1024,748,1564,1264,888,600,1700,1412,data/masks/papila/exp1/RET202OD_disc.png,data/masks/papila/exp1/RET202OD_cup.png,data/masks/papila/exp2/RET202OD_disc.png,data/masks/papila/exp2/RET202OD_cup.png
RET202OS,RET202,train,0,OS,data/PAPILA/PapilaDB-PAPILA-9c67b80983805f0f886b068af800ef2b507e7dc0/FundusImages/RET202OS.jpg,data/crops/papila/RET202OS.jpg,0.3752,0.3321,0.3536,0.0432,878,734,1456,1290,733,578,1601,1446,data/masks/papila/exp1/RET202OS_disc.png,data/masks/papila/exp1/RET202OS_cup.png,data/masks/papila/exp2/RET202OS_disc.png,data/masks/papila/exp2/RET202OS_cup.png
RET203OD,RET203,train,0,OD,data/PAPILA/PapilaDB-PAPILA-9c67b80983805f0f886b068af800ef2b507e7dc0/FundusImages/RET203OD.jpg,data/crops/papila/RET203OD.jpg,0.2009,0.1533,0.1771,0.0475,1144,595,1573,1063,1006,477,1710,1181,data/masks/papila/exp1/RET203OD_disc.png,data/masks/papila/exp1/RET203OD_cup.png,data/masks/papila/exp2/RET203OD_disc.png,data/masks/papila/exp2/RET203OD_cup.png
RET203OS,RET203,train,0,OS,data/PAPILA/PapilaDB-PAPILA-9c67b80983805f0f886b068af800ef2b507e7dc0/FundusImages/RET203OS.jpg,data/crops/papila/RET203OS.jpg,0.2522,0.2965,0.2743,0.0443,1102,670,1540,1129,976,554,1666,1244,data/masks/papila/exp1/RET203OS_disc.png,data/masks/papila/exp1/RET203OS_cup.png,data/masks/papila/exp2/RET203OS_disc.png,data/masks/papila/exp2/RET203OS_cup.png
RET204OD,RET204,train,0,OD,data/PAPILA/PapilaDB-PAPILA-9c67b80983805f0f886b068af800ef2b507e7dc0/FundusImages/RET204OD.jpg,data/crops/papila/RET204OD.jpg,0.5069,0.4335,0.4702,0.0734,1040,674,1520,1189,893,544,1667,1318,data/masks/papila/exp1/RET204OD_disc.png,data/masks/papila/exp1/RET204OD_cup.png,data/masks/papila/exp2/RET204OD_disc.png,data/masks/papila/exp2/RET204OD_cup.png
RET204OS,RET204,train,0,OS,data/PAPILA/PapilaDB-PAPILA-9c67b80983805f0f886b068af800ef2b507e7dc0/FundusImages/RET204OS.jpg,data/crops/papila/RET204OS.jpg,0.5854,0.5333,0.5593,0.052,1073,638,1537,1129,936,514,1674,1252,data/masks/papila/exp1/RET204OS_disc.png,data/masks/papila/exp1/RET204OS_cup.png,data/masks/papila/exp2/RET204OS_disc.png,data/masks/papila/exp2/RET204OS_cup.png
RET205OD,RET205,train,0,OD,data/PAPILA/PapilaDB-PAPILA-9c67b80983805f0f886b068af800ef2b507e7dc0/FundusImages/RET205OD.jpg,data/crops/papila/RET205OD.jpg,0.2177,0.2018,0.2098,0.0159,1147,726,1711,1313,988,578,1870,1460,data/masks/papila/exp1/RET205OD_disc.png,data/masks/papila/exp1/RET205OD_cup.png,data/masks/papila/exp2/RET205OD_disc.png,data/masks/papila/exp2/RET205OD_cup.png
RET205OS,RET205,train,0,OS,data/PAPILA/PapilaDB-PAPILA-9c67b80983805f0f886b068af800ef2b507e7dc0/FundusImages/RET205OS.jpg,data/crops/papila/RET205OS.jpg,0.2393,0.2035,0.2214,0.0358,992,705,1486,1243,835,570,1643,1378,data/masks/papila/exp1/RET205OS_disc.png,data/masks/papila/exp1/RET205OS_cup.png,data/masks/papila/exp2/RET205OS_disc.png,data/masks/papila/exp2/RET205OS_cup.png
RET206OD,RET206,train,0,OD,data/PAPILA/PapilaDB-PAPILA-9c67b80983805f0f886b068af800ef2b507e7dc0/FundusImages/RET206OD.jpg,data/crops/papila/RET206OD.jpg,0.2036,0.2181,0.2108,0.0145,851,515,1305,1023,696,387,1460,1151,data/masks/papila/exp1/RET206OD_disc.png,data/masks/papila/exp1/RET206OD_cup.png,data/masks/papila/exp2/RET206OD_disc.png,data/masks/papila/exp2/RET206OD_cup.png
RET206OS,RET206,train,0,OS,data/PAPILA/PapilaDB-PAPILA-9c67b80983805f0f886b068af800ef2b507e7dc0/FundusImages/RET206OS.jpg,data/crops/papila/RET206OS.jpg,0.1651,0.1808,0.173,0.0157,1254,578,1708,1110,1081,444,1881,1244,data/masks/papila/exp1/RET206OS_disc.png,data/masks/papila/exp1/RET206OS_cup.png,data/masks/papila/exp2/RET206OS_disc.png,data/masks/papila/exp2/RET206OS_cup.png
RET207OD,RET207,val,0,OD,data/PAPILA/PapilaDB-PAPILA-9c67b80983805f0f886b068af800ef2b507e7dc0/FundusImages/RET207OD.jpg,data/crops/papila/RET207OD.jpg,0.3675,0.332,0.3498,0.0355,1094,740,1570,1256,944,610,1720,1386,data/masks/papila/exp1/RET207OD_disc.png,data/masks/papila/exp1/RET207OD_cup.png,data/masks/papila/exp2/RET207OD_disc.png,data/masks/papila/exp2/RET207OD_cup.png
RET207OS,RET207,val,0,OS,data/PAPILA/PapilaDB-PAPILA-9c67b80983805f0f886b068af800ef2b507e7dc0/FundusImages/RET207OS.jpg,data/crops/papila/RET207OS.jpg,0.3333,0.2837,0.3085,0.0497,959,563,1438,1069,818,436,1578,1196,data/masks/papila/exp1/RET207OS_disc.png,data/masks/papila/exp1/RET207OS_cup.png,data/masks/papila/exp2/RET207OS_disc.png,data/masks/papila/exp2/RET207OS_cup.png
RET208OD,RET208,val,0,OD,data/PAPILA/PapilaDB-PAPILA-9c67b80983805f0f886b068af800ef2b507e7dc0/FundusImages/RET208OD.jpg,data/crops/papila/RET208OD.jpg,0.5326,0.5048,0.5187,0.0278,907,668,1403,1208,749,532,1561,1344,data/masks/papila/exp1/RET208OD_disc.png,data/masks/papila/exp1/RET208OD_cup.png,data/masks/papila/exp2/RET208OD_disc.png,data/masks/papila/exp2/RET208OD_cup.png
RET208OS,RET208,val,0,OS,data/PAPILA/PapilaDB-PAPILA-9c67b80983805f0f886b068af800ef2b507e7dc0/FundusImages/RET208OS.jpg,data/crops/papila/RET208OS.jpg,0.3799,0.3896,0.3848,0.0097,1078,651,1605,1208,923,511,1760,1348,data/masks/papila/exp1/RET208OS_disc.png,data/masks/papila/exp1/RET208OS_cup.png,data/masks/papila/exp2/RET208OS_disc.png,data/masks/papila/exp2/RET208OS_cup.png
RET209OD,RET209,train,0,OD,data/PAPILA/PapilaDB-PAPILA-9c67b80983805f0f886b068af800ef2b507e7dc0/FundusImages/RET209OD.jpg,data/crops/papila/RET209OD.jpg,0.1842,0.1559,0.17,0.0283,1150,744,1603,1206,1029,628,1723,1322,data/masks/papila/exp1/RET209OD_disc.png,data/masks/papila/exp1/RET209OD_cup.png,data/masks/papila/exp2/RET209OD_disc.png,data/masks/papila/exp2/RET209OD_cup.png
RET209OS,RET209,train,0,OS,data/PAPILA/PapilaDB-PAPILA-9c67b80983805f0f886b068af800ef2b507e7dc0/FundusImages/RET209OS.jpg,data/crops/papila/RET209OS.jpg,0.153,0.2338,0.1934,0.0807,1089,693,1560,1166,969,574,1680,1285,data/masks/papila/exp1/RET209OS_disc.png,data/masks/papila/exp1/RET209OS_cup.png,data/masks/papila/exp2/RET209OS_disc.png,data/masks/papila/exp2/RET209OS_cup.png
RET210OD,RET210,train,0,OD,data/PAPILA/PapilaDB-PAPILA-9c67b80983805f0f886b068af800ef2b507e7dc0/FundusImages/RET210OD.jpg,data/crops/papila/RET210OD.jpg,0.465,0.4215,0.4432,0.0435,1172,733,1606,1246,1004,604,1775,1375,data/masks/papila/exp1/RET210OD_disc.png,data/masks/papila/exp1/RET210OD_cup.png,data/masks/papila/exp2/RET210OD_disc.png,data/masks/papila/exp2/RET210OD_cup.png
RET210OS,RET210,train,0,OS,data/PAPILA/PapilaDB-PAPILA-9c67b80983805f0f886b068af800ef2b507e7dc0/FundusImages/RET210OS.jpg,data/crops/papila/RET210OS.jpg,0.4308,0.3894,0.4101,0.0413,990,755,1411,1276,809,624,1592,1407,data/masks/papila/exp1/RET210OS_disc.png,data/masks/papila/exp1/RET210OS_cup.png,data/masks/papila/exp2/RET210OS_disc.png,data/masks/papila/exp2/RET210OS_cup.png
RET211OD,RET211,train,0,OD,data/PAPILA/PapilaDB-PAPILA-9c67b80983805f0f886b068af800ef2b507e7dc0/FundusImages/RET211OD.jpg,data/crops/papila/RET211OD.jpg,0.1783,0.2161,0.1972,0.0378,1093,613,1538,1090,957,493,1674,1210,data/masks/papila/exp1/RET211OD_disc.png,data/masks/papila/exp1/RET211OD_cup.png,data/masks/papila/exp2/RET211OD_disc.png,data/masks/papila/exp2/RET211OD_cup.png
RET211OS,RET211,train,0,OS,data/PAPILA/PapilaDB-PAPILA-9c67b80983805f0f886b068af800ef2b507e7dc0/FundusImages/RET211OS.jpg,data/crops/papila/RET211OS.jpg,0.2495,0.2533,0.2514,0.0038,958,738,1404,1206,829,620,1533,1324,data/masks/papila/exp1/RET211OS_disc.png,data/masks/papila/exp1/RET211OS_cup.png,data/masks/papila/exp2/RET211OS_disc.png,data/masks/papila/exp2/RET211OS_cup.png
RET212OD,RET212,train,0,OD,data/PAPILA/PapilaDB-PAPILA-9c67b80983805f0f886b068af800ef2b507e7dc0/FundusImages/RET212OD.jpg,data/crops/papila/RET212OD.jpg,0.3772,0.4099,0.3935,0.0328,1048,780,1514,1243,931,661,1631,1361,data/masks/papila/exp1/RET212OD_disc.png,data/masks/papila/exp1/RET212OD_cup.png,data/masks/papila/exp2/RET212OD_disc.png,data/masks/papila/exp2/RET212OD_cup.png
RET212OS,RET212,train,0,OS,data/PAPILA/PapilaDB-PAPILA-9c67b80983805f0f886b068af800ef2b507e7dc0/FundusImages/RET212OS.jpg,data/crops/papila/RET212OS.jpg,0.3919,0.3722,0.3821,0.0196,1152,622,1616,1088,1034,505,1734,1205,data/masks/papila/exp1/RET212OS_disc.png,data/masks/papila/exp1/RET212OS_cup.png,data/masks/papila/exp2/RET212OS_disc.png,data/masks/papila/exp2/RET212OS_cup.png
RET213OD,RET213,train,0,OD,data/PAPILA/PapilaDB-PAPILA-9c67b80983805f0f886b068af800ef2b507e7dc0/FundusImages/RET213OD.jpg,data/crops/papila/RET213OD.jpg,0.4794,0.4543,0.4669,0.0251,1029,689,1428,1112,910,582,1546,1218,data/masks/papila/exp1/RET213OD_disc.png,data/masks/papila/exp1/RET213OD_cup.png,data/masks/papila/exp2/RET213OD_disc.png,data/masks/papila/exp2/RET213OD_cup.png
RET213OS,RET213,train,0,OS,data/PAPILA/PapilaDB-PAPILA-9c67b80983805f0f886b068af800ef2b507e7dc0/FundusImages/RET213OS.jpg,data/crops/papila/RET213OS.jpg,0.4586,0.46,0.4593,0.0014,1154,740,1594,1186,1039,628,1709,1298,data/masks/papila/exp1/RET213OS_disc.png,data/masks/papila/exp1/RET213OS_cup.png,data/masks/papila/exp2/RET213OS_disc.png,data/masks/papila/exp2/RET213OS_cup.png
RET214OD,RET214,val,0,OD,data/PAPILA/PapilaDB-PAPILA-9c67b80983805f0f886b068af800ef2b507e7dc0/FundusImages/RET214OD.jpg,data/crops/papila/RET214OD.jpg,0.3763,0.397,0.3866,0.0207,1098,634,1544,1141,940,506,1702,1268,data/masks/papila/exp1/RET214OD_disc.png,data/masks/papila/exp1/RET214OD_cup.png,data/masks/papila/exp2/RET214OD_disc.png,data/masks/papila/exp2/RET214OD_cup.png
RET214OS,RET214,val,0,OS,data/PAPILA/PapilaDB-PAPILA-9c67b80983805f0f886b068af800ef2b507e7dc0/FundusImages/RET214OS.jpg,data/crops/papila/RET214OS.jpg,0.3893,0.371,0.3801,0.0184,1090,775,1519,1286,920,646,1688,1414,data/masks/papila/exp1/RET214OS_disc.png,data/masks/papila/exp1/RET214OS_cup.png,data/masks/papila/exp2/RET214OS_disc.png,data/masks/papila/exp2/RET214OS_cup.png
RET215OD,RET215,train,0,OD,data/PAPILA/PapilaDB-PAPILA-9c67b80983805f0f886b068af800ef2b507e7dc0/FundusImages/RET215OD.jpg,data/crops/papila/RET215OD.jpg,0.3383,0.3781,0.3582,0.0398,1033,603,1401,1007,913,501,1521,1109,data/masks/papila/exp1/RET215OD_disc.png,data/masks/papila/exp1/RET215OD_cup.png,data/masks/papila/exp2/RET215OD_disc.png,data/masks/papila/exp2/RET215OD_cup.png
RET215OS,RET215,train,0,OS,data/PAPILA/PapilaDB-PAPILA-9c67b80983805f0f886b068af800ef2b507e7dc0/FundusImages/RET215OS.jpg,data/crops/papila/RET215OS.jpg,0.4852,0.5266,0.5059,0.0414,1247,582,1668,1028,1122,470,1792,1140,data/masks/papila/exp1/RET215OS_disc.png,data/masks/papila/exp1/RET215OS_cup.png,data/masks/papila/exp2/RET215OS_disc.png,data/masks/papila/exp2/RET215OS_cup.png
RET216OD,RET216,train,0,OD,data/PAPILA/PapilaDB-PAPILA-9c67b80983805f0f886b068af800ef2b507e7dc0/FundusImages/RET216OD.jpg,data/crops/papila/RET216OD.jpg,0.5335,0.5009,0.5172,0.0325,1045,576,1529,1116,881,440,1693,1252,data/masks/papila/exp1/RET216OD_disc.png,data/masks/papila/exp1/RET216OD_cup.png,data/masks/papila/exp2/RET216OD_disc.png,data/masks/papila/exp2/RET216OD_cup.png
RET216OS,RET216,train,0,OS,data/PAPILA/PapilaDB-PAPILA-9c67b80983805f0f886b068af800ef2b507e7dc0/FundusImages/RET216OS.jpg,data/crops/papila/RET216OS.jpg,0.5436,0.4234,0.4835,0.1202,964,537,1456,1091,794,398,1626,1230,data/masks/papila/exp1/RET216OS_disc.png,data/masks/papila/exp1/RET216OS_cup.png,data/masks/papila/exp2/RET216OS_disc.png,data/masks/papila/exp2/RET216OS_cup.png
RET217OD,RET217,train,0,OD,data/PAPILA/PapilaDB-PAPILA-9c67b80983805f0f886b068af800ef2b507e7dc0/FundusImages/RET217OD.jpg,data/crops/papila/RET217OD.jpg,0.4763,0.3512,0.4138,0.1251,946,751,1406,1217,826,634,1526,1334,data/masks/papila/exp1/RET217OD_disc.png,data/masks/papila/exp1/RET217OD_cup.png,data/masks/papila/exp2/RET217OD_disc.png,data/masks/papila/exp2/RET217OD_cup.png
RET217OS,RET217,train,0,OS,data/PAPILA/PapilaDB-PAPILA-9c67b80983805f0f886b068af800ef2b507e7dc0/FundusImages/RET217OS.jpg,data/crops/papila/RET217OS.jpg,0.3992,0.4158,0.4075,0.0166,1279,516,1730,986,1151,398,1857,1104,data/masks/papila/exp1/RET217OS_disc.png,data/masks/papila/exp1/RET217OS_cup.png,data/masks/papila/exp2/RET217OS_disc.png,data/masks/papila/exp2/RET217OS_cup.png
RET218OD,RET218,val,0,OD,data/PAPILA/PapilaDB-PAPILA-9c67b80983805f0f886b068af800ef2b507e7dc0/FundusImages/RET218OD.jpg,data/crops/papila/RET218OD.jpg,0.2548,0.2662,0.2605,0.0114,1064,810,1533,1276,946,691,1651,1396,data/masks/papila/exp1/RET218OD_disc.png,data/masks/papila/exp1/RET218OD_cup.png,data/masks/papila/exp2/RET218OD_disc.png,data/masks/papila/exp2/RET218OD_cup.png
RET218OS,RET218,val,0,OS,data/PAPILA/PapilaDB-PAPILA-9c67b80983805f0f886b068af800ef2b507e7dc0/FundusImages/RET218OS.jpg,data/crops/papila/RET218OS.jpg,0.1527,0.1342,0.1435,0.0186,1021,603,1476,1093,880,480,1616,1216,data/masks/papila/exp1/RET218OS_disc.png,data/masks/papila/exp1/RET218OS_cup.png,data/masks/papila/exp2/RET218OS_disc.png,data/masks/papila/exp2/RET218OS_cup.png
RET219OD,RET219,train,0,OD,data/PAPILA/PapilaDB-PAPILA-9c67b80983805f0f886b068af800ef2b507e7dc0/FundusImages/RET219OD.jpg,data/crops/papila/RET219OD.jpg,0.2207,0.2709,0.2458,0.0502,1131,657,1614,1177,981,526,1763,1308,data/masks/papila/exp1/RET219OD_disc.png,data/masks/papila/exp1/RET219OD_cup.png,data/masks/papila/exp2/RET219OD_disc.png,data/masks/papila/exp2/RET219OD_cup.png
RET219OS,RET219,train,0,OS,data/PAPILA/PapilaDB-PAPILA-9c67b80983805f0f886b068af800ef2b507e7dc0/FundusImages/RET219OS.jpg,data/crops/papila/RET219OS.jpg,0.2025,0.2449,0.2237,0.0424,929,760,1397,1249,796,637,1531,1372,data/masks/papila/exp1/RET219OS_disc.png,data/masks/papila/exp1/RET219OS_cup.png,data/masks/papila/exp2/RET219OS_disc.png,data/masks/papila/exp2/RET219OS_cup.png
RET220OD,RET220,train,0,OD,data/PAPILA/PapilaDB-PAPILA-9c67b80983805f0f886b068af800ef2b507e7dc0/FundusImages/RET220OD.jpg,data/crops/papila/RET220OD.jpg,0.3106,0.3768,0.3437,0.0661,1092,632,1593,1159,946,499,1738,1291,data/masks/papila/exp1/RET220OD_disc.png,data/masks/papila/exp1/RET220OD_cup.png,data/masks/papila/exp2/RET220OD_disc.png,data/masks/papila/exp2/RET220OD_cup.png
RET220OS,RET220,train,0,OS,data/PAPILA/PapilaDB-PAPILA-9c67b80983805f0f886b068af800ef2b507e7dc0/FundusImages/RET220OS.jpg,data/crops/papila/RET220OS.jpg,0.1331,0.1305,0.1318,0.0025,1040,497,1542,1007,908,369,1674,1135,data/masks/papila/exp1/RET220OS_disc.png,data/masks/papila/exp1/RET220OS_cup.png,data/masks/papila/exp2/RET220OS_disc.png,data/masks/papila/exp2/RET220OS_cup.png
RET221OD,RET221,train,0,OD,data/PAPILA/PapilaDB-PAPILA-9c67b80983805f0f886b068af800ef2b507e7dc0/FundusImages/RET221OD.jpg,data/crops/papila/RET221OD.jpg,0.274,0.2851,0.2795,0.0111,1036,865,1498,1375,884,737,1650,1503,data/masks/papila/exp1/RET221OD_disc.png,data/masks/papila/exp1/RET221OD_cup.png,data/masks/papila/exp2/RET221OD_disc.png,data/masks/papila/exp2/RET221OD_cup.png
RET221OS,RET221,train,0,OS,data/PAPILA/PapilaDB-PAPILA-9c67b80983805f0f886b068af800ef2b507e7dc0/FundusImages/RET221OS.jpg,data/crops/papila/RET221OS.jpg,0.4129,0.327,0.3699,0.0859,977,695,1372,1176,813,574,1536,1297,data/masks/papila/exp1/RET221OS_disc.png,data/masks/papila/exp1/RET221OS_cup.png,data/masks/papila/exp2/RET221OS_disc.png,data/masks/papila/exp2/RET221OS_cup.png
RET222OD,RET222,train,0,OD,data/PAPILA/PapilaDB-PAPILA-9c67b80983805f0f886b068af800ef2b507e7dc0/FundusImages/RET222OD.jpg,data/crops/papila/RET222OD.jpg,0.3702,0.3612,0.3657,0.009,1114,534,1601,1120,917,387,1797,1267,data/masks/papila/exp1/RET222OD_disc.png,data/masks/papila/exp1/RET222OD_cup.png,data/masks/papila/exp2/RET222OD_disc.png,data/masks/papila/exp2/RET222OD_cup.png
RET222OS,RET222,train,0,OS,data/PAPILA/PapilaDB-PAPILA-9c67b80983805f0f886b068af800ef2b507e7dc0/FundusImages/RET222OS.jpg,data/crops/papila/RET222OS.jpg,0.301,0.3074,0.3042,0.0064,979,720,1419,1312,754,571,1644,1461,data/masks/papila/exp1/RET222OS_disc.png,data/masks/papila/exp1/RET222OS_cup.png,data/masks/papila/exp2/RET222OS_disc.png,data/masks/papila/exp2/RET222OS_cup.png
RET223OD,RET223,train,0,OD,data/PAPILA/PapilaDB-PAPILA-9c67b80983805f0f886b068af800ef2b507e7dc0/FundusImages/RET223OD.jpg,data/crops/papila/RET223OD.jpg,0.3719,0.3229,0.3474,0.049,1149,757,1586,1241,1003,635,1731,1363,data/masks/papila/exp1/RET223OD_disc.png,data/masks/papila/exp1/RET223OD_cup.png,data/masks/papila/exp2/RET223OD_disc.png,data/masks/papila/exp2/RET223OD_cup.png
RET223OS,RET223,train,0,OS,data/PAPILA/PapilaDB-PAPILA-9c67b80983805f0f886b068af800ef2b507e7dc0/FundusImages/RET223OS.jpg,data/crops/papila/RET223OS.jpg,0.3788,0.3782,0.3785,0.0005,1000,699,1447,1203,844,572,1602,1330,data/masks/papila/exp1/RET223OS_disc.png,data/masks/papila/exp1/RET223OS_cup.png,data/masks/papila/exp2/RET223OS_disc.png,data/masks/papila/exp2/RET223OS_cup.png
RET224OD,RET224,val,0,OD,data/PAPILA/PapilaDB-PAPILA-9c67b80983805f0f886b068af800ef2b507e7dc0/FundusImages/RET224OD.jpg,data/crops/papila/RET224OD.jpg,0.3039,0.3051,0.3045,0.0012,1124,656,1603,1271,901,501,1825,1425,data/masks/papila/exp1/RET224OD_disc.png,data/masks/papila/exp1/RET224OD_cup.png,data/masks/papila/exp2/RET224OD_disc.png,data/masks/papila/exp2/RET224OD_cup.png
RET224OS,RET224,val,0,OS,data/PAPILA/PapilaDB-PAPILA-9c67b80983805f0f886b068af800ef2b507e7dc0/FundusImages/RET224OS.jpg,data/crops/papila/RET224OS.jpg,0.314,0.2933,0.3037,0.0208,1129,667,1641,1271,931,515,1839,1423,data/masks/papila/exp1/RET224OS_disc.png,data/masks/papila/exp1/RET224OS_cup.png,data/masks/papila/exp2/RET224OS_disc.png,data/masks/papila/exp2/RET224OS_cup.png
RET225OD,RET225,train,0,OD,data/PAPILA/PapilaDB-PAPILA-9c67b80983805f0f886b068af800ef2b507e7dc0/FundusImages/RET225OD.jpg,data/crops/papila/RET225OD.jpg,0.367,0.3289,0.348,0.0382,1151,749,1633,1282,992,615,1793,1416,data/masks/papila/exp1/RET225OD_disc.png,data/masks/papila/exp1/RET225OD_cup.png,data/masks/papila/exp2/RET225OD_disc.png,data/masks/papila/exp2/RET225OD_cup.png
RET225OS,RET225,train,0,OS,data/PAPILA/PapilaDB-PAPILA-9c67b80983805f0f886b068af800ef2b507e7dc0/FundusImages/RET225OS.jpg,data/crops/papila/RET225OS.jpg,0.3359,0.3283,0.3321,0.0076,978,720,1452,1246,820,588,1610,1378,data/masks/papila/exp1/RET225OS_disc.png,data/masks/papila/exp1/RET225OS_cup.png,data/masks/papila/exp2/RET225OS_disc.png,data/masks/papila/exp2/RET225OS_cup.png
RET227OD,RET227,train,0,OD,data/PAPILA/PapilaDB-PAPILA-9c67b80983805f0f886b068af800ef2b507e7dc0/FundusImages/RET227OD.jpg,data/crops/papila/RET227OD.jpg,0.4127,0.406,0.4094,0.0067,1208,634,1648,1133,1053,508,1803,1258,data/masks/papila/exp1/RET227OD_disc.png,data/masks/papila/exp1/RET227OD_cup.png,data/masks/papila/exp2/RET227OD_disc.png,data/masks/papila/exp2/RET227OD_cup.png
RET227OS,RET227,train,0,OS,data/PAPILA/PapilaDB-PAPILA-9c67b80983805f0f886b068af800ef2b507e7dc0/FundusImages/RET227OS.jpg,data/crops/papila/RET227OS.jpg,0.3862,0.3971,0.3916,0.0109,1021,699,1442,1207,849,571,1613,1335,data/masks/papila/exp1/RET227OS_disc.png,data/masks/papila/exp1/RET227OS_cup.png,data/masks/papila/exp2/RET227OS_disc.png,data/masks/papila/exp2/RET227OS_cup.png
RET228OD,RET228,train,0,OD,data/PAPILA/PapilaDB-PAPILA-9c67b80983805f0f886b068af800ef2b507e7dc0/FundusImages/RET228OD.jpg,data/crops/papila/RET228OD.jpg,0.5872,0.5689,0.5781,0.0183,1006,683,1437,1082,897,558,1545,1206,data/masks/papila/exp1/RET228OD_disc.png,data/masks/papila/exp1/RET228OD_cup.png,data/masks/papila/exp2/RET228OD_disc.png,data/masks/papila/exp2/RET228OD_cup.png
RET228OS,RET228,train,0,OS,data/PAPILA/PapilaDB-PAPILA-9c67b80983805f0f886b068af800ef2b507e7dc0/FundusImages/RET228OS.jpg,data/crops/papila/RET228OS.jpg,0.4385,0.4948,0.4667,0.0563,1145,744,1556,1129,1041,627,1659,1245,data/masks/papila/exp1/RET228OS_disc.png,data/masks/papila/exp1/RET228OS_cup.png,data/masks/papila/exp2/RET228OS_disc.png,data/masks/papila/exp2/RET228OS_cup.png
RET229OD,RET229,test,0,OD,data/PAPILA/PapilaDB-PAPILA-9c67b80983805f0f886b068af800ef2b507e7dc0/FundusImages/RET229OD.jpg,data/crops/papila/RET229OD.jpg,0.41,0.4619,0.4359,0.0519,999,824,1480,1285,878,693,1601,1416,data/masks/papila/exp1/RET229OD_disc.png,data/masks/papila/exp1/RET229OD_cup.png,data/masks/papila/exp2/RET229OD_disc.png,data/masks/papila/exp2/RET229OD_cup.png
RET229OS,RET229,test,0,OS,data/PAPILA/PapilaDB-PAPILA-9c67b80983805f0f886b068af800ef2b507e7dc0/FundusImages/RET229OS.jpg,data/crops/papila/RET229OS.jpg,0.5011,0.5145,0.5078,0.0135,1177,595,1652,1070,1057,475,1771,1189,data/masks/papila/exp1/RET229OS_disc.png,data/masks/papila/exp1/RET229OS_cup.png,data/masks/papila/exp2/RET229OS_disc.png,data/masks/papila/exp2/RET229OS_cup.png
RET230OD,RET230,test,0,OD,data/PAPILA/PapilaDB-PAPILA-9c67b80983805f0f886b068af800ef2b507e7dc0/FundusImages/RET230OD.jpg,data/crops/papila/RET230OD.jpg,0.1654,0.1616,0.1635,0.0038,994,662,1312,1060,854,562,1452,1160,data/masks/papila/exp1/RET230OD_disc.png,data/masks/papila/exp1/RET230OD_cup.png,data/masks/papila/exp2/RET230OD_disc.png,data/masks/papila/exp2/RET230OD_cup.png
RET230OS,RET230,test,0,OS,data/PAPILA/PapilaDB-PAPILA-9c67b80983805f0f886b068af800ef2b507e7dc0/FundusImages/RET230OS.jpg,data/crops/papila/RET230OS.jpg,0.2381,0.2898,0.264,0.0517,1248,768,1586,1187,1102,662,1732,1292,data/masks/papila/exp1/RET230OS_disc.png,data/masks/papila/exp1/RET230OS_cup.png,data/masks/papila/exp2/RET230OS_disc.png,data/masks/papila/exp2/RET230OS_cup.png
RET231OD,RET231,train,0,OD,data/PAPILA/PapilaDB-PAPILA-9c67b80983805f0f886b068af800ef2b507e7dc0/FundusImages/RET231OD.jpg,data/crops/papila/RET231OD.jpg,0.1747,0.1862,0.1805,0.0115,1092,849,1557,1323,968,730,1680,1442,data/masks/papila/exp1/RET231OD_disc.png,data/masks/papila/exp1/RET231OD_cup.png,data/masks/papila/exp2/RET231OD_disc.png,data/masks/papila/exp2/RET231OD_cup.png
RET231OS,RET231,train,0,OS,data/PAPILA/PapilaDB-PAPILA-9c67b80983805f0f886b068af800ef2b507e7dc0/FundusImages/RET231OS.jpg,data/crops/papila/RET231OS.jpg,0.418,0.3813,0.3997,0.0367,1008,565,1487,1107,840,429,1654,1243,data/masks/papila/exp1/RET231OS_disc.png,data/masks/papila/exp1/RET231OS_cup.png,data/masks/papila/exp2/RET231OS_disc.png,data/masks/papila/exp2/RET231OS_cup.png
RET232OD,RET232,train,0,OD,data/PAPILA/PapilaDB-PAPILA-9c67b80983805f0f886b068af800ef2b507e7dc0/FundusImages/RET232OD.jpg,data/crops/papila/RET232OD.jpg,0.1176,0.1462,0.1319,0.0286,1111,711,1677,1281,966,568,1822,1424,data/masks/papila/exp1/RET232OD_disc.png,data/masks/papila/exp1/RET232OD_cup.png,data/masks/papila/exp2/RET232OD_disc.png,data/masks/papila/exp2/RET232OD_cup.png
RET232OS,RET232,train,0,OS,data/PAPILA/PapilaDB-PAPILA-9c67b80983805f0f886b068af800ef2b507e7dc0/FundusImages/RET232OS.jpg,data/crops/papila/RET232OS.jpg,0.4305,0.4326,0.4315,0.0021,1000,582,1485,1114,842,448,1642,1248,data/masks/papila/exp1/RET232OS_disc.png,data/masks/papila/exp1/RET232OS_cup.png,data/masks/papila/exp2/RET232OS_disc.png,data/masks/papila/exp2/RET232OS_cup.png
RET233OD,RET233,test,1,OD,data/PAPILA/PapilaDB-PAPILA-9c67b80983805f0f886b068af800ef2b507e7dc0/FundusImages/RET233OD.jpg,data/crops/papila/RET233OD.jpg,0.4629,0.5513,0.5071,0.0884,1009,599,1467,1110,854,470,1622,1238,data/masks/papila/exp1/RET233OD_disc.png,data/masks/papila/exp1/RET233OD_cup.png,data/masks/papila/exp2/RET233OD_disc.png,data/masks/papila/exp2/RET233OD_cup.png
RET233OS,RET233,test,1,OS,data/PAPILA/PapilaDB-PAPILA-9c67b80983805f0f886b068af800ef2b507e7dc0/FundusImages/RET233OS.jpg,data/crops/papila/RET233OS.jpg,0.3414,0.4403,0.3909,0.0989,1109,607,1618,1117,980,479,1746,1245,data/masks/papila/exp1/RET233OS_disc.png,data/masks/papila/exp1/RET233OS_cup.png,data/masks/papila/exp2/RET233OS_disc.png,data/masks/papila/exp2/RET233OS_cup.png
RET234OD,RET234,train,0,OD,data/PAPILA/PapilaDB-PAPILA-9c67b80983805f0f886b068af800ef2b507e7dc0/FundusImages/RET234OD.jpg,data/crops/papila/RET234OD.jpg,0.4692,0.508,0.4886,0.0387,1263,734,1729,1253,1106,603,1886,1383,data/masks/papila/exp1/RET234OD_disc.png,data/masks/papila/exp1/RET234OD_cup.png,data/masks/papila/exp2/RET234OD_disc.png,data/masks/papila/exp2/RET234OD_cup.png
RET234OS,RET234,train,0,OS,data/PAPILA/PapilaDB-PAPILA-9c67b80983805f0f886b068af800ef2b507e7dc0/FundusImages/RET234OS.jpg,data/crops/papila/RET234OS.jpg,0.3799,0.4123,0.3961,0.0324,1001,494,1483,1057,819,352,1665,1198,data/masks/papila/exp1/RET234OS_disc.png,data/masks/papila/exp1/RET234OS_cup.png,data/masks/papila/exp2/RET234OS_disc.png,data/masks/papila/exp2/RET234OS_cup.png
RET235OD,RET235,train,0,OD,data/PAPILA/PapilaDB-PAPILA-9c67b80983805f0f886b068af800ef2b507e7dc0/FundusImages/RET235OD.jpg,data/crops/papila/RET235OD.jpg,0.1984,0.2012,0.1998,0.0029,1070,790,1494,1279,915,667,1650,1402,data/masks/papila/exp1/RET235OD_disc.png,data/masks/papila/exp1/RET235OD_cup.png,data/masks/papila/exp2/RET235OD_disc.png,data/masks/papila/exp2/RET235OD_cup.png
RET235OS,RET235,train,0,OS,data/PAPILA/PapilaDB-PAPILA-9c67b80983805f0f886b068af800ef2b507e7dc0/FundusImages/RET235OS.jpg,data/crops/papila/RET235OS.jpg,0.2238,0.2154,0.2196,0.0084,1067,656,1510,1175,898,525,1678,1305,data/masks/papila/exp1/RET235OS_disc.png,data/masks/papila/exp1/RET235OS_cup.png,data/masks/papila/exp2/RET235OS_disc.png,data/masks/papila/exp2/RET235OS_cup.png
RET236OD,RET236,train,0,OD,data/PAPILA/PapilaDB-PAPILA-9c67b80983805f0f886b068af800ef2b507e7dc0/FundusImages/RET236OD.jpg,data/crops/papila/RET236OD.jpg,0.1509,0.1147,0.1328,0.0361,1177,810,1546,1224,1050,706,1672,1328,data/masks/papila/exp1/RET236OD_disc.png,data/masks/papila/exp1/RET236OD_cup.png,data/masks/papila/exp2/RET236OD_disc.png,data/masks/papila/exp2/RET236OD_cup.png
RET236OS,RET236,train,0,OS,data/PAPILA/PapilaDB-PAPILA-9c67b80983805f0f886b068af800ef2b507e7dc0/FundusImages/RET236OS.jpg,data/crops/papila/RET236OS.jpg,0.1975,0.2412,0.2194,0.0437,1165,947,1529,1346,1047,846,1647,1446,data/masks/papila/exp1/RET236OS_disc.png,data/masks/papila/exp1/RET236OS_cup.png,data/masks/papila/exp2/RET236OS_disc.png,data/masks/papila/exp2/RET236OS_cup.png
RET237OD,RET237,test,0,OD,data/PAPILA/PapilaDB-PAPILA-9c67b80983805f0f886b068af800ef2b507e7dc0/FundusImages/RET237OD.jpg,data/crops/papila/RET237OD.jpg,0.4545,0.4038,0.4292,0.0508,1076,584,1477,1133,864,446,1689,1271,data/masks/papila/exp1/RET237OD_disc.png,data/masks/papila/exp1/RET237OD_cup.png,data/masks/papila/exp2/RET237OD_disc.png,data/masks/papila/exp2/RET237OD_cup.png
RET237OS,RET237,test,0,OS,data/PAPILA/PapilaDB-PAPILA-9c67b80983805f0f886b068af800ef2b507e7dc0/FundusImages/RET237OS.jpg,data/crops/papila/RET237OS.jpg,0.4298,0.4072,0.4185,0.0226,1109,613,1520,1089,956,493,1672,1209,data/masks/papila/exp1/RET237OS_disc.png,data/masks/papila/exp1/RET237OS_cup.png,data/masks/papila/exp2/RET237OS_disc.png,data/masks/papila/exp2/RET237OS_cup.png
RET238OD,RET238,train,0,OD,data/PAPILA/PapilaDB-PAPILA-9c67b80983805f0f886b068af800ef2b507e7dc0/FundusImages/RET238OD.jpg,data/crops/papila/RET238OD.jpg,0.2725,0.2569,0.2647,0.0156,1109,652,1552,1128,972,532,1688,1248,data/masks/papila/exp1/RET238OD_disc.png,data/masks/papila/exp1/RET238OD_cup.png,data/masks/papila/exp2/RET238OD_disc.png,data/masks/papila/exp2/RET238OD_cup.png
RET238OS,RET238,train,0,OS,data/PAPILA/PapilaDB-PAPILA-9c67b80983805f0f886b068af800ef2b507e7dc0/FundusImages/RET238OS.jpg,data/crops/papila/RET238OS.jpg,0.3571,0.3326,0.3449,0.0245,1129,570,1585,1045,1000,450,1714,1164,data/masks/papila/exp1/RET238OS_disc.png,data/masks/papila/exp1/RET238OS_cup.png,data/masks/papila/exp2/RET238OS_disc.png,data/masks/papila/exp2/RET238OS_cup.png
RET239OD,RET239,train,0,OD,data/PAPILA/PapilaDB-PAPILA-9c67b80983805f0f886b068af800ef2b507e7dc0/FundusImages/RET239OD.jpg,data/crops/papila/RET239OD.jpg,0.3788,0.4526,0.4157,0.0738,1243,631,1657,1121,1082,508,1818,1244,data/masks/papila/exp1/RET239OD_disc.png,data/masks/papila/exp1/RET239OD_cup.png,data/masks/papila/exp2/RET239OD_disc.png,data/masks/papila/exp2/RET239OD_cup.png
RET239OS,RET239,train,0,OS,data/PAPILA/PapilaDB-PAPILA-9c67b80983805f0f886b068af800ef2b507e7dc0/FundusImages/RET239OS.jpg,data/crops/papila/RET239OS.jpg,0.3381,0.3957,0.3669,0.0576,1033,593,1429,1077,867,471,1595,1199,data/masks/papila/exp1/RET239OS_disc.png,data/masks/papila/exp1/RET239OS_cup.png,data/masks/papila/exp2/RET239OS_disc.png,data/masks/papila/exp2/RET239OS_cup.png
RET240OD,RET240,train,0,OD,data/PAPILA/PapilaDB-PAPILA-9c67b80983805f0f886b068af800ef2b507e7dc0/FundusImages/RET240OD.jpg,data/crops/papila/RET240OD.jpg,0.2979,0.276,0.287,0.0218,1200,638,1655,1060,1085,507,1769,1191,data/masks/papila/exp1/RET240OD_disc.png,data/masks/papila/exp1/RET240OD_cup.png,data/masks/papila/exp2/RET240OD_disc.png,data/masks/papila/exp2/RET240OD_cup.png
RET240OS,RET240,train,0,OS,data/PAPILA/PapilaDB-PAPILA-9c67b80983805f0f886b068af800ef2b507e7dc0/FundusImages/RET240OS.jpg,data/crops/papila/RET240OS.jpg,0.2916,0.2553,0.2734,0.0363,981,649,1377,1111,832,533,1526,1227,data/masks/papila/exp1/RET240OS_disc.png,data/masks/papila/exp1/RET240OS_cup.png,data/masks/papila/exp2/RET240OS_disc.png,data/masks/papila/exp2/RET240OS_cup.png
RET241OD,RET241,train,0,OD,data/PAPILA/PapilaDB-PAPILA-9c67b80983805f0f886b068af800ef2b507e7dc0/FundusImages/RET241OD.jpg,data/crops/papila/RET241OD.jpg,0.3644,0.3172,0.3408,0.0472,1058,790,1541,1261,936,662,1662,1388,data/masks/papila/exp1/RET241OD_disc.png,data/masks/papila/exp1/RET241OD_cup.png,data/masks/papila/exp2/RET241OD_disc.png,data/masks/papila/exp2/RET241OD_cup.png
RET241OS,RET241,train,0,OS,data/PAPILA/PapilaDB-PAPILA-9c67b80983805f0f886b068af800ef2b507e7dc0/FundusImages/RET241OS.jpg,data/crops/papila/RET241OS.jpg,0.4475,0.4125,0.43,0.035,1072,732,1537,1169,955,601,1654,1300,data/masks/papila/exp1/RET241OS_disc.png,data/masks/papila/exp1/RET241OS_cup.png,data/masks/papila/exp2/RET241OS_disc.png,data/masks/papila/exp2/RET241OS_cup.png
RET242OD,RET242,train,0,OD,data/PAPILA/PapilaDB-PAPILA-9c67b80983805f0f886b068af800ef2b507e7dc0/FundusImages/RET242OD.jpg,data/crops/papila/RET242OD.jpg,0.1875,0.198,0.1928,0.0105,1195,874,1615,1289,1089,765,1721,1397,data/masks/papila/exp1/RET242OD_disc.png,data/masks/papila/exp1/RET242OD_cup.png,data/masks/papila/exp2/RET242OD_disc.png,data/masks/papila/exp2/RET242OD_cup.png
RET242OS,RET242,train,0,OS,data/PAPILA/PapilaDB-PAPILA-9c67b80983805f0f886b068af800ef2b507e7dc0/FundusImages/RET242OS.jpg,data/crops/papila/RET242OS.jpg,0.1024,0.1012,0.1018,0.0011,1059,742,1459,1161,944,636,1574,1266,data/masks/papila/exp1/RET242OS_disc.png,data/masks/papila/exp1/RET242OS_cup.png,data/masks/papila/exp2/RET242OS_disc.png,data/masks/papila/exp2/RET242OS_cup.png
RET243OD,RET243,train,0,OD,data/PAPILA/PapilaDB-PAPILA-9c67b80983805f0f886b068af800ef2b507e7dc0/FundusImages/RET243OD.jpg,data/crops/papila/RET243OD.jpg,0.1674,0.1534,0.1604,0.014,998,188,1436,703,830,58,1604,832,data/masks/papila/exp1/RET243OD_disc.png,data/masks/papila/exp1/RET243OD_cup.png,data/masks/papila/exp2/RET243OD_disc.png,data/masks/papila/exp2/RET243OD_cup.png
RET243OS,RET243,train,0,OS,data/PAPILA/PapilaDB-PAPILA-9c67b80983805f0f886b068af800ef2b507e7dc0/FundusImages/RET243OS.jpg,data/crops/papila/RET243OS.jpg,0.1863,0.1651,0.1757,0.0211,1275,344,1707,902,1072,204,1910,1042,data/masks/papila/exp1/RET243OS_disc.png,data/masks/papila/exp1/RET243OS_cup.png,data/masks/papila/exp2/RET243OS_disc.png,data/masks/papila/exp2/RET243OS_cup.png
RET244OD,RET244,train,0,OD,data/PAPILA/PapilaDB-PAPILA-9c67b80983805f0f886b068af800ef2b507e7dc0/FundusImages/RET244OD.jpg,data/crops/papila/RET244OD.jpg,0.4676,0.4388,0.4532,0.0288,1005,604,1487,1103,871,478,1621,1228,data/masks/papila/exp1/RET244OD_disc.png,data/masks/papila/exp1/RET244OD_cup.png,data/masks/papila/exp2/RET244OD_disc.png,data/masks/papila/exp2/RET244OD_cup.png
RET244OS,RET244,train,0,OS,data/PAPILA/PapilaDB-PAPILA-9c67b80983805f0f886b068af800ef2b507e7dc0/FundusImages/RET244OS.jpg,data/crops/papila/RET244OS.jpg,0.4467,0.4174,0.432,0.0294,1138,774,1586,1264,994,651,1730,1387,data/masks/papila/exp1/RET244OS_disc.png,data/masks/papila/exp1/RET244OS_cup.png,data/masks/papila/exp2/RET244OS_disc.png,data/masks/papila/exp2/RET244OS_cup.png
RET245OD,RET245,train,0,OD,data/PAPILA/PapilaDB-PAPILA-9c67b80983805f0f886b068af800ef2b507e7dc0/FundusImages/RET245OD.jpg,data/crops/papila/RET245OD.jpg,0.2238,0.2211,0.2224,0.0027,995,812,1441,1307,846,687,1590,1431,data/masks/papila/exp1/RET245OD_disc.png,data/masks/papila/exp1/RET245OD_cup.png,data/masks/papila/exp2/RET245OD_disc.png,data/masks/papila/exp2/RET245OD_cup.png
RET245OS,RET245,train,0,OS,data/PAPILA/PapilaDB-PAPILA-9c67b80983805f0f886b068af800ef2b507e7dc0/FundusImages/RET245OS.jpg,data/crops/papila/RET245OS.jpg,0.1385,0.1451,0.1418,0.0066,1127,609,1575,1099,983,486,1719,1222,data/masks/papila/exp1/RET245OS_disc.png,data/masks/papila/exp1/RET245OS_cup.png,data/masks/papila/exp2/RET245OS_disc.png,data/masks/papila/exp2/RET245OS_cup.png
RET246OD,RET246,train,0,OD,data/PAPILA/PapilaDB-PAPILA-9c67b80983805f0f886b068af800ef2b507e7dc0/FundusImages/RET246OD.jpg,data/crops/papila/RET246OD.jpg,0.2703,0.2561,0.2632,0.0143,1002,716,1375,1133,875,611,1502,1238,data/masks/papila/exp1/RET246OD_disc.png,data/masks/papila/exp1/RET246OD_cup.png,data/masks/papila/exp2/RET246OD_disc.png,data/masks/papila/exp2/RET246OD_cup.png
RET246OS,RET246,train,0,OS,data/PAPILA/PapilaDB-PAPILA-9c67b80983805f0f886b068af800ef2b507e7dc0/FundusImages/RET246OS.jpg,data/crops/papila/RET246OS.jpg,0.274,0.3,0.287,0.026,1185,651,1588,1066,1074,546,1698,1170,data/masks/papila/exp1/RET246OS_disc.png,data/masks/papila/exp1/RET246OS_cup.png,data/masks/papila/exp2/RET246OS_disc.png,data/masks/papila/exp2/RET246OS_cup.png
RET248OD,RET248,train,1,OD,data/PAPILA/PapilaDB-PAPILA-9c67b80983805f0f886b068af800ef2b507e7dc0/FundusImages/RET248OD.jpg,data/crops/papila/RET248OD.jpg,0.8005,0.7313,0.7659,0.0692,861,768,1254,1153,762,665,1353,1256,data/masks/papila/exp1/RET248OD_disc.png,data/masks/papila/exp1/RET248OD_cup.png,data/masks/papila/exp2/RET248OD_disc.png,data/masks/papila/exp2/RET248OD_cup.png
RET248OS,RET248,train,1,OS,data/PAPILA/PapilaDB-PAPILA-9c67b80983805f0f886b068af800ef2b507e7dc0/FundusImages/RET248OS.jpg,data/crops/papila/RET248OS.jpg,0.7807,0.7331,0.7569,0.0475,1408,779,1801,1161,1309,675,1900,1266,data/masks/papila/exp1/RET248OS_disc.png,data/masks/papila/exp1/RET248OS_cup.png,data/masks/papila/exp2/RET248OS_disc.png,data/masks/papila/exp2/RET248OS_cup.png
RET249OD,RET249,train,0,OD,data/PAPILA/PapilaDB-PAPILA-9c67b80983805f0f886b068af800ef2b507e7dc0/FundusImages/RET249OD.jpg,data/crops/papila/RET249OD.jpg,0.3019,0.3,0.3009,0.0019,1058,760,1485,1249,904,637,1639,1372,data/masks/papila/exp1/RET249OD_disc.png,data/masks/papila/exp1/RET249OD_cup.png,data/masks/papila/exp2/RET249OD_disc.png,data/masks/papila/exp2/RET249OD_cup.png
RET249OS,RET249,train,0,OS,data/PAPILA/PapilaDB-PAPILA-9c67b80983805f0f886b068af800ef2b507e7dc0/FundusImages/RET249OS.jpg,data/crops/papila/RET249OS.jpg,0.3981,0.4173,0.4077,0.0192,1079,772,1541,1296,916,640,1704,1428,data/masks/papila/exp1/RET249OS_disc.png,data/masks/papila/exp1/RET249OS_cup.png,data/masks/papila/exp2/RET249OS_disc.png,data/masks/papila/exp2/RET249OS_cup.png
RET250OD,RET250,train,0,OD,data/PAPILA/PapilaDB-PAPILA-9c67b80983805f0f886b068af800ef2b507e7dc0/FundusImages/RET250OD.jpg,data/crops/papila/RET250OD.jpg,0.4618,0.3985,0.4302,0.0633,1039,809,1485,1358,850,671,1675,1496,data/masks/papila/exp1/RET250OD_disc.png,data/masks/papila/exp1/RET250OD_cup.png,data/masks/papila/exp2/RET250OD_disc.png,data/masks/papila/exp2/RET250OD_cup.png
RET250OS,RET250,train,0,OS,data/PAPILA/PapilaDB-PAPILA-9c67b80983805f0f886b068af800ef2b507e7dc0/FundusImages/RET250OS.jpg,data/crops/papila/RET250OS.jpg,0.5044,0.412,0.4582,0.0924,1061,741,1542,1307,876,599,1726,1449,data/masks/papila/exp1/RET250OS_disc.png,data/masks/papila/exp1/RET250OS_cup.png,data/masks/papila/exp2/RET250OS_disc.png,data/masks/papila/exp2/RET250OS_cup.png
RET251OD,RET251,train,0,OD,data/PAPILA/PapilaDB-PAPILA-9c67b80983805f0f886b068af800ef2b507e7dc0/FundusImages/RET251OD.jpg,data/crops/papila/RET251OD.jpg,0.4355,0.4,0.4177,0.0355,1055,549,1545,1046,927,424,1674,1171,data/masks/papila/exp1/RET251OD_disc.png,data/masks/papila/exp1/RET251OD_cup.png,data/masks/papila/exp2/RET251OD_disc.png,data/masks/papila/exp2/RET251OD_cup.png
RET251OS,RET251,train,0,OS,data/PAPILA/PapilaDB-PAPILA-9c67b80983805f0f886b068af800ef2b507e7dc0/FundusImages/RET251OS.jpg,data/crops/papila/RET251OS.jpg,0.4902,0.4783,0.4843,0.0118,1040,722,1507,1230,891,594,1655,1358,data/masks/papila/exp1/RET251OS_disc.png,data/masks/papila/exp1/RET251OS_cup.png,data/masks/papila/exp2/RET251OS_disc.png,data/masks/papila/exp2/RET251OS_cup.png
RET252OD,RET252,train,0,OD,data/PAPILA/PapilaDB-PAPILA-9c67b80983805f0f886b068af800ef2b507e7dc0/FundusImages/RET252OD.jpg,data/crops/papila/RET252OD.jpg,0.2413,0.2759,0.2586,0.0346,1195,767,1614,1226,1059,651,1749,1341,data/masks/papila/exp1/RET252OD_disc.png,data/masks/papila/exp1/RET252OD_cup.png,data/masks/papila/exp2/RET252OD_disc.png,data/masks/papila/exp2/RET252OD_cup.png
RET252OS,RET252,train,0,OS,data/PAPILA/PapilaDB-PAPILA-9c67b80983805f0f886b068af800ef2b507e7dc0/FundusImages/RET252OS.jpg,data/crops/papila/RET252OS.jpg,0.1869,0.2033,0.1951,0.0164,991,637,1380,1088,846,523,1524,1201,data/masks/papila/exp1/RET252OS_disc.png,data/masks/papila/exp1/RET252OS_cup.png,data/masks/papila/exp2/RET252OS_disc.png,data/masks/papila/exp2/RET252OS_cup.png
RET253OD,RET253,train,0,OD,data/PAPILA/PapilaDB-PAPILA-9c67b80983805f0f886b068af800ef2b507e7dc0/FundusImages/RET253OD.jpg,data/crops/papila/RET253OD.jpg,0.4525,0.3855,0.419,0.0671,966,633,1397,1087,840,519,1522,1201,data/masks/papila/exp1/RET253OD_disc.png,data/masks/papila/exp1/RET253OD_cup.png,data/masks/papila/exp2/RET253OD_disc.png,data/masks/papila/exp2/RET253OD_cup.png
RET253OS,RET253,train,0,OS,data/PAPILA/PapilaDB-PAPILA-9c67b80983805f0f886b068af800ef2b507e7dc0/FundusImages/RET253OS.jpg,data/crops/papila/RET253OS.jpg,0.3333,0.3565,0.3449,0.0231,1216,743,1675,1207,1096,626,1794,1324,data/masks/papila/exp1/RET253OS_disc.png,data/masks/papila/exp1/RET253OS_cup.png,data/masks/papila/exp2/RET253OS_disc.png,data/masks/papila/exp2/RET253OS_cup.png
RET254OD,RET254,test,0,OD,data/PAPILA/PapilaDB-PAPILA-9c67b80983805f0f886b068af800ef2b507e7dc0/FundusImages/RET254OD.jpg,data/crops/papila/RET254OD.jpg,0.1727,0.1575,0.1651,0.0153,1249,484,1716,1004,1091,353,1873,1135,data/masks/papila/exp1/RET254OD_disc.png,data/masks/papila/exp1/RET254OD_cup.png,data/masks/papila/exp2/RET254OD_disc.png,data/masks/papila/exp2/RET254OD_cup.png
RET254OS,RET254,test,0,OS,data/PAPILA/PapilaDB-PAPILA-9c67b80983805f0f886b068af800ef2b507e7dc0/FundusImages/RET254OS.jpg,data/crops/papila/RET254OS.jpg,0.3273,0.2495,0.2884,0.0779,865,405,1341,907,726,279,1480,1033,data/masks/papila/exp1/RET254OS_disc.png,data/masks/papila/exp1/RET254OS_cup.png,data/masks/papila/exp2/RET254OS_disc.png,data/masks/papila/exp2/RET254OS_cup.png
RET255OD,RET255,train,0,OD,data/PAPILA/PapilaDB-PAPILA-9c67b80983805f0f886b068af800ef2b507e7dc0/FundusImages/RET255OD.jpg,data/crops/papila/RET255OD.jpg,0.3616,0.369,0.3653,0.0074,1019,716,1492,1246,857,583,1653,1379,data/masks/papila/exp1/RET255OD_disc.png,data/masks/papila/exp1/RET255OD_cup.png,data/masks/papila/exp2/RET255OD_disc.png,data/masks/papila/exp2/RET255OD_cup.png
RET255OS,RET255,train,0,OS,data/PAPILA/PapilaDB-PAPILA-9c67b80983805f0f886b068af800ef2b507e7dc0/FundusImages/RET255OS.jpg,data/crops/papila/RET255OS.jpg,0.2253,0.2409,0.2331,0.0156,1012,527,1462,1090,814,385,1660,1231,data/masks/papila/exp1/RET255OS_disc.png,data/masks/papila/exp1/RET255OS_cup.png,data/masks/papila/exp2/RET255OS_disc.png,data/masks/papila/exp2/RET255OS_cup.png
RET256OD,RET256,train,0,OD,data/PAPILA/PapilaDB-PAPILA-9c67b80983805f0f886b068af800ef2b507e7dc0/FundusImages/RET256OD.jpg,data/crops/papila/RET256OD.jpg,0.4156,0.3777,0.3967,0.0379,1099,616,1557,1126,945,488,1711,1254,data/masks/papila/exp1/RET256OD_disc.png,data/masks/papila/exp1/RET256OD_cup.png,data/masks/papila/exp2/RET256OD_disc.png,data/masks/papila/exp2/RET256OD_cup.png
RET256OS,RET256,train,0,OS,data/PAPILA/PapilaDB-PAPILA-9c67b80983805f0f886b068af800ef2b507e7dc0/FundusImages/RET256OS.jpg,data/crops/papila/RET256OS.jpg,0.4154,0.3922,0.4038,0.0233,1143,653,1596,1144,1000,529,1738,1267,data/masks/papila/exp1/RET256OS_disc.png,data/masks/papila/exp1/RET256OS_cup.png,data/masks/papila/exp2/RET256OS_disc.png,data/masks/papila/exp2/RET256OS_cup.png
RET257OD,RET257,train,0,OD,data/PAPILA/PapilaDB-PAPILA-9c67b80983805f0f886b068af800ef2b507e7dc0/FundusImages/RET257OD.jpg,data/crops/papila/RET257OD.jpg,0.3089,0.2725,0.2907,0.0363,1354,743,1802,1205,1231,627,1925,1321,data/masks/papila/exp1/RET257OD_disc.png,data/masks/papila/exp1/RET257OD_cup.png,data/masks/papila/exp2/RET257OD_disc.png,data/masks/papila/exp2/RET257OD_cup.png
RET257OS,RET257,train,0,OS,data/PAPILA/PapilaDB-PAPILA-9c67b80983805f0f886b068af800ef2b507e7dc0/FundusImages/RET257OS.jpg,data/crops/papila/RET257OS.jpg,0.3253,0.2797,0.3025,0.0456,1226,756,1700,1210,1107,627,1819,1339,data/masks/papila/exp1/RET257OS_disc.png,data/masks/papila/exp1/RET257OS_cup.png,data/masks/papila/exp2/RET257OS_disc.png,data/masks/papila/exp2/RET257OS_cup.png
RET258OD,RET258,train,0,OD,data/PAPILA/PapilaDB-PAPILA-9c67b80983805f0f886b068af800ef2b507e7dc0/FundusImages/RET258OD.jpg,data/crops/papila/RET258OD.jpg,0.3397,0.2704,0.3051,0.0692,1003,818,1477,1297,880,697,1600,1417,data/masks/papila/exp1/RET258OD_disc.png,data/masks/papila/exp1/RET258OD_cup.png,data/masks/papila/exp2/RET258OD_disc.png,data/masks/papila/exp2/RET258OD_cup.png
RET258OS,RET258,train,0,OS,data/PAPILA/PapilaDB-PAPILA-9c67b80983805f0f886b068af800ef2b507e7dc0/FundusImages/RET258OS.jpg,data/crops/papila/RET258OS.jpg,0.1616,0.1987,0.1802,0.037,1151,710,1590,1173,1022,593,1718,1289,data/masks/papila/exp1/RET258OS_disc.png,data/masks/papila/exp1/RET258OS_cup.png,data/masks/papila/exp2/RET258OS_disc.png,data/masks/papila/exp2/RET258OS_cup.png
RET259OD,RET259,train,0,OD,data/PAPILA/PapilaDB-PAPILA-9c67b80983805f0f886b068af800ef2b507e7dc0/FundusImages/RET259OD.jpg,data/crops/papila/RET259OD.jpg,0.4303,0.4579,0.4441,0.0276,1156,721,1608,1229,1000,593,1764,1357,data/masks/papila/exp1/RET259OD_disc.png,data/masks/papila/exp1/RET259OD_cup.png,data/masks/papila/exp2/RET259OD_disc.png,data/masks/papila/exp2/RET259OD_cup.png
RET259OS,RET259,train,0,OS,data/PAPILA/PapilaDB-PAPILA-9c67b80983805f0f886b068af800ef2b507e7dc0/FundusImages/RET259OS.jpg,data/crops/papila/RET259OS.jpg,0.4149,0.397,0.406,0.0179,1077,644,1549,1127,950,522,1676,1248,data/masks/papila/exp1/RET259OS_disc.png,data/masks/papila/exp1/RET259OS_cup.png,data/masks/papila/exp2/RET259OS_disc.png,data/masks/papila/exp2/RET259OS_cup.png
RET260OD,RET260,val,0,OD,data/PAPILA/PapilaDB-PAPILA-9c67b80983805f0f886b068af800ef2b507e7dc0/FundusImages/RET260OD.jpg,data/crops/papila/RET260OD.jpg,0.1648,0.1597,0.1623,0.0051,1101,918,1528,1366,977,805,1651,1479,data/masks/papila/exp1/RET260OD_disc.png,data/masks/papila/exp1/RET260OD_cup.png,data/masks/papila/exp2/RET260OD_disc.png,data/masks/papila/exp2/RET260OD_cup.png
RET260OS,RET260,val,0,OS,data/PAPILA/PapilaDB-PAPILA-9c67b80983805f0f886b068af800ef2b507e7dc0/FundusImages/RET260OS.jpg,data/crops/papila/RET260OS.jpg,0.3462,0.2635,0.3048,0.0826,907,754,1367,1221,786,636,1488,1338,data/masks/papila/exp1/RET260OS_disc.png,data/masks/papila/exp1/RET260OS_cup.png,data/masks/papila/exp2/RET260OS_disc.png,data/masks/papila/exp2/RET260OS_cup.png
RET261OD,RET261,train,0,OD,data/PAPILA/PapilaDB-PAPILA-9c67b80983805f0f886b068af800ef2b507e7dc0/FundusImages/RET261OD.jpg,data/crops/papila/RET261OD.jpg,0.2172,0.2048,0.211,0.0124,1087,715,1506,1179,947,598,1645,1296,data/masks/papila/exp1/RET261OD_disc.png,data/masks/papila/exp1/RET261OD_cup.png,data/masks/papila/exp2/RET261OD_disc.png,data/masks/papila/exp2/RET261OD_cup.png
RET261OS,RET261,train,0,OS,data/PAPILA/PapilaDB-PAPILA-9c67b80983805f0f886b068af800ef2b507e7dc0/FundusImages/RET261OS.jpg,data/crops/papila/RET261OS.jpg,0.213,0.2681,0.2406,0.0551,1101,637,1465,1050,973,533,1594,1154,data/masks/papila/exp1/RET261OS_disc.png,data/masks/papila/exp1/RET261OS_cup.png,data/masks/papila/exp2/RET261OS_disc.png,data/masks/papila/exp2/RET261OS_cup.png
RET262OD,RET262,train,0,OD,data/PAPILA/PapilaDB-PAPILA-9c67b80983805f0f886b068af800ef2b507e7dc0/FundusImages/RET262OD.jpg,data/crops/papila/RET262OD.jpg,0.2133,0.2195,0.2164,0.0062,928,717,1386,1154,813,591,1501,1279,data/masks/papila/exp1/RET262OD_disc.png,data/masks/papila/exp1/RET262OD_cup.png,data/masks/papila/exp2/RET262OD_disc.png,data/masks/papila/exp2/RET262OD_cup.png
RET262OS,RET262,train,0,OS,data/PAPILA/PapilaDB-PAPILA-9c67b80983805f0f886b068af800ef2b507e7dc0/FundusImages/RET262OS.jpg,data/crops/papila/RET262OS.jpg,0.2005,0.218,0.2092,0.0176,1118,932,1581,1375,1001,805,1697,1501,data/masks/papila/exp1/RET262OS_disc.png,data/masks/papila/exp1/RET262OS_cup.png,data/masks/papila/exp2/RET262OS_disc.png,data/masks/papila/exp2/RET262OS_cup.png
RET265OD,RET265,test,1,OD,data/PAPILA/PapilaDB-PAPILA-9c67b80983805f0f886b068af800ef2b507e7dc0/FundusImages/RET265OD.jpg,data/crops/papila/RET265OD.jpg,0.7646,0.7729,0.7687,0.0083,1126,732,1580,1263,954,598,1752,1396,data/masks/papila/exp1/RET265OD_disc.png,data/masks/papila/exp1/RET265OD_cup.png,data/masks/papila/exp2/RET265OD_disc.png,data/masks/papila/exp2/RET265OD_cup.png
RET265OS,RET265,test,1,OS,data/PAPILA/PapilaDB-PAPILA-9c67b80983805f0f886b068af800ef2b507e7dc0/FundusImages/RET265OS.jpg,data/crops/papila/RET265OS.jpg,0.3915,0.3538,0.3727,0.0376,1034,766,1483,1285,868,635,1648,1415,data/masks/papila/exp1/RET265OS_disc.png,data/masks/papila/exp1/RET265OS_cup.png,data/masks/papila/exp2/RET265OS_disc.png,data/masks/papila/exp2/RET265OS_cup.png
RET266OD,RET266,val,0,OD,data/PAPILA/PapilaDB-PAPILA-9c67b80983805f0f886b068af800ef2b507e7dc0/FundusImages/RET266OD.jpg,data/crops/papila/RET266OD.jpg,0.2595,0.2784,0.269,0.0189,1180,691,1487,1083,1038,592,1628,1182,data/masks/papila/exp1/RET266OD_disc.png,data/masks/papila/exp1/RET266OD_cup.png,data/masks/papila/exp2/RET266OD_disc.png,data/masks/papila/exp2/RET266OD_cup.png
RET266OS,RET266,val,0,OS,data/PAPILA/PapilaDB-PAPILA-9c67b80983805f0f886b068af800ef2b507e7dc0/FundusImages/RET266OS.jpg,data/crops/papila/RET266OS.jpg,0.2962,0.378,0.3371,0.0819,1113,727,1476,1094,1018,634,1570,1186,data/masks/papila/exp1/RET266OS_disc.png,data/masks/papila/exp1/RET266OS_cup.png,data/masks/papila/exp2/RET266OS_disc.png,data/masks/papila/exp2/RET266OS_cup.png
RET267OD,RET267,test,0,OD,data/PAPILA/PapilaDB-PAPILA-9c67b80983805f0f886b068af800ef2b507e7dc0/FundusImages/RET267OD.jpg,data/crops/papila/RET267OD.jpg,0.3037,0.2907,0.2972,0.0129,1139,563,1614,1023,1019,436,1733,1150,data/masks/papila/exp1/RET267OD_disc.png,data/masks/papila/exp1/RET267OD_cup.png,data/masks/papila/exp2/RET267OD_disc.png,data/masks/papila/exp2/RET267OD_cup.png
RET267OS,RET267,test,0,OS,data/PAPILA/PapilaDB-PAPILA-9c67b80983805f0f886b068af800ef2b507e7dc0/FundusImages/RET267OS.jpg,data/crops/papila/RET267OS.jpg,0.295,0.2676,0.2813,0.0274,1164,706,1629,1149,1047,578,1746,1277,data/masks/papila/exp1/RET267OS_disc.png,data/masks/papila/exp1/RET267OS_cup.png,data/masks/papila/exp2/RET267OS_disc.png,data/masks/papila/exp2/RET267OS_cup.png
RET268OD,RET268,train,0,OD,data/PAPILA/PapilaDB-PAPILA-9c67b80983805f0f886b068af800ef2b507e7dc0/FundusImages/RET268OD.jpg,data/crops/papila/RET268OD.jpg,0.1152,0.1202,0.1177,0.005,1097,741,1526,1209,959,623,1663,1327,data/masks/papila/exp1/RET268OD_disc.png,data/masks/papila/exp1/RET268OD_cup.png,data/masks/papila/exp2/RET268OD_disc.png,data/masks/papila/exp2/RET268OD_cup.png
RET268OS,RET268,train,0,OS,data/PAPILA/PapilaDB-PAPILA-9c67b80983805f0f886b068af800ef2b507e7dc0/FundusImages/RET268OS.jpg,data/crops/papila/RET268OS.jpg,0.1528,0.1353,0.144,0.0175,1020,790,1429,1238,887,677,1561,1351,data/masks/papila/exp1/RET268OS_disc.png,data/masks/papila/exp1/RET268OS_cup.png,data/masks/papila/exp2/RET268OS_disc.png,data/masks/papila/exp2/RET268OS_cup.png
RET269OD,RET269,train,0,OD,data/PAPILA/PapilaDB-PAPILA-9c67b80983805f0f886b068af800ef2b507e7dc0/FundusImages/RET269OD.jpg,data/crops/papila/RET269OD.jpg,0.454,0.5136,0.4838,0.0596,1162,657,1647,1200,996,520,1812,1336,data/masks/papila/exp1/RET269OD_disc.png,data/masks/papila/exp1/RET269OD_cup.png,data/masks/papila/exp2/RET269OD_disc.png,data/masks/papila/exp2/RET269OD_cup.png
RET269OS,RET269,train,0,OS,data/PAPILA/PapilaDB-PAPILA-9c67b80983805f0f886b068af800ef2b507e7dc0/FundusImages/RET269OS.jpg,data/crops/papila/RET269OS.jpg,0.2485,0.3072,0.2778,0.0587,928,754,1398,1241,797,631,1529,1363,data/masks/papila/exp1/RET269OS_disc.png,data/masks/papila/exp1/RET269OS_cup.png,data/masks/papila/exp2/RET269OS_disc.png,data/masks/papila/exp2/RET269OS_cup.png
RET270OD,RET270,train,0,OD,data/PAPILA/PapilaDB-PAPILA-9c67b80983805f0f886b068af800ef2b507e7dc0/FundusImages/RET270OD.jpg,data/crops/papila/RET270OD.jpg,0.228,0.2086,0.2183,0.0194,1055,600,1590,1248,835,437,1809,1411,data/masks/papila/exp1/RET270OD_disc.png,data/masks/papila/exp1/RET270OD_cup.png,data/masks/papila/exp2/RET270OD_disc.png,data/masks/papila/exp2/RET270OD_cup.png
RET270OS,RET270,train,0,OS,data/PAPILA/PapilaDB-PAPILA-9c67b80983805f0f886b068af800ef2b507e7dc0/FundusImages/RET270OS.jpg,data/crops/papila/RET270OS.jpg,0.3065,0.2089,0.2577,0.0976,989,672,1562,1255,837,525,1713,1401,data/masks/papila/exp1/RET270OS_disc.png,data/masks/papila/exp1/RET270OS_cup.png,data/masks/papila/exp2/RET270OS_disc.png,data/masks/papila/exp2/RET270OS_cup.png
RET271OD,RET271,test,0,OD,data/PAPILA/PapilaDB-PAPILA-9c67b80983805f0f886b068af800ef2b507e7dc0/FundusImages/RET271OD.jpg,data/crops/papila/RET271OD.jpg,0.1786,0.1558,0.1672,0.0228,1258,726,1733,1262,1092,591,1898,1397,data/masks/papila/exp1/RET271OD_disc.png,data/masks/papila/exp1/RET271OD_cup.png,data/masks/papila/exp2/RET271OD_disc.png,data/masks/papila/exp2/RET271OD_cup.png
RET271OS,RET271,test,0,OS,data/PAPILA/PapilaDB-PAPILA-9c67b80983805f0f886b068af800ef2b507e7dc0/FundusImages/RET271OS.jpg,data/crops/papila/RET271OS.jpg,0.1223,0.1474,0.1349,0.0251,764,597,1228,1152,579,457,1413,1291,data/masks/papila/exp1/RET271OS_disc.png,data/masks/papila/exp1/RET271OS_cup.png,data/masks/papila/exp2/RET271OS_disc.png,data/masks/papila/exp2/RET271OS_cup.png
RET272OD,RET272,train,0,OD,data/PAPILA/PapilaDB-PAPILA-9c67b80983805f0f886b068af800ef2b507e7dc0/FundusImages/RET272OD.jpg,data/crops/papila/RET272OD.jpg,0.2807,0.2657,0.2732,0.0149,1029,393,1545,930,884,258,1691,1065,data/masks/papila/exp1/RET272OD_disc.png,data/masks/papila/exp1/RET272OD_cup.png,data/masks/papila/exp2/RET272OD_disc.png,data/masks/papila/exp2/RET272OD_cup.png
RET272OS,RET272,train,0,OS,data/PAPILA/PapilaDB-PAPILA-9c67b80983805f0f886b068af800ef2b507e7dc0/FundusImages/RET272OS.jpg,data/crops/papila/RET272OS.jpg,0.1722,0.1725,0.1723,0.0003,907,521,1420,1066,754,384,1573,1203,data/masks/papila/exp1/RET272OS_disc.png,data/masks/papila/exp1/RET272OS_cup.png,data/masks/papila/exp2/RET272OS_disc.png,data/masks/papila/exp2/RET272OS_cup.png
RET273OD,RET273,train,0,OD,data/PAPILA/PapilaDB-PAPILA-9c67b80983805f0f886b068af800ef2b507e7dc0/FundusImages/RET273OD.jpg,data/crops/papila/RET273OD.jpg,0.1283,0.1557,0.142,0.0274,1069,616,1546,1114,933,491,1681,1239,data/masks/papila/exp1/RET273OD_disc.png,data/masks/papila/exp1/RET273OD_cup.png,data/masks/papila/exp2/RET273OD_disc.png,data/masks/papila/exp2/RET273OD_cup.png
RET273OS,RET273,train,0,OS,data/PAPILA/PapilaDB-PAPILA-9c67b80983805f0f886b068af800ef2b507e7dc0/FundusImages/RET273OS.jpg,data/crops/papila/RET273OS.jpg,0.1339,0.124,0.129,0.0099,998,652,1486,1196,833,515,1651,1333,data/masks/papila/exp1/RET273OS_disc.png,data/masks/papila/exp1/RET273OS_cup.png,data/masks/papila/exp2/RET273OS_disc.png,data/masks/papila/exp2/RET273OS_cup.png
RET274OD,RET274,train,0,OD,data/PAPILA/PapilaDB-PAPILA-9c67b80983805f0f886b068af800ef2b507e7dc0/FundusImages/RET274OD.jpg,data/crops/papila/RET274OD.jpg,0.6678,0.7161,0.692,0.0483,1115,582,1650,1150,955,439,1809,1293,data/masks/papila/exp1/RET274OD_disc.png,data/masks/papila/exp1/RET274OD_cup.png,data/masks/papila/exp2/RET274OD_disc.png,data/masks/papila/exp2/RET274OD_cup.png
RET274OS,RET274,train,0,OS,data/PAPILA/PapilaDB-PAPILA-9c67b80983805f0f886b068af800ef2b507e7dc0/FundusImages/RET274OS.jpg,data/crops/papila/RET274OS.jpg,0.5795,0.5835,0.5815,0.004,931,658,1451,1223,767,516,1616,1365,data/masks/papila/exp1/RET274OS_disc.png,data/masks/papila/exp1/RET274OS_cup.png,data/masks/papila/exp2/RET274OS_disc.png,data/masks/papila/exp2/RET274OS_cup.png
RET275OD,RET275,train,0,OD,data/PAPILA/PapilaDB-PAPILA-9c67b80983805f0f886b068af800ef2b507e7dc0/FundusImages/RET275OD.jpg,data/crops/papila/RET275OD.jpg,0.3267,0.3396,0.3332,0.0129,1031,845,1522,1402,858,705,1695,1542,data/masks/papila/exp1/RET275OD_disc.png,data/masks/papila/exp1/RET275OD_cup.png,data/masks/papila/exp2/RET275OD_disc.png,data/masks/papila/exp2/RET275OD_cup.png
RET275OS,RET275,train,0,OS,data/PAPILA/PapilaDB-PAPILA-9c67b80983805f0f886b068af800ef2b507e7dc0/FundusImages/RET275OS.jpg,data/crops/papila/RET275OS.jpg,0.301,0.2991,0.3001,0.002,1133,729,1600,1306,933,584,1800,1451,data/masks/papila/exp1/RET275OS_disc.png,data/masks/papila/exp1/RET275OS_cup.png,data/masks/papila/exp2/RET275OS_disc.png,data/masks/papila/exp2/RET275OS_cup.png
RET277OD,RET277,val,0,OD,data/PAPILA/PapilaDB-PAPILA-9c67b80983805f0f886b068af800ef2b507e7dc0/FundusImages/RET277OD.jpg,data/crops/papila/RET277OD.jpg,0.2269,0.2465,0.2367,0.0196,963,675,1321,1128,802,561,1483,1242,data/masks/papila/exp1/RET277OD_disc.png,data/masks/papila/exp1/RET277OD_cup.png,data/masks/papila/exp2/RET277OD_disc.png,data/masks/papila/exp2/RET277OD_cup.png
RET277OS,RET277,val,0,OS,data/PAPILA/PapilaDB-PAPILA-9c67b80983805f0f886b068af800ef2b507e7dc0/FundusImages/RET277OS.jpg,data/crops/papila/RET277OS.jpg,0.2545,0.2318,0.2432,0.0227,1345,682,1715,1070,1238,584,1822,1168,data/masks/papila/exp1/RET277OS_disc.png,data/masks/papila/exp1/RET277OS_cup.png,data/masks/papila/exp2/RET277OS_disc.png,data/masks/papila/exp2/RET277OS_cup.png
RET280OD,RET280,val,0,OD,data/PAPILA/PapilaDB-PAPILA-9c67b80983805f0f886b068af800ef2b507e7dc0/FundusImages/RET280OD.jpg,data/crops/papila/RET280OD.jpg,0.1435,0.1123,0.1279,0.0312,973,744,1458,1221,851,618,1580,1347,data/masks/papila/exp1/RET280OD_disc.png,data/masks/papila/exp1/RET280OD_cup.png,data/masks/papila/exp2/RET280OD_disc.png,data/masks/papila/exp2/RET280OD_cup.png
RET280OS,RET280,val,0,OS,data/PAPILA/PapilaDB-PAPILA-9c67b80983805f0f886b068af800ef2b507e7dc0/FundusImages/RET280OS.jpg,data/crops/papila/RET280OS.jpg,0.241,0.2532,0.2471,0.0123,1106,761,1622,1258,976,621,1752,1397,data/masks/papila/exp1/RET280OS_disc.png,data/masks/papila/exp1/RET280OS_cup.png,data/masks/papila/exp2/RET280OS_disc.png,data/masks/papila/exp2/RET280OS_cup.png
RET281OD,RET281,train,0,OD,data/PAPILA/PapilaDB-PAPILA-9c67b80983805f0f886b068af800ef2b507e7dc0/FundusImages/RET281OD.jpg,data/crops/papila/RET281OD.jpg,0.2539,0.2639,0.2589,0.01,1104,790,1520,1255,963,673,1662,1372,data/masks/papila/exp1/RET281OD_disc.png,data/masks/papila/exp1/RET281OD_cup.png,data/masks/papila/exp2/RET281OD_disc.png,data/masks/papila/exp2/RET281OD_cup.png
RET281OS,RET281,train,0,OS,data/PAPILA/PapilaDB-PAPILA-9c67b80983805f0f886b068af800ef2b507e7dc0/FundusImages/RET281OS.jpg,data/crops/papila/RET281OS.jpg,0.2178,0.2941,0.256,0.0763,1350,809,1773,1290,1200,688,1923,1411,data/masks/papila/exp1/RET281OS_disc.png,data/masks/papila/exp1/RET281OS_cup.png,data/masks/papila/exp2/RET281OS_disc.png,data/masks/papila/exp2/RET281OS_cup.png
RET282OD,RET282,test,0,OD,data/PAPILA/PapilaDB-PAPILA-9c67b80983805f0f886b068af800ef2b507e7dc0/FundusImages/RET282OD.jpg,data/crops/papila/RET282OD.jpg,0.1252,0.0984,0.1118,0.0268,1055,564,1536,1074,912,436,1678,1202,data/masks/papila/exp1/RET282OD_disc.png,data/masks/papila/exp1/RET282OD_cup.png,data/masks/papila/exp2/RET282OD_disc.png,data/masks/papila/exp2/RET282OD_cup.png
RET282OS,RET282,test,0,OS,data/PAPILA/PapilaDB-PAPILA-9c67b80983805f0f886b068af800ef2b507e7dc0/FundusImages/RET282OS.jpg,data/crops/papila/RET282OS.jpg,0.1339,0.1172,0.1256,0.0167,1046,350,1509,909,857,209,1697,1049,data/masks/papila/exp1/RET282OS_disc.png,data/masks/papila/exp1/RET282OS_cup.png,data/masks/papila/exp2/RET282OS_disc.png,data/masks/papila/exp2/RET282OS_cup.png
RET283OD,RET283,val,0,OD,data/PAPILA/PapilaDB-PAPILA-9c67b80983805f0f886b068af800ef2b507e7dc0/FundusImages/RET283OD.jpg,data/crops/papila/RET283OD.jpg,0.2465,0.2464,0.2465,0.0002,1207,773,1555,1206,1056,664,1707,1315,data/masks/papila/exp1/RET283OD_disc.png,data/masks/papila/exp1/RET283OD_cup.png,data/masks/papila/exp2/RET283OD_disc.png,data/masks/papila/exp2/RET283OD_cup.png
RET283OS,RET283,val,0,OS,data/PAPILA/PapilaDB-PAPILA-9c67b80983805f0f886b068af800ef2b507e7dc0/FundusImages/RET283OS.jpg,data/crops/papila/RET283OS.jpg,0.1878,0.2354,0.2116,0.0477,881,622,1241,1079,718,507,1405,1194,data/masks/papila/exp1/RET283OS_disc.png,data/masks/papila/exp1/RET283OS_cup.png,data/masks/papila/exp2/RET283OS_disc.png,data/masks/papila/exp2/RET283OS_cup.png
RET284OD,RET284,train,0,OD,data/PAPILA/PapilaDB-PAPILA-9c67b80983805f0f886b068af800ef2b507e7dc0/FundusImages/RET284OD.jpg,data/crops/papila/RET284OD.jpg,0.3928,0.3747,0.3838,0.0181,1230,795,1656,1265,1090,677,1796,1383,data/masks/papila/exp1/RET284OD_disc.png,data/masks/papila/exp1/RET284OD_cup.png,data/masks/papila/exp2/RET284OD_disc.png,data/masks/papila/exp2/RET284OD_cup.png
RET284OS,RET284,train,0,OS,data/PAPILA/PapilaDB-PAPILA-9c67b80983805f0f886b068af800ef2b507e7dc0/FundusImages/RET284OS.jpg,data/crops/papila/RET284OS.jpg,0.4391,0.4249,0.432,0.0142,1089,756,1513,1215,956,640,1646,1330,data/masks/papila/exp1/RET284OS_disc.png,data/masks/papila/exp1/RET284OS_cup.png,data/masks/papila/exp2/RET284OS_disc.png,data/masks/papila/exp2/RET284OS_cup.png
RET285OD,RET285,train,0,OD,data/PAPILA/PapilaDB-PAPILA-9c67b80983805f0f886b068af800ef2b507e7dc0/FundusImages/RET285OD.jpg,data/crops/papila/RET285OD.jpg,0.2027,0.2077,0.2052,0.0051,1027,674,1462,1125,905,560,1583,1238,data/masks/papila/exp1/RET285OD_disc.png,data/masks/papila/exp1/RET285OD_cup.png,data/masks/papila/exp2/RET285OD_disc.png,data/masks/papila/exp2/RET285OD_cup.png
RET285OS,RET285,train,0,OS,data/PAPILA/PapilaDB-PAPILA-9c67b80983805f0f886b068af800ef2b507e7dc0/FundusImages/RET285OS.jpg,data/crops/papila/RET285OS.jpg,0.2919,0.1991,0.2455,0.0928,1162,766,1591,1226,1030,650,1722,1342,data/masks/papila/exp1/RET285OS_disc.png,data/masks/papila/exp1/RET285OS_cup.png,data/masks/papila/exp2/RET285OS_disc.png,data/masks/papila/exp2/RET285OS_cup.png
RET286OD,RET286,test,0,OD,data/PAPILA/PapilaDB-PAPILA-9c67b80983805f0f886b068af800ef2b507e7dc0/FundusImages/RET286OD.jpg,data/crops/papila/RET286OD.jpg,0.3067,0.2888,0.2978,0.0179,877,741,1325,1206,752,624,1451,1323,data/masks/papila/exp1/RET286OD_disc.png,data/masks/papila/exp1/RET286OD_cup.png,data/masks/papila/exp2/RET286OD_disc.png,data/masks/papila/exp2/RET286OD_cup.png
RET286OS,RET286,test,0,OS,data/PAPILA/PapilaDB-PAPILA-9c67b80983805f0f886b068af800ef2b507e7dc0/FundusImages/RET286OS.jpg,data/crops/papila/RET286OS.jpg,0.1401,0.1556,0.1478,0.0154,1260,729,1708,1157,1147,606,1821,1280,data/masks/papila/exp1/RET286OS_disc.png,data/masks/papila/exp1/RET286OS_cup.png,data/masks/papila/exp2/RET286OS_disc.png,data/masks/papila/exp2/RET286OS_cup.png
RET287OD,RET287,val,0,OD,data/PAPILA/PapilaDB-PAPILA-9c67b80983805f0f886b068af800ef2b507e7dc0/FundusImages/RET287OD.jpg,data/crops/papila/RET287OD.jpg,0.2708,0.3427,0.3067,0.0718,1108,882,1590,1361,987,759,1711,1483,data/masks/papila/exp1/RET287OD_disc.png,data/masks/papila/exp1/RET287OD_cup.png,data/masks/papila/exp2/RET287OD_disc.png,data/masks/papila/exp2/RET287OD_cup.png
RET287OS,RET287,val,0,OS,data/PAPILA/PapilaDB-PAPILA-9c67b80983805f0f886b068af800ef2b507e7dc0/FundusImages/RET287OS.jpg,data/crops/papila/RET287OS.jpg,0.2516,0.2534,0.2525,0.0019,1110,827,1561,1307,974,706,1696,1428,data/masks/papila/exp1/RET287OS_disc.png,data/masks/papila/exp1/RET287OS_cup.png,data/masks/papila/exp2/RET287OS_disc.png,data/masks/papila/exp2/RET287OS_cup.png
RET288OD,RET288,train,0,OD,data/PAPILA/PapilaDB-PAPILA-9c67b80983805f0f886b068af800ef2b507e7dc0/FundusImages/RET288OD.jpg,data/crops/papila/RET288OD.jpg,0.3111,0.3882,0.3496,0.0771,904,657,1353,1061,791,522,1466,1197,data/masks/papila/exp1/RET288OD_disc.png,data/masks/papila/exp1/RET288OD_cup.png,data/masks/papila/exp2/RET288OD_disc.png,data/masks/papila/exp2/RET288OD_cup.png
RET288OS,RET288,train,0,OS,data/PAPILA/PapilaDB-PAPILA-9c67b80983805f0f886b068af800ef2b507e7dc0/FundusImages/RET288OS.jpg,data/crops/papila/RET288OS.jpg,0.3893,0.35,0.3696,0.0393,1234,717,1667,1136,1125,601,1776,1252,data/masks/papila/exp1/RET288OS_disc.png,data/masks/papila/exp1/RET288OS_cup.png,data/masks/papila/exp2/RET288OS_disc.png,data/masks/papila/exp2/RET288OS_cup.png
RET289OD,RET289,train,0,OD,data/PAPILA/PapilaDB-PAPILA-9c67b80983805f0f886b068af800ef2b507e7dc0/FundusImages/RET289OD.jpg,data/crops/papila/RET289OD.jpg,0.2268,0.3222,0.2745,0.0954,1184,847,1669,1331,1062,725,1791,1454,data/masks/papila/exp1/RET289OD_disc.png,data/masks/papila/exp1/RET289OD_cup.png,data/masks/papila/exp2/RET289OD_disc.png,data/masks/papila/exp2/RET289OD_cup.png
RET289OS,RET289,train,0,OS,data/PAPILA/PapilaDB-PAPILA-9c67b80983805f0f886b068af800ef2b507e7dc0/FundusImages/RET289OS.jpg,data/crops/papila/RET289OS.jpg,0.3025,0.3398,0.3211,0.0373,965,738,1446,1305,779,595,1631,1447,data/masks/papila/exp1/RET289OS_disc.png,data/masks/papila/exp1/RET289OS_cup.png,data/masks/papila/exp2/RET289OS_disc.png,data/masks/papila/exp2/RET289OS_cup.png
RET290OD,RET290,train,0,OD,data/PAPILA/PapilaDB-PAPILA-9c67b80983805f0f886b068af800ef2b507e7dc0/FundusImages/RET290OD.jpg,data/crops/papila/RET290OD.jpg,0.3425,0.3816,0.3621,0.0391,1027,819,1555,1364,882,682,1701,1501,data/masks/papila/exp1/RET290OD_disc.png,data/masks/papila/exp1/RET290OD_cup.png,data/masks/papila/exp2/RET290OD_disc.png,data/masks/papila/exp2/RET290OD_cup.png
RET290OS,RET290,train,0,OS,data/PAPILA/PapilaDB-PAPILA-9c67b80983805f0f886b068af800ef2b507e7dc0/FundusImages/RET290OS.jpg,data/crops/papila/RET290OS.jpg,0.3772,0.4037,0.3904,0.0265,1070,671,1598,1187,937,532,1731,1326,data/masks/papila/exp1/RET290OS_disc.png,data/masks/papila/exp1/RET290OS_cup.png,data/masks/papila/exp2/RET290OS_disc.png,data/masks/papila/exp2/RET290OS_cup.png
RET291OD,RET291,train,0,OD,data/PAPILA/PapilaDB-PAPILA-9c67b80983805f0f886b068af800ef2b507e7dc0/FundusImages/RET291OD.jpg,data/crops/papila/RET291OD.jpg,0.1164,0.1386,0.1275,0.0222,1182,734,1593,1171,1059,624,1716,1281,data/masks/papila/exp1/RET291OD_disc.png,data/masks/papila/exp1/RET291OD_cup.png,data/masks/papila/exp2/RET291OD_disc.png,data/masks/papila/exp2/RET291OD_cup.png
RET291OS,RET291,train,0,OS,data/PAPILA/PapilaDB-PAPILA-9c67b80983805f0f886b068af800ef2b507e7dc0/FundusImages/RET291OS.jpg,data/crops/papila/RET291OS.jpg,0.2329,0.3342,0.2836,0.1012,1014,591,1425,1015,900,484,1538,1122,data/masks/papila/exp1/RET291OS_disc.png,data/masks/papila/exp1/RET291OS_cup.png,data/masks/papila/exp2/RET291OS_disc.png,data/masks/papila/exp2/RET291OS_cup.png
RET292OD,RET292,test,0,OD,data/PAPILA/PapilaDB-PAPILA-9c67b80983805f0f886b068af800ef2b507e7dc0/FundusImages/RET292OD.jpg,data/crops/papila/RET292OD.jpg,0.4064,0.43,0.4182,0.0236,981,592,1437,1029,866,467,1552,1153,data/masks/papila/exp1/RET292OD_disc.png,data/masks/papila/exp1/RET292OD_cup.png,data/masks/papila/exp2/RET292OD_disc.png,data/masks/papila/exp2/RET292OD_cup.png
RET292OS,RET292,test,0,OS,data/PAPILA/PapilaDB-PAPILA-9c67b80983805f0f886b068af800ef2b507e7dc0/FundusImages/RET292OS.jpg,data/crops/papila/RET292OS.jpg,0.4514,0.4703,0.4609,0.0189,1085,651,1518,1113,954,535,1648,1229,data/masks/papila/exp1/RET292OS_disc.png,data/masks/papila/exp1/RET292OS_cup.png,data/masks/papila/exp2/RET292OS_disc.png,data/masks/papila/exp2/RET292OS_cup.png
RET293OD,RET293,train,0,OD,data/PAPILA/PapilaDB-PAPILA-9c67b80983805f0f886b068af800ef2b507e7dc0/FundusImages/RET293OD.jpg,data/crops/papila/RET293OD.jpg,0.5914,0.6053,0.5983,0.0139,1053,720,1531,1206,927,598,1657,1328,data/masks/papila/exp1/RET293OD_disc.png,data/masks/papila/exp1/RET293OD_cup.png,data/masks/papila/exp2/RET293OD_disc.png,data/masks/papila/exp2/RET293OD_cup.png
RET293OS,RET293,train,0,OS,data/PAPILA/PapilaDB-PAPILA-9c67b80983805f0f886b068af800ef2b507e7dc0/FundusImages/RET293OS.jpg,data/crops/papila/RET293OS.jpg,0.5983,0.6242,0.6112,0.0258,1004,696,1470,1175,877,575,1597,1295,data/masks/papila/exp1/RET293OS_disc.png,data/masks/papila/exp1/RET293OS_cup.png,data/masks/papila/exp2/RET293OS_disc.png,data/masks/papila/exp2/RET293OS_cup.png
